problem_id,hint_1,hint_2,step_by_step,common_mistake,why_correct,variant_idea
college_alg_real_001,Decide which operation happens first.,Multiply before subtracting.,Use order of operations: 7 x 2 = 14. Then 18 - 14 = 4.,Subtracting before multiplying changes the expression.,The correct answer is 4 because Use order of operations: 7 x 2 = 14. Then 18 - 14 = 4.,Add parentheses and compare the new value.
college_alg_real_002,Decide which operation happens first.,Multiply before subtracting.,Use order of operations: 8 x 3 = 24. Then 19 - 24 = -5.,Subtracting before multiplying changes the expression.,The correct answer is -5 because Use order of operations: 8 x 3 = 24. Then 19 - 24 = -5.,Add parentheses and compare the new value.
college_alg_real_003,Decide which operation happens first.,Multiply before subtracting.,Use order of operations: 9 x 4 = 36. Then 20 - 36 = -16.,Subtracting before multiplying changes the expression.,The correct answer is -16 because Use order of operations: 9 x 4 = 36. Then 20 - 36 = -16.,Add parentheses and compare the new value.
college_alg_real_004,Decide which operation happens first.,Multiply before subtracting.,Use order of operations: 10 x 5 = 50. Then 21 - 50 = -29.,Subtracting before multiplying changes the expression.,The correct answer is -29 because Use order of operations: 10 x 5 = 50. Then 21 - 50 = -29.,Add parentheses and compare the new value.
college_alg_real_005,Decide which operation happens first.,Multiply before subtracting.,Use order of operations: 11 x 6 = 66. Then 22 - 66 = -44.,Subtracting before multiplying changes the expression.,The correct answer is -44 because Use order of operations: 11 x 6 = 66. Then 22 - 66 = -44.,Add parentheses and compare the new value.
college_alg_real_006,Decide which operation happens first.,Multiply before subtracting.,Use order of operations: 12 x 2 = 24. Then 23 - 24 = -1.,Subtracting before multiplying changes the expression.,The correct answer is -1 because Use order of operations: 12 x 2 = 24. Then 23 - 24 = -1.,Add parentheses and compare the new value.
college_alg_real_007,Decide which operation happens first.,Multiply before subtracting.,Use order of operations: 7 x 3 = 21. Then 24 - 21 = 3.,Subtracting before multiplying changes the expression.,The correct answer is 3 because Use order of operations: 7 x 3 = 21. Then 24 - 21 = 3.,Add parentheses and compare the new value.
college_alg_real_008,Decide which operation happens first.,Multiply before subtracting.,Use order of operations: 8 x 4 = 32. Then 25 - 32 = -7.,Subtracting before multiplying changes the expression.,The correct answer is -7 because Use order of operations: 8 x 4 = 32. Then 25 - 32 = -7.,Add parentheses and compare the new value.
college_alg_real_009,Decide which operation happens first.,Multiply before subtracting.,Use order of operations: 9 x 5 = 45. Then 26 - 45 = -19.,Subtracting before multiplying changes the expression.,The correct answer is -19 because Use order of operations: 9 x 5 = 45. Then 26 - 45 = -19.,Add parentheses and compare the new value.
college_alg_real_010,Decide which operation happens first.,Multiply before subtracting.,Use order of operations: 10 x 6 = 60. Then 27 - 60 = -33.,Subtracting before multiplying changes the expression.,The correct answer is -33 because Use order of operations: 10 x 6 = 60. Then 27 - 60 = -33.,Add parentheses and compare the new value.
college_alg_real_011,Decide which operation happens first.,Multiply before subtracting.,Use order of operations: 11 x 2 = 22. Then 28 - 22 = 6.,Subtracting before multiplying changes the expression.,The correct answer is 6 because Use order of operations: 11 x 2 = 22. Then 28 - 22 = 6.,Add parentheses and compare the new value.
college_alg_real_012,Decide which operation happens first.,Multiply before subtracting.,Use order of operations: 12 x 3 = 36. Then 29 - 36 = -7.,Subtracting before multiplying changes the expression.,The correct answer is -7 because Use order of operations: 12 x 3 = 36. Then 29 - 36 = -7.,Add parentheses and compare the new value.
college_alg_real_013,Decide which operation happens first.,Multiply before subtracting.,Use order of operations: 7 x 4 = 28. Then 30 - 28 = 2.,Subtracting before multiplying changes the expression.,The correct answer is 2 because Use order of operations: 7 x 4 = 28. Then 30 - 28 = 2.,Add parentheses and compare the new value.
college_alg_real_014,Decide which operation happens first.,Multiply before subtracting.,Use order of operations: 8 x 5 = 40. Then 31 - 40 = -9.,Subtracting before multiplying changes the expression.,The correct answer is -9 because Use order of operations: 8 x 5 = 40. Then 31 - 40 = -9.,Add parentheses and compare the new value.
college_alg_real_015,Decide which operation happens first.,Multiply before subtracting.,Use order of operations: 9 x 6 = 54. Then 32 - 54 = -22.,Subtracting before multiplying changes the expression.,The correct answer is -22 because Use order of operations: 9 x 6 = 54. Then 32 - 54 = -22.,Add parentheses and compare the new value.
college_alg_real_016,Decide which operation happens first.,Multiply before subtracting.,Use order of operations: 10 x 2 = 20. Then 33 - 20 = 13.,Subtracting before multiplying changes the expression.,The correct answer is 13 because Use order of operations: 10 x 2 = 20. Then 33 - 20 = 13.,Add parentheses and compare the new value.
college_alg_real_017,Decide which operation happens first.,Multiply before subtracting.,Use order of operations: 11 x 3 = 33. Then 34 - 33 = 1.,Subtracting before multiplying changes the expression.,The correct answer is 1 because Use order of operations: 11 x 3 = 33. Then 34 - 33 = 1.,Add parentheses and compare the new value.
college_alg_real_018,Decide which operation happens first.,Multiply before subtracting.,Use order of operations: 12 x 4 = 48. Then 35 - 48 = -13.,Subtracting before multiplying changes the expression.,The correct answer is -13 because Use order of operations: 12 x 4 = 48. Then 35 - 48 = -13.,Add parentheses and compare the new value.
college_alg_real_019,Decide which operation happens first.,Multiply before subtracting.,Use order of operations: 7 x 5 = 35. Then 36 - 35 = 1.,Subtracting before multiplying changes the expression.,The correct answer is 1 because Use order of operations: 7 x 5 = 35. Then 36 - 35 = 1.,Add parentheses and compare the new value.
college_alg_real_020,Decide which operation happens first.,Multiply before subtracting.,Use order of operations: 8 x 6 = 48. Then 37 - 48 = -11.,Subtracting before multiplying changes the expression.,The correct answer is -11 because Use order of operations: 8 x 6 = 48. Then 37 - 48 = -11.,Add parentheses and compare the new value.
college_alg_dist_001,Find the horizontal and vertical changes.,Use the Pythagorean theorem on those two changes.,The horizontal change is 3 and the vertical change is 4. The distance is sqrt(3^2 + 4^2) = 5.,Adding the coordinate changes instead of using squares.,The correct answer is 5 because The horizontal change is 3 and the vertical change is 4. The distance is sqrt(3^2 + 4^2) = 5.,Give a missing coordinate and the distance.
college_alg_dist_002,Find the horizontal and vertical changes.,Use the Pythagorean theorem on those two changes.,The horizontal change is 5 and the vertical change is 12. The distance is sqrt(5^2 + 12^2) = 13.,Adding the coordinate changes instead of using squares.,The correct answer is 13 because The horizontal change is 5 and the vertical change is 12. The distance is sqrt(5^2 + 12^2) = 13.,Give a missing coordinate and the distance.
college_alg_dist_003,Find the horizontal and vertical changes.,Use the Pythagorean theorem on those two changes.,The horizontal change is 6 and the vertical change is 8. The distance is sqrt(6^2 + 8^2) = 10.,Adding the coordinate changes instead of using squares.,The correct answer is 10 because The horizontal change is 6 and the vertical change is 8. The distance is sqrt(6^2 + 8^2) = 10.,Give a missing coordinate and the distance.
college_alg_dist_004,Find the horizontal and vertical changes.,Use the Pythagorean theorem on those two changes.,The horizontal change is 8 and the vertical change is 15. The distance is sqrt(8^2 + 15^2) = 17.,Adding the coordinate changes instead of using squares.,The correct answer is 17 because The horizontal change is 8 and the vertical change is 15. The distance is sqrt(8^2 + 15^2) = 17.,Give a missing coordinate and the distance.
college_alg_dist_005,Find the horizontal and vertical changes.,Use the Pythagorean theorem on those two changes.,The horizontal change is 3 and the vertical change is 4. The distance is sqrt(3^2 + 4^2) = 5.,Adding the coordinate changes instead of using squares.,The correct answer is 5 because The horizontal change is 3 and the vertical change is 4. The distance is sqrt(3^2 + 4^2) = 5.,Give a missing coordinate and the distance.
college_alg_dist_006,Find the horizontal and vertical changes.,Use the Pythagorean theorem on those two changes.,The horizontal change is 5 and the vertical change is 12. The distance is sqrt(5^2 + 12^2) = 13.,Adding the coordinate changes instead of using squares.,The correct answer is 13 because The horizontal change is 5 and the vertical change is 12. The distance is sqrt(5^2 + 12^2) = 13.,Give a missing coordinate and the distance.
college_alg_dist_007,Find the horizontal and vertical changes.,Use the Pythagorean theorem on those two changes.,The horizontal change is 6 and the vertical change is 8. The distance is sqrt(6^2 + 8^2) = 10.,Adding the coordinate changes instead of using squares.,The correct answer is 10 because The horizontal change is 6 and the vertical change is 8. The distance is sqrt(6^2 + 8^2) = 10.,Give a missing coordinate and the distance.
college_alg_dist_008,Find the horizontal and vertical changes.,Use the Pythagorean theorem on those two changes.,The horizontal change is 8 and the vertical change is 15. The distance is sqrt(8^2 + 15^2) = 17.,Adding the coordinate changes instead of using squares.,The correct answer is 17 because The horizontal change is 8 and the vertical change is 15. The distance is sqrt(8^2 + 15^2) = 17.,Give a missing coordinate and the distance.
college_alg_dist_009,Find the horizontal and vertical changes.,Use the Pythagorean theorem on those two changes.,The horizontal change is 3 and the vertical change is 4. The distance is sqrt(3^2 + 4^2) = 5.,Adding the coordinate changes instead of using squares.,The correct answer is 5 because The horizontal change is 3 and the vertical change is 4. The distance is sqrt(3^2 + 4^2) = 5.,Give a missing coordinate and the distance.
college_alg_dist_010,Find the horizontal and vertical changes.,Use the Pythagorean theorem on those two changes.,The horizontal change is 5 and the vertical change is 12. The distance is sqrt(5^2 + 12^2) = 13.,Adding the coordinate changes instead of using squares.,The correct answer is 13 because The horizontal change is 5 and the vertical change is 12. The distance is sqrt(5^2 + 12^2) = 13.,Give a missing coordinate and the distance.
college_alg_dist_011,Find the horizontal and vertical changes.,Use the Pythagorean theorem on those two changes.,The horizontal change is 6 and the vertical change is 8. The distance is sqrt(6^2 + 8^2) = 10.,Adding the coordinate changes instead of using squares.,The correct answer is 10 because The horizontal change is 6 and the vertical change is 8. The distance is sqrt(6^2 + 8^2) = 10.,Give a missing coordinate and the distance.
college_alg_dist_012,Find the horizontal and vertical changes.,Use the Pythagorean theorem on those two changes.,The horizontal change is 8 and the vertical change is 15. The distance is sqrt(8^2 + 15^2) = 17.,Adding the coordinate changes instead of using squares.,The correct answer is 17 because The horizontal change is 8 and the vertical change is 15. The distance is sqrt(8^2 + 15^2) = 17.,Give a missing coordinate and the distance.
college_alg_dist_013,Find the horizontal and vertical changes.,Use the Pythagorean theorem on those two changes.,The horizontal change is 3 and the vertical change is 4. The distance is sqrt(3^2 + 4^2) = 5.,Adding the coordinate changes instead of using squares.,The correct answer is 5 because The horizontal change is 3 and the vertical change is 4. The distance is sqrt(3^2 + 4^2) = 5.,Give a missing coordinate and the distance.
college_alg_dist_014,Find the horizontal and vertical changes.,Use the Pythagorean theorem on those two changes.,The horizontal change is 5 and the vertical change is 12. The distance is sqrt(5^2 + 12^2) = 13.,Adding the coordinate changes instead of using squares.,The correct answer is 13 because The horizontal change is 5 and the vertical change is 12. The distance is sqrt(5^2 + 12^2) = 13.,Give a missing coordinate and the distance.
college_alg_dist_015,Find the horizontal and vertical changes.,Use the Pythagorean theorem on those two changes.,The horizontal change is 6 and the vertical change is 8. The distance is sqrt(6^2 + 8^2) = 10.,Adding the coordinate changes instead of using squares.,The correct answer is 10 because The horizontal change is 6 and the vertical change is 8. The distance is sqrt(6^2 + 8^2) = 10.,Give a missing coordinate and the distance.
college_alg_dist_016,Find the horizontal and vertical changes.,Use the Pythagorean theorem on those two changes.,The horizontal change is 8 and the vertical change is 15. The distance is sqrt(8^2 + 15^2) = 17.,Adding the coordinate changes instead of using squares.,The correct answer is 17 because The horizontal change is 8 and the vertical change is 15. The distance is sqrt(8^2 + 15^2) = 17.,Give a missing coordinate and the distance.
college_alg_dist_017,Find the horizontal and vertical changes.,Use the Pythagorean theorem on those two changes.,The horizontal change is 3 and the vertical change is 4. The distance is sqrt(3^2 + 4^2) = 5.,Adding the coordinate changes instead of using squares.,The correct answer is 5 because The horizontal change is 3 and the vertical change is 4. The distance is sqrt(3^2 + 4^2) = 5.,Give a missing coordinate and the distance.
college_alg_dist_018,Find the horizontal and vertical changes.,Use the Pythagorean theorem on those two changes.,The horizontal change is 5 and the vertical change is 12. The distance is sqrt(5^2 + 12^2) = 13.,Adding the coordinate changes instead of using squares.,The correct answer is 13 because The horizontal change is 5 and the vertical change is 12. The distance is sqrt(5^2 + 12^2) = 13.,Give a missing coordinate and the distance.
college_alg_dist_019,Find the horizontal and vertical changes.,Use the Pythagorean theorem on those two changes.,The horizontal change is 6 and the vertical change is 8. The distance is sqrt(6^2 + 8^2) = 10.,Adding the coordinate changes instead of using squares.,The correct answer is 10 because The horizontal change is 6 and the vertical change is 8. The distance is sqrt(6^2 + 8^2) = 10.,Give a missing coordinate and the distance.
college_alg_dist_020,Find the horizontal and vertical changes.,Use the Pythagorean theorem on those two changes.,The horizontal change is 8 and the vertical change is 15. The distance is sqrt(8^2 + 15^2) = 17.,Adding the coordinate changes instead of using squares.,The correct answer is 17 because The horizontal change is 8 and the vertical change is 15. The distance is sqrt(8^2 + 15^2) = 17.,Give a missing coordinate and the distance.
college_alg_rel_001,Substitute the x-coordinate into the equation.,Compare the computed y-value with the point's y-coordinate.,"Substitute x = 1: 2(1) + 1 = 3. The point has y = 4, so the answer is no.",Using the y-coordinate in place of x.,"The correct answer is no because Substitute x = 1: 2(1) + 1 = 3. The point has y = 4, so the answer is no.",Ask for the missing y-coordinate on the same graph.
college_alg_rel_002,Substitute the x-coordinate into the equation.,Compare the computed y-value with the point's y-coordinate.,"Substitute x = 2: 3(2) + 2 = 8. The point has y = 8, so the answer is yes.",Using the y-coordinate in place of x.,"The correct answer is yes because Substitute x = 2: 3(2) + 2 = 8. The point has y = 8, so the answer is yes.",Ask for the missing y-coordinate on the same graph.
college_alg_rel_003,Substitute the x-coordinate into the equation.,Compare the computed y-value with the point's y-coordinate.,"Substitute x = 3: 4(3) + 3 = 15. The point has y = 15, so the answer is yes.",Using the y-coordinate in place of x.,"The correct answer is yes because Substitute x = 3: 4(3) + 3 = 15. The point has y = 15, so the answer is yes.",Ask for the missing y-coordinate on the same graph.
college_alg_rel_004,Substitute the x-coordinate into the equation.,Compare the computed y-value with the point's y-coordinate.,"Substitute x = 4: 5(4) + 4 = 24. The point has y = 25, so the answer is no.",Using the y-coordinate in place of x.,"The correct answer is no because Substitute x = 4: 5(4) + 4 = 24. The point has y = 25, so the answer is no.",Ask for the missing y-coordinate on the same graph.
college_alg_rel_005,Substitute the x-coordinate into the equation.,Compare the computed y-value with the point's y-coordinate.,"Substitute x = 5: 2(5) + 5 = 15. The point has y = 15, so the answer is yes.",Using the y-coordinate in place of x.,"The correct answer is yes because Substitute x = 5: 2(5) + 5 = 15. The point has y = 15, so the answer is yes.",Ask for the missing y-coordinate on the same graph.
college_alg_rel_006,Substitute the x-coordinate into the equation.,Compare the computed y-value with the point's y-coordinate.,"Substitute x = 6: 3(6) + 1 = 19. The point has y = 19, so the answer is yes.",Using the y-coordinate in place of x.,"The correct answer is yes because Substitute x = 6: 3(6) + 1 = 19. The point has y = 19, so the answer is yes.",Ask for the missing y-coordinate on the same graph.
college_alg_rel_007,Substitute the x-coordinate into the equation.,Compare the computed y-value with the point's y-coordinate.,"Substitute x = 7: 4(7) + 2 = 30. The point has y = 31, so the answer is no.",Using the y-coordinate in place of x.,"The correct answer is no because Substitute x = 7: 4(7) + 2 = 30. The point has y = 31, so the answer is no.",Ask for the missing y-coordinate on the same graph.
college_alg_rel_008,Substitute the x-coordinate into the equation.,Compare the computed y-value with the point's y-coordinate.,"Substitute x = 8: 5(8) + 3 = 43. The point has y = 43, so the answer is yes.",Using the y-coordinate in place of x.,"The correct answer is yes because Substitute x = 8: 5(8) + 3 = 43. The point has y = 43, so the answer is yes.",Ask for the missing y-coordinate on the same graph.
college_alg_rel_009,Substitute the x-coordinate into the equation.,Compare the computed y-value with the point's y-coordinate.,"Substitute x = 1: 2(1) + 4 = 6. The point has y = 6, so the answer is yes.",Using the y-coordinate in place of x.,"The correct answer is yes because Substitute x = 1: 2(1) + 4 = 6. The point has y = 6, so the answer is yes.",Ask for the missing y-coordinate on the same graph.
college_alg_rel_010,Substitute the x-coordinate into the equation.,Compare the computed y-value with the point's y-coordinate.,"Substitute x = 2: 3(2) + 5 = 11. The point has y = 12, so the answer is no.",Using the y-coordinate in place of x.,"The correct answer is no because Substitute x = 2: 3(2) + 5 = 11. The point has y = 12, so the answer is no.",Ask for the missing y-coordinate on the same graph.
college_alg_rel_011,Substitute the x-coordinate into the equation.,Compare the computed y-value with the point's y-coordinate.,"Substitute x = 3: 4(3) + 1 = 13. The point has y = 13, so the answer is yes.",Using the y-coordinate in place of x.,"The correct answer is yes because Substitute x = 3: 4(3) + 1 = 13. The point has y = 13, so the answer is yes.",Ask for the missing y-coordinate on the same graph.
college_alg_rel_012,Substitute the x-coordinate into the equation.,Compare the computed y-value with the point's y-coordinate.,"Substitute x = 4: 5(4) + 2 = 22. The point has y = 22, so the answer is yes.",Using the y-coordinate in place of x.,"The correct answer is yes because Substitute x = 4: 5(4) + 2 = 22. The point has y = 22, so the answer is yes.",Ask for the missing y-coordinate on the same graph.
college_alg_rel_013,Substitute the x-coordinate into the equation.,Compare the computed y-value with the point's y-coordinate.,"Substitute x = 5: 2(5) + 3 = 13. The point has y = 14, so the answer is no.",Using the y-coordinate in place of x.,"The correct answer is no because Substitute x = 5: 2(5) + 3 = 13. The point has y = 14, so the answer is no.",Ask for the missing y-coordinate on the same graph.
college_alg_rel_014,Substitute the x-coordinate into the equation.,Compare the computed y-value with the point's y-coordinate.,"Substitute x = 6: 3(6) + 4 = 22. The point has y = 22, so the answer is yes.",Using the y-coordinate in place of x.,"The correct answer is yes because Substitute x = 6: 3(6) + 4 = 22. The point has y = 22, so the answer is yes.",Ask for the missing y-coordinate on the same graph.
college_alg_rel_015,Substitute the x-coordinate into the equation.,Compare the computed y-value with the point's y-coordinate.,"Substitute x = 7: 4(7) + 5 = 33. The point has y = 33, so the answer is yes.",Using the y-coordinate in place of x.,"The correct answer is yes because Substitute x = 7: 4(7) + 5 = 33. The point has y = 33, so the answer is yes.",Ask for the missing y-coordinate on the same graph.
college_alg_rel_016,Substitute the x-coordinate into the equation.,Compare the computed y-value with the point's y-coordinate.,"Substitute x = 8: 5(8) + 1 = 41. The point has y = 42, so the answer is no.",Using the y-coordinate in place of x.,"The correct answer is no because Substitute x = 8: 5(8) + 1 = 41. The point has y = 42, so the answer is no.",Ask for the missing y-coordinate on the same graph.
college_alg_rel_017,Substitute the x-coordinate into the equation.,Compare the computed y-value with the point's y-coordinate.,"Substitute x = 1: 2(1) + 2 = 4. The point has y = 4, so the answer is yes.",Using the y-coordinate in place of x.,"The correct answer is yes because Substitute x = 1: 2(1) + 2 = 4. The point has y = 4, so the answer is yes.",Ask for the missing y-coordinate on the same graph.
college_alg_rel_018,Substitute the x-coordinate into the equation.,Compare the computed y-value with the point's y-coordinate.,"Substitute x = 2: 3(2) + 3 = 9. The point has y = 9, so the answer is yes.",Using the y-coordinate in place of x.,"The correct answer is yes because Substitute x = 2: 3(2) + 3 = 9. The point has y = 9, so the answer is yes.",Ask for the missing y-coordinate on the same graph.
college_alg_rel_019,Substitute the x-coordinate into the equation.,Compare the computed y-value with the point's y-coordinate.,"Substitute x = 3: 4(3) + 4 = 16. The point has y = 17, so the answer is no.",Using the y-coordinate in place of x.,"The correct answer is no because Substitute x = 3: 4(3) + 4 = 16. The point has y = 17, so the answer is no.",Ask for the missing y-coordinate on the same graph.
college_alg_rel_020,Substitute the x-coordinate into the equation.,Compare the computed y-value with the point's y-coordinate.,"Substitute x = 4: 5(4) + 5 = 25. The point has y = 25, so the answer is yes.",Using the y-coordinate in place of x.,"The correct answer is yes because Substitute x = 4: 5(4) + 5 = 25. The point has y = 25, so the answer is yes.",Ask for the missing y-coordinate on the same graph.
college_alg_fn_001,Replace x with the input value.,Evaluate the multiplication before adding the constant.,Substitute x = 1: f(1) = 2(1) + 3 = 2 + 3 = 5.,Adding the input to the coefficient instead of multiplying first.,The correct answer is 5 because Substitute x = 1: f(1) = 2(1) + 3 = 2 + 3 = 5.,Use a quadratic rule and evaluate at a negative input.
college_alg_fn_002,Replace x with the input value.,Evaluate the multiplication before adding the constant.,Substitute x = 2: f(2) = 3(2) + 4 = 6 + 4 = 10.,Adding the input to the coefficient instead of multiplying first.,The correct answer is 10 because Substitute x = 2: f(2) = 3(2) + 4 = 6 + 4 = 10.,Use a quadratic rule and evaluate at a negative input.
college_alg_fn_003,Replace x with the input value.,Evaluate the multiplication before adding the constant.,Substitute x = 3: f(3) = 4(3) + 5 = 12 + 5 = 17.,Adding the input to the coefficient instead of multiplying first.,The correct answer is 17 because Substitute x = 3: f(3) = 4(3) + 5 = 12 + 5 = 17.,Use a quadratic rule and evaluate at a negative input.
college_alg_fn_004,Replace x with the input value.,Evaluate the multiplication before adding the constant.,Substitute x = 4: f(4) = 5(4) + 6 = 20 + 6 = 26.,Adding the input to the coefficient instead of multiplying first.,The correct answer is 26 because Substitute x = 4: f(4) = 5(4) + 6 = 20 + 6 = 26.,Use a quadratic rule and evaluate at a negative input.
college_alg_fn_005,Replace x with the input value.,Evaluate the multiplication before adding the constant.,Substitute x = 5: f(5) = 2(5) + 7 = 10 + 7 = 17.,Adding the input to the coefficient instead of multiplying first.,The correct answer is 17 because Substitute x = 5: f(5) = 2(5) + 7 = 10 + 7 = 17.,Use a quadratic rule and evaluate at a negative input.
college_alg_fn_006,Replace x with the input value.,Evaluate the multiplication before adding the constant.,Substitute x = 6: f(6) = 3(6) + 8 = 18 + 8 = 26.,Adding the input to the coefficient instead of multiplying first.,The correct answer is 26 because Substitute x = 6: f(6) = 3(6) + 8 = 18 + 8 = 26.,Use a quadratic rule and evaluate at a negative input.
college_alg_fn_007,Replace x with the input value.,Evaluate the multiplication before adding the constant.,Substitute x = 7: f(7) = 4(7) + 3 = 28 + 3 = 31.,Adding the input to the coefficient instead of multiplying first.,The correct answer is 31 because Substitute x = 7: f(7) = 4(7) + 3 = 28 + 3 = 31.,Use a quadratic rule and evaluate at a negative input.
college_alg_fn_008,Replace x with the input value.,Evaluate the multiplication before adding the constant.,Substitute x = 8: f(8) = 5(8) + 4 = 40 + 4 = 44.,Adding the input to the coefficient instead of multiplying first.,The correct answer is 44 because Substitute x = 8: f(8) = 5(8) + 4 = 40 + 4 = 44.,Use a quadratic rule and evaluate at a negative input.
college_alg_fn_009,Replace x with the input value.,Evaluate the multiplication before adding the constant.,Substitute x = 1: f(1) = 2(1) + 5 = 2 + 5 = 7.,Adding the input to the coefficient instead of multiplying first.,The correct answer is 7 because Substitute x = 1: f(1) = 2(1) + 5 = 2 + 5 = 7.,Use a quadratic rule and evaluate at a negative input.
college_alg_fn_010,Replace x with the input value.,Evaluate the multiplication before adding the constant.,Substitute x = 2: f(2) = 3(2) + 6 = 6 + 6 = 12.,Adding the input to the coefficient instead of multiplying first.,The correct answer is 12 because Substitute x = 2: f(2) = 3(2) + 6 = 6 + 6 = 12.,Use a quadratic rule and evaluate at a negative input.
college_alg_fn_011,Replace x with the input value.,Evaluate the multiplication before adding the constant.,Substitute x = 3: f(3) = 4(3) + 7 = 12 + 7 = 19.,Adding the input to the coefficient instead of multiplying first.,The correct answer is 19 because Substitute x = 3: f(3) = 4(3) + 7 = 12 + 7 = 19.,Use a quadratic rule and evaluate at a negative input.
college_alg_fn_012,Replace x with the input value.,Evaluate the multiplication before adding the constant.,Substitute x = 4: f(4) = 5(4) + 8 = 20 + 8 = 28.,Adding the input to the coefficient instead of multiplying first.,The correct answer is 28 because Substitute x = 4: f(4) = 5(4) + 8 = 20 + 8 = 28.,Use a quadratic rule and evaluate at a negative input.
college_alg_fn_013,Replace x with the input value.,Evaluate the multiplication before adding the constant.,Substitute x = 5: f(5) = 2(5) + 3 = 10 + 3 = 13.,Adding the input to the coefficient instead of multiplying first.,The correct answer is 13 because Substitute x = 5: f(5) = 2(5) + 3 = 10 + 3 = 13.,Use a quadratic rule and evaluate at a negative input.
college_alg_fn_014,Replace x with the input value.,Evaluate the multiplication before adding the constant.,Substitute x = 6: f(6) = 3(6) + 4 = 18 + 4 = 22.,Adding the input to the coefficient instead of multiplying first.,The correct answer is 22 because Substitute x = 6: f(6) = 3(6) + 4 = 18 + 4 = 22.,Use a quadratic rule and evaluate at a negative input.
college_alg_fn_015,Replace x with the input value.,Evaluate the multiplication before adding the constant.,Substitute x = 7: f(7) = 4(7) + 5 = 28 + 5 = 33.,Adding the input to the coefficient instead of multiplying first.,The correct answer is 33 because Substitute x = 7: f(7) = 4(7) + 5 = 28 + 5 = 33.,Use a quadratic rule and evaluate at a negative input.
college_alg_fn_016,Replace x with the input value.,Evaluate the multiplication before adding the constant.,Substitute x = 8: f(8) = 5(8) + 6 = 40 + 6 = 46.,Adding the input to the coefficient instead of multiplying first.,The correct answer is 46 because Substitute x = 8: f(8) = 5(8) + 6 = 40 + 6 = 46.,Use a quadratic rule and evaluate at a negative input.
college_alg_fn_017,Replace x with the input value.,Evaluate the multiplication before adding the constant.,Substitute x = 1: f(1) = 2(1) + 7 = 2 + 7 = 9.,Adding the input to the coefficient instead of multiplying first.,The correct answer is 9 because Substitute x = 1: f(1) = 2(1) + 7 = 2 + 7 = 9.,Use a quadratic rule and evaluate at a negative input.
college_alg_fn_018,Replace x with the input value.,Evaluate the multiplication before adding the constant.,Substitute x = 2: f(2) = 3(2) + 8 = 6 + 8 = 14.,Adding the input to the coefficient instead of multiplying first.,The correct answer is 14 because Substitute x = 2: f(2) = 3(2) + 8 = 6 + 8 = 14.,Use a quadratic rule and evaluate at a negative input.
college_alg_fn_019,Replace x with the input value.,Evaluate the multiplication before adding the constant.,Substitute x = 3: f(3) = 4(3) + 3 = 12 + 3 = 15.,Adding the input to the coefficient instead of multiplying first.,The correct answer is 15 because Substitute x = 3: f(3) = 4(3) + 3 = 12 + 3 = 15.,Use a quadratic rule and evaluate at a negative input.
college_alg_fn_020,Replace x with the input value.,Evaluate the multiplication before adding the constant.,Substitute x = 4: f(4) = 5(4) + 4 = 20 + 4 = 24.,Adding the input to the coefficient instead of multiplying first.,The correct answer is 24 because Substitute x = 4: f(4) = 5(4) + 4 = 20 + 4 = 24.,Use a quadratic rule and evaluate at a negative input.
college_alg_fnarith_001,Add the two function rules first.,Combine x-terms and constants before substituting.,"(f + g)(x) = (2x + 1) + (3x - 2) = 5x + -1. At x = 1, the value is 4.",Changing subtraction in g(x) into addition.,"The correct answer is 4 because (f + g)(x) = (2x + 1) + (3x - 2) = 5x + -1. At x = 1, the value is 4.",Ask for (f - g)(x) instead.
college_alg_fnarith_002,Add the two function rules first.,Combine x-terms and constants before substituting.,"(f + g)(x) = (3x + 2) + (4x - 3) = 7x + -1. At x = 2, the value is 13.",Changing subtraction in g(x) into addition.,"The correct answer is 13 because (f + g)(x) = (3x + 2) + (4x - 3) = 7x + -1. At x = 2, the value is 13.",Ask for (f - g)(x) instead.
college_alg_fnarith_003,Add the two function rules first.,Combine x-terms and constants before substituting.,"(f + g)(x) = (4x + 3) + (5x - 4) = 9x + -1. At x = 3, the value is 26.",Changing subtraction in g(x) into addition.,"The correct answer is 26 because (f + g)(x) = (4x + 3) + (5x - 4) = 9x + -1. At x = 3, the value is 26.",Ask for (f - g)(x) instead.
college_alg_fnarith_004,Add the two function rules first.,Combine x-terms and constants before substituting.,"(f + g)(x) = (5x + 4) + (6x - 5) = 11x + -1. At x = 4, the value is 43.",Changing subtraction in g(x) into addition.,"The correct answer is 43 because (f + g)(x) = (5x + 4) + (6x - 5) = 11x + -1. At x = 4, the value is 43.",Ask for (f - g)(x) instead.
college_alg_fnarith_005,Add the two function rules first.,Combine x-terms and constants before substituting.,"(f + g)(x) = (2x + 5) + (7x - 2) = 9x + 3. At x = 5, the value is 48.",Changing subtraction in g(x) into addition.,"The correct answer is 48 because (f + g)(x) = (2x + 5) + (7x - 2) = 9x + 3. At x = 5, the value is 48.",Ask for (f - g)(x) instead.
college_alg_fnarith_006,Add the two function rules first.,Combine x-terms and constants before substituting.,"(f + g)(x) = (3x + 6) + (3x - 3) = 6x + 3. At x = 6, the value is 39.",Changing subtraction in g(x) into addition.,"The correct answer is 39 because (f + g)(x) = (3x + 6) + (3x - 3) = 6x + 3. At x = 6, the value is 39.",Ask for (f - g)(x) instead.
college_alg_fnarith_007,Add the two function rules first.,Combine x-terms and constants before substituting.,"(f + g)(x) = (4x + 1) + (4x - 4) = 8x + -3. At x = 7, the value is 53.",Changing subtraction in g(x) into addition.,"The correct answer is 53 because (f + g)(x) = (4x + 1) + (4x - 4) = 8x + -3. At x = 7, the value is 53.",Ask for (f - g)(x) instead.
college_alg_fnarith_008,Add the two function rules first.,Combine x-terms and constants before substituting.,"(f + g)(x) = (5x + 2) + (5x - 5) = 10x + -3. At x = 1, the value is 7.",Changing subtraction in g(x) into addition.,"The correct answer is 7 because (f + g)(x) = (5x + 2) + (5x - 5) = 10x + -3. At x = 1, the value is 7.",Ask for (f - g)(x) instead.
college_alg_fnarith_009,Add the two function rules first.,Combine x-terms and constants before substituting.,"(f + g)(x) = (2x + 3) + (6x - 2) = 8x + 1. At x = 2, the value is 17.",Changing subtraction in g(x) into addition.,"The correct answer is 17 because (f + g)(x) = (2x + 3) + (6x - 2) = 8x + 1. At x = 2, the value is 17.",Ask for (f - g)(x) instead.
college_alg_fnarith_010,Add the two function rules first.,Combine x-terms and constants before substituting.,"(f + g)(x) = (3x + 4) + (7x - 3) = 10x + 1. At x = 3, the value is 31.",Changing subtraction in g(x) into addition.,"The correct answer is 31 because (f + g)(x) = (3x + 4) + (7x - 3) = 10x + 1. At x = 3, the value is 31.",Ask for (f - g)(x) instead.
college_alg_fnarith_011,Add the two function rules first.,Combine x-terms and constants before substituting.,"(f + g)(x) = (4x + 5) + (3x - 4) = 7x + 1. At x = 4, the value is 29.",Changing subtraction in g(x) into addition.,"The correct answer is 29 because (f + g)(x) = (4x + 5) + (3x - 4) = 7x + 1. At x = 4, the value is 29.",Ask for (f - g)(x) instead.
college_alg_fnarith_012,Add the two function rules first.,Combine x-terms and constants before substituting.,"(f + g)(x) = (5x + 6) + (4x - 5) = 9x + 1. At x = 5, the value is 46.",Changing subtraction in g(x) into addition.,"The correct answer is 46 because (f + g)(x) = (5x + 6) + (4x - 5) = 9x + 1. At x = 5, the value is 46.",Ask for (f - g)(x) instead.
college_alg_fnarith_013,Add the two function rules first.,Combine x-terms and constants before substituting.,"(f + g)(x) = (2x + 1) + (5x - 2) = 7x + -1. At x = 6, the value is 41.",Changing subtraction in g(x) into addition.,"The correct answer is 41 because (f + g)(x) = (2x + 1) + (5x - 2) = 7x + -1. At x = 6, the value is 41.",Ask for (f - g)(x) instead.
college_alg_fnarith_014,Add the two function rules first.,Combine x-terms and constants before substituting.,"(f + g)(x) = (3x + 2) + (6x - 3) = 9x + -1. At x = 7, the value is 62.",Changing subtraction in g(x) into addition.,"The correct answer is 62 because (f + g)(x) = (3x + 2) + (6x - 3) = 9x + -1. At x = 7, the value is 62.",Ask for (f - g)(x) instead.
college_alg_fnarith_015,Add the two function rules first.,Combine x-terms and constants before substituting.,"(f + g)(x) = (4x + 3) + (7x - 4) = 11x + -1. At x = 1, the value is 10.",Changing subtraction in g(x) into addition.,"The correct answer is 10 because (f + g)(x) = (4x + 3) + (7x - 4) = 11x + -1. At x = 1, the value is 10.",Ask for (f - g)(x) instead.
college_alg_fnarith_016,Add the two function rules first.,Combine x-terms and constants before substituting.,"(f + g)(x) = (5x + 4) + (3x - 5) = 8x + -1. At x = 2, the value is 15.",Changing subtraction in g(x) into addition.,"The correct answer is 15 because (f + g)(x) = (5x + 4) + (3x - 5) = 8x + -1. At x = 2, the value is 15.",Ask for (f - g)(x) instead.
college_alg_fnarith_017,Add the two function rules first.,Combine x-terms and constants before substituting.,"(f + g)(x) = (2x + 5) + (4x - 2) = 6x + 3. At x = 3, the value is 21.",Changing subtraction in g(x) into addition.,"The correct answer is 21 because (f + g)(x) = (2x + 5) + (4x - 2) = 6x + 3. At x = 3, the value is 21.",Ask for (f - g)(x) instead.
college_alg_fnarith_018,Add the two function rules first.,Combine x-terms and constants before substituting.,"(f + g)(x) = (3x + 6) + (5x - 3) = 8x + 3. At x = 4, the value is 35.",Changing subtraction in g(x) into addition.,"The correct answer is 35 because (f + g)(x) = (3x + 6) + (5x - 3) = 8x + 3. At x = 4, the value is 35.",Ask for (f - g)(x) instead.
college_alg_fnarith_019,Add the two function rules first.,Combine x-terms and constants before substituting.,"(f + g)(x) = (4x + 1) + (6x - 4) = 10x + -3. At x = 5, the value is 47.",Changing subtraction in g(x) into addition.,"The correct answer is 47 because (f + g)(x) = (4x + 1) + (6x - 4) = 10x + -3. At x = 5, the value is 47.",Ask for (f - g)(x) instead.
college_alg_fnarith_020,Add the two function rules first.,Combine x-terms and constants before substituting.,"(f + g)(x) = (5x + 2) + (7x - 5) = 12x + -3. At x = 6, the value is 69.",Changing subtraction in g(x) into addition.,"The correct answer is 69 because (f + g)(x) = (5x + 2) + (7x - 5) = 12x + -3. At x = 6, the value is 69.",Ask for (f - g)(x) instead.
college_alg_trans_001,Handle the horizontal and vertical shifts separately.,Inside x - h shifts the graph right by h.,"The expression f(x - 2) shifts the graph right 2, and + 1 shifts it up 1. So (1, 2) moves to (3,3).",Moving left for x - h instead of right.,"The correct answer is (3,3) because The expression f(x - 2) shifts the graph right 2, and + 1 shifts it up 1. So (1, 2) moves to (3,3).",Use y = -f(x) and ask for the reflected point.
college_alg_trans_002,Handle the horizontal and vertical shifts separately.,Inside x - h shifts the graph right by h.,"The expression f(x - 3) shifts the graph right 3, and + 2 shifts it up 2. So (2, 3) moves to (5,5).",Moving left for x - h instead of right.,"The correct answer is (5,5) because The expression f(x - 3) shifts the graph right 3, and + 2 shifts it up 2. So (2, 3) moves to (5,5).",Use y = -f(x) and ask for the reflected point.
college_alg_trans_003,Handle the horizontal and vertical shifts separately.,Inside x - h shifts the graph right by h.,"The expression f(x - 4) shifts the graph right 4, and + 3 shifts it up 3. So (3, 4) moves to (7,7).",Moving left for x - h instead of right.,"The correct answer is (7,7) because The expression f(x - 4) shifts the graph right 4, and + 3 shifts it up 3. So (3, 4) moves to (7,7).",Use y = -f(x) and ask for the reflected point.
college_alg_trans_004,Handle the horizontal and vertical shifts separately.,Inside x - h shifts the graph right by h.,"The expression f(x - 5) shifts the graph right 5, and + 4 shifts it up 4. So (4, 5) moves to (9,9).",Moving left for x - h instead of right.,"The correct answer is (9,9) because The expression f(x - 5) shifts the graph right 5, and + 4 shifts it up 4. So (4, 5) moves to (9,9).",Use y = -f(x) and ask for the reflected point.
college_alg_trans_005,Handle the horizontal and vertical shifts separately.,Inside x - h shifts the graph right by h.,"The expression f(x - 2) shifts the graph right 2, and + 5 shifts it up 5. So (5, 6) moves to (7,11).",Moving left for x - h instead of right.,"The correct answer is (7,11) because The expression f(x - 2) shifts the graph right 2, and + 5 shifts it up 5. So (5, 6) moves to (7,11).",Use y = -f(x) and ask for the reflected point.
college_alg_trans_006,Handle the horizontal and vertical shifts separately.,Inside x - h shifts the graph right by h.,"The expression f(x - 3) shifts the graph right 3, and + 1 shifts it up 1. So (6, 7) moves to (9,8).",Moving left for x - h instead of right.,"The correct answer is (9,8) because The expression f(x - 3) shifts the graph right 3, and + 1 shifts it up 1. So (6, 7) moves to (9,8).",Use y = -f(x) and ask for the reflected point.
college_alg_trans_007,Handle the horizontal and vertical shifts separately.,Inside x - h shifts the graph right by h.,"The expression f(x - 4) shifts the graph right 4, and + 2 shifts it up 2. So (1, 8) moves to (5,10).",Moving left for x - h instead of right.,"The correct answer is (5,10) because The expression f(x - 4) shifts the graph right 4, and + 2 shifts it up 2. So (1, 8) moves to (5,10).",Use y = -f(x) and ask for the reflected point.
college_alg_trans_008,Handle the horizontal and vertical shifts separately.,Inside x - h shifts the graph right by h.,"The expression f(x - 5) shifts the graph right 5, and + 3 shifts it up 3. So (2, 2) moves to (7,5).",Moving left for x - h instead of right.,"The correct answer is (7,5) because The expression f(x - 5) shifts the graph right 5, and + 3 shifts it up 3. So (2, 2) moves to (7,5).",Use y = -f(x) and ask for the reflected point.
college_alg_trans_009,Handle the horizontal and vertical shifts separately.,Inside x - h shifts the graph right by h.,"The expression f(x - 2) shifts the graph right 2, and + 4 shifts it up 4. So (3, 3) moves to (5,7).",Moving left for x - h instead of right.,"The correct answer is (5,7) because The expression f(x - 2) shifts the graph right 2, and + 4 shifts it up 4. So (3, 3) moves to (5,7).",Use y = -f(x) and ask for the reflected point.
college_alg_trans_010,Handle the horizontal and vertical shifts separately.,Inside x - h shifts the graph right by h.,"The expression f(x - 3) shifts the graph right 3, and + 5 shifts it up 5. So (4, 4) moves to (7,9).",Moving left for x - h instead of right.,"The correct answer is (7,9) because The expression f(x - 3) shifts the graph right 3, and + 5 shifts it up 5. So (4, 4) moves to (7,9).",Use y = -f(x) and ask for the reflected point.
college_alg_trans_011,Handle the horizontal and vertical shifts separately.,Inside x - h shifts the graph right by h.,"The expression f(x - 4) shifts the graph right 4, and + 1 shifts it up 1. So (5, 5) moves to (9,6).",Moving left for x - h instead of right.,"The correct answer is (9,6) because The expression f(x - 4) shifts the graph right 4, and + 1 shifts it up 1. So (5, 5) moves to (9,6).",Use y = -f(x) and ask for the reflected point.
college_alg_trans_012,Handle the horizontal and vertical shifts separately.,Inside x - h shifts the graph right by h.,"The expression f(x - 5) shifts the graph right 5, and + 2 shifts it up 2. So (6, 6) moves to (11,8).",Moving left for x - h instead of right.,"The correct answer is (11,8) because The expression f(x - 5) shifts the graph right 5, and + 2 shifts it up 2. So (6, 6) moves to (11,8).",Use y = -f(x) and ask for the reflected point.
college_alg_trans_013,Handle the horizontal and vertical shifts separately.,Inside x - h shifts the graph right by h.,"The expression f(x - 2) shifts the graph right 2, and + 3 shifts it up 3. So (1, 7) moves to (3,10).",Moving left for x - h instead of right.,"The correct answer is (3,10) because The expression f(x - 2) shifts the graph right 2, and + 3 shifts it up 3. So (1, 7) moves to (3,10).",Use y = -f(x) and ask for the reflected point.
college_alg_trans_014,Handle the horizontal and vertical shifts separately.,Inside x - h shifts the graph right by h.,"The expression f(x - 3) shifts the graph right 3, and + 4 shifts it up 4. So (2, 8) moves to (5,12).",Moving left for x - h instead of right.,"The correct answer is (5,12) because The expression f(x - 3) shifts the graph right 3, and + 4 shifts it up 4. So (2, 8) moves to (5,12).",Use y = -f(x) and ask for the reflected point.
college_alg_trans_015,Handle the horizontal and vertical shifts separately.,Inside x - h shifts the graph right by h.,"The expression f(x - 4) shifts the graph right 4, and + 5 shifts it up 5. So (3, 2) moves to (7,7).",Moving left for x - h instead of right.,"The correct answer is (7,7) because The expression f(x - 4) shifts the graph right 4, and + 5 shifts it up 5. So (3, 2) moves to (7,7).",Use y = -f(x) and ask for the reflected point.
college_alg_trans_016,Handle the horizontal and vertical shifts separately.,Inside x - h shifts the graph right by h.,"The expression f(x - 5) shifts the graph right 5, and + 1 shifts it up 1. So (4, 3) moves to (9,4).",Moving left for x - h instead of right.,"The correct answer is (9,4) because The expression f(x - 5) shifts the graph right 5, and + 1 shifts it up 1. So (4, 3) moves to (9,4).",Use y = -f(x) and ask for the reflected point.
college_alg_trans_017,Handle the horizontal and vertical shifts separately.,Inside x - h shifts the graph right by h.,"The expression f(x - 2) shifts the graph right 2, and + 2 shifts it up 2. So (5, 4) moves to (7,6).",Moving left for x - h instead of right.,"The correct answer is (7,6) because The expression f(x - 2) shifts the graph right 2, and + 2 shifts it up 2. So (5, 4) moves to (7,6).",Use y = -f(x) and ask for the reflected point.
college_alg_trans_018,Handle the horizontal and vertical shifts separately.,Inside x - h shifts the graph right by h.,"The expression f(x - 3) shifts the graph right 3, and + 3 shifts it up 3. So (6, 5) moves to (9,8).",Moving left for x - h instead of right.,"The correct answer is (9,8) because The expression f(x - 3) shifts the graph right 3, and + 3 shifts it up 3. So (6, 5) moves to (9,8).",Use y = -f(x) and ask for the reflected point.
college_alg_trans_019,Handle the horizontal and vertical shifts separately.,Inside x - h shifts the graph right by h.,"The expression f(x - 4) shifts the graph right 4, and + 4 shifts it up 4. So (1, 6) moves to (5,10).",Moving left for x - h instead of right.,"The correct answer is (5,10) because The expression f(x - 4) shifts the graph right 4, and + 4 shifts it up 4. So (1, 6) moves to (5,10).",Use y = -f(x) and ask for the reflected point.
college_alg_trans_020,Handle the horizontal and vertical shifts separately.,Inside x - h shifts the graph right by h.,"The expression f(x - 5) shifts the graph right 5, and + 5 shifts it up 5. So (2, 7) moves to (7,12).",Moving left for x - h instead of right.,"The correct answer is (7,12) because The expression f(x - 5) shifts the graph right 5, and + 5 shifts it up 5. So (2, 7) moves to (7,12).",Use y = -f(x) and ask for the reflected point.
college_alg_line_001,Start from y = mx + b.,Use the given point to solve for b.,"Use y = mx + b. Substitute (1, 3): 3 = 2(1) + b, so b = 1. The line is y = 2x+1.",Using the point's y-coordinate as the intercept without checking.,"The correct answer is 2x+1 because Use y = mx + b. Substitute (1, 3): 3 = 2(1) + b, so b = 1. The line is y = 2x+1.",Give two points instead of the slope.
college_alg_line_002,Start from y = mx + b.,Use the given point to solve for b.,"Use y = mx + b. Substitute (2, 4): 4 = 3(2) + b, so b = -2. The line is y = 3x-2.",Using the point's y-coordinate as the intercept without checking.,"The correct answer is 3x-2 because Use y = mx + b. Substitute (2, 4): 4 = 3(2) + b, so b = -2. The line is y = 3x-2.",Give two points instead of the slope.
college_alg_line_003,Start from y = mx + b.,Use the given point to solve for b.,"Use y = mx + b. Substitute (3, 5): 5 = 4(3) + b, so b = -7. The line is y = 4x-7.",Using the point's y-coordinate as the intercept without checking.,"The correct answer is 4x-7 because Use y = mx + b. Substitute (3, 5): 5 = 4(3) + b, so b = -7. The line is y = 4x-7.",Give two points instead of the slope.
college_alg_line_004,Start from y = mx + b.,Use the given point to solve for b.,"Use y = mx + b. Substitute (4, 6): 6 = 5(4) + b, so b = -14. The line is y = 5x-14.",Using the point's y-coordinate as the intercept without checking.,"The correct answer is 5x-14 because Use y = mx + b. Substitute (4, 6): 6 = 5(4) + b, so b = -14. The line is y = 5x-14.",Give two points instead of the slope.
college_alg_line_005,Start from y = mx + b.,Use the given point to solve for b.,"Use y = mx + b. Substitute (1, 7): 7 = 6(1) + b, so b = 1. The line is y = 6x+1.",Using the point's y-coordinate as the intercept without checking.,"The correct answer is 6x+1 because Use y = mx + b. Substitute (1, 7): 7 = 6(1) + b, so b = 1. The line is y = 6x+1.",Give two points instead of the slope.
college_alg_line_006,Start from y = mx + b.,Use the given point to solve for b.,"Use y = mx + b. Substitute (2, 8): 8 = 2(2) + b, so b = 4. The line is y = 2x+4.",Using the point's y-coordinate as the intercept without checking.,"The correct answer is 2x+4 because Use y = mx + b. Substitute (2, 8): 8 = 2(2) + b, so b = 4. The line is y = 2x+4.",Give two points instead of the slope.
college_alg_line_007,Start from y = mx + b.,Use the given point to solve for b.,"Use y = mx + b. Substitute (3, 3): 3 = 3(3) + b, so b = -6. The line is y = 3x-6.",Using the point's y-coordinate as the intercept without checking.,"The correct answer is 3x-6 because Use y = mx + b. Substitute (3, 3): 3 = 3(3) + b, so b = -6. The line is y = 3x-6.",Give two points instead of the slope.
college_alg_line_008,Start from y = mx + b.,Use the given point to solve for b.,"Use y = mx + b. Substitute (4, 4): 4 = 4(4) + b, so b = -12. The line is y = 4x-12.",Using the point's y-coordinate as the intercept without checking.,"The correct answer is 4x-12 because Use y = mx + b. Substitute (4, 4): 4 = 4(4) + b, so b = -12. The line is y = 4x-12.",Give two points instead of the slope.
college_alg_line_009,Start from y = mx + b.,Use the given point to solve for b.,"Use y = mx + b. Substitute (1, 5): 5 = 5(1) + b, so b = 0. The line is y = 5x.",Using the point's y-coordinate as the intercept without checking.,"The correct answer is 5x because Use y = mx + b. Substitute (1, 5): 5 = 5(1) + b, so b = 0. The line is y = 5x.",Give two points instead of the slope.
college_alg_line_010,Start from y = mx + b.,Use the given point to solve for b.,"Use y = mx + b. Substitute (2, 6): 6 = 6(2) + b, so b = -6. The line is y = 6x-6.",Using the point's y-coordinate as the intercept without checking.,"The correct answer is 6x-6 because Use y = mx + b. Substitute (2, 6): 6 = 6(2) + b, so b = -6. The line is y = 6x-6.",Give two points instead of the slope.
college_alg_line_011,Start from y = mx + b.,Use the given point to solve for b.,"Use y = mx + b. Substitute (3, 7): 7 = 2(3) + b, so b = 1. The line is y = 2x+1.",Using the point's y-coordinate as the intercept without checking.,"The correct answer is 2x+1 because Use y = mx + b. Substitute (3, 7): 7 = 2(3) + b, so b = 1. The line is y = 2x+1.",Give two points instead of the slope.
college_alg_line_012,Start from y = mx + b.,Use the given point to solve for b.,"Use y = mx + b. Substitute (4, 8): 8 = 3(4) + b, so b = -4. The line is y = 3x-4.",Using the point's y-coordinate as the intercept without checking.,"The correct answer is 3x-4 because Use y = mx + b. Substitute (4, 8): 8 = 3(4) + b, so b = -4. The line is y = 3x-4.",Give two points instead of the slope.
college_alg_line_013,Start from y = mx + b.,Use the given point to solve for b.,"Use y = mx + b. Substitute (1, 3): 3 = 4(1) + b, so b = -1. The line is y = 4x-1.",Using the point's y-coordinate as the intercept without checking.,"The correct answer is 4x-1 because Use y = mx + b. Substitute (1, 3): 3 = 4(1) + b, so b = -1. The line is y = 4x-1.",Give two points instead of the slope.
college_alg_line_014,Start from y = mx + b.,Use the given point to solve for b.,"Use y = mx + b. Substitute (2, 4): 4 = 5(2) + b, so b = -6. The line is y = 5x-6.",Using the point's y-coordinate as the intercept without checking.,"The correct answer is 5x-6 because Use y = mx + b. Substitute (2, 4): 4 = 5(2) + b, so b = -6. The line is y = 5x-6.",Give two points instead of the slope.
college_alg_line_015,Start from y = mx + b.,Use the given point to solve for b.,"Use y = mx + b. Substitute (3, 5): 5 = 6(3) + b, so b = -13. The line is y = 6x-13.",Using the point's y-coordinate as the intercept without checking.,"The correct answer is 6x-13 because Use y = mx + b. Substitute (3, 5): 5 = 6(3) + b, so b = -13. The line is y = 6x-13.",Give two points instead of the slope.
college_alg_line_016,Start from y = mx + b.,Use the given point to solve for b.,"Use y = mx + b. Substitute (4, 6): 6 = 2(4) + b, so b = -2. The line is y = 2x-2.",Using the point's y-coordinate as the intercept without checking.,"The correct answer is 2x-2 because Use y = mx + b. Substitute (4, 6): 6 = 2(4) + b, so b = -2. The line is y = 2x-2.",Give two points instead of the slope.
college_alg_line_017,Start from y = mx + b.,Use the given point to solve for b.,"Use y = mx + b. Substitute (1, 7): 7 = 3(1) + b, so b = 4. The line is y = 3x+4.",Using the point's y-coordinate as the intercept without checking.,"The correct answer is 3x+4 because Use y = mx + b. Substitute (1, 7): 7 = 3(1) + b, so b = 4. The line is y = 3x+4.",Give two points instead of the slope.
college_alg_line_018,Start from y = mx + b.,Use the given point to solve for b.,"Use y = mx + b. Substitute (2, 8): 8 = 4(2) + b, so b = 0. The line is y = 4x.",Using the point's y-coordinate as the intercept without checking.,"The correct answer is 4x because Use y = mx + b. Substitute (2, 8): 8 = 4(2) + b, so b = 0. The line is y = 4x.",Give two points instead of the slope.
college_alg_line_019,Start from y = mx + b.,Use the given point to solve for b.,"Use y = mx + b. Substitute (3, 3): 3 = 5(3) + b, so b = -12. The line is y = 5x-12.",Using the point's y-coordinate as the intercept without checking.,"The correct answer is 5x-12 because Use y = mx + b. Substitute (3, 3): 3 = 5(3) + b, so b = -12. The line is y = 5x-12.",Give two points instead of the slope.
college_alg_line_020,Start from y = mx + b.,Use the given point to solve for b.,"Use y = mx + b. Substitute (4, 4): 4 = 6(4) + b, so b = -20. The line is y = 6x-20.",Using the point's y-coordinate as the intercept without checking.,"The correct answer is 6x-20 because Use y = mx + b. Substitute (4, 4): 4 = 6(4) + b, so b = -20. The line is y = 6x-20.",Give two points instead of the slope.
college_alg_line2_001,Compute the slope from the two points first.,Then use either point to find the intercept.,"The slope is (-1 - -3)/(3 - 1) = 1. Use y = mx + b with (1, -3) to get b = -4.",Using the first y-coordinate as the intercept.,"The correct answer is 1x-4 because The slope is (-1 - -3)/(3 - 1) = 1. Use y = mx + b with (1, -3) to get b = -4.",Use a negative slope and repeat the process.
college_alg_line2_002,Compute the slope from the two points first.,Then use either point to find the intercept.,"The slope is (5 - 1)/(4 - 2) = 2. Use y = mx + b with (2, 1) to get b = -3.",Using the first y-coordinate as the intercept.,"The correct answer is 2x-3 because The slope is (5 - 1)/(4 - 2) = 2. Use y = mx + b with (2, 1) to get b = -3.",Use a negative slope and repeat the process.
college_alg_line2_003,Compute the slope from the two points first.,Then use either point to find the intercept.,"The slope is (13 - 7)/(5 - 3) = 3. Use y = mx + b with (3, 7) to get b = -2.",Using the first y-coordinate as the intercept.,"The correct answer is 3x-2 because The slope is (13 - 7)/(5 - 3) = 3. Use y = mx + b with (3, 7) to get b = -2.",Use a negative slope and repeat the process.
college_alg_line2_004,Compute the slope from the two points first.,Then use either point to find the intercept.,"The slope is (23 - 15)/(6 - 4) = 4. Use y = mx + b with (4, 15) to get b = -1.",Using the first y-coordinate as the intercept.,"The correct answer is 4x-1 because The slope is (23 - 15)/(6 - 4) = 4. Use y = mx + b with (4, 15) to get b = -1.",Use a negative slope and repeat the process.
college_alg_line2_005,Compute the slope from the two points first.,Then use either point to find the intercept.,"The slope is (15 - 5)/(3 - 1) = 5. Use y = mx + b with (1, 5) to get b = 0.",Using the first y-coordinate as the intercept.,"The correct answer is 5x because The slope is (15 - 5)/(3 - 1) = 5. Use y = mx + b with (1, 5) to get b = 0.",Use a negative slope and repeat the process.
college_alg_line2_006,Compute the slope from the two points first.,Then use either point to find the intercept.,"The slope is (5 - 3)/(4 - 2) = 1. Use y = mx + b with (2, 3) to get b = 1.",Using the first y-coordinate as the intercept.,"The correct answer is 1x+1 because The slope is (5 - 3)/(4 - 2) = 1. Use y = mx + b with (2, 3) to get b = 1.",Use a negative slope and repeat the process.
college_alg_line2_007,Compute the slope from the two points first.,Then use either point to find the intercept.,"The slope is (12 - 8)/(5 - 3) = 2. Use y = mx + b with (3, 8) to get b = 2.",Using the first y-coordinate as the intercept.,"The correct answer is 2x+2 because The slope is (12 - 8)/(5 - 3) = 2. Use y = mx + b with (3, 8) to get b = 2.",Use a negative slope and repeat the process.
college_alg_line2_008,Compute the slope from the two points first.,Then use either point to find the intercept.,"The slope is (14 - 8)/(6 - 4) = 3. Use y = mx + b with (4, 8) to get b = -4.",Using the first y-coordinate as the intercept.,"The correct answer is 3x-4 because The slope is (14 - 8)/(6 - 4) = 3. Use y = mx + b with (4, 8) to get b = -4.",Use a negative slope and repeat the process.
college_alg_line2_009,Compute the slope from the two points first.,Then use either point to find the intercept.,"The slope is (9 - 1)/(3 - 1) = 4. Use y = mx + b with (1, 1) to get b = -3.",Using the first y-coordinate as the intercept.,"The correct answer is 4x-3 because The slope is (9 - 1)/(3 - 1) = 4. Use y = mx + b with (1, 1) to get b = -3.",Use a negative slope and repeat the process.
college_alg_line2_010,Compute the slope from the two points first.,Then use either point to find the intercept.,"The slope is (18 - 8)/(4 - 2) = 5. Use y = mx + b with (2, 8) to get b = -2.",Using the first y-coordinate as the intercept.,"The correct answer is 5x-2 because The slope is (18 - 8)/(4 - 2) = 5. Use y = mx + b with (2, 8) to get b = -2.",Use a negative slope and repeat the process.
college_alg_line2_011,Compute the slope from the two points first.,Then use either point to find the intercept.,"The slope is (4 - 2)/(5 - 3) = 1. Use y = mx + b with (3, 2) to get b = -1.",Using the first y-coordinate as the intercept.,"The correct answer is 1x-1 because The slope is (4 - 2)/(5 - 3) = 1. Use y = mx + b with (3, 2) to get b = -1.",Use a negative slope and repeat the process.
college_alg_line2_012,Compute the slope from the two points first.,Then use either point to find the intercept.,"The slope is (12 - 8)/(6 - 4) = 2. Use y = mx + b with (4, 8) to get b = 0.",Using the first y-coordinate as the intercept.,"The correct answer is 2x because The slope is (12 - 8)/(6 - 4) = 2. Use y = mx + b with (4, 8) to get b = 0.",Use a negative slope and repeat the process.
college_alg_line2_013,Compute the slope from the two points first.,Then use either point to find the intercept.,"The slope is (10 - 4)/(3 - 1) = 3. Use y = mx + b with (1, 4) to get b = 1.",Using the first y-coordinate as the intercept.,"The correct answer is 3x+1 because The slope is (10 - 4)/(3 - 1) = 3. Use y = mx + b with (1, 4) to get b = 1.",Use a negative slope and repeat the process.
college_alg_line2_014,Compute the slope from the two points first.,Then use either point to find the intercept.,"The slope is (18 - 10)/(4 - 2) = 4. Use y = mx + b with (2, 10) to get b = 2.",Using the first y-coordinate as the intercept.,"The correct answer is 4x+2 because The slope is (18 - 10)/(4 - 2) = 4. Use y = mx + b with (2, 10) to get b = 2.",Use a negative slope and repeat the process.
college_alg_line2_015,Compute the slope from the two points first.,Then use either point to find the intercept.,"The slope is (21 - 11)/(5 - 3) = 5. Use y = mx + b with (3, 11) to get b = -4.",Using the first y-coordinate as the intercept.,"The correct answer is 5x-4 because The slope is (21 - 11)/(5 - 3) = 5. Use y = mx + b with (3, 11) to get b = -4.",Use a negative slope and repeat the process.
college_alg_line2_016,Compute the slope from the two points first.,Then use either point to find the intercept.,"The slope is (3 - 1)/(6 - 4) = 1. Use y = mx + b with (4, 1) to get b = -3.",Using the first y-coordinate as the intercept.,"The correct answer is 1x-3 because The slope is (3 - 1)/(6 - 4) = 1. Use y = mx + b with (4, 1) to get b = -3.",Use a negative slope and repeat the process.
college_alg_line2_017,Compute the slope from the two points first.,Then use either point to find the intercept.,"The slope is (4 - 0)/(3 - 1) = 2. Use y = mx + b with (1, 0) to get b = -2.",Using the first y-coordinate as the intercept.,"The correct answer is 2x-2 because The slope is (4 - 0)/(3 - 1) = 2. Use y = mx + b with (1, 0) to get b = -2.",Use a negative slope and repeat the process.
college_alg_line2_018,Compute the slope from the two points first.,Then use either point to find the intercept.,"The slope is (11 - 5)/(4 - 2) = 3. Use y = mx + b with (2, 5) to get b = -1.",Using the first y-coordinate as the intercept.,"The correct answer is 3x-1 because The slope is (11 - 5)/(4 - 2) = 3. Use y = mx + b with (2, 5) to get b = -1.",Use a negative slope and repeat the process.
college_alg_line2_019,Compute the slope from the two points first.,Then use either point to find the intercept.,"The slope is (20 - 12)/(5 - 3) = 4. Use y = mx + b with (3, 12) to get b = 0.",Using the first y-coordinate as the intercept.,"The correct answer is 4x because The slope is (20 - 12)/(5 - 3) = 4. Use y = mx + b with (3, 12) to get b = 0.",Use a negative slope and repeat the process.
college_alg_line2_020,Compute the slope from the two points first.,Then use either point to find the intercept.,"The slope is (31 - 21)/(6 - 4) = 5. Use y = mx + b with (4, 21) to get b = 1.",Using the first y-coordinate as the intercept.,"The correct answer is 5x+1 because The slope is (31 - 21)/(6 - 4) = 5. Use y = mx + b with (4, 21) to get b = 1.",Use a negative slope and repeat the process.
college_alg_abs_001,Absolute value describes distance from a center.,Set the inside equal to both the positive and negative distance.,|x - 2| = 3 means x - 2 = 3 or x - 2 = -3. Thus x = 5 or x = -1.,Finding only the solution to x - h = d.,"The correct answer is -1,5 because |x - 2| = 3 means x - 2 = 3 or x - 2 = -3. Thus x = 5 or x = -1.",Use |ax - b| = c.
college_alg_abs_002,Absolute value describes distance from a center.,Set the inside equal to both the positive and negative distance.,|x - 3| = 4 means x - 3 = 4 or x - 3 = -4. Thus x = 7 or x = -1.,Finding only the solution to x - h = d.,"The correct answer is -1,7 because |x - 3| = 4 means x - 3 = 4 or x - 3 = -4. Thus x = 7 or x = -1.",Use |ax - b| = c.
college_alg_abs_003,Absolute value describes distance from a center.,Set the inside equal to both the positive and negative distance.,|x - 4| = 5 means x - 4 = 5 or x - 4 = -5. Thus x = 9 or x = -1.,Finding only the solution to x - h = d.,"The correct answer is -1,9 because |x - 4| = 5 means x - 4 = 5 or x - 4 = -5. Thus x = 9 or x = -1.",Use |ax - b| = c.
college_alg_abs_004,Absolute value describes distance from a center.,Set the inside equal to both the positive and negative distance.,|x - 5| = 6 means x - 5 = 6 or x - 5 = -6. Thus x = 11 or x = -1.,Finding only the solution to x - h = d.,"The correct answer is -1,11 because |x - 5| = 6 means x - 5 = 6 or x - 5 = -6. Thus x = 11 or x = -1.",Use |ax - b| = c.
college_alg_abs_005,Absolute value describes distance from a center.,Set the inside equal to both the positive and negative distance.,|x - 6| = 7 means x - 6 = 7 or x - 6 = -7. Thus x = 13 or x = -1.,Finding only the solution to x - h = d.,"The correct answer is -1,13 because |x - 6| = 7 means x - 6 = 7 or x - 6 = -7. Thus x = 13 or x = -1.",Use |ax - b| = c.
college_alg_abs_006,Absolute value describes distance from a center.,Set the inside equal to both the positive and negative distance.,|x - 7| = 3 means x - 7 = 3 or x - 7 = -3. Thus x = 10 or x = 4.,Finding only the solution to x - h = d.,"The correct answer is 4,10 because |x - 7| = 3 means x - 7 = 3 or x - 7 = -3. Thus x = 10 or x = 4.",Use |ax - b| = c.
college_alg_abs_007,Absolute value describes distance from a center.,Set the inside equal to both the positive and negative distance.,|x - 8| = 4 means x - 8 = 4 or x - 8 = -4. Thus x = 12 or x = 4.,Finding only the solution to x - h = d.,"The correct answer is 4,12 because |x - 8| = 4 means x - 8 = 4 or x - 8 = -4. Thus x = 12 or x = 4.",Use |ax - b| = c.
college_alg_abs_008,Absolute value describes distance from a center.,Set the inside equal to both the positive and negative distance.,|x - 9| = 5 means x - 9 = 5 or x - 9 = -5. Thus x = 14 or x = 4.,Finding only the solution to x - h = d.,"The correct answer is 4,14 because |x - 9| = 5 means x - 9 = 5 or x - 9 = -5. Thus x = 14 or x = 4.",Use |ax - b| = c.
college_alg_abs_009,Absolute value describes distance from a center.,Set the inside equal to both the positive and negative distance.,|x - 2| = 6 means x - 2 = 6 or x - 2 = -6. Thus x = 8 or x = -4.,Finding only the solution to x - h = d.,"The correct answer is -4,8 because |x - 2| = 6 means x - 2 = 6 or x - 2 = -6. Thus x = 8 or x = -4.",Use |ax - b| = c.
college_alg_abs_010,Absolute value describes distance from a center.,Set the inside equal to both the positive and negative distance.,|x - 3| = 7 means x - 3 = 7 or x - 3 = -7. Thus x = 10 or x = -4.,Finding only the solution to x - h = d.,"The correct answer is -4,10 because |x - 3| = 7 means x - 3 = 7 or x - 3 = -7. Thus x = 10 or x = -4.",Use |ax - b| = c.
college_alg_abs_011,Absolute value describes distance from a center.,Set the inside equal to both the positive and negative distance.,|x - 4| = 3 means x - 4 = 3 or x - 4 = -3. Thus x = 7 or x = 1.,Finding only the solution to x - h = d.,"The correct answer is 1,7 because |x - 4| = 3 means x - 4 = 3 or x - 4 = -3. Thus x = 7 or x = 1.",Use |ax - b| = c.
college_alg_abs_012,Absolute value describes distance from a center.,Set the inside equal to both the positive and negative distance.,|x - 5| = 4 means x - 5 = 4 or x - 5 = -4. Thus x = 9 or x = 1.,Finding only the solution to x - h = d.,"The correct answer is 1,9 because |x - 5| = 4 means x - 5 = 4 or x - 5 = -4. Thus x = 9 or x = 1.",Use |ax - b| = c.
college_alg_abs_013,Absolute value describes distance from a center.,Set the inside equal to both the positive and negative distance.,|x - 6| = 5 means x - 6 = 5 or x - 6 = -5. Thus x = 11 or x = 1.,Finding only the solution to x - h = d.,"The correct answer is 1,11 because |x - 6| = 5 means x - 6 = 5 or x - 6 = -5. Thus x = 11 or x = 1.",Use |ax - b| = c.
college_alg_abs_014,Absolute value describes distance from a center.,Set the inside equal to both the positive and negative distance.,|x - 7| = 6 means x - 7 = 6 or x - 7 = -6. Thus x = 13 or x = 1.,Finding only the solution to x - h = d.,"The correct answer is 1,13 because |x - 7| = 6 means x - 7 = 6 or x - 7 = -6. Thus x = 13 or x = 1.",Use |ax - b| = c.
college_alg_abs_015,Absolute value describes distance from a center.,Set the inside equal to both the positive and negative distance.,|x - 8| = 7 means x - 8 = 7 or x - 8 = -7. Thus x = 15 or x = 1.,Finding only the solution to x - h = d.,"The correct answer is 1,15 because |x - 8| = 7 means x - 8 = 7 or x - 8 = -7. Thus x = 15 or x = 1.",Use |ax - b| = c.
college_alg_abs_016,Absolute value describes distance from a center.,Set the inside equal to both the positive and negative distance.,|x - 9| = 3 means x - 9 = 3 or x - 9 = -3. Thus x = 12 or x = 6.,Finding only the solution to x - h = d.,"The correct answer is 6,12 because |x - 9| = 3 means x - 9 = 3 or x - 9 = -3. Thus x = 12 or x = 6.",Use |ax - b| = c.
college_alg_abs_017,Absolute value describes distance from a center.,Set the inside equal to both the positive and negative distance.,|x - 2| = 4 means x - 2 = 4 or x - 2 = -4. Thus x = 6 or x = -2.,Finding only the solution to x - h = d.,"The correct answer is -2,6 because |x - 2| = 4 means x - 2 = 4 or x - 2 = -4. Thus x = 6 or x = -2.",Use |ax - b| = c.
college_alg_abs_018,Absolute value describes distance from a center.,Set the inside equal to both the positive and negative distance.,|x - 3| = 5 means x - 3 = 5 or x - 3 = -5. Thus x = 8 or x = -2.,Finding only the solution to x - h = d.,"The correct answer is -2,8 because |x - 3| = 5 means x - 3 = 5 or x - 3 = -5. Thus x = 8 or x = -2.",Use |ax - b| = c.
college_alg_abs_019,Absolute value describes distance from a center.,Set the inside equal to both the positive and negative distance.,|x - 4| = 6 means x - 4 = 6 or x - 4 = -6. Thus x = 10 or x = -2.,Finding only the solution to x - h = d.,"The correct answer is -2,10 because |x - 4| = 6 means x - 4 = 6 or x - 4 = -6. Thus x = 10 or x = -2.",Use |ax - b| = c.
college_alg_abs_020,Absolute value describes distance from a center.,Set the inside equal to both the positive and negative distance.,|x - 5| = 7 means x - 5 = 7 or x - 5 = -7. Thus x = 12 or x = -2.,Finding only the solution to x - h = d.,"The correct answer is -2,12 because |x - 5| = 7 means x - 5 = 7 or x - 5 = -7. Thus x = 12 or x = -2.",Use |ax - b| = c.
college_alg_quad_001,Look for two numbers that multiply to the constant term.,Those numbers should add to the coefficient of x.,Factor the quadratic as (x - 1)(x - 3) = 0. Therefore x = 1 or x = 3.,Forgetting that the signs in the factors determine the roots.,"The correct answer is 1,3 because Factor the quadratic as (x - 1)(x - 3) = 0. Therefore x = 1 or x = 3.",Use a leading coefficient other than 1.
college_alg_quad_002,Look for two numbers that multiply to the constant term.,Those numbers should add to the coefficient of x.,Factor the quadratic as (x - 2)(x - 5) = 0. Therefore x = 2 or x = 5.,Forgetting that the signs in the factors determine the roots.,"The correct answer is 2,5 because Factor the quadratic as (x - 2)(x - 5) = 0. Therefore x = 2 or x = 5.",Use a leading coefficient other than 1.
college_alg_quad_003,Look for two numbers that multiply to the constant term.,Those numbers should add to the coefficient of x.,Factor the quadratic as (x - 3)(x - 7) = 0. Therefore x = 3 or x = 7.,Forgetting that the signs in the factors determine the roots.,"The correct answer is 3,7 because Factor the quadratic as (x - 3)(x - 7) = 0. Therefore x = 3 or x = 7.",Use a leading coefficient other than 1.
college_alg_quad_004,Look for two numbers that multiply to the constant term.,Those numbers should add to the coefficient of x.,Factor the quadratic as (x - 4)(x - 9) = 0. Therefore x = 4 or x = 9.,Forgetting that the signs in the factors determine the roots.,"The correct answer is 4,9 because Factor the quadratic as (x - 4)(x - 9) = 0. Therefore x = 4 or x = 9.",Use a leading coefficient other than 1.
college_alg_quad_005,Look for two numbers that multiply to the constant term.,Those numbers should add to the coefficient of x.,Factor the quadratic as (x - 5)(x - 7) = 0. Therefore x = 5 or x = 7.,Forgetting that the signs in the factors determine the roots.,"The correct answer is 5,7 because Factor the quadratic as (x - 5)(x - 7) = 0. Therefore x = 5 or x = 7.",Use a leading coefficient other than 1.
college_alg_quad_006,Look for two numbers that multiply to the constant term.,Those numbers should add to the coefficient of x.,Factor the quadratic as (x - 6)(x - 9) = 0. Therefore x = 6 or x = 9.,Forgetting that the signs in the factors determine the roots.,"The correct answer is 6,9 because Factor the quadratic as (x - 6)(x - 9) = 0. Therefore x = 6 or x = 9.",Use a leading coefficient other than 1.
college_alg_quad_007,Look for two numbers that multiply to the constant term.,Those numbers should add to the coefficient of x.,Factor the quadratic as (x - 1)(x - 5) = 0. Therefore x = 1 or x = 5.,Forgetting that the signs in the factors determine the roots.,"The correct answer is 1,5 because Factor the quadratic as (x - 1)(x - 5) = 0. Therefore x = 1 or x = 5.",Use a leading coefficient other than 1.
college_alg_quad_008,Look for two numbers that multiply to the constant term.,Those numbers should add to the coefficient of x.,Factor the quadratic as (x - 2)(x - 7) = 0. Therefore x = 2 or x = 7.,Forgetting that the signs in the factors determine the roots.,"The correct answer is 2,7 because Factor the quadratic as (x - 2)(x - 7) = 0. Therefore x = 2 or x = 7.",Use a leading coefficient other than 1.
college_alg_quad_009,Look for two numbers that multiply to the constant term.,Those numbers should add to the coefficient of x.,Factor the quadratic as (x - 3)(x - 5) = 0. Therefore x = 3 or x = 5.,Forgetting that the signs in the factors determine the roots.,"The correct answer is 3,5 because Factor the quadratic as (x - 3)(x - 5) = 0. Therefore x = 3 or x = 5.",Use a leading coefficient other than 1.
college_alg_quad_010,Look for two numbers that multiply to the constant term.,Those numbers should add to the coefficient of x.,Factor the quadratic as (x - 4)(x - 7) = 0. Therefore x = 4 or x = 7.,Forgetting that the signs in the factors determine the roots.,"The correct answer is 4,7 because Factor the quadratic as (x - 4)(x - 7) = 0. Therefore x = 4 or x = 7.",Use a leading coefficient other than 1.
college_alg_quad_011,Look for two numbers that multiply to the constant term.,Those numbers should add to the coefficient of x.,Factor the quadratic as (x - 5)(x - 9) = 0. Therefore x = 5 or x = 9.,Forgetting that the signs in the factors determine the roots.,"The correct answer is 5,9 because Factor the quadratic as (x - 5)(x - 9) = 0. Therefore x = 5 or x = 9.",Use a leading coefficient other than 1.
college_alg_quad_012,Look for two numbers that multiply to the constant term.,Those numbers should add to the coefficient of x.,Factor the quadratic as (x - 6)(x - 11) = 0. Therefore x = 6 or x = 11.,Forgetting that the signs in the factors determine the roots.,"The correct answer is 6,11 because Factor the quadratic as (x - 6)(x - 11) = 0. Therefore x = 6 or x = 11.",Use a leading coefficient other than 1.
college_alg_quad_013,Look for two numbers that multiply to the constant term.,Those numbers should add to the coefficient of x.,Factor the quadratic as (x - 1)(x - 3) = 0. Therefore x = 1 or x = 3.,Forgetting that the signs in the factors determine the roots.,"The correct answer is 1,3 because Factor the quadratic as (x - 1)(x - 3) = 0. Therefore x = 1 or x = 3.",Use a leading coefficient other than 1.
college_alg_quad_014,Look for two numbers that multiply to the constant term.,Those numbers should add to the coefficient of x.,Factor the quadratic as (x - 2)(x - 5) = 0. Therefore x = 2 or x = 5.,Forgetting that the signs in the factors determine the roots.,"The correct answer is 2,5 because Factor the quadratic as (x - 2)(x - 5) = 0. Therefore x = 2 or x = 5.",Use a leading coefficient other than 1.
college_alg_quad_015,Look for two numbers that multiply to the constant term.,Those numbers should add to the coefficient of x.,Factor the quadratic as (x - 3)(x - 7) = 0. Therefore x = 3 or x = 7.,Forgetting that the signs in the factors determine the roots.,"The correct answer is 3,7 because Factor the quadratic as (x - 3)(x - 7) = 0. Therefore x = 3 or x = 7.",Use a leading coefficient other than 1.
college_alg_quad_016,Look for two numbers that multiply to the constant term.,Those numbers should add to the coefficient of x.,Factor the quadratic as (x - 4)(x - 9) = 0. Therefore x = 4 or x = 9.,Forgetting that the signs in the factors determine the roots.,"The correct answer is 4,9 because Factor the quadratic as (x - 4)(x - 9) = 0. Therefore x = 4 or x = 9.",Use a leading coefficient other than 1.
college_alg_quad_017,Look for two numbers that multiply to the constant term.,Those numbers should add to the coefficient of x.,Factor the quadratic as (x - 5)(x - 7) = 0. Therefore x = 5 or x = 7.,Forgetting that the signs in the factors determine the roots.,"The correct answer is 5,7 because Factor the quadratic as (x - 5)(x - 7) = 0. Therefore x = 5 or x = 7.",Use a leading coefficient other than 1.
college_alg_quad_018,Look for two numbers that multiply to the constant term.,Those numbers should add to the coefficient of x.,Factor the quadratic as (x - 6)(x - 9) = 0. Therefore x = 6 or x = 9.,Forgetting that the signs in the factors determine the roots.,"The correct answer is 6,9 because Factor the quadratic as (x - 6)(x - 9) = 0. Therefore x = 6 or x = 9.",Use a leading coefficient other than 1.
college_alg_quad_019,Look for two numbers that multiply to the constant term.,Those numbers should add to the coefficient of x.,Factor the quadratic as (x - 1)(x - 5) = 0. Therefore x = 1 or x = 5.,Forgetting that the signs in the factors determine the roots.,"The correct answer is 1,5 because Factor the quadratic as (x - 1)(x - 5) = 0. Therefore x = 1 or x = 5.",Use a leading coefficient other than 1.
college_alg_quad_020,Look for two numbers that multiply to the constant term.,Those numbers should add to the coefficient of x.,Factor the quadratic as (x - 2)(x - 7) = 0. Therefore x = 2 or x = 7.,Forgetting that the signs in the factors determine the roots.,"The correct answer is 2,7 because Factor the quadratic as (x - 2)(x - 7) = 0. Therefore x = 2 or x = 7.",Use a leading coefficient other than 1.
college_alg_qvertex_001,Look for the completed-square form.,"In (x - h)^2 + k, the vertex is (h, k).","Rewrite as y = (x - 1)^2 + -3. Therefore the vertex is (1, -3).",Using the sign inside the parentheses without reversing it.,"The correct answer is (1,-3) because Rewrite as y = (x - 1)^2 + -3. Therefore the vertex is (1, -3).",Ask for the axis of symmetry.
college_alg_qvertex_002,Look for the completed-square form.,"In (x - h)^2 + k, the vertex is (h, k).","Rewrite as y = (x - 2)^2 + -2. Therefore the vertex is (2, -2).",Using the sign inside the parentheses without reversing it.,"The correct answer is (2,-2) because Rewrite as y = (x - 2)^2 + -2. Therefore the vertex is (2, -2).",Ask for the axis of symmetry.
college_alg_qvertex_003,Look for the completed-square form.,"In (x - h)^2 + k, the vertex is (h, k).","Rewrite as y = (x - 3)^2 + -1. Therefore the vertex is (3, -1).",Using the sign inside the parentheses without reversing it.,"The correct answer is (3,-1) because Rewrite as y = (x - 3)^2 + -1. Therefore the vertex is (3, -1).",Ask for the axis of symmetry.
college_alg_qvertex_004,Look for the completed-square form.,"In (x - h)^2 + k, the vertex is (h, k).","Rewrite as y = (x - 4)^2 + 0. Therefore the vertex is (4, 0).",Using the sign inside the parentheses without reversing it.,"The correct answer is (4,0) because Rewrite as y = (x - 4)^2 + 0. Therefore the vertex is (4, 0).",Ask for the axis of symmetry.
college_alg_qvertex_005,Look for the completed-square form.,"In (x - h)^2 + k, the vertex is (h, k).","Rewrite as y = (x - 5)^2 + 1. Therefore the vertex is (5, 1).",Using the sign inside the parentheses without reversing it.,"The correct answer is (5,1) because Rewrite as y = (x - 5)^2 + 1. Therefore the vertex is (5, 1).",Ask for the axis of symmetry.
college_alg_qvertex_006,Look for the completed-square form.,"In (x - h)^2 + k, the vertex is (h, k).","Rewrite as y = (x - 6)^2 + 2. Therefore the vertex is (6, 2).",Using the sign inside the parentheses without reversing it.,"The correct answer is (6,2) because Rewrite as y = (x - 6)^2 + 2. Therefore the vertex is (6, 2).",Ask for the axis of symmetry.
college_alg_qvertex_007,Look for the completed-square form.,"In (x - h)^2 + k, the vertex is (h, k).","Rewrite as y = (x - 1)^2 + 3. Therefore the vertex is (1, 3).",Using the sign inside the parentheses without reversing it.,"The correct answer is (1,3) because Rewrite as y = (x - 1)^2 + 3. Therefore the vertex is (1, 3).",Ask for the axis of symmetry.
college_alg_qvertex_008,Look for the completed-square form.,"In (x - h)^2 + k, the vertex is (h, k).","Rewrite as y = (x - 2)^2 + -3. Therefore the vertex is (2, -3).",Using the sign inside the parentheses without reversing it.,"The correct answer is (2,-3) because Rewrite as y = (x - 2)^2 + -3. Therefore the vertex is (2, -3).",Ask for the axis of symmetry.
college_alg_qvertex_009,Look for the completed-square form.,"In (x - h)^2 + k, the vertex is (h, k).","Rewrite as y = (x - 3)^2 + -2. Therefore the vertex is (3, -2).",Using the sign inside the parentheses without reversing it.,"The correct answer is (3,-2) because Rewrite as y = (x - 3)^2 + -2. Therefore the vertex is (3, -2).",Ask for the axis of symmetry.
college_alg_qvertex_010,Look for the completed-square form.,"In (x - h)^2 + k, the vertex is (h, k).","Rewrite as y = (x - 4)^2 + -1. Therefore the vertex is (4, -1).",Using the sign inside the parentheses without reversing it.,"The correct answer is (4,-1) because Rewrite as y = (x - 4)^2 + -1. Therefore the vertex is (4, -1).",Ask for the axis of symmetry.
college_alg_qvertex_011,Look for the completed-square form.,"In (x - h)^2 + k, the vertex is (h, k).","Rewrite as y = (x - 5)^2 + 0. Therefore the vertex is (5, 0).",Using the sign inside the parentheses without reversing it.,"The correct answer is (5,0) because Rewrite as y = (x - 5)^2 + 0. Therefore the vertex is (5, 0).",Ask for the axis of symmetry.
college_alg_qvertex_012,Look for the completed-square form.,"In (x - h)^2 + k, the vertex is (h, k).","Rewrite as y = (x - 6)^2 + 1. Therefore the vertex is (6, 1).",Using the sign inside the parentheses without reversing it.,"The correct answer is (6,1) because Rewrite as y = (x - 6)^2 + 1. Therefore the vertex is (6, 1).",Ask for the axis of symmetry.
college_alg_qvertex_013,Look for the completed-square form.,"In (x - h)^2 + k, the vertex is (h, k).","Rewrite as y = (x - 1)^2 + 2. Therefore the vertex is (1, 2).",Using the sign inside the parentheses without reversing it.,"The correct answer is (1,2) because Rewrite as y = (x - 1)^2 + 2. Therefore the vertex is (1, 2).",Ask for the axis of symmetry.
college_alg_qvertex_014,Look for the completed-square form.,"In (x - h)^2 + k, the vertex is (h, k).","Rewrite as y = (x - 2)^2 + 3. Therefore the vertex is (2, 3).",Using the sign inside the parentheses without reversing it.,"The correct answer is (2,3) because Rewrite as y = (x - 2)^2 + 3. Therefore the vertex is (2, 3).",Ask for the axis of symmetry.
college_alg_qvertex_015,Look for the completed-square form.,"In (x - h)^2 + k, the vertex is (h, k).","Rewrite as y = (x - 3)^2 + -3. Therefore the vertex is (3, -3).",Using the sign inside the parentheses without reversing it.,"The correct answer is (3,-3) because Rewrite as y = (x - 3)^2 + -3. Therefore the vertex is (3, -3).",Ask for the axis of symmetry.
college_alg_qvertex_016,Look for the completed-square form.,"In (x - h)^2 + k, the vertex is (h, k).","Rewrite as y = (x - 4)^2 + -2. Therefore the vertex is (4, -2).",Using the sign inside the parentheses without reversing it.,"The correct answer is (4,-2) because Rewrite as y = (x - 4)^2 + -2. Therefore the vertex is (4, -2).",Ask for the axis of symmetry.
college_alg_qvertex_017,Look for the completed-square form.,"In (x - h)^2 + k, the vertex is (h, k).","Rewrite as y = (x - 5)^2 + -1. Therefore the vertex is (5, -1).",Using the sign inside the parentheses without reversing it.,"The correct answer is (5,-1) because Rewrite as y = (x - 5)^2 + -1. Therefore the vertex is (5, -1).",Ask for the axis of symmetry.
college_alg_qvertex_018,Look for the completed-square form.,"In (x - h)^2 + k, the vertex is (h, k).","Rewrite as y = (x - 6)^2 + 0. Therefore the vertex is (6, 0).",Using the sign inside the parentheses without reversing it.,"The correct answer is (6,0) because Rewrite as y = (x - 6)^2 + 0. Therefore the vertex is (6, 0).",Ask for the axis of symmetry.
college_alg_qvertex_019,Look for the completed-square form.,"In (x - h)^2 + k, the vertex is (h, k).","Rewrite as y = (x - 1)^2 + 1. Therefore the vertex is (1, 1).",Using the sign inside the parentheses without reversing it.,"The correct answer is (1,1) because Rewrite as y = (x - 1)^2 + 1. Therefore the vertex is (1, 1).",Ask for the axis of symmetry.
college_alg_qvertex_020,Look for the completed-square form.,"In (x - h)^2 + k, the vertex is (h, k).","Rewrite as y = (x - 2)^2 + 2. Therefore the vertex is (2, 2).",Using the sign inside the parentheses without reversing it.,"The correct answer is (2,2) because Rewrite as y = (x - 2)^2 + 2. Therefore the vertex is (2, 2).",Ask for the axis of symmetry.
college_alg_ineq_001,Solve like a linear equation while keeping the inequality sign.,"Subtract the constant, then divide by the coefficient.",Subtract 1: 2x < 6. Divide by 2: x < 3.,Reporting only the boundary value instead of the inequality.,The correct answer is x<3 because Subtract 1: 2x < 6. Divide by 2: x < 3.,Use a negative coefficient and reverse the inequality sign.
college_alg_ineq_002,Solve like a linear equation while keeping the inequality sign.,"Subtract the constant, then divide by the coefficient.",Subtract 2: 3x < 12. Divide by 3: x < 4.,Reporting only the boundary value instead of the inequality.,The correct answer is x<4 because Subtract 2: 3x < 12. Divide by 3: x < 4.,Use a negative coefficient and reverse the inequality sign.
college_alg_ineq_003,Solve like a linear equation while keeping the inequality sign.,"Subtract the constant, then divide by the coefficient.",Subtract 3: 4x < 20. Divide by 4: x < 5.,Reporting only the boundary value instead of the inequality.,The correct answer is x<5 because Subtract 3: 4x < 20. Divide by 4: x < 5.,Use a negative coefficient and reverse the inequality sign.
college_alg_ineq_004,Solve like a linear equation while keeping the inequality sign.,"Subtract the constant, then divide by the coefficient.",Subtract 4: 5x < 30. Divide by 5: x < 6.,Reporting only the boundary value instead of the inequality.,The correct answer is x<6 because Subtract 4: 5x < 30. Divide by 5: x < 6.,Use a negative coefficient and reverse the inequality sign.
college_alg_ineq_005,Solve like a linear equation while keeping the inequality sign.,"Subtract the constant, then divide by the coefficient.",Subtract 5: 6x < 42. Divide by 6: x < 7.,Reporting only the boundary value instead of the inequality.,The correct answer is x<7 because Subtract 5: 6x < 42. Divide by 6: x < 7.,Use a negative coefficient and reverse the inequality sign.
college_alg_ineq_006,Solve like a linear equation while keeping the inequality sign.,"Subtract the constant, then divide by the coefficient.",Subtract 6: 2x < 16. Divide by 2: x < 8.,Reporting only the boundary value instead of the inequality.,The correct answer is x<8 because Subtract 6: 2x < 16. Divide by 2: x < 8.,Use a negative coefficient and reverse the inequality sign.
college_alg_ineq_007,Solve like a linear equation while keeping the inequality sign.,"Subtract the constant, then divide by the coefficient.",Subtract 1: 3x < 27. Divide by 3: x < 9.,Reporting only the boundary value instead of the inequality.,The correct answer is x<9 because Subtract 1: 3x < 27. Divide by 3: x < 9.,Use a negative coefficient and reverse the inequality sign.
college_alg_ineq_008,Solve like a linear equation while keeping the inequality sign.,"Subtract the constant, then divide by the coefficient.",Subtract 2: 4x < 40. Divide by 4: x < 10.,Reporting only the boundary value instead of the inequality.,The correct answer is x<10 because Subtract 2: 4x < 40. Divide by 4: x < 10.,Use a negative coefficient and reverse the inequality sign.
college_alg_ineq_009,Solve like a linear equation while keeping the inequality sign.,"Subtract the constant, then divide by the coefficient.",Subtract 3: 5x < 15. Divide by 5: x < 3.,Reporting only the boundary value instead of the inequality.,The correct answer is x<3 because Subtract 3: 5x < 15. Divide by 5: x < 3.,Use a negative coefficient and reverse the inequality sign.
college_alg_ineq_010,Solve like a linear equation while keeping the inequality sign.,"Subtract the constant, then divide by the coefficient.",Subtract 4: 6x < 24. Divide by 6: x < 4.,Reporting only the boundary value instead of the inequality.,The correct answer is x<4 because Subtract 4: 6x < 24. Divide by 6: x < 4.,Use a negative coefficient and reverse the inequality sign.
college_alg_ineq_011,Solve like a linear equation while keeping the inequality sign.,"Subtract the constant, then divide by the coefficient.",Subtract 5: 2x < 10. Divide by 2: x < 5.,Reporting only the boundary value instead of the inequality.,The correct answer is x<5 because Subtract 5: 2x < 10. Divide by 2: x < 5.,Use a negative coefficient and reverse the inequality sign.
college_alg_ineq_012,Solve like a linear equation while keeping the inequality sign.,"Subtract the constant, then divide by the coefficient.",Subtract 6: 3x < 18. Divide by 3: x < 6.,Reporting only the boundary value instead of the inequality.,The correct answer is x<6 because Subtract 6: 3x < 18. Divide by 3: x < 6.,Use a negative coefficient and reverse the inequality sign.
college_alg_ineq_013,Solve like a linear equation while keeping the inequality sign.,"Subtract the constant, then divide by the coefficient.",Subtract 1: 4x < 28. Divide by 4: x < 7.,Reporting only the boundary value instead of the inequality.,The correct answer is x<7 because Subtract 1: 4x < 28. Divide by 4: x < 7.,Use a negative coefficient and reverse the inequality sign.
college_alg_ineq_014,Solve like a linear equation while keeping the inequality sign.,"Subtract the constant, then divide by the coefficient.",Subtract 2: 5x < 40. Divide by 5: x < 8.,Reporting only the boundary value instead of the inequality.,The correct answer is x<8 because Subtract 2: 5x < 40. Divide by 5: x < 8.,Use a negative coefficient and reverse the inequality sign.
college_alg_ineq_015,Solve like a linear equation while keeping the inequality sign.,"Subtract the constant, then divide by the coefficient.",Subtract 3: 6x < 54. Divide by 6: x < 9.,Reporting only the boundary value instead of the inequality.,The correct answer is x<9 because Subtract 3: 6x < 54. Divide by 6: x < 9.,Use a negative coefficient and reverse the inequality sign.
college_alg_ineq_016,Solve like a linear equation while keeping the inequality sign.,"Subtract the constant, then divide by the coefficient.",Subtract 4: 2x < 20. Divide by 2: x < 10.,Reporting only the boundary value instead of the inequality.,The correct answer is x<10 because Subtract 4: 2x < 20. Divide by 2: x < 10.,Use a negative coefficient and reverse the inequality sign.
college_alg_ineq_017,Solve like a linear equation while keeping the inequality sign.,"Subtract the constant, then divide by the coefficient.",Subtract 5: 3x < 9. Divide by 3: x < 3.,Reporting only the boundary value instead of the inequality.,The correct answer is x<3 because Subtract 5: 3x < 9. Divide by 3: x < 3.,Use a negative coefficient and reverse the inequality sign.
college_alg_ineq_018,Solve like a linear equation while keeping the inequality sign.,"Subtract the constant, then divide by the coefficient.",Subtract 6: 4x < 16. Divide by 4: x < 4.,Reporting only the boundary value instead of the inequality.,The correct answer is x<4 because Subtract 6: 4x < 16. Divide by 4: x < 4.,Use a negative coefficient and reverse the inequality sign.
college_alg_ineq_019,Solve like a linear equation while keeping the inequality sign.,"Subtract the constant, then divide by the coefficient.",Subtract 1: 5x < 25. Divide by 5: x < 5.,Reporting only the boundary value instead of the inequality.,The correct answer is x<5 because Subtract 1: 5x < 25. Divide by 5: x < 5.,Use a negative coefficient and reverse the inequality sign.
college_alg_ineq_020,Solve like a linear equation while keeping the inequality sign.,"Subtract the constant, then divide by the coefficient.",Subtract 2: 6x < 36. Divide by 6: x < 6.,Reporting only the boundary value instead of the inequality.,The correct answer is x<6 because Subtract 2: 6x < 36. Divide by 6: x < 6.,Use a negative coefficient and reverse the inequality sign.
college_alg_poly_001,A zero makes the function value equal to 0.,Substitute the proposed x-value into the polynomial.,"Evaluate f(1) = 1^2 - 3(1) - 10 = -12. Since this is not 0, x = 1 is not a zero.",Treating the x-value itself as the function value.,"The correct answer is no because Evaluate f(1) = 1^2 - 3(1) - 10 = -12. Since this is not 0, x = 1 is not a zero.",Ask for all integer zeros from a short candidate list.
college_alg_poly_002,A zero makes the function value equal to 0.,Substitute the proposed x-value into the polynomial.,"Evaluate f(2) = 2^2 - 3(2) - 10 = -12. Since this is not 0, x = 2 is not a zero.",Treating the x-value itself as the function value.,"The correct answer is no because Evaluate f(2) = 2^2 - 3(2) - 10 = -12. Since this is not 0, x = 2 is not a zero.",Ask for all integer zeros from a short candidate list.
college_alg_poly_003,A zero makes the function value equal to 0.,Substitute the proposed x-value into the polynomial.,"Evaluate f(3) = 3^2 - 3(3) - 10 = -10. Since this is not 0, x = 3 is not a zero.",Treating the x-value itself as the function value.,"The correct answer is no because Evaluate f(3) = 3^2 - 3(3) - 10 = -10. Since this is not 0, x = 3 is not a zero.",Ask for all integer zeros from a short candidate list.
college_alg_poly_004,A zero makes the function value equal to 0.,Substitute the proposed x-value into the polynomial.,"Evaluate f(4) = 4^2 - 3(4) - 10 = -6. Since this is not 0, x = 4 is not a zero.",Treating the x-value itself as the function value.,"The correct answer is no because Evaluate f(4) = 4^2 - 3(4) - 10 = -6. Since this is not 0, x = 4 is not a zero.",Ask for all integer zeros from a short candidate list.
college_alg_poly_005,A zero makes the function value equal to 0.,Substitute the proposed x-value into the polynomial.,"Evaluate f(5) = 5^2 - 3(5) - 10 = 0. Since this is 0, x = 5 is a zero.",Treating the x-value itself as the function value.,"The correct answer is yes because Evaluate f(5) = 5^2 - 3(5) - 10 = 0. Since this is 0, x = 5 is a zero.",Ask for all integer zeros from a short candidate list.
college_alg_poly_006,A zero makes the function value equal to 0.,Substitute the proposed x-value into the polynomial.,"Evaluate f(6) = 6^2 - 3(6) - 10 = 8. Since this is not 0, x = 6 is not a zero.",Treating the x-value itself as the function value.,"The correct answer is no because Evaluate f(6) = 6^2 - 3(6) - 10 = 8. Since this is not 0, x = 6 is not a zero.",Ask for all integer zeros from a short candidate list.
college_alg_poly_007,A zero makes the function value equal to 0.,Substitute the proposed x-value into the polynomial.,"Evaluate f(7) = 7^2 - 3(7) - 10 = 18. Since this is not 0, x = 7 is not a zero.",Treating the x-value itself as the function value.,"The correct answer is no because Evaluate f(7) = 7^2 - 3(7) - 10 = 18. Since this is not 0, x = 7 is not a zero.",Ask for all integer zeros from a short candidate list.
college_alg_poly_008,A zero makes the function value equal to 0.,Substitute the proposed x-value into the polynomial.,"Evaluate f(1) = 1^2 - 3(1) - 10 = -12. Since this is not 0, x = 1 is not a zero.",Treating the x-value itself as the function value.,"The correct answer is no because Evaluate f(1) = 1^2 - 3(1) - 10 = -12. Since this is not 0, x = 1 is not a zero.",Ask for all integer zeros from a short candidate list.
college_alg_poly_009,A zero makes the function value equal to 0.,Substitute the proposed x-value into the polynomial.,"Evaluate f(2) = 2^2 - 3(2) - 10 = -12. Since this is not 0, x = 2 is not a zero.",Treating the x-value itself as the function value.,"The correct answer is no because Evaluate f(2) = 2^2 - 3(2) - 10 = -12. Since this is not 0, x = 2 is not a zero.",Ask for all integer zeros from a short candidate list.
college_alg_poly_010,A zero makes the function value equal to 0.,Substitute the proposed x-value into the polynomial.,"Evaluate f(3) = 3^2 - 3(3) - 10 = -10. Since this is not 0, x = 3 is not a zero.",Treating the x-value itself as the function value.,"The correct answer is no because Evaluate f(3) = 3^2 - 3(3) - 10 = -10. Since this is not 0, x = 3 is not a zero.",Ask for all integer zeros from a short candidate list.
college_alg_poly_011,A zero makes the function value equal to 0.,Substitute the proposed x-value into the polynomial.,"Evaluate f(4) = 4^2 - 3(4) - 10 = -6. Since this is not 0, x = 4 is not a zero.",Treating the x-value itself as the function value.,"The correct answer is no because Evaluate f(4) = 4^2 - 3(4) - 10 = -6. Since this is not 0, x = 4 is not a zero.",Ask for all integer zeros from a short candidate list.
college_alg_poly_012,A zero makes the function value equal to 0.,Substitute the proposed x-value into the polynomial.,"Evaluate f(5) = 5^2 - 3(5) - 10 = 0. Since this is 0, x = 5 is a zero.",Treating the x-value itself as the function value.,"The correct answer is yes because Evaluate f(5) = 5^2 - 3(5) - 10 = 0. Since this is 0, x = 5 is a zero.",Ask for all integer zeros from a short candidate list.
college_alg_poly_013,A zero makes the function value equal to 0.,Substitute the proposed x-value into the polynomial.,"Evaluate f(6) = 6^2 - 3(6) - 10 = 8. Since this is not 0, x = 6 is not a zero.",Treating the x-value itself as the function value.,"The correct answer is no because Evaluate f(6) = 6^2 - 3(6) - 10 = 8. Since this is not 0, x = 6 is not a zero.",Ask for all integer zeros from a short candidate list.
college_alg_poly_014,A zero makes the function value equal to 0.,Substitute the proposed x-value into the polynomial.,"Evaluate f(7) = 7^2 - 3(7) - 10 = 18. Since this is not 0, x = 7 is not a zero.",Treating the x-value itself as the function value.,"The correct answer is no because Evaluate f(7) = 7^2 - 3(7) - 10 = 18. Since this is not 0, x = 7 is not a zero.",Ask for all integer zeros from a short candidate list.
college_alg_poly_015,A zero makes the function value equal to 0.,Substitute the proposed x-value into the polynomial.,"Evaluate f(1) = 1^2 - 3(1) - 10 = -12. Since this is not 0, x = 1 is not a zero.",Treating the x-value itself as the function value.,"The correct answer is no because Evaluate f(1) = 1^2 - 3(1) - 10 = -12. Since this is not 0, x = 1 is not a zero.",Ask for all integer zeros from a short candidate list.
college_alg_poly_016,A zero makes the function value equal to 0.,Substitute the proposed x-value into the polynomial.,"Evaluate f(2) = 2^2 - 3(2) - 10 = -12. Since this is not 0, x = 2 is not a zero.",Treating the x-value itself as the function value.,"The correct answer is no because Evaluate f(2) = 2^2 - 3(2) - 10 = -12. Since this is not 0, x = 2 is not a zero.",Ask for all integer zeros from a short candidate list.
college_alg_poly_017,A zero makes the function value equal to 0.,Substitute the proposed x-value into the polynomial.,"Evaluate f(3) = 3^2 - 3(3) - 10 = -10. Since this is not 0, x = 3 is not a zero.",Treating the x-value itself as the function value.,"The correct answer is no because Evaluate f(3) = 3^2 - 3(3) - 10 = -10. Since this is not 0, x = 3 is not a zero.",Ask for all integer zeros from a short candidate list.
college_alg_poly_018,A zero makes the function value equal to 0.,Substitute the proposed x-value into the polynomial.,"Evaluate f(4) = 4^2 - 3(4) - 10 = -6. Since this is not 0, x = 4 is not a zero.",Treating the x-value itself as the function value.,"The correct answer is no because Evaluate f(4) = 4^2 - 3(4) - 10 = -6. Since this is not 0, x = 4 is not a zero.",Ask for all integer zeros from a short candidate list.
college_alg_poly_019,A zero makes the function value equal to 0.,Substitute the proposed x-value into the polynomial.,"Evaluate f(5) = 5^2 - 3(5) - 10 = 0. Since this is 0, x = 5 is a zero.",Treating the x-value itself as the function value.,"The correct answer is yes because Evaluate f(5) = 5^2 - 3(5) - 10 = 0. Since this is 0, x = 5 is a zero.",Ask for all integer zeros from a short candidate list.
college_alg_poly_020,A zero makes the function value equal to 0.,Substitute the proposed x-value into the polynomial.,"Evaluate f(6) = 6^2 - 3(6) - 10 = 8. Since this is not 0, x = 6 is not a zero.",Treating the x-value itself as the function value.,"The correct answer is no because Evaluate f(6) = 6^2 - 3(6) - 10 = 8. Since this is not 0, x = 6 is not a zero.",Ask for all integer zeros from a short candidate list.
college_alg_factor_001,Look for two numbers that multiply to the constant.,Those same numbers must add to the coefficient of x.,Find two numbers that multiply to 6 and add to 5: 2 and 3. So the factorization is (x+2)(x+3).,Using the product and sum as the two factors.,The correct answer is (x+2)(x+3) because Find two numbers that multiply to 6 and add to 5: 2 and 3. So the factorization is (x+2)(x+3).,Use a negative middle term.
college_alg_factor_002,Look for two numbers that multiply to the constant.,Those same numbers must add to the coefficient of x.,Find two numbers that multiply to 15 and add to 8: 3 and 5. So the factorization is (x+3)(x+5).,Using the product and sum as the two factors.,The correct answer is (x+3)(x+5) because Find two numbers that multiply to 15 and add to 8: 3 and 5. So the factorization is (x+3)(x+5).,Use a negative middle term.
college_alg_factor_003,Look for two numbers that multiply to the constant.,Those same numbers must add to the coefficient of x.,Find two numbers that multiply to 28 and add to 11: 4 and 7. So the factorization is (x+4)(x+7).,Using the product and sum as the two factors.,The correct answer is (x+4)(x+7) because Find two numbers that multiply to 28 and add to 11: 4 and 7. So the factorization is (x+4)(x+7).,Use a negative middle term.
college_alg_factor_004,Look for two numbers that multiply to the constant.,Those same numbers must add to the coefficient of x.,Find two numbers that multiply to 45 and add to 14: 5 and 9. So the factorization is (x+5)(x+9).,Using the product and sum as the two factors.,The correct answer is (x+5)(x+9) because Find two numbers that multiply to 45 and add to 14: 5 and 9. So the factorization is (x+5)(x+9).,Use a negative middle term.
college_alg_factor_005,Look for two numbers that multiply to the constant.,Those same numbers must add to the coefficient of x.,Find two numbers that multiply to 66 and add to 17: 6 and 11. So the factorization is (x+6)(x+11).,Using the product and sum as the two factors.,The correct answer is (x+6)(x+11) because Find two numbers that multiply to 66 and add to 17: 6 and 11. So the factorization is (x+6)(x+11).,Use a negative middle term.
college_alg_factor_006,Look for two numbers that multiply to the constant.,Those same numbers must add to the coefficient of x.,Find two numbers that multiply to 56 and add to 15: 7 and 8. So the factorization is (x+7)(x+8).,Using the product and sum as the two factors.,The correct answer is (x+7)(x+8) because Find two numbers that multiply to 56 and add to 15: 7 and 8. So the factorization is (x+7)(x+8).,Use a negative middle term.
college_alg_factor_007,Look for two numbers that multiply to the constant.,Those same numbers must add to the coefficient of x.,Find two numbers that multiply to 8 and add to 6: 2 and 4. So the factorization is (x+2)(x+4).,Using the product and sum as the two factors.,The correct answer is (x+2)(x+4) because Find two numbers that multiply to 8 and add to 6: 2 and 4. So the factorization is (x+2)(x+4).,Use a negative middle term.
college_alg_factor_008,Look for two numbers that multiply to the constant.,Those same numbers must add to the coefficient of x.,Find two numbers that multiply to 18 and add to 9: 3 and 6. So the factorization is (x+3)(x+6).,Using the product and sum as the two factors.,The correct answer is (x+3)(x+6) because Find two numbers that multiply to 18 and add to 9: 3 and 6. So the factorization is (x+3)(x+6).,Use a negative middle term.
college_alg_factor_009,Look for two numbers that multiply to the constant.,Those same numbers must add to the coefficient of x.,Find two numbers that multiply to 32 and add to 12: 4 and 8. So the factorization is (x+4)(x+8).,Using the product and sum as the two factors.,The correct answer is (x+4)(x+8) because Find two numbers that multiply to 32 and add to 12: 4 and 8. So the factorization is (x+4)(x+8).,Use a negative middle term.
college_alg_factor_010,Look for two numbers that multiply to the constant.,Those same numbers must add to the coefficient of x.,Find two numbers that multiply to 50 and add to 15: 5 and 10. So the factorization is (x+5)(x+10).,Using the product and sum as the two factors.,The correct answer is (x+5)(x+10) because Find two numbers that multiply to 50 and add to 15: 5 and 10. So the factorization is (x+5)(x+10).,Use a negative middle term.
college_alg_factor_011,Look for two numbers that multiply to the constant.,Those same numbers must add to the coefficient of x.,Find two numbers that multiply to 42 and add to 13: 6 and 7. So the factorization is (x+6)(x+7).,Using the product and sum as the two factors.,The correct answer is (x+6)(x+7) because Find two numbers that multiply to 42 and add to 13: 6 and 7. So the factorization is (x+6)(x+7).,Use a negative middle term.
college_alg_factor_012,Look for two numbers that multiply to the constant.,Those same numbers must add to the coefficient of x.,Find two numbers that multiply to 63 and add to 16: 7 and 9. So the factorization is (x+7)(x+9).,Using the product and sum as the two factors.,The correct answer is (x+7)(x+9) because Find two numbers that multiply to 63 and add to 16: 7 and 9. So the factorization is (x+7)(x+9).,Use a negative middle term.
college_alg_factor_013,Look for two numbers that multiply to the constant.,Those same numbers must add to the coefficient of x.,Find two numbers that multiply to 10 and add to 7: 2 and 5. So the factorization is (x+2)(x+5).,Using the product and sum as the two factors.,The correct answer is (x+2)(x+5) because Find two numbers that multiply to 10 and add to 7: 2 and 5. So the factorization is (x+2)(x+5).,Use a negative middle term.
college_alg_factor_014,Look for two numbers that multiply to the constant.,Those same numbers must add to the coefficient of x.,Find two numbers that multiply to 21 and add to 10: 3 and 7. So the factorization is (x+3)(x+7).,Using the product and sum as the two factors.,The correct answer is (x+3)(x+7) because Find two numbers that multiply to 21 and add to 10: 3 and 7. So the factorization is (x+3)(x+7).,Use a negative middle term.
college_alg_factor_015,Look for two numbers that multiply to the constant.,Those same numbers must add to the coefficient of x.,Find two numbers that multiply to 36 and add to 13: 4 and 9. So the factorization is (x+4)(x+9).,Using the product and sum as the two factors.,The correct answer is (x+4)(x+9) because Find two numbers that multiply to 36 and add to 13: 4 and 9. So the factorization is (x+4)(x+9).,Use a negative middle term.
college_alg_factor_016,Look for two numbers that multiply to the constant.,Those same numbers must add to the coefficient of x.,Find two numbers that multiply to 30 and add to 11: 5 and 6. So the factorization is (x+5)(x+6).,Using the product and sum as the two factors.,The correct answer is (x+5)(x+6) because Find two numbers that multiply to 30 and add to 11: 5 and 6. So the factorization is (x+5)(x+6).,Use a negative middle term.
college_alg_factor_017,Look for two numbers that multiply to the constant.,Those same numbers must add to the coefficient of x.,Find two numbers that multiply to 48 and add to 14: 6 and 8. So the factorization is (x+6)(x+8).,Using the product and sum as the two factors.,The correct answer is (x+6)(x+8) because Find two numbers that multiply to 48 and add to 14: 6 and 8. So the factorization is (x+6)(x+8).,Use a negative middle term.
college_alg_factor_018,Look for two numbers that multiply to the constant.,Those same numbers must add to the coefficient of x.,Find two numbers that multiply to 70 and add to 17: 7 and 10. So the factorization is (x+7)(x+10).,Using the product and sum as the two factors.,The correct answer is (x+7)(x+10) because Find two numbers that multiply to 70 and add to 17: 7 and 10. So the factorization is (x+7)(x+10).,Use a negative middle term.
college_alg_factor_019,Look for two numbers that multiply to the constant.,Those same numbers must add to the coefficient of x.,Find two numbers that multiply to 12 and add to 8: 2 and 6. So the factorization is (x+2)(x+6).,Using the product and sum as the two factors.,The correct answer is (x+2)(x+6) because Find two numbers that multiply to 12 and add to 8: 2 and 6. So the factorization is (x+2)(x+6).,Use a negative middle term.
college_alg_factor_020,Look for two numbers that multiply to the constant.,Those same numbers must add to the coefficient of x.,Find two numbers that multiply to 24 and add to 11: 3 and 8. So the factorization is (x+3)(x+8).,Using the product and sum as the two factors.,The correct answer is (x+3)(x+8) because Find two numbers that multiply to 24 and add to 11: 3 and 8. So the factorization is (x+3)(x+8).,Use a negative middle term.
college_alg_system_001,Add the two equations to eliminate y.,"After finding x, substitute back to find y.","Add the equations: 2x = 2, so x = 1. Then y = 3 - 1 = 2.",Treating the two right sides as the solution pair.,"The correct answer is (1,2) because Add the equations: 2x = 2, so x = 1. Then y = 3 - 1 = 2.",Use coefficients other than 1 and -1.
college_alg_system_002,Add the two equations to eliminate y.,"After finding x, substitute back to find y.","Add the equations: 2x = 4, so x = 2. Then y = 5 - 2 = 3.",Treating the two right sides as the solution pair.,"The correct answer is (2,3) because Add the equations: 2x = 4, so x = 2. Then y = 5 - 2 = 3.",Use coefficients other than 1 and -1.
college_alg_system_003,Add the two equations to eliminate y.,"After finding x, substitute back to find y.","Add the equations: 2x = 6, so x = 3. Then y = 7 - 3 = 4.",Treating the two right sides as the solution pair.,"The correct answer is (3,4) because Add the equations: 2x = 6, so x = 3. Then y = 7 - 3 = 4.",Use coefficients other than 1 and -1.
college_alg_system_004,Add the two equations to eliminate y.,"After finding x, substitute back to find y.","Add the equations: 2x = 8, so x = 4. Then y = 9 - 4 = 5.",Treating the two right sides as the solution pair.,"The correct answer is (4,5) because Add the equations: 2x = 8, so x = 4. Then y = 9 - 4 = 5.",Use coefficients other than 1 and -1.
college_alg_system_005,Add the two equations to eliminate y.,"After finding x, substitute back to find y.","Add the equations: 2x = 10, so x = 5. Then y = 11 - 5 = 6.",Treating the two right sides as the solution pair.,"The correct answer is (5,6) because Add the equations: 2x = 10, so x = 5. Then y = 11 - 5 = 6.",Use coefficients other than 1 and -1.
college_alg_system_006,Add the two equations to eliminate y.,"After finding x, substitute back to find y.","Add the equations: 2x = 12, so x = 6. Then y = 13 - 6 = 7.",Treating the two right sides as the solution pair.,"The correct answer is (6,7) because Add the equations: 2x = 12, so x = 6. Then y = 13 - 6 = 7.",Use coefficients other than 1 and -1.
college_alg_system_007,Add the two equations to eliminate y.,"After finding x, substitute back to find y.","Add the equations: 2x = 14, so x = 7. Then y = 15 - 7 = 8.",Treating the two right sides as the solution pair.,"The correct answer is (7,8) because Add the equations: 2x = 14, so x = 7. Then y = 15 - 7 = 8.",Use coefficients other than 1 and -1.
college_alg_system_008,Add the two equations to eliminate y.,"After finding x, substitute back to find y.","Add the equations: 2x = 16, so x = 8. Then y = 10 - 8 = 2.",Treating the two right sides as the solution pair.,"The correct answer is (8,2) because Add the equations: 2x = 16, so x = 8. Then y = 10 - 8 = 2.",Use coefficients other than 1 and -1.
college_alg_system_009,Add the two equations to eliminate y.,"After finding x, substitute back to find y.","Add the equations: 2x = 2, so x = 1. Then y = 4 - 1 = 3.",Treating the two right sides as the solution pair.,"The correct answer is (1,3) because Add the equations: 2x = 2, so x = 1. Then y = 4 - 1 = 3.",Use coefficients other than 1 and -1.
college_alg_system_010,Add the two equations to eliminate y.,"After finding x, substitute back to find y.","Add the equations: 2x = 4, so x = 2. Then y = 6 - 2 = 4.",Treating the two right sides as the solution pair.,"The correct answer is (2,4) because Add the equations: 2x = 4, so x = 2. Then y = 6 - 2 = 4.",Use coefficients other than 1 and -1.
college_alg_system_011,Add the two equations to eliminate y.,"After finding x, substitute back to find y.","Add the equations: 2x = 6, so x = 3. Then y = 8 - 3 = 5.",Treating the two right sides as the solution pair.,"The correct answer is (3,5) because Add the equations: 2x = 6, so x = 3. Then y = 8 - 3 = 5.",Use coefficients other than 1 and -1.
college_alg_system_012,Add the two equations to eliminate y.,"After finding x, substitute back to find y.","Add the equations: 2x = 8, so x = 4. Then y = 10 - 4 = 6.",Treating the two right sides as the solution pair.,"The correct answer is (4,6) because Add the equations: 2x = 8, so x = 4. Then y = 10 - 4 = 6.",Use coefficients other than 1 and -1.
college_alg_system_013,Add the two equations to eliminate y.,"After finding x, substitute back to find y.","Add the equations: 2x = 10, so x = 5. Then y = 12 - 5 = 7.",Treating the two right sides as the solution pair.,"The correct answer is (5,7) because Add the equations: 2x = 10, so x = 5. Then y = 12 - 5 = 7.",Use coefficients other than 1 and -1.
college_alg_system_014,Add the two equations to eliminate y.,"After finding x, substitute back to find y.","Add the equations: 2x = 12, so x = 6. Then y = 14 - 6 = 8.",Treating the two right sides as the solution pair.,"The correct answer is (6,8) because Add the equations: 2x = 12, so x = 6. Then y = 14 - 6 = 8.",Use coefficients other than 1 and -1.
college_alg_system_015,Add the two equations to eliminate y.,"After finding x, substitute back to find y.","Add the equations: 2x = 14, so x = 7. Then y = 9 - 7 = 2.",Treating the two right sides as the solution pair.,"The correct answer is (7,2) because Add the equations: 2x = 14, so x = 7. Then y = 9 - 7 = 2.",Use coefficients other than 1 and -1.
college_alg_system_016,Add the two equations to eliminate y.,"After finding x, substitute back to find y.","Add the equations: 2x = 16, so x = 8. Then y = 11 - 8 = 3.",Treating the two right sides as the solution pair.,"The correct answer is (8,3) because Add the equations: 2x = 16, so x = 8. Then y = 11 - 8 = 3.",Use coefficients other than 1 and -1.
college_alg_system_017,Add the two equations to eliminate y.,"After finding x, substitute back to find y.","Add the equations: 2x = 2, so x = 1. Then y = 5 - 1 = 4.",Treating the two right sides as the solution pair.,"The correct answer is (1,4) because Add the equations: 2x = 2, so x = 1. Then y = 5 - 1 = 4.",Use coefficients other than 1 and -1.
college_alg_system_018,Add the two equations to eliminate y.,"After finding x, substitute back to find y.","Add the equations: 2x = 4, so x = 2. Then y = 7 - 2 = 5.",Treating the two right sides as the solution pair.,"The correct answer is (2,5) because Add the equations: 2x = 4, so x = 2. Then y = 7 - 2 = 5.",Use coefficients other than 1 and -1.
college_alg_system_019,Add the two equations to eliminate y.,"After finding x, substitute back to find y.","Add the equations: 2x = 6, so x = 3. Then y = 9 - 3 = 6.",Treating the two right sides as the solution pair.,"The correct answer is (3,6) because Add the equations: 2x = 6, so x = 3. Then y = 9 - 3 = 6.",Use coefficients other than 1 and -1.
college_alg_system_020,Add the two equations to eliminate y.,"After finding x, substitute back to find y.","Add the equations: 2x = 8, so x = 4. Then y = 11 - 4 = 7.",Treating the two right sides as the solution pair.,"The correct answer is (4,7) because Add the equations: 2x = 8, so x = 4. Then y = 11 - 4 = 7.",Use coefficients other than 1 and -1.
