id,statement,answer,answer_type,choices,difficulty,concepts,skills,patterns,misconceptions,solution,course,theme,chapter,chapter_title,sequence,source_collection,source_file,taxonomy_layer,taxonomy_stage,problem_type,cognitive_tags,estimated_time_seconds,notes
college_alg_real_001,Evaluate 18 - 7 x 2.,4,multiple_choice,A:4|B:22|C:13|D:32|E:11,2,arith_integers;arith_natural_numbers,order_of_operations;integer_arithmetic,operation_order;fluency_precision,operation_order_error;sign_error,Use order of operations: 7 x 2 = 14. Then 18 - 14 = 4.,Algebra 1,Foundations for College Algebra,college-algebra-00-real-numbers-coordinate-plane,Real Numbers and the Coordinate Plane,5000,college_algebra_stitz_zeager,"local-pdf: College Algebra -- Carl Stitz, Jeff Zeager.pdf; College Algebra 1.1 Sets of Real Numbers",Foundation,Bridge,computation,operation_order;fluency_precision,90,Original-equivalent bridge item generated from local textbook coverage signals. No full textbook exercise text is reproduced.
college_alg_real_002,Evaluate 19 - 8 x 3.,-5,multiple_choice,A:33|B:14|C:43|D:3|E:-5,2,arith_integers;arith_natural_numbers,order_of_operations;integer_arithmetic,operation_order;fluency_precision,operation_order_error;sign_error,Use order of operations: 8 x 3 = 24. Then 19 - 24 = -5.,Algebra 1,Foundations for College Algebra,college-algebra-00-real-numbers-coordinate-plane,Real Numbers and the Coordinate Plane,5001,college_algebra_stitz_zeager,"local-pdf: College Algebra -- Carl Stitz, Jeff Zeager.pdf; College Algebra 1.1 Sets of Real Numbers",Foundation,Bridge,computation,operation_order;fluency_precision,90,Original-equivalent bridge item generated from local textbook coverage signals. No full textbook exercise text is reproduced.
college_alg_real_003,Evaluate 20 - 9 x 4.,-16,multiple_choice,A:15|B:56|C:-7|D:-16|E:44,2,arith_integers;arith_natural_numbers,order_of_operations;integer_arithmetic,operation_order;fluency_precision,operation_order_error;sign_error,Use order of operations: 9 x 4 = 36. Then 20 - 36 = -16.,Algebra 1,Foundations for College Algebra,college-algebra-00-real-numbers-coordinate-plane,Real Numbers and the Coordinate Plane,5002,college_algebra_stitz_zeager,"local-pdf: College Algebra -- Carl Stitz, Jeff Zeager.pdf; College Algebra 1.1 Sets of Real Numbers",Foundation,Bridge,computation,operation_order;fluency_precision,90,Original-equivalent bridge item generated from local textbook coverage signals. No full textbook exercise text is reproduced.
college_alg_real_004,Evaluate 21 - 10 x 5.,-29,multiple_choice,A:71|B:-19|C:-29|D:55|E:16,2,arith_integers;arith_natural_numbers,order_of_operations;integer_arithmetic,operation_order;fluency_precision,operation_order_error;sign_error,Use order of operations: 10 x 5 = 50. Then 21 - 50 = -29.,Algebra 1,Foundations for College Algebra,college-algebra-00-real-numbers-coordinate-plane,Real Numbers and the Coordinate Plane,5003,college_algebra_stitz_zeager,"local-pdf: College Algebra -- Carl Stitz, Jeff Zeager.pdf; College Algebra 1.1 Sets of Real Numbers",Foundation,Bridge,computation,operation_order;fluency_precision,90,Original-equivalent bridge item generated from local textbook coverage signals. No full textbook exercise text is reproduced.
college_alg_real_005,Evaluate 22 - 11 x 6.,-44,multiple_choice,A:-33|B:-44|C:66|D:17|E:88,2,arith_integers;arith_natural_numbers,order_of_operations;integer_arithmetic,operation_order;fluency_precision,operation_order_error;sign_error,Use order of operations: 11 x 6 = 66. Then 22 - 66 = -44.,Algebra 1,Foundations for College Algebra,college-algebra-00-real-numbers-coordinate-plane,Real Numbers and the Coordinate Plane,5004,college_algebra_stitz_zeager,"local-pdf: College Algebra -- Carl Stitz, Jeff Zeager.pdf; College Algebra 1.1 Sets of Real Numbers",Foundation,Bridge,computation,operation_order;fluency_precision,90,Original-equivalent bridge item generated from local textbook coverage signals. No full textbook exercise text is reproduced.
college_alg_real_006,Evaluate 23 - 12 x 2.,-1,multiple_choice,A:-1|B:22|C:13|D:47|E:11,2,arith_integers;arith_natural_numbers,order_of_operations;integer_arithmetic,operation_order;fluency_precision,operation_order_error;sign_error,Use order of operations: 12 x 2 = 24. Then 23 - 24 = -1.,Algebra 1,Foundations for College Algebra,college-algebra-00-real-numbers-coordinate-plane,Real Numbers and the Coordinate Plane,5005,college_algebra_stitz_zeager,"local-pdf: College Algebra -- Carl Stitz, Jeff Zeager.pdf; College Algebra 1.1 Sets of Real Numbers",Foundation,Bridge,computation,operation_order;fluency_precision,90,Original-equivalent bridge item generated from local textbook coverage signals. No full textbook exercise text is reproduced.
college_alg_real_007,Evaluate 24 - 7 x 3.,3,multiple_choice,A:51|B:20|C:45|D:10|E:3,2,arith_integers;arith_natural_numbers,order_of_operations;integer_arithmetic,operation_order;fluency_precision,operation_order_error;sign_error,Use order of operations: 7 x 3 = 21. Then 24 - 21 = 3.,Algebra 1,Foundations for College Algebra,college-algebra-00-real-numbers-coordinate-plane,Real Numbers and the Coordinate Plane,5006,college_algebra_stitz_zeager,"local-pdf: College Algebra -- Carl Stitz, Jeff Zeager.pdf; College Algebra 1.1 Sets of Real Numbers",Foundation,Bridge,computation,operation_order;fluency_precision,90,Original-equivalent bridge item generated from local textbook coverage signals. No full textbook exercise text is reproduced.
college_alg_real_008,Evaluate 25 - 8 x 4.,-7,multiple_choice,A:21|B:57|C:1|D:-7|E:68,2,arith_integers;arith_natural_numbers,order_of_operations;integer_arithmetic,operation_order;fluency_precision,operation_order_error;sign_error,Use order of operations: 8 x 4 = 32. Then 25 - 32 = -7.,Algebra 1,Foundations for College Algebra,college-algebra-00-real-numbers-coordinate-plane,Real Numbers and the Coordinate Plane,5007,college_algebra_stitz_zeager,"local-pdf: College Algebra -- Carl Stitz, Jeff Zeager.pdf; College Algebra 1.1 Sets of Real Numbers",Foundation,Bridge,computation,operation_order;fluency_precision,90,Original-equivalent bridge item generated from local textbook coverage signals. No full textbook exercise text is reproduced.
college_alg_real_009,Evaluate 26 - 9 x 5.,-19,multiple_choice,A:71|B:-10|C:-19|D:85|E:22,2,arith_integers;arith_natural_numbers,order_of_operations;integer_arithmetic,operation_order;fluency_precision,operation_order_error;sign_error,Use order of operations: 9 x 5 = 45. Then 26 - 45 = -19.,Algebra 1,Foundations for College Algebra,college-algebra-00-real-numbers-coordinate-plane,Real Numbers and the Coordinate Plane,5008,college_algebra_stitz_zeager,"local-pdf: College Algebra -- Carl Stitz, Jeff Zeager.pdf; College Algebra 1.1 Sets of Real Numbers",Foundation,Bridge,computation,operation_order;fluency_precision,90,Original-equivalent bridge item generated from local textbook coverage signals. No full textbook exercise text is reproduced.
college_alg_real_010,Evaluate 27 - 10 x 6.,-33,multiple_choice,A:-23|B:-33|C:102|D:23|E:87,2,arith_integers;arith_natural_numbers,order_of_operations;integer_arithmetic,operation_order;fluency_precision,operation_order_error;sign_error,Use order of operations: 10 x 6 = 60. Then 27 - 60 = -33.,Algebra 1,Foundations for College Algebra,college-algebra-00-real-numbers-coordinate-plane,Real Numbers and the Coordinate Plane,5009,college_algebra_stitz_zeager,"local-pdf: College Algebra -- Carl Stitz, Jeff Zeager.pdf; College Algebra 1.1 Sets of Real Numbers",Foundation,Bridge,computation,operation_order;fluency_precision,90,Original-equivalent bridge item generated from local textbook coverage signals. No full textbook exercise text is reproduced.
college_alg_real_011,Evaluate 28 - 11 x 2.,6,multiple_choice,A:6|B:34|C:19|D:50|E:17,2,arith_integers;arith_natural_numbers,order_of_operations;integer_arithmetic,operation_order;fluency_precision,operation_order_error;sign_error,Use order of operations: 11 x 2 = 22. Then 28 - 22 = 6.,Algebra 1,Foundations for College Algebra,college-algebra-00-real-numbers-coordinate-plane,Real Numbers and the Coordinate Plane,5010,college_algebra_stitz_zeager,"local-pdf: College Algebra -- Carl Stitz, Jeff Zeager.pdf; College Algebra 1.1 Sets of Real Numbers",Foundation,Bridge,computation,operation_order;fluency_precision,90,Original-equivalent bridge item generated from local textbook coverage signals. No full textbook exercise text is reproduced.
college_alg_real_012,Evaluate 29 - 12 x 3.,-7,multiple_choice,A:51|B:20|C:65|D:5|E:-7,2,arith_integers;arith_natural_numbers,order_of_operations;integer_arithmetic,operation_order;fluency_precision,operation_order_error;sign_error,Use order of operations: 12 x 3 = 36. Then 29 - 36 = -7.,Algebra 1,Foundations for College Algebra,college-algebra-00-real-numbers-coordinate-plane,Real Numbers and the Coordinate Plane,5011,college_algebra_stitz_zeager,"local-pdf: College Algebra -- Carl Stitz, Jeff Zeager.pdf; College Algebra 1.1 Sets of Real Numbers",Foundation,Bridge,computation,operation_order;fluency_precision,90,Original-equivalent bridge item generated from local textbook coverage signals. No full textbook exercise text is reproduced.
college_alg_real_013,Evaluate 30 - 7 x 4.,2,multiple_choice,A:27|B:58|C:9|D:2|E:92,2,arith_integers;arith_natural_numbers,order_of_operations;integer_arithmetic,operation_order;fluency_precision,operation_order_error;sign_error,Use order of operations: 7 x 4 = 28. Then 30 - 28 = 2.,Algebra 1,Foundations for College Algebra,college-algebra-00-real-numbers-coordinate-plane,Real Numbers and the Coordinate Plane,5012,college_algebra_stitz_zeager,"local-pdf: College Algebra -- Carl Stitz, Jeff Zeager.pdf; College Algebra 1.1 Sets of Real Numbers",Foundation,Bridge,computation,operation_order;fluency_precision,90,Original-equivalent bridge item generated from local textbook coverage signals. No full textbook exercise text is reproduced.
college_alg_real_014,Evaluate 31 - 8 x 5.,-9,multiple_choice,A:71|B:-1|C:-9|D:115|E:28,2,arith_integers;arith_natural_numbers,order_of_operations;integer_arithmetic,operation_order;fluency_precision,operation_order_error;sign_error,Use order of operations: 8 x 5 = 40. Then 31 - 40 = -9.,Algebra 1,Foundations for College Algebra,college-algebra-00-real-numbers-coordinate-plane,Real Numbers and the Coordinate Plane,5013,college_algebra_stitz_zeager,"local-pdf: College Algebra -- Carl Stitz, Jeff Zeager.pdf; College Algebra 1.1 Sets of Real Numbers",Foundation,Bridge,computation,operation_order;fluency_precision,90,Original-equivalent bridge item generated from local textbook coverage signals. No full textbook exercise text is reproduced.
college_alg_real_015,Evaluate 32 - 9 x 6.,-22,multiple_choice,A:-13|B:-22|C:138|D:29|E:86,2,arith_integers;arith_natural_numbers,order_of_operations;integer_arithmetic,operation_order;fluency_precision,operation_order_error;sign_error,Use order of operations: 9 x 6 = 54. Then 32 - 54 = -22.,Algebra 1,Foundations for College Algebra,college-algebra-00-real-numbers-coordinate-plane,Real Numbers and the Coordinate Plane,5014,college_algebra_stitz_zeager,"local-pdf: College Algebra -- Carl Stitz, Jeff Zeager.pdf; College Algebra 1.1 Sets of Real Numbers",Foundation,Bridge,computation,operation_order;fluency_precision,90,Original-equivalent bridge item generated from local textbook coverage signals. No full textbook exercise text is reproduced.
college_alg_real_016,Evaluate 33 - 10 x 2.,13,multiple_choice,A:13|B:46|C:25|D:53|E:23,2,arith_integers;arith_natural_numbers,order_of_operations;integer_arithmetic,operation_order;fluency_precision,operation_order_error;sign_error,Use order of operations: 10 x 2 = 20. Then 33 - 20 = 13.,Algebra 1,Foundations for College Algebra,college-algebra-00-real-numbers-coordinate-plane,Real Numbers and the Coordinate Plane,5015,college_algebra_stitz_zeager,"local-pdf: College Algebra -- Carl Stitz, Jeff Zeager.pdf; College Algebra 1.1 Sets of Real Numbers",Foundation,Bridge,computation,operation_order;fluency_precision,90,Original-equivalent bridge item generated from local textbook coverage signals. No full textbook exercise text is reproduced.
college_alg_real_017,Evaluate 34 - 11 x 3.,1,multiple_choice,A:69|B:26|C:67|D:12|E:1,2,arith_integers;arith_natural_numbers,order_of_operations;integer_arithmetic,operation_order;fluency_precision,operation_order_error;sign_error,Use order of operations: 11 x 3 = 33. Then 34 - 33 = 1.,Algebra 1,Foundations for College Algebra,college-algebra-00-real-numbers-coordinate-plane,Real Numbers and the Coordinate Plane,5016,college_algebra_stitz_zeager,"local-pdf: College Algebra -- Carl Stitz, Jeff Zeager.pdf; College Algebra 1.1 Sets of Real Numbers",Foundation,Bridge,computation,operation_order;fluency_precision,90,Original-equivalent bridge item generated from local textbook coverage signals. No full textbook exercise text is reproduced.
college_alg_real_018,Evaluate 35 - 12 x 4.,-13,multiple_choice,A:27|B:83|C:-1|D:-13|E:92,2,arith_integers;arith_natural_numbers,order_of_operations;integer_arithmetic,operation_order;fluency_precision,operation_order_error;sign_error,Use order of operations: 12 x 4 = 48. Then 35 - 48 = -13.,Algebra 1,Foundations for College Algebra,college-algebra-00-real-numbers-coordinate-plane,Real Numbers and the Coordinate Plane,5017,college_algebra_stitz_zeager,"local-pdf: College Algebra -- Carl Stitz, Jeff Zeager.pdf; College Algebra 1.1 Sets of Real Numbers",Foundation,Bridge,computation,operation_order;fluency_precision,90,Original-equivalent bridge item generated from local textbook coverage signals. No full textbook exercise text is reproduced.
college_alg_real_019,Evaluate 36 - 7 x 5.,1,multiple_choice,A:71|B:8|C:1|D:145|E:34,2,arith_integers;arith_natural_numbers,order_of_operations;integer_arithmetic,operation_order;fluency_precision,operation_order_error;sign_error,Use order of operations: 7 x 5 = 35. Then 36 - 35 = 1.,Algebra 1,Foundations for College Algebra,college-algebra-00-real-numbers-coordinate-plane,Real Numbers and the Coordinate Plane,5018,college_algebra_stitz_zeager,"local-pdf: College Algebra -- Carl Stitz, Jeff Zeager.pdf; College Algebra 1.1 Sets of Real Numbers",Foundation,Bridge,computation,operation_order;fluency_precision,90,Original-equivalent bridge item generated from local textbook coverage signals. No full textbook exercise text is reproduced.
college_alg_real_020,Evaluate 37 - 8 x 6.,-11,multiple_choice,A:-3|B:-11|C:174|D:35|E:85,2,arith_integers;arith_natural_numbers,order_of_operations;integer_arithmetic,operation_order;fluency_precision,operation_order_error;sign_error,Use order of operations: 8 x 6 = 48. Then 37 - 48 = -11.,Algebra 1,Foundations for College Algebra,college-algebra-00-real-numbers-coordinate-plane,Real Numbers and the Coordinate Plane,5019,college_algebra_stitz_zeager,"local-pdf: College Algebra -- Carl Stitz, Jeff Zeager.pdf; College Algebra 1.1 Sets of Real Numbers",Foundation,Bridge,computation,operation_order;fluency_precision,90,Original-equivalent bridge item generated from local textbook coverage signals. No full textbook exercise text is reproduced.
college_alg_dist_001,"Find the distance between (1, 2) and (4, 6).",5,multiple_choice,A:5|B:7|C:1|D:12|E:6,3,geo_coordinate_geometry;geo_pythagorean,distance_formula;coordinate_reasoning,right_triangle_model;coordinate_difference,additive_distance_error;coordinate_subtraction_error,The horizontal change is 3 and the vertical change is 4. The distance is sqrt(3^2 + 4^2) = 5.,Algebra 1,Foundations for College Algebra,college-algebra-00-real-numbers-coordinate-plane,Real Numbers and the Coordinate Plane,5070,college_algebra_stitz_zeager,"local-pdf: College Algebra -- Carl Stitz, Jeff Zeager.pdf; College Algebra 1.1.3 Distance in the Plane",Standard,Algebra Readiness,coordinate_geometry,coordinate_reasoning;formula_selection,90,Original-equivalent bridge item generated from local textbook coverage signals. No full textbook exercise text is reproduced.
college_alg_dist_002,"Find the distance between (2, 3) and (7, 15).",13,multiple_choice,A:17|B:7|C:60|D:14|E:13,3,geo_coordinate_geometry;geo_pythagorean,distance_formula;coordinate_reasoning,right_triangle_model;coordinate_difference,additive_distance_error;coordinate_subtraction_error,The horizontal change is 5 and the vertical change is 12. The distance is sqrt(5^2 + 12^2) = 13.,Algebra 1,Foundations for College Algebra,college-algebra-00-real-numbers-coordinate-plane,Real Numbers and the Coordinate Plane,5071,college_algebra_stitz_zeager,"local-pdf: College Algebra -- Carl Stitz, Jeff Zeager.pdf; College Algebra 1.1.3 Distance in the Plane",Standard,Algebra Readiness,coordinate_geometry,coordinate_reasoning;formula_selection,90,Original-equivalent bridge item generated from local textbook coverage signals. No full textbook exercise text is reproduced.
college_alg_dist_003,"Find the distance between (3, 4) and (9, 12).",10,multiple_choice,A:2|B:48|C:11|D:10|E:14,3,geo_coordinate_geometry;geo_pythagorean,distance_formula;coordinate_reasoning,right_triangle_model;coordinate_difference,additive_distance_error;coordinate_subtraction_error,The horizontal change is 6 and the vertical change is 8. The distance is sqrt(6^2 + 8^2) = 10.,Algebra 1,Foundations for College Algebra,college-algebra-00-real-numbers-coordinate-plane,Real Numbers and the Coordinate Plane,5072,college_algebra_stitz_zeager,"local-pdf: College Algebra -- Carl Stitz, Jeff Zeager.pdf; College Algebra 1.1.3 Distance in the Plane",Standard,Algebra Readiness,coordinate_geometry,coordinate_reasoning;formula_selection,90,Original-equivalent bridge item generated from local textbook coverage signals. No full textbook exercise text is reproduced.
college_alg_dist_004,"Find the distance between (4, 5) and (12, 20).",17,multiple_choice,A:120|B:18|C:17|D:23|E:7,3,geo_coordinate_geometry;geo_pythagorean,distance_formula;coordinate_reasoning,right_triangle_model;coordinate_difference,additive_distance_error;coordinate_subtraction_error,The horizontal change is 8 and the vertical change is 15. The distance is sqrt(8^2 + 15^2) = 17.,Algebra 1,Foundations for College Algebra,college-algebra-00-real-numbers-coordinate-plane,Real Numbers and the Coordinate Plane,5073,college_algebra_stitz_zeager,"local-pdf: College Algebra -- Carl Stitz, Jeff Zeager.pdf; College Algebra 1.1.3 Distance in the Plane",Standard,Algebra Readiness,coordinate_geometry,coordinate_reasoning;formula_selection,90,Original-equivalent bridge item generated from local textbook coverage signals. No full textbook exercise text is reproduced.
college_alg_dist_005,"Find the distance between (5, 6) and (8, 10).",5,multiple_choice,A:6|B:5|C:7|D:1|E:12,3,geo_coordinate_geometry;geo_pythagorean,distance_formula;coordinate_reasoning,right_triangle_model;coordinate_difference,additive_distance_error;coordinate_subtraction_error,The horizontal change is 3 and the vertical change is 4. The distance is sqrt(3^2 + 4^2) = 5.,Algebra 1,Foundations for College Algebra,college-algebra-00-real-numbers-coordinate-plane,Real Numbers and the Coordinate Plane,5074,college_algebra_stitz_zeager,"local-pdf: College Algebra -- Carl Stitz, Jeff Zeager.pdf; College Algebra 1.1.3 Distance in the Plane",Standard,Algebra Readiness,coordinate_geometry,coordinate_reasoning;formula_selection,90,Original-equivalent bridge item generated from local textbook coverage signals. No full textbook exercise text is reproduced.
college_alg_dist_006,"Find the distance between (6, 2) and (11, 14).",13,multiple_choice,A:13|B:17|C:7|D:60|E:14,3,geo_coordinate_geometry;geo_pythagorean,distance_formula;coordinate_reasoning,right_triangle_model;coordinate_difference,additive_distance_error;coordinate_subtraction_error,The horizontal change is 5 and the vertical change is 12. The distance is sqrt(5^2 + 12^2) = 13.,Algebra 1,Foundations for College Algebra,college-algebra-00-real-numbers-coordinate-plane,Real Numbers and the Coordinate Plane,5075,college_algebra_stitz_zeager,"local-pdf: College Algebra -- Carl Stitz, Jeff Zeager.pdf; College Algebra 1.1.3 Distance in the Plane",Standard,Algebra Readiness,coordinate_geometry,coordinate_reasoning;formula_selection,90,Original-equivalent bridge item generated from local textbook coverage signals. No full textbook exercise text is reproduced.
college_alg_dist_007,"Find the distance between (7, 3) and (13, 11).",10,multiple_choice,A:14|B:2|C:48|D:11|E:10,3,geo_coordinate_geometry;geo_pythagorean,distance_formula;coordinate_reasoning,right_triangle_model;coordinate_difference,additive_distance_error;coordinate_subtraction_error,The horizontal change is 6 and the vertical change is 8. The distance is sqrt(6^2 + 8^2) = 10.,Algebra 1,Foundations for College Algebra,college-algebra-00-real-numbers-coordinate-plane,Real Numbers and the Coordinate Plane,5076,college_algebra_stitz_zeager,"local-pdf: College Algebra -- Carl Stitz, Jeff Zeager.pdf; College Algebra 1.1.3 Distance in the Plane",Standard,Algebra Readiness,coordinate_geometry,coordinate_reasoning;formula_selection,90,Original-equivalent bridge item generated from local textbook coverage signals. No full textbook exercise text is reproduced.
college_alg_dist_008,"Find the distance between (1, 4) and (9, 19).",17,multiple_choice,A:7|B:120|C:18|D:17|E:23,3,geo_coordinate_geometry;geo_pythagorean,distance_formula;coordinate_reasoning,right_triangle_model;coordinate_difference,additive_distance_error;coordinate_subtraction_error,The horizontal change is 8 and the vertical change is 15. The distance is sqrt(8^2 + 15^2) = 17.,Algebra 1,Foundations for College Algebra,college-algebra-00-real-numbers-coordinate-plane,Real Numbers and the Coordinate Plane,5077,college_algebra_stitz_zeager,"local-pdf: College Algebra -- Carl Stitz, Jeff Zeager.pdf; College Algebra 1.1.3 Distance in the Plane",Standard,Algebra Readiness,coordinate_geometry,coordinate_reasoning;formula_selection,90,Original-equivalent bridge item generated from local textbook coverage signals. No full textbook exercise text is reproduced.
college_alg_dist_009,"Find the distance between (2, 5) and (5, 9).",5,multiple_choice,A:12|B:6|C:5|D:7|E:1,3,geo_coordinate_geometry;geo_pythagorean,distance_formula;coordinate_reasoning,right_triangle_model;coordinate_difference,additive_distance_error;coordinate_subtraction_error,The horizontal change is 3 and the vertical change is 4. The distance is sqrt(3^2 + 4^2) = 5.,Algebra 1,Foundations for College Algebra,college-algebra-00-real-numbers-coordinate-plane,Real Numbers and the Coordinate Plane,5078,college_algebra_stitz_zeager,"local-pdf: College Algebra -- Carl Stitz, Jeff Zeager.pdf; College Algebra 1.1.3 Distance in the Plane",Standard,Algebra Readiness,coordinate_geometry,coordinate_reasoning;formula_selection,90,Original-equivalent bridge item generated from local textbook coverage signals. No full textbook exercise text is reproduced.
college_alg_dist_010,"Find the distance between (3, 6) and (8, 18).",13,multiple_choice,A:14|B:13|C:17|D:7|E:60,3,geo_coordinate_geometry;geo_pythagorean,distance_formula;coordinate_reasoning,right_triangle_model;coordinate_difference,additive_distance_error;coordinate_subtraction_error,The horizontal change is 5 and the vertical change is 12. The distance is sqrt(5^2 + 12^2) = 13.,Algebra 1,Foundations for College Algebra,college-algebra-00-real-numbers-coordinate-plane,Real Numbers and the Coordinate Plane,5079,college_algebra_stitz_zeager,"local-pdf: College Algebra -- Carl Stitz, Jeff Zeager.pdf; College Algebra 1.1.3 Distance in the Plane",Standard,Algebra Readiness,coordinate_geometry,coordinate_reasoning;formula_selection,90,Original-equivalent bridge item generated from local textbook coverage signals. No full textbook exercise text is reproduced.
college_alg_dist_011,"Find the distance between (4, 2) and (10, 10).",10,multiple_choice,A:10|B:14|C:2|D:48|E:11,3,geo_coordinate_geometry;geo_pythagorean,distance_formula;coordinate_reasoning,right_triangle_model;coordinate_difference,additive_distance_error;coordinate_subtraction_error,The horizontal change is 6 and the vertical change is 8. The distance is sqrt(6^2 + 8^2) = 10.,Algebra 1,Foundations for College Algebra,college-algebra-00-real-numbers-coordinate-plane,Real Numbers and the Coordinate Plane,5080,college_algebra_stitz_zeager,"local-pdf: College Algebra -- Carl Stitz, Jeff Zeager.pdf; College Algebra 1.1.3 Distance in the Plane",Standard,Algebra Readiness,coordinate_geometry,coordinate_reasoning;formula_selection,90,Original-equivalent bridge item generated from local textbook coverage signals. No full textbook exercise text is reproduced.
college_alg_dist_012,"Find the distance between (5, 3) and (13, 18).",17,multiple_choice,A:23|B:7|C:120|D:18|E:17,3,geo_coordinate_geometry;geo_pythagorean,distance_formula;coordinate_reasoning,right_triangle_model;coordinate_difference,additive_distance_error;coordinate_subtraction_error,The horizontal change is 8 and the vertical change is 15. The distance is sqrt(8^2 + 15^2) = 17.,Algebra 1,Foundations for College Algebra,college-algebra-00-real-numbers-coordinate-plane,Real Numbers and the Coordinate Plane,5081,college_algebra_stitz_zeager,"local-pdf: College Algebra -- Carl Stitz, Jeff Zeager.pdf; College Algebra 1.1.3 Distance in the Plane",Standard,Algebra Readiness,coordinate_geometry,coordinate_reasoning;formula_selection,90,Original-equivalent bridge item generated from local textbook coverage signals. No full textbook exercise text is reproduced.
college_alg_dist_013,"Find the distance between (6, 4) and (9, 8).",5,multiple_choice,A:1|B:12|C:6|D:5|E:7,3,geo_coordinate_geometry;geo_pythagorean,distance_formula;coordinate_reasoning,right_triangle_model;coordinate_difference,additive_distance_error;coordinate_subtraction_error,The horizontal change is 3 and the vertical change is 4. The distance is sqrt(3^2 + 4^2) = 5.,Algebra 1,Foundations for College Algebra,college-algebra-00-real-numbers-coordinate-plane,Real Numbers and the Coordinate Plane,5082,college_algebra_stitz_zeager,"local-pdf: College Algebra -- Carl Stitz, Jeff Zeager.pdf; College Algebra 1.1.3 Distance in the Plane",Standard,Algebra Readiness,coordinate_geometry,coordinate_reasoning;formula_selection,90,Original-equivalent bridge item generated from local textbook coverage signals. No full textbook exercise text is reproduced.
college_alg_dist_014,"Find the distance between (7, 5) and (12, 17).",13,multiple_choice,A:60|B:14|C:13|D:17|E:7,3,geo_coordinate_geometry;geo_pythagorean,distance_formula;coordinate_reasoning,right_triangle_model;coordinate_difference,additive_distance_error;coordinate_subtraction_error,The horizontal change is 5 and the vertical change is 12. The distance is sqrt(5^2 + 12^2) = 13.,Algebra 1,Foundations for College Algebra,college-algebra-00-real-numbers-coordinate-plane,Real Numbers and the Coordinate Plane,5083,college_algebra_stitz_zeager,"local-pdf: College Algebra -- Carl Stitz, Jeff Zeager.pdf; College Algebra 1.1.3 Distance in the Plane",Standard,Algebra Readiness,coordinate_geometry,coordinate_reasoning;formula_selection,90,Original-equivalent bridge item generated from local textbook coverage signals. No full textbook exercise text is reproduced.
college_alg_dist_015,"Find the distance between (1, 6) and (7, 14).",10,multiple_choice,A:11|B:10|C:14|D:2|E:48,3,geo_coordinate_geometry;geo_pythagorean,distance_formula;coordinate_reasoning,right_triangle_model;coordinate_difference,additive_distance_error;coordinate_subtraction_error,The horizontal change is 6 and the vertical change is 8. The distance is sqrt(6^2 + 8^2) = 10.,Algebra 1,Foundations for College Algebra,college-algebra-00-real-numbers-coordinate-plane,Real Numbers and the Coordinate Plane,5084,college_algebra_stitz_zeager,"local-pdf: College Algebra -- Carl Stitz, Jeff Zeager.pdf; College Algebra 1.1.3 Distance in the Plane",Standard,Algebra Readiness,coordinate_geometry,coordinate_reasoning;formula_selection,90,Original-equivalent bridge item generated from local textbook coverage signals. No full textbook exercise text is reproduced.
college_alg_dist_016,"Find the distance between (2, 2) and (10, 17).",17,multiple_choice,A:17|B:23|C:7|D:120|E:18,3,geo_coordinate_geometry;geo_pythagorean,distance_formula;coordinate_reasoning,right_triangle_model;coordinate_difference,additive_distance_error;coordinate_subtraction_error,The horizontal change is 8 and the vertical change is 15. The distance is sqrt(8^2 + 15^2) = 17.,Algebra 1,Foundations for College Algebra,college-algebra-00-real-numbers-coordinate-plane,Real Numbers and the Coordinate Plane,5085,college_algebra_stitz_zeager,"local-pdf: College Algebra -- Carl Stitz, Jeff Zeager.pdf; College Algebra 1.1.3 Distance in the Plane",Standard,Algebra Readiness,coordinate_geometry,coordinate_reasoning;formula_selection,90,Original-equivalent bridge item generated from local textbook coverage signals. No full textbook exercise text is reproduced.
college_alg_dist_017,"Find the distance between (3, 3) and (6, 7).",5,multiple_choice,A:7|B:1|C:12|D:6|E:5,3,geo_coordinate_geometry;geo_pythagorean,distance_formula;coordinate_reasoning,right_triangle_model;coordinate_difference,additive_distance_error;coordinate_subtraction_error,The horizontal change is 3 and the vertical change is 4. The distance is sqrt(3^2 + 4^2) = 5.,Algebra 1,Foundations for College Algebra,college-algebra-00-real-numbers-coordinate-plane,Real Numbers and the Coordinate Plane,5086,college_algebra_stitz_zeager,"local-pdf: College Algebra -- Carl Stitz, Jeff Zeager.pdf; College Algebra 1.1.3 Distance in the Plane",Standard,Algebra Readiness,coordinate_geometry,coordinate_reasoning;formula_selection,90,Original-equivalent bridge item generated from local textbook coverage signals. No full textbook exercise text is reproduced.
college_alg_dist_018,"Find the distance between (4, 4) and (9, 16).",13,multiple_choice,A:7|B:60|C:14|D:13|E:17,3,geo_coordinate_geometry;geo_pythagorean,distance_formula;coordinate_reasoning,right_triangle_model;coordinate_difference,additive_distance_error;coordinate_subtraction_error,The horizontal change is 5 and the vertical change is 12. The distance is sqrt(5^2 + 12^2) = 13.,Algebra 1,Foundations for College Algebra,college-algebra-00-real-numbers-coordinate-plane,Real Numbers and the Coordinate Plane,5087,college_algebra_stitz_zeager,"local-pdf: College Algebra -- Carl Stitz, Jeff Zeager.pdf; College Algebra 1.1.3 Distance in the Plane",Standard,Algebra Readiness,coordinate_geometry,coordinate_reasoning;formula_selection,90,Original-equivalent bridge item generated from local textbook coverage signals. No full textbook exercise text is reproduced.
college_alg_dist_019,"Find the distance between (5, 5) and (11, 13).",10,multiple_choice,A:48|B:11|C:10|D:14|E:2,3,geo_coordinate_geometry;geo_pythagorean,distance_formula;coordinate_reasoning,right_triangle_model;coordinate_difference,additive_distance_error;coordinate_subtraction_error,The horizontal change is 6 and the vertical change is 8. The distance is sqrt(6^2 + 8^2) = 10.,Algebra 1,Foundations for College Algebra,college-algebra-00-real-numbers-coordinate-plane,Real Numbers and the Coordinate Plane,5088,college_algebra_stitz_zeager,"local-pdf: College Algebra -- Carl Stitz, Jeff Zeager.pdf; College Algebra 1.1.3 Distance in the Plane",Standard,Algebra Readiness,coordinate_geometry,coordinate_reasoning;formula_selection,90,Original-equivalent bridge item generated from local textbook coverage signals. No full textbook exercise text is reproduced.
college_alg_dist_020,"Find the distance between (6, 6) and (14, 21).",17,multiple_choice,A:18|B:17|C:23|D:7|E:120,3,geo_coordinate_geometry;geo_pythagorean,distance_formula;coordinate_reasoning,right_triangle_model;coordinate_difference,additive_distance_error;coordinate_subtraction_error,The horizontal change is 8 and the vertical change is 15. The distance is sqrt(8^2 + 15^2) = 17.,Algebra 1,Foundations for College Algebra,college-algebra-00-real-numbers-coordinate-plane,Real Numbers and the Coordinate Plane,5089,college_algebra_stitz_zeager,"local-pdf: College Algebra -- Carl Stitz, Jeff Zeager.pdf; College Algebra 1.1.3 Distance in the Plane",Standard,Algebra Readiness,coordinate_geometry,coordinate_reasoning;formula_selection,90,Original-equivalent bridge item generated from local textbook coverage signals. No full textbook exercise text is reproduced.
college_alg_rel_001,"Does the point (1, 4) lie on the graph of y = 2x + 1?",no,multiple_choice,A:no|B:yes|C:3|D:cannot tell|E:yes,3,alg_graphing;alg_functions,point_testing;substitution,graph_equation_connection;input_output_mapping,coordinate_order_error;substitution_error,"Substitute x = 1: 2(1) + 1 = 3. The point has y = 4, so the answer is no.",Algebra 1,Functions and Modeling,college-algebra-01-relations-and-graphs,Relations and Graphs of Equations,5140,college_algebra_stitz_zeager,"local-pdf: College Algebra -- Carl Stitz, Jeff Zeager.pdf; College Algebra 1.2 Relations and Graphs of Equations",Standard,Algebra Readiness,relation_point_test,coordinate_reasoning;symbol_evaluation,90,Original-equivalent bridge item generated from local textbook coverage signals. No full textbook exercise text is reproduced.
college_alg_rel_002,"Does the point (2, 8) lie on the graph of y = 3x + 2?",yes,multiple_choice,A:no|B:8|C:5|D:cannot tell|E:yes,3,alg_graphing;alg_functions,point_testing;substitution,graph_equation_connection;input_output_mapping,coordinate_order_error;substitution_error,"Substitute x = 2: 3(2) + 2 = 8. The point has y = 8, so the answer is yes.",Algebra 1,Functions and Modeling,college-algebra-01-relations-and-graphs,Relations and Graphs of Equations,5141,college_algebra_stitz_zeager,"local-pdf: College Algebra -- Carl Stitz, Jeff Zeager.pdf; College Algebra 1.2 Relations and Graphs of Equations",Standard,Algebra Readiness,relation_point_test,coordinate_reasoning;symbol_evaluation,90,Original-equivalent bridge item generated from local textbook coverage signals. No full textbook exercise text is reproduced.
college_alg_rel_003,"Does the point (3, 15) lie on the graph of y = 4x + 3?",yes,multiple_choice,A:15|B:7|C:cannot tell|D:yes|E:no,3,alg_graphing;alg_functions,point_testing;substitution,graph_equation_connection;input_output_mapping,coordinate_order_error;substitution_error,"Substitute x = 3: 4(3) + 3 = 15. The point has y = 15, so the answer is yes.",Algebra 1,Functions and Modeling,college-algebra-01-relations-and-graphs,Relations and Graphs of Equations,5142,college_algebra_stitz_zeager,"local-pdf: College Algebra -- Carl Stitz, Jeff Zeager.pdf; College Algebra 1.2 Relations and Graphs of Equations",Standard,Algebra Readiness,relation_point_test,coordinate_reasoning;symbol_evaluation,90,Original-equivalent bridge item generated from local textbook coverage signals. No full textbook exercise text is reproduced.
college_alg_rel_004,"Does the point (4, 25) lie on the graph of y = 5x + 4?",no,multiple_choice,A:21|B:cannot tell|C:no|D:yes|E:24,3,alg_graphing;alg_functions,point_testing;substitution,graph_equation_connection;input_output_mapping,coordinate_order_error;substitution_error,"Substitute x = 4: 5(4) + 4 = 24. The point has y = 25, so the answer is no.",Algebra 1,Functions and Modeling,college-algebra-01-relations-and-graphs,Relations and Graphs of Equations,5143,college_algebra_stitz_zeager,"local-pdf: College Algebra -- Carl Stitz, Jeff Zeager.pdf; College Algebra 1.2 Relations and Graphs of Equations",Standard,Algebra Readiness,relation_point_test,coordinate_reasoning;symbol_evaluation,90,Original-equivalent bridge item generated from local textbook coverage signals. No full textbook exercise text is reproduced.
college_alg_rel_005,"Does the point (5, 15) lie on the graph of y = 2x + 5?",yes,multiple_choice,A:cannot tell|B:yes|C:no|D:15|E:7,3,alg_graphing;alg_functions,point_testing;substitution,graph_equation_connection;input_output_mapping,coordinate_order_error;substitution_error,"Substitute x = 5: 2(5) + 5 = 15. The point has y = 15, so the answer is yes.",Algebra 1,Functions and Modeling,college-algebra-01-relations-and-graphs,Relations and Graphs of Equations,5144,college_algebra_stitz_zeager,"local-pdf: College Algebra -- Carl Stitz, Jeff Zeager.pdf; College Algebra 1.2 Relations and Graphs of Equations",Standard,Algebra Readiness,relation_point_test,coordinate_reasoning;symbol_evaluation,90,Original-equivalent bridge item generated from local textbook coverage signals. No full textbook exercise text is reproduced.
college_alg_rel_006,"Does the point (6, 19) lie on the graph of y = 3x + 1?",yes,multiple_choice,A:yes|B:no|C:19|D:4|E:cannot tell,3,alg_graphing;alg_functions,point_testing;substitution,graph_equation_connection;input_output_mapping,coordinate_order_error;substitution_error,"Substitute x = 6: 3(6) + 1 = 19. The point has y = 19, so the answer is yes.",Algebra 1,Functions and Modeling,college-algebra-01-relations-and-graphs,Relations and Graphs of Equations,5145,college_algebra_stitz_zeager,"local-pdf: College Algebra -- Carl Stitz, Jeff Zeager.pdf; College Algebra 1.2 Relations and Graphs of Equations",Standard,Algebra Readiness,relation_point_test,coordinate_reasoning;symbol_evaluation,90,Original-equivalent bridge item generated from local textbook coverage signals. No full textbook exercise text is reproduced.
college_alg_rel_007,"Does the point (7, 31) lie on the graph of y = 4x + 2?",no,multiple_choice,A:yes|B:30|C:29|D:cannot tell|E:no,3,alg_graphing;alg_functions,point_testing;substitution,graph_equation_connection;input_output_mapping,coordinate_order_error;substitution_error,"Substitute x = 7: 4(7) + 2 = 30. The point has y = 31, so the answer is no.",Algebra 1,Functions and Modeling,college-algebra-01-relations-and-graphs,Relations and Graphs of Equations,5146,college_algebra_stitz_zeager,"local-pdf: College Algebra -- Carl Stitz, Jeff Zeager.pdf; College Algebra 1.2 Relations and Graphs of Equations",Standard,Algebra Readiness,relation_point_test,coordinate_reasoning;symbol_evaluation,90,Original-equivalent bridge item generated from local textbook coverage signals. No full textbook exercise text is reproduced.
college_alg_rel_008,"Does the point (8, 43) lie on the graph of y = 5x + 3?",yes,multiple_choice,A:43|B:8|C:cannot tell|D:yes|E:no,3,alg_graphing;alg_functions,point_testing;substitution,graph_equation_connection;input_output_mapping,coordinate_order_error;substitution_error,"Substitute x = 8: 5(8) + 3 = 43. The point has y = 43, so the answer is yes.",Algebra 1,Functions and Modeling,college-algebra-01-relations-and-graphs,Relations and Graphs of Equations,5147,college_algebra_stitz_zeager,"local-pdf: College Algebra -- Carl Stitz, Jeff Zeager.pdf; College Algebra 1.2 Relations and Graphs of Equations",Standard,Algebra Readiness,relation_point_test,coordinate_reasoning;symbol_evaluation,90,Original-equivalent bridge item generated from local textbook coverage signals. No full textbook exercise text is reproduced.
college_alg_rel_009,"Does the point (1, 6) lie on the graph of y = 2x + 4?",yes,multiple_choice,A:cannot tell|B:no|C:yes|D:no|E:6,3,alg_graphing;alg_functions,point_testing;substitution,graph_equation_connection;input_output_mapping,coordinate_order_error;substitution_error,"Substitute x = 1: 2(1) + 4 = 6. The point has y = 6, so the answer is yes.",Algebra 1,Functions and Modeling,college-algebra-01-relations-and-graphs,Relations and Graphs of Equations,5148,college_algebra_stitz_zeager,"local-pdf: College Algebra -- Carl Stitz, Jeff Zeager.pdf; College Algebra 1.2 Relations and Graphs of Equations",Standard,Algebra Readiness,relation_point_test,coordinate_reasoning;symbol_evaluation,90,Original-equivalent bridge item generated from local textbook coverage signals. No full textbook exercise text is reproduced.
college_alg_rel_010,"Does the point (2, 12) lie on the graph of y = 3x + 5?",no,multiple_choice,A:cannot tell|B:no|C:yes|D:11|E:7,3,alg_graphing;alg_functions,point_testing;substitution,graph_equation_connection;input_output_mapping,coordinate_order_error;substitution_error,"Substitute x = 2: 3(2) + 5 = 11. The point has y = 12, so the answer is no.",Algebra 1,Functions and Modeling,college-algebra-01-relations-and-graphs,Relations and Graphs of Equations,5149,college_algebra_stitz_zeager,"local-pdf: College Algebra -- Carl Stitz, Jeff Zeager.pdf; College Algebra 1.2 Relations and Graphs of Equations",Standard,Algebra Readiness,relation_point_test,coordinate_reasoning;symbol_evaluation,90,Original-equivalent bridge item generated from local textbook coverage signals. No full textbook exercise text is reproduced.
college_alg_rel_011,"Does the point (3, 13) lie on the graph of y = 4x + 1?",yes,multiple_choice,A:yes|B:no|C:13|D:5|E:cannot tell,3,alg_graphing;alg_functions,point_testing;substitution,graph_equation_connection;input_output_mapping,coordinate_order_error;substitution_error,"Substitute x = 3: 4(3) + 1 = 13. The point has y = 13, so the answer is yes.",Algebra 1,Functions and Modeling,college-algebra-01-relations-and-graphs,Relations and Graphs of Equations,5150,college_algebra_stitz_zeager,"local-pdf: College Algebra -- Carl Stitz, Jeff Zeager.pdf; College Algebra 1.2 Relations and Graphs of Equations",Standard,Algebra Readiness,relation_point_test,coordinate_reasoning;symbol_evaluation,90,Original-equivalent bridge item generated from local textbook coverage signals. No full textbook exercise text is reproduced.
college_alg_rel_012,"Does the point (4, 22) lie on the graph of y = 5x + 2?",yes,multiple_choice,A:no|B:22|C:7|D:cannot tell|E:yes,3,alg_graphing;alg_functions,point_testing;substitution,graph_equation_connection;input_output_mapping,coordinate_order_error;substitution_error,"Substitute x = 4: 5(4) + 2 = 22. The point has y = 22, so the answer is yes.",Algebra 1,Functions and Modeling,college-algebra-01-relations-and-graphs,Relations and Graphs of Equations,5151,college_algebra_stitz_zeager,"local-pdf: College Algebra -- Carl Stitz, Jeff Zeager.pdf; College Algebra 1.2 Relations and Graphs of Equations",Standard,Algebra Readiness,relation_point_test,coordinate_reasoning;symbol_evaluation,90,Original-equivalent bridge item generated from local textbook coverage signals. No full textbook exercise text is reproduced.
college_alg_rel_013,"Does the point (5, 14) lie on the graph of y = 2x + 3?",no,multiple_choice,A:13|B:11|C:cannot tell|D:no|E:yes,3,alg_graphing;alg_functions,point_testing;substitution,graph_equation_connection;input_output_mapping,coordinate_order_error;substitution_error,"Substitute x = 5: 2(5) + 3 = 13. The point has y = 14, so the answer is no.",Algebra 1,Functions and Modeling,college-algebra-01-relations-and-graphs,Relations and Graphs of Equations,5152,college_algebra_stitz_zeager,"local-pdf: College Algebra -- Carl Stitz, Jeff Zeager.pdf; College Algebra 1.2 Relations and Graphs of Equations",Standard,Algebra Readiness,relation_point_test,coordinate_reasoning;symbol_evaluation,90,Original-equivalent bridge item generated from local textbook coverage signals. No full textbook exercise text is reproduced.
college_alg_rel_014,"Does the point (6, 22) lie on the graph of y = 3x + 4?",yes,multiple_choice,A:7|B:cannot tell|C:yes|D:no|E:22,3,alg_graphing;alg_functions,point_testing;substitution,graph_equation_connection;input_output_mapping,coordinate_order_error;substitution_error,"Substitute x = 6: 3(6) + 4 = 22. The point has y = 22, so the answer is yes.",Algebra 1,Functions and Modeling,college-algebra-01-relations-and-graphs,Relations and Graphs of Equations,5153,college_algebra_stitz_zeager,"local-pdf: College Algebra -- Carl Stitz, Jeff Zeager.pdf; College Algebra 1.2 Relations and Graphs of Equations",Standard,Algebra Readiness,relation_point_test,coordinate_reasoning;symbol_evaluation,90,Original-equivalent bridge item generated from local textbook coverage signals. No full textbook exercise text is reproduced.
college_alg_rel_015,"Does the point (7, 33) lie on the graph of y = 4x + 5?",yes,multiple_choice,A:cannot tell|B:yes|C:no|D:33|E:9,3,alg_graphing;alg_functions,point_testing;substitution,graph_equation_connection;input_output_mapping,coordinate_order_error;substitution_error,"Substitute x = 7: 4(7) + 5 = 33. The point has y = 33, so the answer is yes.",Algebra 1,Functions and Modeling,college-algebra-01-relations-and-graphs,Relations and Graphs of Equations,5154,college_algebra_stitz_zeager,"local-pdf: College Algebra -- Carl Stitz, Jeff Zeager.pdf; College Algebra 1.2 Relations and Graphs of Equations",Standard,Algebra Readiness,relation_point_test,coordinate_reasoning;symbol_evaluation,90,Original-equivalent bridge item generated from local textbook coverage signals. No full textbook exercise text is reproduced.
college_alg_rel_016,"Does the point (8, 42) lie on the graph of y = 5x + 1?",no,multiple_choice,A:no|B:yes|C:41|D:cannot tell|E:yes,3,alg_graphing;alg_functions,point_testing;substitution,graph_equation_connection;input_output_mapping,coordinate_order_error;substitution_error,"Substitute x = 8: 5(8) + 1 = 41. The point has y = 42, so the answer is no.",Algebra 1,Functions and Modeling,college-algebra-01-relations-and-graphs,Relations and Graphs of Equations,5155,college_algebra_stitz_zeager,"local-pdf: College Algebra -- Carl Stitz, Jeff Zeager.pdf; College Algebra 1.2 Relations and Graphs of Equations",Standard,Algebra Readiness,relation_point_test,coordinate_reasoning;symbol_evaluation,90,Original-equivalent bridge item generated from local textbook coverage signals. No full textbook exercise text is reproduced.
college_alg_rel_017,"Does the point (1, 4) lie on the graph of y = 2x + 2?",yes,multiple_choice,A:no|B:4|C:cannot tell|D:no|E:yes,3,alg_graphing;alg_functions,point_testing;substitution,graph_equation_connection;input_output_mapping,coordinate_order_error;substitution_error,"Substitute x = 1: 2(1) + 2 = 4. The point has y = 4, so the answer is yes.",Algebra 1,Functions and Modeling,college-algebra-01-relations-and-graphs,Relations and Graphs of Equations,5156,college_algebra_stitz_zeager,"local-pdf: College Algebra -- Carl Stitz, Jeff Zeager.pdf; College Algebra 1.2 Relations and Graphs of Equations",Standard,Algebra Readiness,relation_point_test,coordinate_reasoning;symbol_evaluation,90,Original-equivalent bridge item generated from local textbook coverage signals. No full textbook exercise text is reproduced.
college_alg_rel_018,"Does the point (2, 9) lie on the graph of y = 3x + 3?",yes,multiple_choice,A:9|B:6|C:cannot tell|D:yes|E:no,3,alg_graphing;alg_functions,point_testing;substitution,graph_equation_connection;input_output_mapping,coordinate_order_error;substitution_error,"Substitute x = 2: 3(2) + 3 = 9. The point has y = 9, so the answer is yes.",Algebra 1,Functions and Modeling,college-algebra-01-relations-and-graphs,Relations and Graphs of Equations,5157,college_algebra_stitz_zeager,"local-pdf: College Algebra -- Carl Stitz, Jeff Zeager.pdf; College Algebra 1.2 Relations and Graphs of Equations",Standard,Algebra Readiness,relation_point_test,coordinate_reasoning;symbol_evaluation,90,Original-equivalent bridge item generated from local textbook coverage signals. No full textbook exercise text is reproduced.
college_alg_rel_019,"Does the point (3, 17) lie on the graph of y = 4x + 4?",no,multiple_choice,A:13|B:cannot tell|C:no|D:yes|E:16,3,alg_graphing;alg_functions,point_testing;substitution,graph_equation_connection;input_output_mapping,coordinate_order_error;substitution_error,"Substitute x = 3: 4(3) + 4 = 16. The point has y = 17, so the answer is no.",Algebra 1,Functions and Modeling,college-algebra-01-relations-and-graphs,Relations and Graphs of Equations,5158,college_algebra_stitz_zeager,"local-pdf: College Algebra -- Carl Stitz, Jeff Zeager.pdf; College Algebra 1.2 Relations and Graphs of Equations",Standard,Algebra Readiness,relation_point_test,coordinate_reasoning;symbol_evaluation,90,Original-equivalent bridge item generated from local textbook coverage signals. No full textbook exercise text is reproduced.
college_alg_rel_020,"Does the point (4, 25) lie on the graph of y = 5x + 5?",yes,multiple_choice,A:cannot tell|B:yes|C:no|D:25|E:10,3,alg_graphing;alg_functions,point_testing;substitution,graph_equation_connection;input_output_mapping,coordinate_order_error;substitution_error,"Substitute x = 4: 5(4) + 5 = 25. The point has y = 25, so the answer is yes.",Algebra 1,Functions and Modeling,college-algebra-01-relations-and-graphs,Relations and Graphs of Equations,5159,college_algebra_stitz_zeager,"local-pdf: College Algebra -- Carl Stitz, Jeff Zeager.pdf; College Algebra 1.2 Relations and Graphs of Equations",Standard,Algebra Readiness,relation_point_test,coordinate_reasoning;symbol_evaluation,90,Original-equivalent bridge item generated from local textbook coverage signals. No full textbook exercise text is reproduced.
college_alg_fn_001,Let f(x) = 2x + 3. Find f(1).,5,multiple_choice,A:5|B:6|C:8|D:-1|E:7,3,alg_functions;prealg_substitution,function_evaluation;substitution,input_output_mapping;linear_function_evaluation,variable_meaning_error;operation_order_error,Substitute x = 1: f(1) = 2(1) + 3 = 2 + 3 = 5.,Algebra 1,Functions and Modeling,college-algebra-01-functions,Functions and Function Notation,5190,college_algebra_stitz_zeager,"local-pdf: College Algebra -- Carl Stitz, Jeff Zeager.pdf; College Algebra 1.3-1.4 Introduction to Functions and Function Notation",Standard,Algebra Readiness,function_evaluation,symbol_evaluation;input_output_mapping,90,Original-equivalent bridge item generated from local textbook coverage signals. No full textbook exercise text is reproduced.
college_alg_fn_002,Let f(x) = 3x + 4. Find f(2).,10,multiple_choice,A:9|B:18|C:2|D:13|E:10,3,alg_functions;prealg_substitution,function_evaluation;substitution,input_output_mapping;linear_function_evaluation,variable_meaning_error;operation_order_error,Substitute x = 2: f(2) = 3(2) + 4 = 6 + 4 = 10.,Algebra 1,Functions and Modeling,college-algebra-01-functions,Functions and Function Notation,5191,college_algebra_stitz_zeager,"local-pdf: College Algebra -- Carl Stitz, Jeff Zeager.pdf; College Algebra 1.3-1.4 Introduction to Functions and Function Notation",Standard,Algebra Readiness,function_evaluation,symbol_evaluation;input_output_mapping,90,Original-equivalent bridge item generated from local textbook coverage signals. No full textbook exercise text is reproduced.
college_alg_fn_003,Let f(x) = 4x + 5. Find f(3).,17,multiple_choice,A:32|B:7|C:21|D:17|E:12,3,alg_functions;prealg_substitution,function_evaluation;substitution,input_output_mapping;linear_function_evaluation,variable_meaning_error;operation_order_error,Substitute x = 3: f(3) = 4(3) + 5 = 12 + 5 = 17.,Algebra 1,Functions and Modeling,college-algebra-01-functions,Functions and Function Notation,5192,college_algebra_stitz_zeager,"local-pdf: College Algebra -- Carl Stitz, Jeff Zeager.pdf; College Algebra 1.3-1.4 Introduction to Functions and Function Notation",Standard,Algebra Readiness,function_evaluation,symbol_evaluation;input_output_mapping,90,Original-equivalent bridge item generated from local textbook coverage signals. No full textbook exercise text is reproduced.
college_alg_fn_004,Let f(x) = 5x + 6. Find f(4).,26,multiple_choice,A:14|B:31|C:26|D:15|E:50,3,alg_functions;prealg_substitution,function_evaluation;substitution,input_output_mapping;linear_function_evaluation,variable_meaning_error;operation_order_error,Substitute x = 4: f(4) = 5(4) + 6 = 20 + 6 = 26.,Algebra 1,Functions and Modeling,college-algebra-01-functions,Functions and Function Notation,5193,college_algebra_stitz_zeager,"local-pdf: College Algebra -- Carl Stitz, Jeff Zeager.pdf; College Algebra 1.3-1.4 Introduction to Functions and Function Notation",Standard,Algebra Readiness,function_evaluation,symbol_evaluation;input_output_mapping,90,Original-equivalent bridge item generated from local textbook coverage signals. No full textbook exercise text is reproduced.
college_alg_fn_005,Let f(x) = 2x + 7. Find f(5).,17,multiple_choice,A:19|B:17|C:14|D:24|E:3,3,alg_functions;prealg_substitution,function_evaluation;substitution,input_output_mapping;linear_function_evaluation,variable_meaning_error;operation_order_error,Substitute x = 5: f(5) = 2(5) + 7 = 10 + 7 = 17.,Algebra 1,Functions and Modeling,college-algebra-01-functions,Functions and Function Notation,5194,college_algebra_stitz_zeager,"local-pdf: College Algebra -- Carl Stitz, Jeff Zeager.pdf; College Algebra 1.3-1.4 Introduction to Functions and Function Notation",Standard,Algebra Readiness,function_evaluation,symbol_evaluation;input_output_mapping,90,Original-equivalent bridge item generated from local textbook coverage signals. No full textbook exercise text is reproduced.
college_alg_fn_006,Let f(x) = 3x + 8. Find f(6).,26,multiple_choice,A:26|B:17|C:42|D:10|E:29,3,alg_functions;prealg_substitution,function_evaluation;substitution,input_output_mapping;linear_function_evaluation,variable_meaning_error;operation_order_error,Substitute x = 6: f(6) = 3(6) + 8 = 18 + 8 = 26.,Algebra 1,Functions and Modeling,college-algebra-01-functions,Functions and Function Notation,5195,college_algebra_stitz_zeager,"local-pdf: College Algebra -- Carl Stitz, Jeff Zeager.pdf; College Algebra 1.3-1.4 Introduction to Functions and Function Notation",Standard,Algebra Readiness,function_evaluation,symbol_evaluation;input_output_mapping,90,Original-equivalent bridge item generated from local textbook coverage signals. No full textbook exercise text is reproduced.
college_alg_fn_007,Let f(x) = 4x + 3. Find f(7).,31,multiple_choice,A:14|B:40|C:25|D:35|E:31,3,alg_functions;prealg_substitution,function_evaluation;substitution,input_output_mapping;linear_function_evaluation,variable_meaning_error;operation_order_error,Substitute x = 7: f(7) = 4(7) + 3 = 28 + 3 = 31.,Algebra 1,Functions and Modeling,college-algebra-01-functions,Functions and Function Notation,5196,college_algebra_stitz_zeager,"local-pdf: College Algebra -- Carl Stitz, Jeff Zeager.pdf; College Algebra 1.3-1.4 Introduction to Functions and Function Notation",Standard,Algebra Readiness,function_evaluation,symbol_evaluation;input_output_mapping,90,Original-equivalent bridge item generated from local textbook coverage signals. No full textbook exercise text is reproduced.
college_alg_fn_008,Let f(x) = 5x + 4. Find f(8).,44,multiple_choice,A:60|B:36|C:49|D:44|E:17,3,alg_functions;prealg_substitution,function_evaluation;substitution,input_output_mapping;linear_function_evaluation,variable_meaning_error;operation_order_error,Substitute x = 8: f(8) = 5(8) + 4 = 40 + 4 = 44.,Algebra 1,Functions and Modeling,college-algebra-01-functions,Functions and Function Notation,5197,college_algebra_stitz_zeager,"local-pdf: College Algebra -- Carl Stitz, Jeff Zeager.pdf; College Algebra 1.3-1.4 Introduction to Functions and Function Notation",Standard,Algebra Readiness,function_evaluation,symbol_evaluation;input_output_mapping,90,Original-equivalent bridge item generated from local textbook coverage signals. No full textbook exercise text is reproduced.
college_alg_fn_009,Let f(x) = 2x + 5. Find f(1).,7,multiple_choice,A:-3|B:9|C:7|D:8|E:12,4,alg_functions;prealg_substitution,function_evaluation;substitution,input_output_mapping;linear_function_evaluation,variable_meaning_error;operation_order_error,Substitute x = 1: f(1) = 2(1) + 5 = 2 + 5 = 7.,Algebra 1,Functions and Modeling,college-algebra-01-functions,Functions and Function Notation,5198,college_algebra_stitz_zeager,"local-pdf: College Algebra -- Carl Stitz, Jeff Zeager.pdf; College Algebra 1.3-1.4 Introduction to Functions and Function Notation",Standard,Algebra Readiness,function_evaluation,symbol_evaluation;input_output_mapping,110,Original-equivalent bridge item generated from local textbook coverage signals. No full textbook exercise text is reproduced.
college_alg_fn_010,Let f(x) = 3x + 6. Find f(2).,12,multiple_choice,A:15|B:12|C:11|D:24|E:0,4,alg_functions;prealg_substitution,function_evaluation;substitution,input_output_mapping;linear_function_evaluation,variable_meaning_error;operation_order_error,Substitute x = 2: f(2) = 3(2) + 6 = 6 + 6 = 12.,Algebra 1,Functions and Modeling,college-algebra-01-functions,Functions and Function Notation,5199,college_algebra_stitz_zeager,"local-pdf: College Algebra -- Carl Stitz, Jeff Zeager.pdf; College Algebra 1.3-1.4 Introduction to Functions and Function Notation",Standard,Algebra Readiness,function_evaluation,symbol_evaluation;input_output_mapping,110,Original-equivalent bridge item generated from local textbook coverage signals. No full textbook exercise text is reproduced.
college_alg_fn_011,Let f(x) = 4x + 7. Find f(3).,19,multiple_choice,A:19|B:14|C:40|D:5|E:23,4,alg_functions;prealg_substitution,function_evaluation;substitution,input_output_mapping;linear_function_evaluation,variable_meaning_error;operation_order_error,Substitute x = 3: f(3) = 4(3) + 7 = 12 + 7 = 19.,Algebra 1,Functions and Modeling,college-algebra-01-functions,Functions and Function Notation,5200,college_algebra_stitz_zeager,"local-pdf: College Algebra -- Carl Stitz, Jeff Zeager.pdf; College Algebra 1.3-1.4 Introduction to Functions and Function Notation",Standard,Algebra Readiness,function_evaluation,symbol_evaluation;input_output_mapping,110,Original-equivalent bridge item generated from local textbook coverage signals. No full textbook exercise text is reproduced.
college_alg_fn_012,Let f(x) = 5x + 8. Find f(4).,28,multiple_choice,A:17|B:60|C:12|D:33|E:28,4,alg_functions;prealg_substitution,function_evaluation;substitution,input_output_mapping;linear_function_evaluation,variable_meaning_error;operation_order_error,Substitute x = 4: f(4) = 5(4) + 8 = 20 + 8 = 28.,Algebra 1,Functions and Modeling,college-algebra-01-functions,Functions and Function Notation,5201,college_algebra_stitz_zeager,"local-pdf: College Algebra -- Carl Stitz, Jeff Zeager.pdf; College Algebra 1.3-1.4 Introduction to Functions and Function Notation",Standard,Algebra Readiness,function_evaluation,symbol_evaluation;input_output_mapping,110,Original-equivalent bridge item generated from local textbook coverage signals. No full textbook exercise text is reproduced.
college_alg_fn_013,Let f(x) = 2x + 3. Find f(5).,13,multiple_choice,A:16|B:7|C:15|D:13|E:10,4,alg_functions;prealg_substitution,function_evaluation;substitution,input_output_mapping;linear_function_evaluation,variable_meaning_error;operation_order_error,Substitute x = 5: f(5) = 2(5) + 3 = 10 + 3 = 13.,Algebra 1,Functions and Modeling,college-algebra-01-functions,Functions and Function Notation,5202,college_algebra_stitz_zeager,"local-pdf: College Algebra -- Carl Stitz, Jeff Zeager.pdf; College Algebra 1.3-1.4 Introduction to Functions and Function Notation",Honors,Algebra Readiness,function_evaluation,symbol_evaluation;input_output_mapping,110,Original-equivalent bridge item generated from local textbook coverage signals. No full textbook exercise text is reproduced.
college_alg_fn_014,Let f(x) = 3x + 4. Find f(6).,22,multiple_choice,A:14|B:25|C:22|D:13|E:30,4,alg_functions;prealg_substitution,function_evaluation;substitution,input_output_mapping;linear_function_evaluation,variable_meaning_error;operation_order_error,Substitute x = 6: f(6) = 3(6) + 4 = 18 + 4 = 22.,Algebra 1,Functions and Modeling,college-algebra-01-functions,Functions and Function Notation,5203,college_algebra_stitz_zeager,"local-pdf: College Algebra -- Carl Stitz, Jeff Zeager.pdf; College Algebra 1.3-1.4 Introduction to Functions and Function Notation",Honors,Algebra Readiness,function_evaluation,symbol_evaluation;input_output_mapping,110,Original-equivalent bridge item generated from local textbook coverage signals. No full textbook exercise text is reproduced.
college_alg_fn_015,Let f(x) = 4x + 5. Find f(7).,33,multiple_choice,A:37|B:33|C:16|D:48|E:23,4,alg_functions;prealg_substitution,function_evaluation;substitution,input_output_mapping;linear_function_evaluation,variable_meaning_error;operation_order_error,Substitute x = 7: f(7) = 4(7) + 5 = 28 + 5 = 33.,Algebra 1,Functions and Modeling,college-algebra-01-functions,Functions and Function Notation,5204,college_algebra_stitz_zeager,"local-pdf: College Algebra -- Carl Stitz, Jeff Zeager.pdf; College Algebra 1.3-1.4 Introduction to Functions and Function Notation",Honors,Algebra Readiness,function_evaluation,symbol_evaluation;input_output_mapping,110,Original-equivalent bridge item generated from local textbook coverage signals. No full textbook exercise text is reproduced.
college_alg_fn_016,Let f(x) = 5x + 6. Find f(8).,46,multiple_choice,A:46|B:19|C:70|D:34|E:51,4,alg_functions;prealg_substitution,function_evaluation;substitution,input_output_mapping;linear_function_evaluation,variable_meaning_error;operation_order_error,Substitute x = 8: f(8) = 5(8) + 6 = 40 + 6 = 46.,Algebra 1,Functions and Modeling,college-algebra-01-functions,Functions and Function Notation,5205,college_algebra_stitz_zeager,"local-pdf: College Algebra -- Carl Stitz, Jeff Zeager.pdf; College Algebra 1.3-1.4 Introduction to Functions and Function Notation",Honors,Algebra Readiness,function_evaluation,symbol_evaluation;input_output_mapping,110,Original-equivalent bridge item generated from local textbook coverage signals. No full textbook exercise text is reproduced.
college_alg_fn_017,Let f(x) = 2x + 7. Find f(1).,9,multiple_choice,A:10|B:16|C:-5|D:11|E:9,4,alg_functions;prealg_substitution,function_evaluation;substitution,input_output_mapping;linear_function_evaluation,variable_meaning_error;operation_order_error,Substitute x = 1: f(1) = 2(1) + 7 = 2 + 7 = 9.,Algebra 1,Functions and Modeling,college-algebra-01-functions,Functions and Function Notation,5206,college_algebra_stitz_zeager,"local-pdf: College Algebra -- Carl Stitz, Jeff Zeager.pdf; College Algebra 1.3-1.4 Introduction to Functions and Function Notation",Honors,Algebra Readiness,function_evaluation,symbol_evaluation;input_output_mapping,110,Original-equivalent bridge item generated from local textbook coverage signals. No full textbook exercise text is reproduced.
college_alg_fn_018,Let f(x) = 3x + 8. Find f(2).,14,multiple_choice,A:30|B:-2|C:17|D:14|E:13,4,alg_functions;prealg_substitution,function_evaluation;substitution,input_output_mapping;linear_function_evaluation,variable_meaning_error;operation_order_error,Substitute x = 2: f(2) = 3(2) + 8 = 6 + 8 = 14.,Algebra 1,Functions and Modeling,college-algebra-01-functions,Functions and Function Notation,5207,college_algebra_stitz_zeager,"local-pdf: College Algebra -- Carl Stitz, Jeff Zeager.pdf; College Algebra 1.3-1.4 Introduction to Functions and Function Notation",Honors,Algebra Readiness,function_evaluation,symbol_evaluation;input_output_mapping,110,Original-equivalent bridge item generated from local textbook coverage signals. No full textbook exercise text is reproduced.
college_alg_fn_019,Let f(x) = 4x + 3. Find f(3).,15,multiple_choice,A:9|B:19|C:15|D:10|E:24,4,alg_functions;prealg_substitution,function_evaluation;substitution,input_output_mapping;linear_function_evaluation,variable_meaning_error;operation_order_error,Substitute x = 3: f(3) = 4(3) + 3 = 12 + 3 = 15.,Algebra 1,Functions and Modeling,college-algebra-01-functions,Functions and Function Notation,5208,college_algebra_stitz_zeager,"local-pdf: College Algebra -- Carl Stitz, Jeff Zeager.pdf; College Algebra 1.3-1.4 Introduction to Functions and Function Notation",Honors,Algebra Readiness,function_evaluation,symbol_evaluation;input_output_mapping,110,Original-equivalent bridge item generated from local textbook coverage signals. No full textbook exercise text is reproduced.
college_alg_fn_020,Let f(x) = 5x + 4. Find f(4).,24,multiple_choice,A:29|B:24|C:13|D:40|E:16,4,alg_functions;prealg_substitution,function_evaluation;substitution,input_output_mapping;linear_function_evaluation,variable_meaning_error;operation_order_error,Substitute x = 4: f(4) = 5(4) + 4 = 20 + 4 = 24.,Algebra 1,Functions and Modeling,college-algebra-01-functions,Functions and Function Notation,5209,college_algebra_stitz_zeager,"local-pdf: College Algebra -- Carl Stitz, Jeff Zeager.pdf; College Algebra 1.3-1.4 Introduction to Functions and Function Notation",Honors,Algebra Readiness,function_evaluation,symbol_evaluation;input_output_mapping,110,Original-equivalent bridge item generated from local textbook coverage signals. No full textbook exercise text is reproduced.
college_alg_fnarith_001,Let f(x) = 2x + 1 and g(x) = 3x - 2. Find (f + g)(1).,4,multiple_choice,A:4|B:8|C:0|D:5|E:6,4,alg_functions;prealg_simplification,function_arithmetic;combining_like_terms,function_combination;symbolic_simplification,sign_error;like_terms_error,"(f + g)(x) = (2x + 1) + (3x - 2) = 5x + -1. At x = 1, the value is 4.",Algebra 1,Functions and Modeling,college-algebra-01-functions,Functions and Function Notation,5260,college_algebra_stitz_zeager,"local-pdf: College Algebra -- Carl Stitz, Jeff Zeager.pdf; College Algebra 1.5 Function Arithmetic",Standard,Algebra Readiness,function_arithmetic,symbolic_fluency;structure_recognition,110,Original-equivalent bridge item generated from local textbook coverage signals. No full textbook exercise text is reproduced.
college_alg_fnarith_002,Let f(x) = 3x + 2 and g(x) = 4x - 3. Find (f + g)(2).,13,multiple_choice,A:19|B:7|C:23|D:16|E:13,4,alg_functions;prealg_simplification,function_arithmetic;combining_like_terms,function_combination;symbolic_simplification,sign_error;like_terms_error,"(f + g)(x) = (3x + 2) + (4x - 3) = 7x + -1. At x = 2, the value is 13.",Algebra 1,Functions and Modeling,college-algebra-01-functions,Functions and Function Notation,5261,college_algebra_stitz_zeager,"local-pdf: College Algebra -- Carl Stitz, Jeff Zeager.pdf; College Algebra 1.5 Function Arithmetic",Standard,Algebra Readiness,function_arithmetic,symbolic_fluency;structure_recognition,110,Original-equivalent bridge item generated from local textbook coverage signals. No full textbook exercise text is reproduced.
college_alg_fnarith_003,Let f(x) = 4x + 3 and g(x) = 5x - 4. Find (f + g)(3).,26,multiple_choice,A:18|B:59|C:30|D:26|E:34,4,alg_functions;prealg_simplification,function_arithmetic;combining_like_terms,function_combination;symbolic_simplification,sign_error;like_terms_error,"(f + g)(x) = (4x + 3) + (5x - 4) = 9x + -1. At x = 3, the value is 26.",Algebra 1,Functions and Modeling,college-algebra-01-functions,Functions and Function Notation,5262,college_algebra_stitz_zeager,"local-pdf: College Algebra -- Carl Stitz, Jeff Zeager.pdf; College Algebra 1.5 Function Arithmetic",Standard,Algebra Readiness,function_arithmetic,symbolic_fluency;structure_recognition,110,Original-equivalent bridge item generated from local textbook coverage signals. No full textbook exercise text is reproduced.
college_alg_fnarith_004,Let f(x) = 5x + 4 and g(x) = 6x - 5. Find (f + g)(4).,43,multiple_choice,A:119|B:48|C:43|D:53|E:33,4,alg_functions;prealg_simplification,function_arithmetic;combining_like_terms,function_combination;symbolic_simplification,sign_error;like_terms_error,"(f + g)(x) = (5x + 4) + (6x - 5) = 11x + -1. At x = 4, the value is 43.",Algebra 1,Functions and Modeling,college-algebra-01-functions,Functions and Function Notation,5263,college_algebra_stitz_zeager,"local-pdf: College Algebra -- Carl Stitz, Jeff Zeager.pdf; College Algebra 1.5 Function Arithmetic",Standard,Algebra Readiness,function_arithmetic,symbolic_fluency;structure_recognition,110,Original-equivalent bridge item generated from local textbook coverage signals. No full textbook exercise text is reproduced.
college_alg_fnarith_005,Let f(x) = 2x + 5 and g(x) = 7x - 2. Find (f + g)(5).,48,multiple_choice,A:50|B:48|C:52|D:72|E:73,4,alg_functions;prealg_simplification,function_arithmetic;combining_like_terms,function_combination;symbolic_simplification,sign_error;like_terms_error,"(f + g)(x) = (2x + 5) + (7x - 2) = 9x + 3. At x = 5, the value is 48.",Algebra 1,Functions and Modeling,college-algebra-01-functions,Functions and Function Notation,5264,college_algebra_stitz_zeager,"local-pdf: College Algebra -- Carl Stitz, Jeff Zeager.pdf; College Algebra 1.5 Function Arithmetic",Standard,Algebra Readiness,function_arithmetic,symbolic_fluency;structure_recognition,110,Original-equivalent bridge item generated from local textbook coverage signals. No full textbook exercise text is reproduced.
college_alg_fnarith_006,Let f(x) = 3x + 6 and g(x) = 3x - 3. Find (f + g)(6).,39,multiple_choice,A:39|B:45|C:54|D:57|E:42,4,alg_functions;prealg_simplification,function_arithmetic;combining_like_terms,function_combination;symbolic_simplification,sign_error;like_terms_error,"(f + g)(x) = (3x + 6) + (3x - 3) = 6x + 3. At x = 6, the value is 39.",Algebra 1,Functions and Modeling,college-algebra-01-functions,Functions and Function Notation,5265,college_algebra_stitz_zeager,"local-pdf: College Algebra -- Carl Stitz, Jeff Zeager.pdf; College Algebra 1.5 Function Arithmetic",Standard,Algebra Readiness,function_arithmetic,symbolic_fluency;structure_recognition,110,Original-equivalent bridge item generated from local textbook coverage signals. No full textbook exercise text is reproduced.
college_alg_fnarith_007,Let f(x) = 4x + 1 and g(x) = 4x - 4. Find (f + g)(7).,53,multiple_choice,A:61|B:32|C:109|D:57|E:53,4,alg_functions;prealg_simplification,function_arithmetic;combining_like_terms,function_combination;symbolic_simplification,sign_error;like_terms_error,"(f + g)(x) = (4x + 1) + (4x - 4) = 8x + -3. At x = 7, the value is 53.",Algebra 1,Functions and Modeling,college-algebra-01-functions,Functions and Function Notation,5266,college_algebra_stitz_zeager,"local-pdf: College Algebra -- Carl Stitz, Jeff Zeager.pdf; College Algebra 1.5 Function Arithmetic",Standard,Algebra Readiness,function_arithmetic,symbolic_fluency;structure_recognition,110,Original-equivalent bridge item generated from local textbook coverage signals. No full textbook exercise text is reproduced.
college_alg_fnarith_008,Let f(x) = 5x + 2 and g(x) = 5x - 5. Find (f + g)(1).,7,multiple_choice,A:-20|B:22|C:12|D:7|E:17,4,alg_functions;prealg_simplification,function_arithmetic;combining_like_terms,function_combination;symbolic_simplification,sign_error;like_terms_error,"(f + g)(x) = (5x + 2) + (5x - 5) = 10x + -3. At x = 1, the value is 7.",Algebra 1,Functions and Modeling,college-algebra-01-functions,Functions and Function Notation,5267,college_algebra_stitz_zeager,"local-pdf: College Algebra -- Carl Stitz, Jeff Zeager.pdf; College Algebra 1.5 Function Arithmetic",Standard,Algebra Readiness,function_arithmetic,symbolic_fluency;structure_recognition,110,Original-equivalent bridge item generated from local textbook coverage signals. No full textbook exercise text is reproduced.
college_alg_fnarith_009,Let f(x) = 2x + 3 and g(x) = 6x - 2. Find (f + g)(2).,17,multiple_choice,A:25|B:19|C:17|D:21|E:24,4,alg_functions;prealg_simplification,function_arithmetic;combining_like_terms,function_combination;symbolic_simplification,sign_error;like_terms_error,"(f + g)(x) = (2x + 3) + (6x - 2) = 8x + 1. At x = 2, the value is 17.",Algebra 1,Functions and Modeling,college-algebra-01-functions,Functions and Function Notation,5268,college_algebra_stitz_zeager,"local-pdf: College Algebra -- Carl Stitz, Jeff Zeager.pdf; College Algebra 1.5 Function Arithmetic",Standard,Algebra Readiness,function_arithmetic,symbolic_fluency;structure_recognition,110,Original-equivalent bridge item generated from local textbook coverage signals. No full textbook exercise text is reproduced.
college_alg_fnarith_010,Let f(x) = 3x + 4 and g(x) = 7x - 3. Find (f + g)(3).,31,multiple_choice,A:34|B:31|C:37|D:40|E:64,4,alg_functions;prealg_simplification,function_arithmetic;combining_like_terms,function_combination;symbolic_simplification,sign_error;like_terms_error,"(f + g)(x) = (3x + 4) + (7x - 3) = 10x + 1. At x = 3, the value is 31.",Algebra 1,Functions and Modeling,college-algebra-01-functions,Functions and Function Notation,5269,college_algebra_stitz_zeager,"local-pdf: College Algebra -- Carl Stitz, Jeff Zeager.pdf; College Algebra 1.5 Function Arithmetic",Standard,Algebra Readiness,function_arithmetic,symbolic_fluency;structure_recognition,110,Original-equivalent bridge item generated from local textbook coverage signals. No full textbook exercise text is reproduced.
college_alg_fnarith_011,Let f(x) = 4x + 5 and g(x) = 3x - 4. Find (f + g)(4).,29,multiple_choice,A:29|B:37|C:35|D:49|E:33,4,alg_functions;prealg_simplification,function_arithmetic;combining_like_terms,function_combination;symbolic_simplification,sign_error;like_terms_error,"(f + g)(x) = (4x + 5) + (3x - 4) = 7x + 1. At x = 4, the value is 29.",Algebra 1,Functions and Modeling,college-algebra-01-functions,Functions and Function Notation,5270,college_algebra_stitz_zeager,"local-pdf: College Algebra -- Carl Stitz, Jeff Zeager.pdf; College Algebra 1.5 Function Arithmetic",Standard,Algebra Readiness,function_arithmetic,symbolic_fluency;structure_recognition,110,Original-equivalent bridge item generated from local textbook coverage signals. No full textbook exercise text is reproduced.
college_alg_fnarith_012,Let f(x) = 5x + 6 and g(x) = 4x - 5. Find (f + g)(5).,46,multiple_choice,A:56|B:54|C:101|D:51|E:46,4,alg_functions;prealg_simplification,function_arithmetic;combining_like_terms,function_combination;symbolic_simplification,sign_error;like_terms_error,"(f + g)(x) = (5x + 6) + (4x - 5) = 9x + 1. At x = 5, the value is 46.",Algebra 1,Functions and Modeling,college-algebra-01-functions,Functions and Function Notation,5271,college_algebra_stitz_zeager,"local-pdf: College Algebra -- Carl Stitz, Jeff Zeager.pdf; College Algebra 1.5 Function Arithmetic",Standard,Algebra Readiness,function_arithmetic,symbolic_fluency;structure_recognition,110,Original-equivalent bridge item generated from local textbook coverage signals. No full textbook exercise text is reproduced.
college_alg_fnarith_013,Let f(x) = 2x + 1 and g(x) = 5x - 2. Find (f + g)(6).,41,multiple_choice,A:35|B:59|C:43|D:41|E:45,4,alg_functions;prealg_simplification,function_arithmetic;combining_like_terms,function_combination;symbolic_simplification,sign_error;like_terms_error,"(f + g)(x) = (2x + 1) + (5x - 2) = 7x + -1. At x = 6, the value is 41.",Algebra 1,Functions and Modeling,college-algebra-01-functions,Functions and Function Notation,5272,college_algebra_stitz_zeager,"local-pdf: College Algebra -- Carl Stitz, Jeff Zeager.pdf; College Algebra 1.5 Function Arithmetic",Standard,Algebra Readiness,function_arithmetic,symbolic_fluency;structure_recognition,110,Original-equivalent bridge item generated from local textbook coverage signals. No full textbook exercise text is reproduced.
college_alg_fnarith_014,Let f(x) = 3x + 2 and g(x) = 6x - 3. Find (f + g)(7).,62,multiple_choice,A:125|B:65|C:62|D:68|E:54,4,alg_functions;prealg_simplification,function_arithmetic;combining_like_terms,function_combination;symbolic_simplification,sign_error;like_terms_error,"(f + g)(x) = (3x + 2) + (6x - 3) = 9x + -1. At x = 7, the value is 62.",Algebra 1,Functions and Modeling,college-algebra-01-functions,Functions and Function Notation,5273,college_algebra_stitz_zeager,"local-pdf: College Algebra -- Carl Stitz, Jeff Zeager.pdf; College Algebra 1.5 Function Arithmetic",Standard,Algebra Readiness,function_arithmetic,symbolic_fluency;structure_recognition,110,Original-equivalent bridge item generated from local textbook coverage signals. No full textbook exercise text is reproduced.
college_alg_fnarith_015,Let f(x) = 4x + 3 and g(x) = 7x - 4. Find (f + g)(1).,10,multiple_choice,A:14|B:10|C:18|D:0|E:27,4,alg_functions;prealg_simplification,function_arithmetic;combining_like_terms,function_combination;symbolic_simplification,sign_error;like_terms_error,"(f + g)(x) = (4x + 3) + (7x - 4) = 11x + -1. At x = 1, the value is 10.",Algebra 1,Functions and Modeling,college-algebra-01-functions,Functions and Function Notation,5274,college_algebra_stitz_zeager,"local-pdf: College Algebra -- Carl Stitz, Jeff Zeager.pdf; College Algebra 1.5 Function Arithmetic",Standard,Algebra Readiness,function_arithmetic,symbolic_fluency;structure_recognition,110,Original-equivalent bridge item generated from local textbook coverage signals. No full textbook exercise text is reproduced.
college_alg_fnarith_016,Let f(x) = 5x + 4 and g(x) = 3x - 5. Find (f + g)(2).,15,multiple_choice,A:15|B:25|C:8|D:29|E:20,4,alg_functions;prealg_simplification,function_arithmetic;combining_like_terms,function_combination;symbolic_simplification,sign_error;like_terms_error,"(f + g)(x) = (5x + 4) + (3x - 5) = 8x + -1. At x = 2, the value is 15.",Algebra 1,Functions and Modeling,college-algebra-01-functions,Functions and Function Notation,5275,college_algebra_stitz_zeager,"local-pdf: College Algebra -- Carl Stitz, Jeff Zeager.pdf; College Algebra 1.5 Function Arithmetic",Standard,Algebra Readiness,function_arithmetic,symbolic_fluency;structure_recognition,110,Original-equivalent bridge item generated from local textbook coverage signals. No full textbook exercise text is reproduced.
college_alg_fnarith_017,Let f(x) = 2x + 5 and g(x) = 4x - 2. Find (f + g)(3).,21,multiple_choice,A:25|B:36|C:27|D:23|E:21,4,alg_functions;prealg_simplification,function_arithmetic;combining_like_terms,function_combination;symbolic_simplification,sign_error;like_terms_error,"(f + g)(x) = (2x + 5) + (4x - 2) = 6x + 3. At x = 3, the value is 21.",Algebra 1,Functions and Modeling,college-algebra-01-functions,Functions and Function Notation,5276,college_algebra_stitz_zeager,"local-pdf: College Algebra -- Carl Stitz, Jeff Zeager.pdf; College Algebra 1.5 Function Arithmetic",Standard,Algebra Readiness,function_arithmetic,symbolic_fluency;structure_recognition,110,Original-equivalent bridge item generated from local textbook coverage signals. No full textbook exercise text is reproduced.
college_alg_fnarith_018,Let f(x) = 3x + 6 and g(x) = 5x - 3. Find (f + g)(4).,35,multiple_choice,A:56|B:63|C:38|D:35|E:41,4,alg_functions;prealg_simplification,function_arithmetic;combining_like_terms,function_combination;symbolic_simplification,sign_error;like_terms_error,"(f + g)(x) = (3x + 6) + (5x - 3) = 8x + 3. At x = 4, the value is 35.",Algebra 1,Functions and Modeling,college-algebra-01-functions,Functions and Function Notation,5277,college_algebra_stitz_zeager,"local-pdf: College Algebra -- Carl Stitz, Jeff Zeager.pdf; College Algebra 1.5 Function Arithmetic",Standard,Algebra Readiness,function_arithmetic,symbolic_fluency;structure_recognition,110,Original-equivalent bridge item generated from local textbook coverage signals. No full textbook exercise text is reproduced.
college_alg_fnarith_019,Let f(x) = 4x + 1 and g(x) = 6x - 4. Find (f + g)(5).,47,multiple_choice,A:117|B:51|C:47|D:55|E:20,4,alg_functions;prealg_simplification,function_arithmetic;combining_like_terms,function_combination;symbolic_simplification,sign_error;like_terms_error,"(f + g)(x) = (4x + 1) + (6x - 4) = 10x + -3. At x = 5, the value is 47.",Algebra 1,Functions and Modeling,college-algebra-01-functions,Functions and Function Notation,5278,college_algebra_stitz_zeager,"local-pdf: College Algebra -- Carl Stitz, Jeff Zeager.pdf; College Algebra 1.5 Function Arithmetic",Standard,Algebra Readiness,function_arithmetic,symbolic_fluency;structure_recognition,110,Original-equivalent bridge item generated from local textbook coverage signals. No full textbook exercise text is reproduced.
college_alg_fnarith_020,Let f(x) = 5x + 2 and g(x) = 7x - 5. Find (f + g)(6).,69,multiple_choice,A:74|B:69|C:79|D:36|E:207,4,alg_functions;prealg_simplification,function_arithmetic;combining_like_terms,function_combination;symbolic_simplification,sign_error;like_terms_error,"(f + g)(x) = (5x + 2) + (7x - 5) = 12x + -3. At x = 6, the value is 69.",Algebra 1,Functions and Modeling,college-algebra-01-functions,Functions and Function Notation,5279,college_algebra_stitz_zeager,"local-pdf: College Algebra -- Carl Stitz, Jeff Zeager.pdf; College Algebra 1.5 Function Arithmetic",Standard,Algebra Readiness,function_arithmetic,symbolic_fluency;structure_recognition,110,Original-equivalent bridge item generated from local textbook coverage signals. No full textbook exercise text is reproduced.
college_alg_trans_001,"The point (1, 2) is on y = f(x). Which point is on y = f(x - 2) + 1?","(3,3)",multiple_choice,"A:(3,3)|B:(-1,3)|C:(3,1)|D:(-1,1)|E:(1,3)",4,alg_functions;alg_graphing,function_transformations;coordinate_reasoning,horizontal_shift;vertical_shift,horizontal_shift_direction_error;coordinate_translation_error,"The expression f(x - 2) shifts the graph right 2, and + 1 shifts it up 1. So (1, 2) moves to (3,3).",Algebra 1,Functions and Modeling,college-algebra-05-transformations,Transformations of Functions,5330,college_algebra_stitz_zeager,"local-pdf: College Algebra -- Carl Stitz, Jeff Zeager.pdf; College Algebra 1.7 Transformations",Honors,Algebra Readiness,function_transformation,coordinate_reasoning;structure_recognition,110,Original-equivalent bridge item generated from local textbook coverage signals. No full textbook exercise text is reproduced.
college_alg_trans_002,"The point (2, 3) is on y = f(x). Which point is on y = f(x - 3) + 2?","(5,5)",multiple_choice,"A:(-1,5)|B:(5,1)|C:(-1,1)|D:(2,5)|E:(5,5)",4,alg_functions;alg_graphing,function_transformations;coordinate_reasoning,horizontal_shift;vertical_shift,horizontal_shift_direction_error;coordinate_translation_error,"The expression f(x - 3) shifts the graph right 3, and + 2 shifts it up 2. So (2, 3) moves to (5,5).",Algebra 1,Functions and Modeling,college-algebra-05-transformations,Transformations of Functions,5331,college_algebra_stitz_zeager,"local-pdf: College Algebra -- Carl Stitz, Jeff Zeager.pdf; College Algebra 1.7 Transformations",Honors,Algebra Readiness,function_transformation,coordinate_reasoning;structure_recognition,110,Original-equivalent bridge item generated from local textbook coverage signals. No full textbook exercise text is reproduced.
college_alg_trans_003,"The point (3, 4) is on y = f(x). Which point is on y = f(x - 4) + 3?","(7,7)",multiple_choice,"A:(7,1)|B:(-1,1)|C:(3,7)|D:(7,7)|E:(-1,7)",4,alg_functions;alg_graphing,function_transformations;coordinate_reasoning,horizontal_shift;vertical_shift,horizontal_shift_direction_error;coordinate_translation_error,"The expression f(x - 4) shifts the graph right 4, and + 3 shifts it up 3. So (3, 4) moves to (7,7).",Algebra 1,Functions and Modeling,college-algebra-05-transformations,Transformations of Functions,5332,college_algebra_stitz_zeager,"local-pdf: College Algebra -- Carl Stitz, Jeff Zeager.pdf; College Algebra 1.7 Transformations",Honors,Algebra Readiness,function_transformation,coordinate_reasoning;structure_recognition,110,Original-equivalent bridge item generated from local textbook coverage signals. No full textbook exercise text is reproduced.
college_alg_trans_004,"The point (4, 5) is on y = f(x). Which point is on y = f(x - 5) + 4?","(9,9)",multiple_choice,"A:(-1,1)|B:(4,9)|C:(9,9)|D:(-1,9)|E:(9,1)",4,alg_functions;alg_graphing,function_transformations;coordinate_reasoning,horizontal_shift;vertical_shift,horizontal_shift_direction_error;coordinate_translation_error,"The expression f(x - 5) shifts the graph right 5, and + 4 shifts it up 4. So (4, 5) moves to (9,9).",Algebra 1,Functions and Modeling,college-algebra-05-transformations,Transformations of Functions,5333,college_algebra_stitz_zeager,"local-pdf: College Algebra -- Carl Stitz, Jeff Zeager.pdf; College Algebra 1.7 Transformations",Honors,Algebra Readiness,function_transformation,coordinate_reasoning;structure_recognition,110,Original-equivalent bridge item generated from local textbook coverage signals. No full textbook exercise text is reproduced.
college_alg_trans_005,"The point (5, 6) is on y = f(x). Which point is on y = f(x - 2) + 5?","(7,11)",multiple_choice,"A:(5,11)|B:(7,11)|C:(3,11)|D:(7,1)|E:(3,1)",4,alg_functions;alg_graphing,function_transformations;coordinate_reasoning,horizontal_shift;vertical_shift,horizontal_shift_direction_error;coordinate_translation_error,"The expression f(x - 2) shifts the graph right 2, and + 5 shifts it up 5. So (5, 6) moves to (7,11).",Algebra 1,Functions and Modeling,college-algebra-05-transformations,Transformations of Functions,5334,college_algebra_stitz_zeager,"local-pdf: College Algebra -- Carl Stitz, Jeff Zeager.pdf; College Algebra 1.7 Transformations",Honors,Algebra Readiness,function_transformation,coordinate_reasoning;structure_recognition,110,Original-equivalent bridge item generated from local textbook coverage signals. No full textbook exercise text is reproduced.
college_alg_trans_006,"The point (6, 7) is on y = f(x). Which point is on y = f(x - 3) + 1?","(9,8)",multiple_choice,"A:(9,8)|B:(3,8)|C:(9,6)|D:(3,6)|E:(6,8)",4,alg_functions;alg_graphing,function_transformations;coordinate_reasoning,horizontal_shift;vertical_shift,horizontal_shift_direction_error;coordinate_translation_error,"The expression f(x - 3) shifts the graph right 3, and + 1 shifts it up 1. So (6, 7) moves to (9,8).",Algebra 1,Functions and Modeling,college-algebra-05-transformations,Transformations of Functions,5335,college_algebra_stitz_zeager,"local-pdf: College Algebra -- Carl Stitz, Jeff Zeager.pdf; College Algebra 1.7 Transformations",Honors,Algebra Readiness,function_transformation,coordinate_reasoning;structure_recognition,110,Original-equivalent bridge item generated from local textbook coverage signals. No full textbook exercise text is reproduced.
college_alg_trans_007,"The point (1, 8) is on y = f(x). Which point is on y = f(x - 4) + 2?","(5,10)",multiple_choice,"A:(-3,10)|B:(5,6)|C:(-3,6)|D:(1,10)|E:(5,10)",4,alg_functions;alg_graphing,function_transformations;coordinate_reasoning,horizontal_shift;vertical_shift,horizontal_shift_direction_error;coordinate_translation_error,"The expression f(x - 4) shifts the graph right 4, and + 2 shifts it up 2. So (1, 8) moves to (5,10).",Algebra 1,Functions and Modeling,college-algebra-05-transformations,Transformations of Functions,5336,college_algebra_stitz_zeager,"local-pdf: College Algebra -- Carl Stitz, Jeff Zeager.pdf; College Algebra 1.7 Transformations",Honors,Algebra Readiness,function_transformation,coordinate_reasoning;structure_recognition,110,Original-equivalent bridge item generated from local textbook coverage signals. No full textbook exercise text is reproduced.
college_alg_trans_008,"The point (2, 2) is on y = f(x). Which point is on y = f(x - 5) + 3?","(7,5)",multiple_choice,"A:(7,-1)|B:(-3,-1)|C:(2,5)|D:(7,5)|E:(-3,5)",4,alg_functions;alg_graphing,function_transformations;coordinate_reasoning,horizontal_shift;vertical_shift,horizontal_shift_direction_error;coordinate_translation_error,"The expression f(x - 5) shifts the graph right 5, and + 3 shifts it up 3. So (2, 2) moves to (7,5).",Algebra 1,Functions and Modeling,college-algebra-05-transformations,Transformations of Functions,5337,college_algebra_stitz_zeager,"local-pdf: College Algebra -- Carl Stitz, Jeff Zeager.pdf; College Algebra 1.7 Transformations",Honors,Algebra Readiness,function_transformation,coordinate_reasoning;structure_recognition,110,Original-equivalent bridge item generated from local textbook coverage signals. No full textbook exercise text is reproduced.
college_alg_trans_009,"The point (3, 3) is on y = f(x). Which point is on y = f(x - 2) + 4?","(5,7)",multiple_choice,"A:(1,-1)|B:(3,7)|C:(5,7)|D:(1,7)|E:(5,-1)",4,alg_functions;alg_graphing,function_transformations;coordinate_reasoning,horizontal_shift;vertical_shift,horizontal_shift_direction_error;coordinate_translation_error,"The expression f(x - 2) shifts the graph right 2, and + 4 shifts it up 4. So (3, 3) moves to (5,7).",Algebra 1,Functions and Modeling,college-algebra-05-transformations,Transformations of Functions,5338,college_algebra_stitz_zeager,"local-pdf: College Algebra -- Carl Stitz, Jeff Zeager.pdf; College Algebra 1.7 Transformations",Honors,Algebra Readiness,function_transformation,coordinate_reasoning;structure_recognition,110,Original-equivalent bridge item generated from local textbook coverage signals. No full textbook exercise text is reproduced.
college_alg_trans_010,"The point (4, 4) is on y = f(x). Which point is on y = f(x - 3) + 5?","(7,9)",multiple_choice,"A:(4,9)|B:(7,9)|C:(1,9)|D:(7,-1)|E:(1,-1)",4,alg_functions;alg_graphing,function_transformations;coordinate_reasoning,horizontal_shift;vertical_shift,horizontal_shift_direction_error;coordinate_translation_error,"The expression f(x - 3) shifts the graph right 3, and + 5 shifts it up 5. So (4, 4) moves to (7,9).",Algebra 1,Functions and Modeling,college-algebra-05-transformations,Transformations of Functions,5339,college_algebra_stitz_zeager,"local-pdf: College Algebra -- Carl Stitz, Jeff Zeager.pdf; College Algebra 1.7 Transformations",Honors,Algebra Readiness,function_transformation,coordinate_reasoning;structure_recognition,110,Original-equivalent bridge item generated from local textbook coverage signals. No full textbook exercise text is reproduced.
college_alg_trans_011,"The point (5, 5) is on y = f(x). Which point is on y = f(x - 4) + 1?","(9,6)",multiple_choice,"A:(9,6)|B:(1,6)|C:(9,4)|D:(1,4)|E:(5,6)",4,alg_functions;alg_graphing,function_transformations;coordinate_reasoning,horizontal_shift;vertical_shift,horizontal_shift_direction_error;coordinate_translation_error,"The expression f(x - 4) shifts the graph right 4, and + 1 shifts it up 1. So (5, 5) moves to (9,6).",Algebra 1,Functions and Modeling,college-algebra-05-transformations,Transformations of Functions,5340,college_algebra_stitz_zeager,"local-pdf: College Algebra -- Carl Stitz, Jeff Zeager.pdf; College Algebra 1.7 Transformations",Honors,Algebra Readiness,function_transformation,coordinate_reasoning;structure_recognition,110,Original-equivalent bridge item generated from local textbook coverage signals. No full textbook exercise text is reproduced.
college_alg_trans_012,"The point (6, 6) is on y = f(x). Which point is on y = f(x - 5) + 2?","(11,8)",multiple_choice,"A:(1,8)|B:(11,4)|C:(1,4)|D:(6,8)|E:(11,8)",4,alg_functions;alg_graphing,function_transformations;coordinate_reasoning,horizontal_shift;vertical_shift,horizontal_shift_direction_error;coordinate_translation_error,"The expression f(x - 5) shifts the graph right 5, and + 2 shifts it up 2. So (6, 6) moves to (11,8).",Algebra 1,Functions and Modeling,college-algebra-05-transformations,Transformations of Functions,5341,college_algebra_stitz_zeager,"local-pdf: College Algebra -- Carl Stitz, Jeff Zeager.pdf; College Algebra 1.7 Transformations",Honors,Algebra Readiness,function_transformation,coordinate_reasoning;structure_recognition,110,Original-equivalent bridge item generated from local textbook coverage signals. No full textbook exercise text is reproduced.
college_alg_trans_013,"The point (1, 7) is on y = f(x). Which point is on y = f(x - 2) + 3?","(3,10)",multiple_choice,"A:(3,4)|B:(-1,4)|C:(1,10)|D:(3,10)|E:(-1,10)",4,alg_functions;alg_graphing,function_transformations;coordinate_reasoning,horizontal_shift;vertical_shift,horizontal_shift_direction_error;coordinate_translation_error,"The expression f(x - 2) shifts the graph right 2, and + 3 shifts it up 3. So (1, 7) moves to (3,10).",Algebra 1,Functions and Modeling,college-algebra-05-transformations,Transformations of Functions,5342,college_algebra_stitz_zeager,"local-pdf: College Algebra -- Carl Stitz, Jeff Zeager.pdf; College Algebra 1.7 Transformations",Honors,Algebra Readiness,function_transformation,coordinate_reasoning;structure_recognition,110,Original-equivalent bridge item generated from local textbook coverage signals. No full textbook exercise text is reproduced.
college_alg_trans_014,"The point (2, 8) is on y = f(x). Which point is on y = f(x - 3) + 4?","(5,12)",multiple_choice,"A:(-1,4)|B:(2,12)|C:(5,12)|D:(-1,12)|E:(5,4)",4,alg_functions;alg_graphing,function_transformations;coordinate_reasoning,horizontal_shift;vertical_shift,horizontal_shift_direction_error;coordinate_translation_error,"The expression f(x - 3) shifts the graph right 3, and + 4 shifts it up 4. So (2, 8) moves to (5,12).",Algebra 1,Functions and Modeling,college-algebra-05-transformations,Transformations of Functions,5343,college_algebra_stitz_zeager,"local-pdf: College Algebra -- Carl Stitz, Jeff Zeager.pdf; College Algebra 1.7 Transformations",Honors,Algebra Readiness,function_transformation,coordinate_reasoning;structure_recognition,110,Original-equivalent bridge item generated from local textbook coverage signals. No full textbook exercise text is reproduced.
college_alg_trans_015,"The point (3, 2) is on y = f(x). Which point is on y = f(x - 4) + 5?","(7,7)",multiple_choice,"A:(3,7)|B:(7,7)|C:(-1,7)|D:(7,-3)|E:(-1,-3)",4,alg_functions;alg_graphing,function_transformations;coordinate_reasoning,horizontal_shift;vertical_shift,horizontal_shift_direction_error;coordinate_translation_error,"The expression f(x - 4) shifts the graph right 4, and + 5 shifts it up 5. So (3, 2) moves to (7,7).",Algebra 1,Functions and Modeling,college-algebra-05-transformations,Transformations of Functions,5344,college_algebra_stitz_zeager,"local-pdf: College Algebra -- Carl Stitz, Jeff Zeager.pdf; College Algebra 1.7 Transformations",Honors,Algebra Readiness,function_transformation,coordinate_reasoning;structure_recognition,110,Original-equivalent bridge item generated from local textbook coverage signals. No full textbook exercise text is reproduced.
college_alg_trans_016,"The point (4, 3) is on y = f(x). Which point is on y = f(x - 5) + 1?","(9,4)",multiple_choice,"A:(9,4)|B:(-1,4)|C:(9,2)|D:(-1,2)|E:(4,4)",4,alg_functions;alg_graphing,function_transformations;coordinate_reasoning,horizontal_shift;vertical_shift,horizontal_shift_direction_error;coordinate_translation_error,"The expression f(x - 5) shifts the graph right 5, and + 1 shifts it up 1. So (4, 3) moves to (9,4).",Algebra 1,Functions and Modeling,college-algebra-05-transformations,Transformations of Functions,5345,college_algebra_stitz_zeager,"local-pdf: College Algebra -- Carl Stitz, Jeff Zeager.pdf; College Algebra 1.7 Transformations",Honors,Algebra Readiness,function_transformation,coordinate_reasoning;structure_recognition,110,Original-equivalent bridge item generated from local textbook coverage signals. No full textbook exercise text is reproduced.
college_alg_trans_017,"The point (5, 4) is on y = f(x). Which point is on y = f(x - 2) + 2?","(7,6)",multiple_choice,"A:(3,6)|B:(7,2)|C:(3,2)|D:(5,6)|E:(7,6)",4,alg_functions;alg_graphing,function_transformations;coordinate_reasoning,horizontal_shift;vertical_shift,horizontal_shift_direction_error;coordinate_translation_error,"The expression f(x - 2) shifts the graph right 2, and + 2 shifts it up 2. So (5, 4) moves to (7,6).",Algebra 1,Functions and Modeling,college-algebra-05-transformations,Transformations of Functions,5346,college_algebra_stitz_zeager,"local-pdf: College Algebra -- Carl Stitz, Jeff Zeager.pdf; College Algebra 1.7 Transformations",Honors,Algebra Readiness,function_transformation,coordinate_reasoning;structure_recognition,110,Original-equivalent bridge item generated from local textbook coverage signals. No full textbook exercise text is reproduced.
college_alg_trans_018,"The point (6, 5) is on y = f(x). Which point is on y = f(x - 3) + 3?","(9,8)",multiple_choice,"A:(9,2)|B:(3,2)|C:(6,8)|D:(9,8)|E:(3,8)",4,alg_functions;alg_graphing,function_transformations;coordinate_reasoning,horizontal_shift;vertical_shift,horizontal_shift_direction_error;coordinate_translation_error,"The expression f(x - 3) shifts the graph right 3, and + 3 shifts it up 3. So (6, 5) moves to (9,8).",Algebra 1,Functions and Modeling,college-algebra-05-transformations,Transformations of Functions,5347,college_algebra_stitz_zeager,"local-pdf: College Algebra -- Carl Stitz, Jeff Zeager.pdf; College Algebra 1.7 Transformations",Honors,Algebra Readiness,function_transformation,coordinate_reasoning;structure_recognition,110,Original-equivalent bridge item generated from local textbook coverage signals. No full textbook exercise text is reproduced.
college_alg_trans_019,"The point (1, 6) is on y = f(x). Which point is on y = f(x - 4) + 4?","(5,10)",multiple_choice,"A:(-3,2)|B:(1,10)|C:(5,10)|D:(-3,10)|E:(5,2)",4,alg_functions;alg_graphing,function_transformations;coordinate_reasoning,horizontal_shift;vertical_shift,horizontal_shift_direction_error;coordinate_translation_error,"The expression f(x - 4) shifts the graph right 4, and + 4 shifts it up 4. So (1, 6) moves to (5,10).",Algebra 1,Functions and Modeling,college-algebra-05-transformations,Transformations of Functions,5348,college_algebra_stitz_zeager,"local-pdf: College Algebra -- Carl Stitz, Jeff Zeager.pdf; College Algebra 1.7 Transformations",Honors,Algebra Readiness,function_transformation,coordinate_reasoning;structure_recognition,110,Original-equivalent bridge item generated from local textbook coverage signals. No full textbook exercise text is reproduced.
college_alg_trans_020,"The point (2, 7) is on y = f(x). Which point is on y = f(x - 5) + 5?","(7,12)",multiple_choice,"A:(2,12)|B:(7,12)|C:(-3,12)|D:(7,2)|E:(-3,2)",4,alg_functions;alg_graphing,function_transformations;coordinate_reasoning,horizontal_shift;vertical_shift,horizontal_shift_direction_error;coordinate_translation_error,"The expression f(x - 5) shifts the graph right 5, and + 5 shifts it up 5. So (2, 7) moves to (7,12).",Algebra 1,Functions and Modeling,college-algebra-05-transformations,Transformations of Functions,5349,college_algebra_stitz_zeager,"local-pdf: College Algebra -- Carl Stitz, Jeff Zeager.pdf; College Algebra 1.7 Transformations",Honors,Algebra Readiness,function_transformation,coordinate_reasoning;structure_recognition,110,Original-equivalent bridge item generated from local textbook coverage signals. No full textbook exercise text is reproduced.
college_alg_line_001,"Find the slope-intercept form of the line with slope 2 passing through (1, 3).",2x+1,multiple_choice,A:2x+1|B:2x+3|C:1x+1|D:2x-3|E:5x,4,alg_graphing;alg_linear_equations;alg_functions,slope_intercept_form;substitution,linear_modeling;coordinate_reasoning,slope_intercept_confusion;substitution_error,"Use y = mx + b. Substitute (1, 3): 3 = 2(1) + b, so b = 1. The line is y = 2x+1.",Algebra 1,Linear Equations and Functions,college-algebra-02-linear-functions,Linear Functions,5380,college_algebra_stitz_zeager,"local-pdf: College Algebra -- Carl Stitz, Jeff Zeager.pdf; College Algebra 2.1 Linear Functions",Standard,Algebra Readiness,linear_function_modeling,coordinate_reasoning;formula_selection,110,Original-equivalent bridge item generated from local textbook coverage signals. No full textbook exercise text is reproduced.
college_alg_line_002,"Find the slope-intercept form of the line with slope 3 passing through (2, 4).",3x-2,multiple_choice,A:3x+4|B:2x+-2|C:3x-4|D:7x|E:3x-2,4,alg_graphing;alg_linear_equations;alg_functions,slope_intercept_form;substitution,linear_modeling;coordinate_reasoning,slope_intercept_confusion;substitution_error,"Use y = mx + b. Substitute (2, 4): 4 = 3(2) + b, so b = -2. The line is y = 3x-2.",Algebra 1,Linear Equations and Functions,college-algebra-02-linear-functions,Linear Functions,5381,college_algebra_stitz_zeager,"local-pdf: College Algebra -- Carl Stitz, Jeff Zeager.pdf; College Algebra 2.1 Linear Functions",Standard,Algebra Readiness,linear_function_modeling,coordinate_reasoning;formula_selection,110,Original-equivalent bridge item generated from local textbook coverage signals. No full textbook exercise text is reproduced.
college_alg_line_003,"Find the slope-intercept form of the line with slope 4 passing through (3, 5).",4x-7,multiple_choice,A:3x+-7|B:4x-5|C:9x|D:4x-7|E:4x+5,4,alg_graphing;alg_linear_equations;alg_functions,slope_intercept_form;substitution,linear_modeling;coordinate_reasoning,slope_intercept_confusion;substitution_error,"Use y = mx + b. Substitute (3, 5): 5 = 4(3) + b, so b = -7. The line is y = 4x-7.",Algebra 1,Linear Equations and Functions,college-algebra-02-linear-functions,Linear Functions,5382,college_algebra_stitz_zeager,"local-pdf: College Algebra -- Carl Stitz, Jeff Zeager.pdf; College Algebra 2.1 Linear Functions",Standard,Algebra Readiness,linear_function_modeling,coordinate_reasoning;formula_selection,110,Original-equivalent bridge item generated from local textbook coverage signals. No full textbook exercise text is reproduced.
college_alg_line_004,"Find the slope-intercept form of the line with slope 5 passing through (4, 6).",5x-14,multiple_choice,A:5x-6|B:11x|C:5x-14|D:5x+6|E:4x+-14,4,alg_graphing;alg_linear_equations;alg_functions,slope_intercept_form;substitution,linear_modeling;coordinate_reasoning,slope_intercept_confusion;substitution_error,"Use y = mx + b. Substitute (4, 6): 6 = 5(4) + b, so b = -14. The line is y = 5x-14.",Algebra 1,Linear Equations and Functions,college-algebra-02-linear-functions,Linear Functions,5383,college_algebra_stitz_zeager,"local-pdf: College Algebra -- Carl Stitz, Jeff Zeager.pdf; College Algebra 2.1 Linear Functions",Standard,Algebra Readiness,linear_function_modeling,coordinate_reasoning;formula_selection,110,Original-equivalent bridge item generated from local textbook coverage signals. No full textbook exercise text is reproduced.
college_alg_line_005,"Find the slope-intercept form of the line with slope 6 passing through (1, 7).",6x+1,multiple_choice,A:13x|B:6x+1|C:6x+7|D:1x+1|E:6x-7,4,alg_graphing;alg_linear_equations;alg_functions,slope_intercept_form;substitution,linear_modeling;coordinate_reasoning,slope_intercept_confusion;substitution_error,"Use y = mx + b. Substitute (1, 7): 7 = 6(1) + b, so b = 1. The line is y = 6x+1.",Algebra 1,Linear Equations and Functions,college-algebra-02-linear-functions,Linear Functions,5384,college_algebra_stitz_zeager,"local-pdf: College Algebra -- Carl Stitz, Jeff Zeager.pdf; College Algebra 2.1 Linear Functions",Standard,Algebra Readiness,linear_function_modeling,coordinate_reasoning;formula_selection,110,Original-equivalent bridge item generated from local textbook coverage signals. No full textbook exercise text is reproduced.
college_alg_line_006,"Find the slope-intercept form of the line with slope 2 passing through (2, 8).",2x+4,multiple_choice,A:2x+4|B:2x+8|C:2x-8|D:10x|E:2x+4+5,4,alg_graphing;alg_linear_equations;alg_functions,slope_intercept_form;substitution,linear_modeling;coordinate_reasoning,slope_intercept_confusion;substitution_error,"Use y = mx + b. Substitute (2, 8): 8 = 2(2) + b, so b = 4. The line is y = 2x+4.",Algebra 1,Linear Equations and Functions,college-algebra-02-linear-functions,Linear Functions,5385,college_algebra_stitz_zeager,"local-pdf: College Algebra -- Carl Stitz, Jeff Zeager.pdf; College Algebra 2.1 Linear Functions",Standard,Algebra Readiness,linear_function_modeling,coordinate_reasoning;formula_selection,110,Original-equivalent bridge item generated from local textbook coverage signals. No full textbook exercise text is reproduced.
college_alg_line_007,"Find the slope-intercept form of the line with slope 3 passing through (3, 3).",3x-6,multiple_choice,A:3x+3|B:3x+-6|C:3x-3|D:6x|E:3x-6,4,alg_graphing;alg_linear_equations;alg_functions,slope_intercept_form;substitution,linear_modeling;coordinate_reasoning,slope_intercept_confusion;substitution_error,"Use y = mx + b. Substitute (3, 3): 3 = 3(3) + b, so b = -6. The line is y = 3x-6.",Algebra 1,Linear Equations and Functions,college-algebra-02-linear-functions,Linear Functions,5386,college_algebra_stitz_zeager,"local-pdf: College Algebra -- Carl Stitz, Jeff Zeager.pdf; College Algebra 2.1 Linear Functions",Standard,Algebra Readiness,linear_function_modeling,coordinate_reasoning;formula_selection,110,Original-equivalent bridge item generated from local textbook coverage signals. No full textbook exercise text is reproduced.
college_alg_line_008,"Find the slope-intercept form of the line with slope 4 passing through (4, 4).",4x-12,multiple_choice,A:4x+-12|B:4x-4|C:8x|D:4x-12|E:4x+4,4,alg_graphing;alg_linear_equations;alg_functions,slope_intercept_form;substitution,linear_modeling;coordinate_reasoning,slope_intercept_confusion;substitution_error,"Use y = mx + b. Substitute (4, 4): 4 = 4(4) + b, so b = -12. The line is y = 4x-12.",Algebra 1,Linear Equations and Functions,college-algebra-02-linear-functions,Linear Functions,5387,college_algebra_stitz_zeager,"local-pdf: College Algebra -- Carl Stitz, Jeff Zeager.pdf; College Algebra 2.1 Linear Functions",Standard,Algebra Readiness,linear_function_modeling,coordinate_reasoning;formula_selection,110,Original-equivalent bridge item generated from local textbook coverage signals. No full textbook exercise text is reproduced.
college_alg_line_009,"Find the slope-intercept form of the line with slope 5 passing through (1, 5).",5x,multiple_choice,A:5x-5|B:10x|C:5x|D:5x+5|E:1x+0,4,alg_graphing;alg_linear_equations;alg_functions,slope_intercept_form;substitution,linear_modeling;coordinate_reasoning,slope_intercept_confusion;substitution_error,"Use y = mx + b. Substitute (1, 5): 5 = 5(1) + b, so b = 0. The line is y = 5x.",Algebra 1,Linear Equations and Functions,college-algebra-02-linear-functions,Linear Functions,5388,college_algebra_stitz_zeager,"local-pdf: College Algebra -- Carl Stitz, Jeff Zeager.pdf; College Algebra 2.1 Linear Functions",Standard,Algebra Readiness,linear_function_modeling,coordinate_reasoning;formula_selection,110,Original-equivalent bridge item generated from local textbook coverage signals. No full textbook exercise text is reproduced.
college_alg_line_010,"Find the slope-intercept form of the line with slope 6 passing through (2, 6).",6x-6,multiple_choice,A:6x-6+5|B:6x-6|C:6x+6|D:2x+-6|E:12x,4,alg_graphing;alg_linear_equations;alg_functions,slope_intercept_form;substitution,linear_modeling;coordinate_reasoning,slope_intercept_confusion;substitution_error,"Use y = mx + b. Substitute (2, 6): 6 = 6(2) + b, so b = -6. The line is y = 6x-6.",Algebra 1,Linear Equations and Functions,college-algebra-02-linear-functions,Linear Functions,5389,college_algebra_stitz_zeager,"local-pdf: College Algebra -- Carl Stitz, Jeff Zeager.pdf; College Algebra 2.1 Linear Functions",Standard,Algebra Readiness,linear_function_modeling,coordinate_reasoning;formula_selection,110,Original-equivalent bridge item generated from local textbook coverage signals. No full textbook exercise text is reproduced.
college_alg_line_011,"Find the slope-intercept form of the line with slope 2 passing through (3, 7).",2x+1,multiple_choice,A:2x+1|B:2x+7|C:3x+1|D:2x-7|E:9x,4,alg_graphing;alg_linear_equations;alg_functions,slope_intercept_form;substitution,linear_modeling;coordinate_reasoning,slope_intercept_confusion;substitution_error,"Use y = mx + b. Substitute (3, 7): 7 = 2(3) + b, so b = 1. The line is y = 2x+1.",Algebra 1,Linear Equations and Functions,college-algebra-02-linear-functions,Linear Functions,5390,college_algebra_stitz_zeager,"local-pdf: College Algebra -- Carl Stitz, Jeff Zeager.pdf; College Algebra 2.1 Linear Functions",Standard,Algebra Readiness,linear_function_modeling,coordinate_reasoning;formula_selection,110,Original-equivalent bridge item generated from local textbook coverage signals. No full textbook exercise text is reproduced.
college_alg_line_012,"Find the slope-intercept form of the line with slope 3 passing through (4, 8).",3x-4,multiple_choice,A:3x+8|B:4x+-4|C:3x-8|D:11x|E:3x-4,4,alg_graphing;alg_linear_equations;alg_functions,slope_intercept_form;substitution,linear_modeling;coordinate_reasoning,slope_intercept_confusion;substitution_error,"Use y = mx + b. Substitute (4, 8): 8 = 3(4) + b, so b = -4. The line is y = 3x-4.",Algebra 1,Linear Equations and Functions,college-algebra-02-linear-functions,Linear Functions,5391,college_algebra_stitz_zeager,"local-pdf: College Algebra -- Carl Stitz, Jeff Zeager.pdf; College Algebra 2.1 Linear Functions",Standard,Algebra Readiness,linear_function_modeling,coordinate_reasoning;formula_selection,110,Original-equivalent bridge item generated from local textbook coverage signals. No full textbook exercise text is reproduced.
college_alg_line_013,"Find the slope-intercept form of the line with slope 4 passing through (1, 3).",4x-1,multiple_choice,A:1x+-1|B:4x-3|C:7x|D:4x-1|E:4x+3,4,alg_graphing;alg_linear_equations;alg_functions,slope_intercept_form;substitution,linear_modeling;coordinate_reasoning,slope_intercept_confusion;substitution_error,"Use y = mx + b. Substitute (1, 3): 3 = 4(1) + b, so b = -1. The line is y = 4x-1.",Algebra 1,Linear Equations and Functions,college-algebra-02-linear-functions,Linear Functions,5392,college_algebra_stitz_zeager,"local-pdf: College Algebra -- Carl Stitz, Jeff Zeager.pdf; College Algebra 2.1 Linear Functions",Standard,Algebra Readiness,linear_function_modeling,coordinate_reasoning;formula_selection,110,Original-equivalent bridge item generated from local textbook coverage signals. No full textbook exercise text is reproduced.
college_alg_line_014,"Find the slope-intercept form of the line with slope 5 passing through (2, 4).",5x-6,multiple_choice,A:5x-4|B:9x|C:5x-6|D:5x+4|E:2x+-6,4,alg_graphing;alg_linear_equations;alg_functions,slope_intercept_form;substitution,linear_modeling;coordinate_reasoning,slope_intercept_confusion;substitution_error,"Use y = mx + b. Substitute (2, 4): 4 = 5(2) + b, so b = -6. The line is y = 5x-6.",Algebra 1,Linear Equations and Functions,college-algebra-02-linear-functions,Linear Functions,5393,college_algebra_stitz_zeager,"local-pdf: College Algebra -- Carl Stitz, Jeff Zeager.pdf; College Algebra 2.1 Linear Functions",Standard,Algebra Readiness,linear_function_modeling,coordinate_reasoning;formula_selection,110,Original-equivalent bridge item generated from local textbook coverage signals. No full textbook exercise text is reproduced.
college_alg_line_015,"Find the slope-intercept form of the line with slope 6 passing through (3, 5).",6x-13,multiple_choice,A:11x|B:6x-13|C:6x+5|D:3x+-13|E:6x-5,4,alg_graphing;alg_linear_equations;alg_functions,slope_intercept_form;substitution,linear_modeling;coordinate_reasoning,slope_intercept_confusion;substitution_error,"Use y = mx + b. Substitute (3, 5): 5 = 6(3) + b, so b = -13. The line is y = 6x-13.",Algebra 1,Linear Equations and Functions,college-algebra-02-linear-functions,Linear Functions,5394,college_algebra_stitz_zeager,"local-pdf: College Algebra -- Carl Stitz, Jeff Zeager.pdf; College Algebra 2.1 Linear Functions",Standard,Algebra Readiness,linear_function_modeling,coordinate_reasoning;formula_selection,110,Original-equivalent bridge item generated from local textbook coverage signals. No full textbook exercise text is reproduced.
college_alg_line_016,"Find the slope-intercept form of the line with slope 2 passing through (4, 6).",2x-2,multiple_choice,A:2x-2|B:2x+6|C:4x+-2|D:2x-6|E:8x,4,alg_graphing;alg_linear_equations;alg_functions,slope_intercept_form;substitution,linear_modeling;coordinate_reasoning,slope_intercept_confusion;substitution_error,"Use y = mx + b. Substitute (4, 6): 6 = 2(4) + b, so b = -2. The line is y = 2x-2.",Algebra 1,Linear Equations and Functions,college-algebra-02-linear-functions,Linear Functions,5395,college_algebra_stitz_zeager,"local-pdf: College Algebra -- Carl Stitz, Jeff Zeager.pdf; College Algebra 2.1 Linear Functions",Standard,Algebra Readiness,linear_function_modeling,coordinate_reasoning;formula_selection,110,Original-equivalent bridge item generated from local textbook coverage signals. No full textbook exercise text is reproduced.
college_alg_line_017,"Find the slope-intercept form of the line with slope 3 passing through (1, 7).",3x+4,multiple_choice,A:3x+7|B:1x+4|C:3x-7|D:10x|E:3x+4,4,alg_graphing;alg_linear_equations;alg_functions,slope_intercept_form;substitution,linear_modeling;coordinate_reasoning,slope_intercept_confusion;substitution_error,"Use y = mx + b. Substitute (1, 7): 7 = 3(1) + b, so b = 4. The line is y = 3x+4.",Algebra 1,Linear Equations and Functions,college-algebra-02-linear-functions,Linear Functions,5396,college_algebra_stitz_zeager,"local-pdf: College Algebra -- Carl Stitz, Jeff Zeager.pdf; College Algebra 2.1 Linear Functions",Standard,Algebra Readiness,linear_function_modeling,coordinate_reasoning;formula_selection,110,Original-equivalent bridge item generated from local textbook coverage signals. No full textbook exercise text is reproduced.
college_alg_line_018,"Find the slope-intercept form of the line with slope 4 passing through (2, 8).",4x,multiple_choice,A:2x+0|B:4x-8|C:12x|D:4x|E:4x+8,4,alg_graphing;alg_linear_equations;alg_functions,slope_intercept_form;substitution,linear_modeling;coordinate_reasoning,slope_intercept_confusion;substitution_error,"Use y = mx + b. Substitute (2, 8): 8 = 4(2) + b, so b = 0. The line is y = 4x.",Algebra 1,Linear Equations and Functions,college-algebra-02-linear-functions,Linear Functions,5397,college_algebra_stitz_zeager,"local-pdf: College Algebra -- Carl Stitz, Jeff Zeager.pdf; College Algebra 2.1 Linear Functions",Standard,Algebra Readiness,linear_function_modeling,coordinate_reasoning;formula_selection,110,Original-equivalent bridge item generated from local textbook coverage signals. No full textbook exercise text is reproduced.
college_alg_line_019,"Find the slope-intercept form of the line with slope 5 passing through (3, 3).",5x-12,multiple_choice,A:5x-3|B:8x|C:5x-12|D:5x+3|E:3x+-12,4,alg_graphing;alg_linear_equations;alg_functions,slope_intercept_form;substitution,linear_modeling;coordinate_reasoning,slope_intercept_confusion;substitution_error,"Use y = mx + b. Substitute (3, 3): 3 = 5(3) + b, so b = -12. The line is y = 5x-12.",Algebra 1,Linear Equations and Functions,college-algebra-02-linear-functions,Linear Functions,5398,college_algebra_stitz_zeager,"local-pdf: College Algebra -- Carl Stitz, Jeff Zeager.pdf; College Algebra 2.1 Linear Functions",Standard,Algebra Readiness,linear_function_modeling,coordinate_reasoning;formula_selection,110,Original-equivalent bridge item generated from local textbook coverage signals. No full textbook exercise text is reproduced.
college_alg_line_020,"Find the slope-intercept form of the line with slope 6 passing through (4, 4).",6x-20,multiple_choice,A:10x|B:6x-20|C:6x+4|D:4x+-20|E:6x-4,4,alg_graphing;alg_linear_equations;alg_functions,slope_intercept_form;substitution,linear_modeling;coordinate_reasoning,slope_intercept_confusion;substitution_error,"Use y = mx + b. Substitute (4, 4): 4 = 6(4) + b, so b = -20. The line is y = 6x-20.",Algebra 1,Linear Equations and Functions,college-algebra-02-linear-functions,Linear Functions,5399,college_algebra_stitz_zeager,"local-pdf: College Algebra -- Carl Stitz, Jeff Zeager.pdf; College Algebra 2.1 Linear Functions",Standard,Algebra Readiness,linear_function_modeling,coordinate_reasoning;formula_selection,110,Original-equivalent bridge item generated from local textbook coverage signals. No full textbook exercise text is reproduced.
college_alg_line2_001,"Find the slope-intercept form of the line through (1, -3) and (3, -1).",1x-4,multiple_choice,A:1x-4|B:1x+-3|C:1x+-4|D:2x+-4|E:1x-1,4,alg_graphing;alg_linear_equations;alg_functions,slope_from_two_points;slope_intercept_form,coordinate_reasoning;linear_modeling,slope_formula_error;intercept_confusion,"The slope is (-1 - -3)/(3 - 1) = 1. Use y = mx + b with (1, -3) to get b = -4.",Algebra 1,Linear Equations and Functions,college-algebra-02-linear-functions,Linear Functions,5450,college_algebra_stitz_zeager,"local-pdf: College Algebra -- Carl Stitz, Jeff Zeager.pdf; College Algebra 2.1 Linear Functions",Standard,Algebra Readiness,linear_function_modeling,coordinate_reasoning;formula_selection,110,Original-equivalent bridge item generated from local textbook coverage signals. No full textbook exercise text is reproduced.
college_alg_line2_002,"Find the slope-intercept form of the line through (2, 1) and (4, 5).",2x-3,multiple_choice,A:2x+1|B:2x+-3|C:3x+-3|D:2x-5|E:2x-3,4,alg_graphing;alg_linear_equations;alg_functions,slope_from_two_points;slope_intercept_form,coordinate_reasoning;linear_modeling,slope_formula_error;intercept_confusion,"The slope is (5 - 1)/(4 - 2) = 2. Use y = mx + b with (2, 1) to get b = -3.",Algebra 1,Linear Equations and Functions,college-algebra-02-linear-functions,Linear Functions,5451,college_algebra_stitz_zeager,"local-pdf: College Algebra -- Carl Stitz, Jeff Zeager.pdf; College Algebra 2.1 Linear Functions",Standard,Algebra Readiness,linear_function_modeling,coordinate_reasoning;formula_selection,110,Original-equivalent bridge item generated from local textbook coverage signals. No full textbook exercise text is reproduced.
college_alg_line2_003,"Find the slope-intercept form of the line through (3, 7) and (5, 13).",3x-2,multiple_choice,A:3x+-2|B:4x+-2|C:3x-13|D:3x-2|E:3x+7,4,alg_graphing;alg_linear_equations;alg_functions,slope_from_two_points;slope_intercept_form,coordinate_reasoning;linear_modeling,slope_formula_error;intercept_confusion,"The slope is (13 - 7)/(5 - 3) = 3. Use y = mx + b with (3, 7) to get b = -2.",Algebra 1,Linear Equations and Functions,college-algebra-02-linear-functions,Linear Functions,5452,college_algebra_stitz_zeager,"local-pdf: College Algebra -- Carl Stitz, Jeff Zeager.pdf; College Algebra 2.1 Linear Functions",Standard,Algebra Readiness,linear_function_modeling,coordinate_reasoning;formula_selection,110,Original-equivalent bridge item generated from local textbook coverage signals. No full textbook exercise text is reproduced.
college_alg_line2_004,"Find the slope-intercept form of the line through (4, 15) and (6, 23).",4x-1,multiple_choice,A:5x+-1|B:4x-23|C:4x-1|D:4x+15|E:4x+-1,4,alg_graphing;alg_linear_equations;alg_functions,slope_from_two_points;slope_intercept_form,coordinate_reasoning;linear_modeling,slope_formula_error;intercept_confusion,"The slope is (23 - 15)/(6 - 4) = 4. Use y = mx + b with (4, 15) to get b = -1.",Algebra 1,Linear Equations and Functions,college-algebra-02-linear-functions,Linear Functions,5453,college_algebra_stitz_zeager,"local-pdf: College Algebra -- Carl Stitz, Jeff Zeager.pdf; College Algebra 2.1 Linear Functions",Standard,Algebra Readiness,linear_function_modeling,coordinate_reasoning;formula_selection,110,Original-equivalent bridge item generated from local textbook coverage signals. No full textbook exercise text is reproduced.
college_alg_line2_005,"Find the slope-intercept form of the line through (1, 5) and (3, 15).",5x,multiple_choice,A:5x-15|B:5x|C:5x+5|D:1x+0|E:6x+0,4,alg_graphing;alg_linear_equations;alg_functions,slope_from_two_points;slope_intercept_form,coordinate_reasoning;linear_modeling,slope_formula_error;intercept_confusion,"The slope is (15 - 5)/(3 - 1) = 5. Use y = mx + b with (1, 5) to get b = 0.",Algebra 1,Linear Equations and Functions,college-algebra-02-linear-functions,Linear Functions,5454,college_algebra_stitz_zeager,"local-pdf: College Algebra -- Carl Stitz, Jeff Zeager.pdf; College Algebra 2.1 Linear Functions",Standard,Algebra Readiness,linear_function_modeling,coordinate_reasoning;formula_selection,110,Original-equivalent bridge item generated from local textbook coverage signals. No full textbook exercise text is reproduced.
college_alg_line2_006,"Find the slope-intercept form of the line through (2, 3) and (4, 5).",1x+1,multiple_choice,A:1x+1|B:1x+3|C:2x+1|D:1x-5|E:1x+1+5,4,alg_graphing;alg_linear_equations;alg_functions,slope_from_two_points;slope_intercept_form,coordinate_reasoning;linear_modeling,slope_formula_error;intercept_confusion,"The slope is (5 - 3)/(4 - 2) = 1. Use y = mx + b with (2, 3) to get b = 1.",Algebra 1,Linear Equations and Functions,college-algebra-02-linear-functions,Linear Functions,5455,college_algebra_stitz_zeager,"local-pdf: College Algebra -- Carl Stitz, Jeff Zeager.pdf; College Algebra 2.1 Linear Functions",Standard,Algebra Readiness,linear_function_modeling,coordinate_reasoning;formula_selection,110,Original-equivalent bridge item generated from local textbook coverage signals. No full textbook exercise text is reproduced.
college_alg_line2_007,"Find the slope-intercept form of the line through (3, 8) and (5, 12).",2x+2,multiple_choice,A:2x+8|B:3x+2|C:2x-12|D:2x+2+5|E:2x+2,4,alg_graphing;alg_linear_equations;alg_functions,slope_from_two_points;slope_intercept_form,coordinate_reasoning;linear_modeling,slope_formula_error;intercept_confusion,"The slope is (12 - 8)/(5 - 3) = 2. Use y = mx + b with (3, 8) to get b = 2.",Algebra 1,Linear Equations and Functions,college-algebra-02-linear-functions,Linear Functions,5456,college_algebra_stitz_zeager,"local-pdf: College Algebra -- Carl Stitz, Jeff Zeager.pdf; College Algebra 2.1 Linear Functions",Standard,Algebra Readiness,linear_function_modeling,coordinate_reasoning;formula_selection,110,Original-equivalent bridge item generated from local textbook coverage signals. No full textbook exercise text is reproduced.
college_alg_line2_008,"Find the slope-intercept form of the line through (4, 8) and (6, 14).",3x-4,multiple_choice,A:4x+-4|B:3x-14|C:3x-4+5|D:3x-4|E:3x+8,4,alg_graphing;alg_linear_equations;alg_functions,slope_from_two_points;slope_intercept_form,coordinate_reasoning;linear_modeling,slope_formula_error;intercept_confusion,"The slope is (14 - 8)/(6 - 4) = 3. Use y = mx + b with (4, 8) to get b = -4.",Algebra 1,Linear Equations and Functions,college-algebra-02-linear-functions,Linear Functions,5457,college_algebra_stitz_zeager,"local-pdf: College Algebra -- Carl Stitz, Jeff Zeager.pdf; College Algebra 2.1 Linear Functions",Standard,Algebra Readiness,linear_function_modeling,coordinate_reasoning;formula_selection,110,Original-equivalent bridge item generated from local textbook coverage signals. No full textbook exercise text is reproduced.
college_alg_line2_009,"Find the slope-intercept form of the line through (1, 1) and (3, 9).",4x-3,multiple_choice,A:5x+-3|B:4x-9|C:4x-3|D:4x+1|E:1x+-3,4,alg_graphing;alg_linear_equations;alg_functions,slope_from_two_points;slope_intercept_form,coordinate_reasoning;linear_modeling,slope_formula_error;intercept_confusion,"The slope is (9 - 1)/(3 - 1) = 4. Use y = mx + b with (1, 1) to get b = -3.",Algebra 1,Linear Equations and Functions,college-algebra-02-linear-functions,Linear Functions,5458,college_algebra_stitz_zeager,"local-pdf: College Algebra -- Carl Stitz, Jeff Zeager.pdf; College Algebra 2.1 Linear Functions",Standard,Algebra Readiness,linear_function_modeling,coordinate_reasoning;formula_selection,110,Original-equivalent bridge item generated from local textbook coverage signals. No full textbook exercise text is reproduced.
college_alg_line2_010,"Find the slope-intercept form of the line through (2, 8) and (4, 18).",5x-2,multiple_choice,A:5x-18|B:5x-2|C:5x+8|D:2x+-2|E:6x+-2,4,alg_graphing;alg_linear_equations;alg_functions,slope_from_two_points;slope_intercept_form,coordinate_reasoning;linear_modeling,slope_formula_error;intercept_confusion,"The slope is (18 - 8)/(4 - 2) = 5. Use y = mx + b with (2, 8) to get b = -2.",Algebra 1,Linear Equations and Functions,college-algebra-02-linear-functions,Linear Functions,5459,college_algebra_stitz_zeager,"local-pdf: College Algebra -- Carl Stitz, Jeff Zeager.pdf; College Algebra 2.1 Linear Functions",Standard,Algebra Readiness,linear_function_modeling,coordinate_reasoning;formula_selection,110,Original-equivalent bridge item generated from local textbook coverage signals. No full textbook exercise text is reproduced.
college_alg_line2_011,"Find the slope-intercept form of the line through (3, 2) and (5, 4).",1x-1,multiple_choice,A:1x-1|B:1x+2|C:3x+-1|D:2x+-1|E:1x-4,4,alg_graphing;alg_linear_equations;alg_functions,slope_from_two_points;slope_intercept_form,coordinate_reasoning;linear_modeling,slope_formula_error;intercept_confusion,"The slope is (4 - 2)/(5 - 3) = 1. Use y = mx + b with (3, 2) to get b = -1.",Algebra 1,Linear Equations and Functions,college-algebra-02-linear-functions,Linear Functions,5460,college_algebra_stitz_zeager,"local-pdf: College Algebra -- Carl Stitz, Jeff Zeager.pdf; College Algebra 2.1 Linear Functions",Standard,Algebra Readiness,linear_function_modeling,coordinate_reasoning;formula_selection,110,Original-equivalent bridge item generated from local textbook coverage signals. No full textbook exercise text is reproduced.
college_alg_line2_012,"Find the slope-intercept form of the line through (4, 8) and (6, 12).",2x,multiple_choice,A:2x+8|B:4x+0|C:3x+0|D:2x-12|E:2x,4,alg_graphing;alg_linear_equations;alg_functions,slope_from_two_points;slope_intercept_form,coordinate_reasoning;linear_modeling,slope_formula_error;intercept_confusion,"The slope is (12 - 8)/(6 - 4) = 2. Use y = mx + b with (4, 8) to get b = 0.",Algebra 1,Linear Equations and Functions,college-algebra-02-linear-functions,Linear Functions,5461,college_algebra_stitz_zeager,"local-pdf: College Algebra -- Carl Stitz, Jeff Zeager.pdf; College Algebra 2.1 Linear Functions",Standard,Algebra Readiness,linear_function_modeling,coordinate_reasoning;formula_selection,110,Original-equivalent bridge item generated from local textbook coverage signals. No full textbook exercise text is reproduced.
college_alg_line2_013,"Find the slope-intercept form of the line through (1, 4) and (3, 10).",3x+1,multiple_choice,A:1x+1|B:4x+1|C:3x-10|D:3x+1|E:3x+4,4,alg_graphing;alg_linear_equations;alg_functions,slope_from_two_points;slope_intercept_form,coordinate_reasoning;linear_modeling,slope_formula_error;intercept_confusion,"The slope is (10 - 4)/(3 - 1) = 3. Use y = mx + b with (1, 4) to get b = 1.",Algebra 1,Linear Equations and Functions,college-algebra-02-linear-functions,Linear Functions,5462,college_algebra_stitz_zeager,"local-pdf: College Algebra -- Carl Stitz, Jeff Zeager.pdf; College Algebra 2.1 Linear Functions",Standard,Algebra Readiness,linear_function_modeling,coordinate_reasoning;formula_selection,110,Original-equivalent bridge item generated from local textbook coverage signals. No full textbook exercise text is reproduced.
college_alg_line2_014,"Find the slope-intercept form of the line through (2, 10) and (4, 18).",4x+2,multiple_choice,A:5x+2|B:4x-18|C:4x+2|D:4x+10|E:2x+2,4,alg_graphing;alg_linear_equations;alg_functions,slope_from_two_points;slope_intercept_form,coordinate_reasoning;linear_modeling,slope_formula_error;intercept_confusion,"The slope is (18 - 10)/(4 - 2) = 4. Use y = mx + b with (2, 10) to get b = 2.",Algebra 1,Linear Equations and Functions,college-algebra-02-linear-functions,Linear Functions,5463,college_algebra_stitz_zeager,"local-pdf: College Algebra -- Carl Stitz, Jeff Zeager.pdf; College Algebra 2.1 Linear Functions",Standard,Algebra Readiness,linear_function_modeling,coordinate_reasoning;formula_selection,110,Original-equivalent bridge item generated from local textbook coverage signals. No full textbook exercise text is reproduced.
college_alg_line2_015,"Find the slope-intercept form of the line through (3, 11) and (5, 21).",5x-4,multiple_choice,A:5x-21|B:5x-4|C:5x+11|D:3x+-4|E:6x+-4,4,alg_graphing;alg_linear_equations;alg_functions,slope_from_two_points;slope_intercept_form,coordinate_reasoning;linear_modeling,slope_formula_error;intercept_confusion,"The slope is (21 - 11)/(5 - 3) = 5. Use y = mx + b with (3, 11) to get b = -4.",Algebra 1,Linear Equations and Functions,college-algebra-02-linear-functions,Linear Functions,5464,college_algebra_stitz_zeager,"local-pdf: College Algebra -- Carl Stitz, Jeff Zeager.pdf; College Algebra 2.1 Linear Functions",Standard,Algebra Readiness,linear_function_modeling,coordinate_reasoning;formula_selection,110,Original-equivalent bridge item generated from local textbook coverage signals. No full textbook exercise text is reproduced.
college_alg_line2_016,"Find the slope-intercept form of the line through (4, 1) and (6, 3).",1x-3,multiple_choice,A:1x-3|B:1x+1|C:4x+-3|D:2x+-3|E:1x-3+5,4,alg_graphing;alg_linear_equations;alg_functions,slope_from_two_points;slope_intercept_form,coordinate_reasoning;linear_modeling,slope_formula_error;intercept_confusion,"The slope is (3 - 1)/(6 - 4) = 1. Use y = mx + b with (4, 1) to get b = -3.",Algebra 1,Linear Equations and Functions,college-algebra-02-linear-functions,Linear Functions,5465,college_algebra_stitz_zeager,"local-pdf: College Algebra -- Carl Stitz, Jeff Zeager.pdf; College Algebra 2.1 Linear Functions",Standard,Algebra Readiness,linear_function_modeling,coordinate_reasoning;formula_selection,110,Original-equivalent bridge item generated from local textbook coverage signals. No full textbook exercise text is reproduced.
college_alg_line2_017,"Find the slope-intercept form of the line through (1, 0) and (3, 4).",2x-2,multiple_choice,A:2x+0|B:1x+-2|C:3x+-2|D:2x-4|E:2x-2,4,alg_graphing;alg_linear_equations;alg_functions,slope_from_two_points;slope_intercept_form,coordinate_reasoning;linear_modeling,slope_formula_error;intercept_confusion,"The slope is (4 - 0)/(3 - 1) = 2. Use y = mx + b with (1, 0) to get b = -2.",Algebra 1,Linear Equations and Functions,college-algebra-02-linear-functions,Linear Functions,5466,college_algebra_stitz_zeager,"local-pdf: College Algebra -- Carl Stitz, Jeff Zeager.pdf; College Algebra 2.1 Linear Functions",Standard,Algebra Readiness,linear_function_modeling,coordinate_reasoning;formula_selection,110,Original-equivalent bridge item generated from local textbook coverage signals. No full textbook exercise text is reproduced.
college_alg_line2_018,"Find the slope-intercept form of the line through (2, 5) and (4, 11).",3x-1,multiple_choice,A:2x+-1|B:4x+-1|C:3x-11|D:3x-1|E:3x+5,4,alg_graphing;alg_linear_equations;alg_functions,slope_from_two_points;slope_intercept_form,coordinate_reasoning;linear_modeling,slope_formula_error;intercept_confusion,"The slope is (11 - 5)/(4 - 2) = 3. Use y = mx + b with (2, 5) to get b = -1.",Algebra 1,Linear Equations and Functions,college-algebra-02-linear-functions,Linear Functions,5467,college_algebra_stitz_zeager,"local-pdf: College Algebra -- Carl Stitz, Jeff Zeager.pdf; College Algebra 2.1 Linear Functions",Standard,Algebra Readiness,linear_function_modeling,coordinate_reasoning;formula_selection,110,Original-equivalent bridge item generated from local textbook coverage signals. No full textbook exercise text is reproduced.
college_alg_line2_019,"Find the slope-intercept form of the line through (3, 12) and (5, 20).",4x,multiple_choice,A:5x+0|B:4x-20|C:4x|D:4x+12|E:3x+0,4,alg_graphing;alg_linear_equations;alg_functions,slope_from_two_points;slope_intercept_form,coordinate_reasoning;linear_modeling,slope_formula_error;intercept_confusion,"The slope is (20 - 12)/(5 - 3) = 4. Use y = mx + b with (3, 12) to get b = 0.",Algebra 1,Linear Equations and Functions,college-algebra-02-linear-functions,Linear Functions,5468,college_algebra_stitz_zeager,"local-pdf: College Algebra -- Carl Stitz, Jeff Zeager.pdf; College Algebra 2.1 Linear Functions",Standard,Algebra Readiness,linear_function_modeling,coordinate_reasoning;formula_selection,110,Original-equivalent bridge item generated from local textbook coverage signals. No full textbook exercise text is reproduced.
college_alg_line2_020,"Find the slope-intercept form of the line through (4, 21) and (6, 31).",5x+1,multiple_choice,A:5x-31|B:5x+1|C:5x+21|D:4x+1|E:6x+1,4,alg_graphing;alg_linear_equations;alg_functions,slope_from_two_points;slope_intercept_form,coordinate_reasoning;linear_modeling,slope_formula_error;intercept_confusion,"The slope is (31 - 21)/(6 - 4) = 5. Use y = mx + b with (4, 21) to get b = 1.",Algebra 1,Linear Equations and Functions,college-algebra-02-linear-functions,Linear Functions,5469,college_algebra_stitz_zeager,"local-pdf: College Algebra -- Carl Stitz, Jeff Zeager.pdf; College Algebra 2.1 Linear Functions",Standard,Algebra Readiness,linear_function_modeling,coordinate_reasoning;formula_selection,110,Original-equivalent bridge item generated from local textbook coverage signals. No full textbook exercise text is reproduced.
college_alg_abs_001,Solve |x - 2| = 3.,"-1,5",multiple_choice,"A:-1,5|B:5|C:-1|D:-5,1|E:1,5",4,arith_absolute_value;alg_linear_equations,absolute_value_equations;case_reasoning,distance_from_center;two_solution_structure,one_solution_error;sign_error,|x - 2| = 3 means x - 2 = 3 or x - 2 = -3. Thus x = 5 or x = -1.,Algebra 1,Linear Equations and Functions,college-algebra-06-absolute-value,Absolute Value Functions and Equations,5520,college_algebra_stitz_zeager,"local-pdf: College Algebra -- Carl Stitz, Jeff Zeager.pdf; College Algebra 2.2 Absolute Value Functions",Standard,Algebra Readiness,absolute_value_equation,case_reasoning;inverse_operations,110,Original-equivalent bridge item generated from local textbook coverage signals. No full textbook exercise text is reproduced.
college_alg_abs_002,Solve |x - 3| = 4.,"-1,7",multiple_choice,"A:7|B:-1|C:-7,1|D:1,7|E:-1,7",4,arith_absolute_value;alg_linear_equations,absolute_value_equations;case_reasoning,distance_from_center;two_solution_structure,one_solution_error;sign_error,|x - 3| = 4 means x - 3 = 4 or x - 3 = -4. Thus x = 7 or x = -1.,Algebra 1,Linear Equations and Functions,college-algebra-06-absolute-value,Absolute Value Functions and Equations,5521,college_algebra_stitz_zeager,"local-pdf: College Algebra -- Carl Stitz, Jeff Zeager.pdf; College Algebra 2.2 Absolute Value Functions",Standard,Algebra Readiness,absolute_value_equation,case_reasoning;inverse_operations,110,Original-equivalent bridge item generated from local textbook coverage signals. No full textbook exercise text is reproduced.
college_alg_abs_003,Solve |x - 4| = 5.,"-1,9",multiple_choice,"A:-1|B:-9,1|C:1,9|D:-1,9|E:9",4,arith_absolute_value;alg_linear_equations,absolute_value_equations;case_reasoning,distance_from_center;two_solution_structure,one_solution_error;sign_error,|x - 4| = 5 means x - 4 = 5 or x - 4 = -5. Thus x = 9 or x = -1.,Algebra 1,Linear Equations and Functions,college-algebra-06-absolute-value,Absolute Value Functions and Equations,5522,college_algebra_stitz_zeager,"local-pdf: College Algebra -- Carl Stitz, Jeff Zeager.pdf; College Algebra 2.2 Absolute Value Functions",Standard,Algebra Readiness,absolute_value_equation,case_reasoning;inverse_operations,110,Original-equivalent bridge item generated from local textbook coverage signals. No full textbook exercise text is reproduced.
college_alg_abs_004,Solve |x - 5| = 6.,"-1,11",multiple_choice,"A:1,11|B:11,-1|C:-1,11|D:11|E:-1",4,arith_absolute_value;alg_linear_equations,absolute_value_equations;case_reasoning,distance_from_center;two_solution_structure,one_solution_error;sign_error,|x - 5| = 6 means x - 5 = 6 or x - 5 = -6. Thus x = 11 or x = -1.,Algebra 1,Linear Equations and Functions,college-algebra-06-absolute-value,Absolute Value Functions and Equations,5523,college_algebra_stitz_zeager,"local-pdf: College Algebra -- Carl Stitz, Jeff Zeager.pdf; College Algebra 2.2 Absolute Value Functions",Standard,Algebra Readiness,absolute_value_equation,case_reasoning;inverse_operations,110,Original-equivalent bridge item generated from local textbook coverage signals. No full textbook exercise text is reproduced.
college_alg_abs_005,Solve |x - 6| = 7.,"-1,13",multiple_choice,"A:1,13|B:-1,13|C:13|D:-1|E:-13,1",4,arith_absolute_value;alg_linear_equations,absolute_value_equations;case_reasoning,distance_from_center;two_solution_structure,one_solution_error;sign_error,|x - 6| = 7 means x - 6 = 7 or x - 6 = -7. Thus x = 13 or x = -1.,Algebra 1,Linear Equations and Functions,college-algebra-06-absolute-value,Absolute Value Functions and Equations,5524,college_algebra_stitz_zeager,"local-pdf: College Algebra -- Carl Stitz, Jeff Zeager.pdf; College Algebra 2.2 Absolute Value Functions",Standard,Algebra Readiness,absolute_value_equation,case_reasoning;inverse_operations,110,Original-equivalent bridge item generated from local textbook coverage signals. No full textbook exercise text is reproduced.
college_alg_abs_006,Solve |x - 7| = 3.,"4,10",multiple_choice,"A:4,10|B:10|C:4|D:-10,-4|E:-4,10",4,arith_absolute_value;alg_linear_equations,absolute_value_equations;case_reasoning,distance_from_center;two_solution_structure,one_solution_error;sign_error,|x - 7| = 3 means x - 7 = 3 or x - 7 = -3. Thus x = 10 or x = 4.,Algebra 1,Linear Equations and Functions,college-algebra-06-absolute-value,Absolute Value Functions and Equations,5525,college_algebra_stitz_zeager,"local-pdf: College Algebra -- Carl Stitz, Jeff Zeager.pdf; College Algebra 2.2 Absolute Value Functions",Standard,Algebra Readiness,absolute_value_equation,case_reasoning;inverse_operations,110,Original-equivalent bridge item generated from local textbook coverage signals. No full textbook exercise text is reproduced.
college_alg_abs_007,Solve |x - 8| = 4.,"4,12",multiple_choice,"A:12|B:4|C:-12,-4|D:-4,12|E:4,12",4,arith_absolute_value;alg_linear_equations,absolute_value_equations;case_reasoning,distance_from_center;two_solution_structure,one_solution_error;sign_error,|x - 8| = 4 means x - 8 = 4 or x - 8 = -4. Thus x = 12 or x = 4.,Algebra 1,Linear Equations and Functions,college-algebra-06-absolute-value,Absolute Value Functions and Equations,5526,college_algebra_stitz_zeager,"local-pdf: College Algebra -- Carl Stitz, Jeff Zeager.pdf; College Algebra 2.2 Absolute Value Functions",Standard,Algebra Readiness,absolute_value_equation,case_reasoning;inverse_operations,110,Original-equivalent bridge item generated from local textbook coverage signals. No full textbook exercise text is reproduced.
college_alg_abs_008,Solve |x - 9| = 5.,"4,14",multiple_choice,"A:4|B:-14,-4|C:-4,14|D:4,14|E:14",4,arith_absolute_value;alg_linear_equations,absolute_value_equations;case_reasoning,distance_from_center;two_solution_structure,one_solution_error;sign_error,|x - 9| = 5 means x - 9 = 5 or x - 9 = -5. Thus x = 14 or x = 4.,Algebra 1,Linear Equations and Functions,college-algebra-06-absolute-value,Absolute Value Functions and Equations,5527,college_algebra_stitz_zeager,"local-pdf: College Algebra -- Carl Stitz, Jeff Zeager.pdf; College Algebra 2.2 Absolute Value Functions",Standard,Algebra Readiness,absolute_value_equation,case_reasoning;inverse_operations,110,Original-equivalent bridge item generated from local textbook coverage signals. No full textbook exercise text is reproduced.
college_alg_abs_009,Solve |x - 2| = 6.,"-4,8",multiple_choice,"A:-8,4|B:4,8|C:-4,8|D:8|E:-4",4,arith_absolute_value;alg_linear_equations,absolute_value_equations;case_reasoning,distance_from_center;two_solution_structure,one_solution_error;sign_error,|x - 2| = 6 means x - 2 = 6 or x - 2 = -6. Thus x = 8 or x = -4.,Algebra 1,Linear Equations and Functions,college-algebra-06-absolute-value,Absolute Value Functions and Equations,5528,college_algebra_stitz_zeager,"local-pdf: College Algebra -- Carl Stitz, Jeff Zeager.pdf; College Algebra 2.2 Absolute Value Functions",Standard,Algebra Readiness,absolute_value_equation,case_reasoning;inverse_operations,110,Original-equivalent bridge item generated from local textbook coverage signals. No full textbook exercise text is reproduced.
college_alg_abs_010,Solve |x - 3| = 7.,"-4,10",multiple_choice,"A:4,10|B:-4,10|C:10|D:-4|E:-10,4",4,arith_absolute_value;alg_linear_equations,absolute_value_equations;case_reasoning,distance_from_center;two_solution_structure,one_solution_error;sign_error,|x - 3| = 7 means x - 3 = 7 or x - 3 = -7. Thus x = 10 or x = -4.,Algebra 1,Linear Equations and Functions,college-algebra-06-absolute-value,Absolute Value Functions and Equations,5529,college_algebra_stitz_zeager,"local-pdf: College Algebra -- Carl Stitz, Jeff Zeager.pdf; College Algebra 2.2 Absolute Value Functions",Standard,Algebra Readiness,absolute_value_equation,case_reasoning;inverse_operations,110,Original-equivalent bridge item generated from local textbook coverage signals. No full textbook exercise text is reproduced.
college_alg_abs_011,Solve |x - 4| = 3.,"1,7",multiple_choice,"A:1,7|B:7|C:1|D:-7,-1|E:-1,7",4,arith_absolute_value;alg_linear_equations,absolute_value_equations;case_reasoning,distance_from_center;two_solution_structure,one_solution_error;sign_error,|x - 4| = 3 means x - 4 = 3 or x - 4 = -3. Thus x = 7 or x = 1.,Algebra 1,Linear Equations and Functions,college-algebra-06-absolute-value,Absolute Value Functions and Equations,5530,college_algebra_stitz_zeager,"local-pdf: College Algebra -- Carl Stitz, Jeff Zeager.pdf; College Algebra 2.2 Absolute Value Functions",Standard,Algebra Readiness,absolute_value_equation,case_reasoning;inverse_operations,110,Original-equivalent bridge item generated from local textbook coverage signals. No full textbook exercise text is reproduced.
college_alg_abs_012,Solve |x - 5| = 4.,"1,9",multiple_choice,"A:9|B:1|C:-9,-1|D:-1,9|E:1,9",4,arith_absolute_value;alg_linear_equations,absolute_value_equations;case_reasoning,distance_from_center;two_solution_structure,one_solution_error;sign_error,|x - 5| = 4 means x - 5 = 4 or x - 5 = -4. Thus x = 9 or x = 1.,Algebra 1,Linear Equations and Functions,college-algebra-06-absolute-value,Absolute Value Functions and Equations,5531,college_algebra_stitz_zeager,"local-pdf: College Algebra -- Carl Stitz, Jeff Zeager.pdf; College Algebra 2.2 Absolute Value Functions",Standard,Algebra Readiness,absolute_value_equation,case_reasoning;inverse_operations,110,Original-equivalent bridge item generated from local textbook coverage signals. No full textbook exercise text is reproduced.
college_alg_abs_013,Solve |x - 6| = 5.,"1,11",multiple_choice,"A:1|B:-11,-1|C:-1,11|D:1,11|E:11",4,arith_absolute_value;alg_linear_equations,absolute_value_equations;case_reasoning,distance_from_center;two_solution_structure,one_solution_error;sign_error,|x - 6| = 5 means x - 6 = 5 or x - 6 = -5. Thus x = 11 or x = 1.,Algebra 1,Linear Equations and Functions,college-algebra-06-absolute-value,Absolute Value Functions and Equations,5532,college_algebra_stitz_zeager,"local-pdf: College Algebra -- Carl Stitz, Jeff Zeager.pdf; College Algebra 2.2 Absolute Value Functions",Standard,Algebra Readiness,absolute_value_equation,case_reasoning;inverse_operations,110,Original-equivalent bridge item generated from local textbook coverage signals. No full textbook exercise text is reproduced.
college_alg_abs_014,Solve |x - 7| = 6.,"1,13",multiple_choice,"A:-13,-1|B:-1,13|C:1,13|D:13|E:1",4,arith_absolute_value;alg_linear_equations,absolute_value_equations;case_reasoning,distance_from_center;two_solution_structure,one_solution_error;sign_error,|x - 7| = 6 means x - 7 = 6 or x - 7 = -6. Thus x = 13 or x = 1.,Algebra 1,Linear Equations and Functions,college-algebra-06-absolute-value,Absolute Value Functions and Equations,5533,college_algebra_stitz_zeager,"local-pdf: College Algebra -- Carl Stitz, Jeff Zeager.pdf; College Algebra 2.2 Absolute Value Functions",Standard,Algebra Readiness,absolute_value_equation,case_reasoning;inverse_operations,110,Original-equivalent bridge item generated from local textbook coverage signals. No full textbook exercise text is reproduced.
college_alg_abs_015,Solve |x - 8| = 7.,"1,15",multiple_choice,"A:-1,15|B:1,15|C:15|D:1|E:-15,-1",4,arith_absolute_value;alg_linear_equations,absolute_value_equations;case_reasoning,distance_from_center;two_solution_structure,one_solution_error;sign_error,|x - 8| = 7 means x - 8 = 7 or x - 8 = -7. Thus x = 15 or x = 1.,Algebra 1,Linear Equations and Functions,college-algebra-06-absolute-value,Absolute Value Functions and Equations,5534,college_algebra_stitz_zeager,"local-pdf: College Algebra -- Carl Stitz, Jeff Zeager.pdf; College Algebra 2.2 Absolute Value Functions",Standard,Algebra Readiness,absolute_value_equation,case_reasoning;inverse_operations,110,Original-equivalent bridge item generated from local textbook coverage signals. No full textbook exercise text is reproduced.
college_alg_abs_016,Solve |x - 9| = 3.,"6,12",multiple_choice,"A:6,12|B:12|C:6|D:-12,-6|E:-6,12",4,arith_absolute_value;alg_linear_equations,absolute_value_equations;case_reasoning,distance_from_center;two_solution_structure,one_solution_error;sign_error,|x - 9| = 3 means x - 9 = 3 or x - 9 = -3. Thus x = 12 or x = 6.,Algebra 1,Linear Equations and Functions,college-algebra-06-absolute-value,Absolute Value Functions and Equations,5535,college_algebra_stitz_zeager,"local-pdf: College Algebra -- Carl Stitz, Jeff Zeager.pdf; College Algebra 2.2 Absolute Value Functions",Standard,Algebra Readiness,absolute_value_equation,case_reasoning;inverse_operations,110,Original-equivalent bridge item generated from local textbook coverage signals. No full textbook exercise text is reproduced.
college_alg_abs_017,Solve |x - 2| = 4.,"-2,6",multiple_choice,"A:6|B:-2|C:-6,2|D:2,6|E:-2,6",4,arith_absolute_value;alg_linear_equations,absolute_value_equations;case_reasoning,distance_from_center;two_solution_structure,one_solution_error;sign_error,|x - 2| = 4 means x - 2 = 4 or x - 2 = -4. Thus x = 6 or x = -2.,Algebra 1,Linear Equations and Functions,college-algebra-06-absolute-value,Absolute Value Functions and Equations,5536,college_algebra_stitz_zeager,"local-pdf: College Algebra -- Carl Stitz, Jeff Zeager.pdf; College Algebra 2.2 Absolute Value Functions",Standard,Algebra Readiness,absolute_value_equation,case_reasoning;inverse_operations,110,Original-equivalent bridge item generated from local textbook coverage signals. No full textbook exercise text is reproduced.
college_alg_abs_018,Solve |x - 3| = 5.,"-2,8",multiple_choice,"A:-2|B:-8,2|C:2,8|D:-2,8|E:8",4,arith_absolute_value;alg_linear_equations,absolute_value_equations;case_reasoning,distance_from_center;two_solution_structure,one_solution_error;sign_error,|x - 3| = 5 means x - 3 = 5 or x - 3 = -5. Thus x = 8 or x = -2.,Algebra 1,Linear Equations and Functions,college-algebra-06-absolute-value,Absolute Value Functions and Equations,5537,college_algebra_stitz_zeager,"local-pdf: College Algebra -- Carl Stitz, Jeff Zeager.pdf; College Algebra 2.2 Absolute Value Functions",Standard,Algebra Readiness,absolute_value_equation,case_reasoning;inverse_operations,110,Original-equivalent bridge item generated from local textbook coverage signals. No full textbook exercise text is reproduced.
college_alg_abs_019,Solve |x - 4| = 6.,"-2,10",multiple_choice,"A:-10,2|B:2,10|C:-2,10|D:10|E:-2",4,arith_absolute_value;alg_linear_equations,absolute_value_equations;case_reasoning,distance_from_center;two_solution_structure,one_solution_error;sign_error,|x - 4| = 6 means x - 4 = 6 or x - 4 = -6. Thus x = 10 or x = -2.,Algebra 1,Linear Equations and Functions,college-algebra-06-absolute-value,Absolute Value Functions and Equations,5538,college_algebra_stitz_zeager,"local-pdf: College Algebra -- Carl Stitz, Jeff Zeager.pdf; College Algebra 2.2 Absolute Value Functions",Standard,Algebra Readiness,absolute_value_equation,case_reasoning;inverse_operations,110,Original-equivalent bridge item generated from local textbook coverage signals. No full textbook exercise text is reproduced.
college_alg_abs_020,Solve |x - 5| = 7.,"-2,12",multiple_choice,"A:2,12|B:-2,12|C:12|D:-2|E:-12,2",4,arith_absolute_value;alg_linear_equations,absolute_value_equations;case_reasoning,distance_from_center;two_solution_structure,one_solution_error;sign_error,|x - 5| = 7 means x - 5 = 7 or x - 5 = -7. Thus x = 12 or x = -2.,Algebra 1,Linear Equations and Functions,college-algebra-06-absolute-value,Absolute Value Functions and Equations,5539,college_algebra_stitz_zeager,"local-pdf: College Algebra -- Carl Stitz, Jeff Zeager.pdf; College Algebra 2.2 Absolute Value Functions",Standard,Algebra Readiness,absolute_value_equation,case_reasoning;inverse_operations,110,Original-equivalent bridge item generated from local textbook coverage signals. No full textbook exercise text is reproduced.
college_alg_quad_001,Solve x^2 - 4x + 3 = 0.,"1,3",multiple_choice,"A:1,3|B:-1,-3|C:4,3|D:1,-3|E:3",4,alg_quadratics;alg_factoring,factoring_quadratics;zero_product_property,quadratic_factor_pattern;root_finding,sign_error;factor_pair_error,Factor the quadratic as (x - 1)(x - 3) = 0. Therefore x = 1 or x = 3.,Algebra 1,Quadratic Equations and Functions,college-algebra-03-quadratic-functions,Quadratic Functions,5570,college_algebra_stitz_zeager,"local-pdf: College Algebra -- Carl Stitz, Jeff Zeager.pdf; College Algebra 2.3 Quadratic Functions",Standard,Algebra Readiness,quadratic_solving,factor_structure;operation_selection,110,Original-equivalent bridge item generated from local textbook coverage signals. No full textbook exercise text is reproduced.
college_alg_quad_002,Solve x^2 - 7x + 10 = 0.,"2,5",multiple_choice,"A:-2,-5|B:7,10|C:2,-5|D:10|E:2,5",4,alg_quadratics;alg_factoring,factoring_quadratics;zero_product_property,quadratic_factor_pattern;root_finding,sign_error;factor_pair_error,Factor the quadratic as (x - 2)(x - 5) = 0. Therefore x = 2 or x = 5.,Algebra 1,Quadratic Equations and Functions,college-algebra-03-quadratic-functions,Quadratic Functions,5571,college_algebra_stitz_zeager,"local-pdf: College Algebra -- Carl Stitz, Jeff Zeager.pdf; College Algebra 2.3 Quadratic Functions",Standard,Algebra Readiness,quadratic_solving,factor_structure;operation_selection,110,Original-equivalent bridge item generated from local textbook coverage signals. No full textbook exercise text is reproduced.
college_alg_quad_003,Solve x^2 - 10x + 21 = 0.,"3,7",multiple_choice,"A:10,21|B:3,-7|C:21|D:3,7|E:-3,-7",4,alg_quadratics;alg_factoring,factoring_quadratics;zero_product_property,quadratic_factor_pattern;root_finding,sign_error;factor_pair_error,Factor the quadratic as (x - 3)(x - 7) = 0. Therefore x = 3 or x = 7.,Algebra 1,Quadratic Equations and Functions,college-algebra-03-quadratic-functions,Quadratic Functions,5572,college_algebra_stitz_zeager,"local-pdf: College Algebra -- Carl Stitz, Jeff Zeager.pdf; College Algebra 2.3 Quadratic Functions",Standard,Algebra Readiness,quadratic_solving,factor_structure;operation_selection,110,Original-equivalent bridge item generated from local textbook coverage signals. No full textbook exercise text is reproduced.
college_alg_quad_004,Solve x^2 - 13x + 36 = 0.,"4,9",multiple_choice,"A:4,-9|B:36|C:4,9|D:-4,-9|E:13,36",4,alg_quadratics;alg_factoring,factoring_quadratics;zero_product_property,quadratic_factor_pattern;root_finding,sign_error;factor_pair_error,Factor the quadratic as (x - 4)(x - 9) = 0. Therefore x = 4 or x = 9.,Algebra 1,Quadratic Equations and Functions,college-algebra-03-quadratic-functions,Quadratic Functions,5573,college_algebra_stitz_zeager,"local-pdf: College Algebra -- Carl Stitz, Jeff Zeager.pdf; College Algebra 2.3 Quadratic Functions",Standard,Algebra Readiness,quadratic_solving,factor_structure;operation_selection,110,Original-equivalent bridge item generated from local textbook coverage signals. No full textbook exercise text is reproduced.
college_alg_quad_005,Solve x^2 - 12x + 35 = 0.,"5,7",multiple_choice,"A:35|B:5,7|C:-5,-7|D:12,35|E:5,-7",4,alg_quadratics;alg_factoring,factoring_quadratics;zero_product_property,quadratic_factor_pattern;root_finding,sign_error;factor_pair_error,Factor the quadratic as (x - 5)(x - 7) = 0. Therefore x = 5 or x = 7.,Algebra 1,Quadratic Equations and Functions,college-algebra-03-quadratic-functions,Quadratic Functions,5574,college_algebra_stitz_zeager,"local-pdf: College Algebra -- Carl Stitz, Jeff Zeager.pdf; College Algebra 2.3 Quadratic Functions",Standard,Algebra Readiness,quadratic_solving,factor_structure;operation_selection,110,Original-equivalent bridge item generated from local textbook coverage signals. No full textbook exercise text is reproduced.
college_alg_quad_006,Solve x^2 - 15x + 54 = 0.,"6,9",multiple_choice,"A:6,9|B:-6,-9|C:15,54|D:6,-9|E:54",4,alg_quadratics;alg_factoring,factoring_quadratics;zero_product_property,quadratic_factor_pattern;root_finding,sign_error;factor_pair_error,Factor the quadratic as (x - 6)(x - 9) = 0. Therefore x = 6 or x = 9.,Algebra 1,Quadratic Equations and Functions,college-algebra-03-quadratic-functions,Quadratic Functions,5575,college_algebra_stitz_zeager,"local-pdf: College Algebra -- Carl Stitz, Jeff Zeager.pdf; College Algebra 2.3 Quadratic Functions",Standard,Algebra Readiness,quadratic_solving,factor_structure;operation_selection,110,Original-equivalent bridge item generated from local textbook coverage signals. No full textbook exercise text is reproduced.
college_alg_quad_007,Solve x^2 - 6x + 5 = 0.,"1,5",multiple_choice,"A:-1,-5|B:6,5|C:1,-5|D:5|E:1,5",4,alg_quadratics;alg_factoring,factoring_quadratics;zero_product_property,quadratic_factor_pattern;root_finding,sign_error;factor_pair_error,Factor the quadratic as (x - 1)(x - 5) = 0. Therefore x = 1 or x = 5.,Algebra 1,Quadratic Equations and Functions,college-algebra-03-quadratic-functions,Quadratic Functions,5576,college_algebra_stitz_zeager,"local-pdf: College Algebra -- Carl Stitz, Jeff Zeager.pdf; College Algebra 2.3 Quadratic Functions",Standard,Algebra Readiness,quadratic_solving,factor_structure;operation_selection,110,Original-equivalent bridge item generated from local textbook coverage signals. No full textbook exercise text is reproduced.
college_alg_quad_008,Solve x^2 - 9x + 14 = 0.,"2,7",multiple_choice,"A:9,14|B:2,-7|C:14|D:2,7|E:-2,-7",4,alg_quadratics;alg_factoring,factoring_quadratics;zero_product_property,quadratic_factor_pattern;root_finding,sign_error;factor_pair_error,Factor the quadratic as (x - 2)(x - 7) = 0. Therefore x = 2 or x = 7.,Algebra 1,Quadratic Equations and Functions,college-algebra-03-quadratic-functions,Quadratic Functions,5577,college_algebra_stitz_zeager,"local-pdf: College Algebra -- Carl Stitz, Jeff Zeager.pdf; College Algebra 2.3 Quadratic Functions",Standard,Algebra Readiness,quadratic_solving,factor_structure;operation_selection,110,Original-equivalent bridge item generated from local textbook coverage signals. No full textbook exercise text is reproduced.
college_alg_quad_009,Solve x^2 - 8x + 15 = 0.,"3,5",multiple_choice,"A:3,-5|B:15|C:3,5|D:-3,-5|E:8,15",4,alg_quadratics;alg_factoring,factoring_quadratics;zero_product_property,quadratic_factor_pattern;root_finding,sign_error;factor_pair_error,Factor the quadratic as (x - 3)(x - 5) = 0. Therefore x = 3 or x = 5.,Algebra 1,Quadratic Equations and Functions,college-algebra-03-quadratic-functions,Quadratic Functions,5578,college_algebra_stitz_zeager,"local-pdf: College Algebra -- Carl Stitz, Jeff Zeager.pdf; College Algebra 2.3 Quadratic Functions",Standard,Algebra Readiness,quadratic_solving,factor_structure;operation_selection,110,Original-equivalent bridge item generated from local textbook coverage signals. No full textbook exercise text is reproduced.
college_alg_quad_010,Solve x^2 - 11x + 28 = 0.,"4,7",multiple_choice,"A:28|B:4,7|C:-4,-7|D:11,28|E:4,-7",4,alg_quadratics;alg_factoring,factoring_quadratics;zero_product_property,quadratic_factor_pattern;root_finding,sign_error;factor_pair_error,Factor the quadratic as (x - 4)(x - 7) = 0. Therefore x = 4 or x = 7.,Algebra 1,Quadratic Equations and Functions,college-algebra-03-quadratic-functions,Quadratic Functions,5579,college_algebra_stitz_zeager,"local-pdf: College Algebra -- Carl Stitz, Jeff Zeager.pdf; College Algebra 2.3 Quadratic Functions",Standard,Algebra Readiness,quadratic_solving,factor_structure;operation_selection,110,Original-equivalent bridge item generated from local textbook coverage signals. No full textbook exercise text is reproduced.
college_alg_quad_011,Solve x^2 - 14x + 45 = 0.,"5,9",multiple_choice,"A:5,9|B:-5,-9|C:14,45|D:5,-9|E:45",5,alg_quadratics;alg_factoring,factoring_quadratics;zero_product_property,quadratic_factor_pattern;root_finding,sign_error;factor_pair_error,Factor the quadratic as (x - 5)(x - 9) = 0. Therefore x = 5 or x = 9.,Algebra 1,Quadratic Equations and Functions,college-algebra-03-quadratic-functions,Quadratic Functions,5580,college_algebra_stitz_zeager,"local-pdf: College Algebra -- Carl Stitz, Jeff Zeager.pdf; College Algebra 2.3 Quadratic Functions",Standard,Algebra Readiness,quadratic_solving,factor_structure;operation_selection,130,Original-equivalent bridge item generated from local textbook coverage signals. No full textbook exercise text is reproduced.
college_alg_quad_012,Solve x^2 - 17x + 66 = 0.,"6,11",multiple_choice,"A:-6,-11|B:17,66|C:6,-11|D:66|E:6,11",5,alg_quadratics;alg_factoring,factoring_quadratics;zero_product_property,quadratic_factor_pattern;root_finding,sign_error;factor_pair_error,Factor the quadratic as (x - 6)(x - 11) = 0. Therefore x = 6 or x = 11.,Algebra 1,Quadratic Equations and Functions,college-algebra-03-quadratic-functions,Quadratic Functions,5581,college_algebra_stitz_zeager,"local-pdf: College Algebra -- Carl Stitz, Jeff Zeager.pdf; College Algebra 2.3 Quadratic Functions",Standard,Algebra Readiness,quadratic_solving,factor_structure;operation_selection,130,Original-equivalent bridge item generated from local textbook coverage signals. No full textbook exercise text is reproduced.
college_alg_quad_013,Solve x^2 - 4x + 3 = 0.,"1,3",multiple_choice,"A:4,3|B:1,-3|C:3|D:1,3|E:-1,-3",5,alg_quadratics;alg_factoring,factoring_quadratics;zero_product_property,quadratic_factor_pattern;root_finding,sign_error;factor_pair_error,Factor the quadratic as (x - 1)(x - 3) = 0. Therefore x = 1 or x = 3.,Algebra 1,Quadratic Equations and Functions,college-algebra-03-quadratic-functions,Quadratic Functions,5582,college_algebra_stitz_zeager,"local-pdf: College Algebra -- Carl Stitz, Jeff Zeager.pdf; College Algebra 2.3 Quadratic Functions",Honors,Algebra Readiness,quadratic_solving,factor_structure;operation_selection,130,Original-equivalent bridge item generated from local textbook coverage signals. No full textbook exercise text is reproduced.
college_alg_quad_014,Solve x^2 - 7x + 10 = 0.,"2,5",multiple_choice,"A:2,-5|B:10|C:2,5|D:-2,-5|E:7,10",5,alg_quadratics;alg_factoring,factoring_quadratics;zero_product_property,quadratic_factor_pattern;root_finding,sign_error;factor_pair_error,Factor the quadratic as (x - 2)(x - 5) = 0. Therefore x = 2 or x = 5.,Algebra 1,Quadratic Equations and Functions,college-algebra-03-quadratic-functions,Quadratic Functions,5583,college_algebra_stitz_zeager,"local-pdf: College Algebra -- Carl Stitz, Jeff Zeager.pdf; College Algebra 2.3 Quadratic Functions",Honors,Algebra Readiness,quadratic_solving,factor_structure;operation_selection,130,Original-equivalent bridge item generated from local textbook coverage signals. No full textbook exercise text is reproduced.
college_alg_quad_015,Solve x^2 - 10x + 21 = 0.,"3,7",multiple_choice,"A:21|B:3,7|C:-3,-7|D:10,21|E:3,-7",5,alg_quadratics;alg_factoring,factoring_quadratics;zero_product_property,quadratic_factor_pattern;root_finding,sign_error;factor_pair_error,Factor the quadratic as (x - 3)(x - 7) = 0. Therefore x = 3 or x = 7.,Algebra 1,Quadratic Equations and Functions,college-algebra-03-quadratic-functions,Quadratic Functions,5584,college_algebra_stitz_zeager,"local-pdf: College Algebra -- Carl Stitz, Jeff Zeager.pdf; College Algebra 2.3 Quadratic Functions",Honors,Algebra Readiness,quadratic_solving,factor_structure;operation_selection,130,Original-equivalent bridge item generated from local textbook coverage signals. No full textbook exercise text is reproduced.
college_alg_quad_016,Solve x^2 - 13x + 36 = 0.,"4,9",multiple_choice,"A:4,9|B:-4,-9|C:13,36|D:4,-9|E:36",5,alg_quadratics;alg_factoring,factoring_quadratics;zero_product_property,quadratic_factor_pattern;root_finding,sign_error;factor_pair_error,Factor the quadratic as (x - 4)(x - 9) = 0. Therefore x = 4 or x = 9.,Algebra 1,Quadratic Equations and Functions,college-algebra-03-quadratic-functions,Quadratic Functions,5585,college_algebra_stitz_zeager,"local-pdf: College Algebra -- Carl Stitz, Jeff Zeager.pdf; College Algebra 2.3 Quadratic Functions",Honors,Algebra Readiness,quadratic_solving,factor_structure;operation_selection,130,Original-equivalent bridge item generated from local textbook coverage signals. No full textbook exercise text is reproduced.
college_alg_quad_017,Solve x^2 - 12x + 35 = 0.,"5,7",multiple_choice,"A:-5,-7|B:12,35|C:5,-7|D:35|E:5,7",5,alg_quadratics;alg_factoring,factoring_quadratics;zero_product_property,quadratic_factor_pattern;root_finding,sign_error;factor_pair_error,Factor the quadratic as (x - 5)(x - 7) = 0. Therefore x = 5 or x = 7.,Algebra 1,Quadratic Equations and Functions,college-algebra-03-quadratic-functions,Quadratic Functions,5586,college_algebra_stitz_zeager,"local-pdf: College Algebra -- Carl Stitz, Jeff Zeager.pdf; College Algebra 2.3 Quadratic Functions",Honors,Algebra Readiness,quadratic_solving,factor_structure;operation_selection,130,Original-equivalent bridge item generated from local textbook coverage signals. No full textbook exercise text is reproduced.
college_alg_quad_018,Solve x^2 - 15x + 54 = 0.,"6,9",multiple_choice,"A:15,54|B:6,-9|C:54|D:6,9|E:-6,-9",5,alg_quadratics;alg_factoring,factoring_quadratics;zero_product_property,quadratic_factor_pattern;root_finding,sign_error;factor_pair_error,Factor the quadratic as (x - 6)(x - 9) = 0. Therefore x = 6 or x = 9.,Algebra 1,Quadratic Equations and Functions,college-algebra-03-quadratic-functions,Quadratic Functions,5587,college_algebra_stitz_zeager,"local-pdf: College Algebra -- Carl Stitz, Jeff Zeager.pdf; College Algebra 2.3 Quadratic Functions",Honors,Algebra Readiness,quadratic_solving,factor_structure;operation_selection,130,Original-equivalent bridge item generated from local textbook coverage signals. No full textbook exercise text is reproduced.
college_alg_quad_019,Solve x^2 - 6x + 5 = 0.,"1,5",multiple_choice,"A:1,-5|B:5|C:1,5|D:-1,-5|E:6,5",5,alg_quadratics;alg_factoring,factoring_quadratics;zero_product_property,quadratic_factor_pattern;root_finding,sign_error;factor_pair_error,Factor the quadratic as (x - 1)(x - 5) = 0. Therefore x = 1 or x = 5.,Algebra 1,Quadratic Equations and Functions,college-algebra-03-quadratic-functions,Quadratic Functions,5588,college_algebra_stitz_zeager,"local-pdf: College Algebra -- Carl Stitz, Jeff Zeager.pdf; College Algebra 2.3 Quadratic Functions",Honors,Algebra Readiness,quadratic_solving,factor_structure;operation_selection,130,Original-equivalent bridge item generated from local textbook coverage signals. No full textbook exercise text is reproduced.
college_alg_quad_020,Solve x^2 - 9x + 14 = 0.,"2,7",multiple_choice,"A:14|B:2,7|C:-2,-7|D:9,14|E:2,-7",5,alg_quadratics;alg_factoring,factoring_quadratics;zero_product_property,quadratic_factor_pattern;root_finding,sign_error;factor_pair_error,Factor the quadratic as (x - 2)(x - 7) = 0. Therefore x = 2 or x = 7.,Algebra 1,Quadratic Equations and Functions,college-algebra-03-quadratic-functions,Quadratic Functions,5589,college_algebra_stitz_zeager,"local-pdf: College Algebra -- Carl Stitz, Jeff Zeager.pdf; College Algebra 2.3 Quadratic Functions",Honors,Algebra Readiness,quadratic_solving,factor_structure;operation_selection,130,Original-equivalent bridge item generated from local textbook coverage signals. No full textbook exercise text is reproduced.
college_alg_qvertex_001,Find the vertex of y = x^2 - 2x + -2.,"(1,-3)",multiple_choice,"A:(1,-3)|B:(-1,-3)|C:(1,-2)|D:(-2,-2)|E:(1,3)",5,alg_quadratics;alg_functions,vertex_form;completing_square_pattern,quadratic_structure;graph_feature_identification,vertex_sign_error;constant_term_confusion,"Rewrite as y = (x - 1)^2 + -3. Therefore the vertex is (1, -3).",Algebra 1,Quadratic Equations and Functions,college-algebra-03-quadratic-functions,Quadratic Functions,5640,college_algebra_stitz_zeager,"local-pdf: College Algebra -- Carl Stitz, Jeff Zeager.pdf; College Algebra 2.3 Quadratic Functions",Honors,Algebra Readiness,quadratic_graphing,structure_recognition;coordinate_reasoning,130,Original-equivalent bridge item generated from local textbook coverage signals. No full textbook exercise text is reproduced.
college_alg_qvertex_002,Find the vertex of y = x^2 - 4x + 2.,"(2,-2)",multiple_choice,"A:(-2,-2)|B:(2,2)|C:(-4,2)|D:-2),(2|E:(2,-2)",5,alg_quadratics;alg_functions,vertex_form;completing_square_pattern,quadratic_structure;graph_feature_identification,vertex_sign_error;constant_term_confusion,"Rewrite as y = (x - 2)^2 + -2. Therefore the vertex is (2, -2).",Algebra 1,Quadratic Equations and Functions,college-algebra-03-quadratic-functions,Quadratic Functions,5641,college_algebra_stitz_zeager,"local-pdf: College Algebra -- Carl Stitz, Jeff Zeager.pdf; College Algebra 2.3 Quadratic Functions",Honors,Algebra Readiness,quadratic_graphing,structure_recognition;coordinate_reasoning,130,Original-equivalent bridge item generated from local textbook coverage signals. No full textbook exercise text is reproduced.
college_alg_qvertex_003,Find the vertex of y = x^2 - 6x + 8.,"(3,-1)",multiple_choice,"A:(3,8)|B:(-6,8)|C:(3,1)|D:(3,-1)|E:(-3,-1)",5,alg_quadratics;alg_functions,vertex_form;completing_square_pattern,quadratic_structure;graph_feature_identification,vertex_sign_error;constant_term_confusion,"Rewrite as y = (x - 3)^2 + -1. Therefore the vertex is (3, -1).",Algebra 1,Quadratic Equations and Functions,college-algebra-03-quadratic-functions,Quadratic Functions,5642,college_algebra_stitz_zeager,"local-pdf: College Algebra -- Carl Stitz, Jeff Zeager.pdf; College Algebra 2.3 Quadratic Functions",Honors,Algebra Readiness,quadratic_graphing,structure_recognition;coordinate_reasoning,130,Original-equivalent bridge item generated from local textbook coverage signals. No full textbook exercise text is reproduced.
college_alg_qvertex_004,Find the vertex of y = x^2 - 8x + 16.,"(4,0)",multiple_choice,"A:(-8,16)|B:0),(4|C:(4,0)|D:(-4,0)|E:(4,16)",5,alg_quadratics;alg_functions,vertex_form;completing_square_pattern,quadratic_structure;graph_feature_identification,vertex_sign_error;constant_term_confusion,"Rewrite as y = (x - 4)^2 + 0. Therefore the vertex is (4, 0).",Algebra 1,Quadratic Equations and Functions,college-algebra-03-quadratic-functions,Quadratic Functions,5643,college_algebra_stitz_zeager,"local-pdf: College Algebra -- Carl Stitz, Jeff Zeager.pdf; College Algebra 2.3 Quadratic Functions",Honors,Algebra Readiness,quadratic_graphing,structure_recognition;coordinate_reasoning,130,Original-equivalent bridge item generated from local textbook coverage signals. No full textbook exercise text is reproduced.
college_alg_qvertex_005,Find the vertex of y = x^2 - 10x + 26.,"(5,1)",multiple_choice,"A:(5,-1)|B:(5,1)|C:(-5,1)|D:(5,26)|E:(-10,26)",5,alg_quadratics;alg_functions,vertex_form;completing_square_pattern,quadratic_structure;graph_feature_identification,vertex_sign_error;constant_term_confusion,"Rewrite as y = (x - 5)^2 + 1. Therefore the vertex is (5, 1).",Algebra 1,Quadratic Equations and Functions,college-algebra-03-quadratic-functions,Quadratic Functions,5644,college_algebra_stitz_zeager,"local-pdf: College Algebra -- Carl Stitz, Jeff Zeager.pdf; College Algebra 2.3 Quadratic Functions",Honors,Algebra Readiness,quadratic_graphing,structure_recognition;coordinate_reasoning,130,Original-equivalent bridge item generated from local textbook coverage signals. No full textbook exercise text is reproduced.
college_alg_qvertex_006,Find the vertex of y = x^2 - 12x + 38.,"(6,2)",multiple_choice,"A:(6,2)|B:(-6,2)|C:(6,38)|D:(-12,38)|E:(6,-2)",5,alg_quadratics;alg_functions,vertex_form;completing_square_pattern,quadratic_structure;graph_feature_identification,vertex_sign_error;constant_term_confusion,"Rewrite as y = (x - 6)^2 + 2. Therefore the vertex is (6, 2).",Algebra 1,Quadratic Equations and Functions,college-algebra-03-quadratic-functions,Quadratic Functions,5645,college_algebra_stitz_zeager,"local-pdf: College Algebra -- Carl Stitz, Jeff Zeager.pdf; College Algebra 2.3 Quadratic Functions",Honors,Algebra Readiness,quadratic_graphing,structure_recognition;coordinate_reasoning,130,Original-equivalent bridge item generated from local textbook coverage signals. No full textbook exercise text is reproduced.
college_alg_qvertex_007,Find the vertex of y = x^2 - 2x + 4.,"(1,3)",multiple_choice,"A:(-1,3)|B:(1,4)|C:(-2,4)|D:(1,-3)|E:(1,3)",5,alg_quadratics;alg_functions,vertex_form;completing_square_pattern,quadratic_structure;graph_feature_identification,vertex_sign_error;constant_term_confusion,"Rewrite as y = (x - 1)^2 + 3. Therefore the vertex is (1, 3).",Algebra 1,Quadratic Equations and Functions,college-algebra-03-quadratic-functions,Quadratic Functions,5646,college_algebra_stitz_zeager,"local-pdf: College Algebra -- Carl Stitz, Jeff Zeager.pdf; College Algebra 2.3 Quadratic Functions",Honors,Algebra Readiness,quadratic_graphing,structure_recognition;coordinate_reasoning,130,Original-equivalent bridge item generated from local textbook coverage signals. No full textbook exercise text is reproduced.
college_alg_qvertex_008,Find the vertex of y = x^2 - 4x + 1.,"(2,-3)",multiple_choice,"A:(2,1)|B:(-4,1)|C:(2,3)|D:(2,-3)|E:(-2,-3)",5,alg_quadratics;alg_functions,vertex_form;completing_square_pattern,quadratic_structure;graph_feature_identification,vertex_sign_error;constant_term_confusion,"Rewrite as y = (x - 2)^2 + -3. Therefore the vertex is (2, -3).",Algebra 1,Quadratic Equations and Functions,college-algebra-03-quadratic-functions,Quadratic Functions,5647,college_algebra_stitz_zeager,"local-pdf: College Algebra -- Carl Stitz, Jeff Zeager.pdf; College Algebra 2.3 Quadratic Functions",Honors,Algebra Readiness,quadratic_graphing,structure_recognition;coordinate_reasoning,130,Original-equivalent bridge item generated from local textbook coverage signals. No full textbook exercise text is reproduced.
college_alg_qvertex_009,Find the vertex of y = x^2 - 6x + 7.,"(3,-2)",multiple_choice,"A:(-6,7)|B:(3,2)|C:(3,-2)|D:(-3,-2)|E:(3,7)",5,alg_quadratics;alg_functions,vertex_form;completing_square_pattern,quadratic_structure;graph_feature_identification,vertex_sign_error;constant_term_confusion,"Rewrite as y = (x - 3)^2 + -2. Therefore the vertex is (3, -2).",Algebra 1,Quadratic Equations and Functions,college-algebra-03-quadratic-functions,Quadratic Functions,5648,college_algebra_stitz_zeager,"local-pdf: College Algebra -- Carl Stitz, Jeff Zeager.pdf; College Algebra 2.3 Quadratic Functions",Honors,Algebra Readiness,quadratic_graphing,structure_recognition;coordinate_reasoning,130,Original-equivalent bridge item generated from local textbook coverage signals. No full textbook exercise text is reproduced.
college_alg_qvertex_010,Find the vertex of y = x^2 - 8x + 15.,"(4,-1)",multiple_choice,"A:(4,1)|B:(4,-1)|C:(-4,-1)|D:(4,15)|E:(-8,15)",5,alg_quadratics;alg_functions,vertex_form;completing_square_pattern,quadratic_structure;graph_feature_identification,vertex_sign_error;constant_term_confusion,"Rewrite as y = (x - 4)^2 + -1. Therefore the vertex is (4, -1).",Algebra 1,Quadratic Equations and Functions,college-algebra-03-quadratic-functions,Quadratic Functions,5649,college_algebra_stitz_zeager,"local-pdf: College Algebra -- Carl Stitz, Jeff Zeager.pdf; College Algebra 2.3 Quadratic Functions",Honors,Algebra Readiness,quadratic_graphing,structure_recognition;coordinate_reasoning,130,Original-equivalent bridge item generated from local textbook coverage signals. No full textbook exercise text is reproduced.
college_alg_qvertex_011,Find the vertex of y = x^2 - 10x + 25.,"(5,0)",multiple_choice,"A:(5,0)|B:(-5,0)|C:(5,25)|D:(-10,25)|E:0),(5",5,alg_quadratics;alg_functions,vertex_form;completing_square_pattern,quadratic_structure;graph_feature_identification,vertex_sign_error;constant_term_confusion,"Rewrite as y = (x - 5)^2 + 0. Therefore the vertex is (5, 0).",Algebra 1,Quadratic Equations and Functions,college-algebra-03-quadratic-functions,Quadratic Functions,5650,college_algebra_stitz_zeager,"local-pdf: College Algebra -- Carl Stitz, Jeff Zeager.pdf; College Algebra 2.3 Quadratic Functions",Honors,Algebra Readiness,quadratic_graphing,structure_recognition;coordinate_reasoning,130,Original-equivalent bridge item generated from local textbook coverage signals. No full textbook exercise text is reproduced.
college_alg_qvertex_012,Find the vertex of y = x^2 - 12x + 37.,"(6,1)",multiple_choice,"A:(-6,1)|B:(6,37)|C:(-12,37)|D:(6,-1)|E:(6,1)",5,alg_quadratics;alg_functions,vertex_form;completing_square_pattern,quadratic_structure;graph_feature_identification,vertex_sign_error;constant_term_confusion,"Rewrite as y = (x - 6)^2 + 1. Therefore the vertex is (6, 1).",Algebra 1,Quadratic Equations and Functions,college-algebra-03-quadratic-functions,Quadratic Functions,5651,college_algebra_stitz_zeager,"local-pdf: College Algebra -- Carl Stitz, Jeff Zeager.pdf; College Algebra 2.3 Quadratic Functions",Honors,Algebra Readiness,quadratic_graphing,structure_recognition;coordinate_reasoning,130,Original-equivalent bridge item generated from local textbook coverage signals. No full textbook exercise text is reproduced.
college_alg_qvertex_013,Find the vertex of y = x^2 - 2x + 3.,"(1,2)",multiple_choice,"A:(1,3)|B:(-2,3)|C:(1,-2)|D:(1,2)|E:(-1,2)",5,alg_quadratics;alg_functions,vertex_form;completing_square_pattern,quadratic_structure;graph_feature_identification,vertex_sign_error;constant_term_confusion,"Rewrite as y = (x - 1)^2 + 2. Therefore the vertex is (1, 2).",Algebra 1,Quadratic Equations and Functions,college-algebra-03-quadratic-functions,Quadratic Functions,5652,college_algebra_stitz_zeager,"local-pdf: College Algebra -- Carl Stitz, Jeff Zeager.pdf; College Algebra 2.3 Quadratic Functions",Honors,Algebra Readiness,quadratic_graphing,structure_recognition;coordinate_reasoning,130,Original-equivalent bridge item generated from local textbook coverage signals. No full textbook exercise text is reproduced.
college_alg_qvertex_014,Find the vertex of y = x^2 - 4x + 7.,"(2,3)",multiple_choice,"A:(-4,7)|B:(2,-3)|C:(2,3)|D:(-2,3)|E:(2,7)",5,alg_quadratics;alg_functions,vertex_form;completing_square_pattern,quadratic_structure;graph_feature_identification,vertex_sign_error;constant_term_confusion,"Rewrite as y = (x - 2)^2 + 3. Therefore the vertex is (2, 3).",Algebra 1,Quadratic Equations and Functions,college-algebra-03-quadratic-functions,Quadratic Functions,5653,college_algebra_stitz_zeager,"local-pdf: College Algebra -- Carl Stitz, Jeff Zeager.pdf; College Algebra 2.3 Quadratic Functions",Honors,Algebra Readiness,quadratic_graphing,structure_recognition;coordinate_reasoning,130,Original-equivalent bridge item generated from local textbook coverage signals. No full textbook exercise text is reproduced.
college_alg_qvertex_015,Find the vertex of y = x^2 - 6x + 6.,"(3,-3)",multiple_choice,"A:(3,3)|B:(3,-3)|C:(-3,-3)|D:(3,6)|E:(-6,6)",5,alg_quadratics;alg_functions,vertex_form;completing_square_pattern,quadratic_structure;graph_feature_identification,vertex_sign_error;constant_term_confusion,"Rewrite as y = (x - 3)^2 + -3. Therefore the vertex is (3, -3).",Algebra 1,Quadratic Equations and Functions,college-algebra-03-quadratic-functions,Quadratic Functions,5654,college_algebra_stitz_zeager,"local-pdf: College Algebra -- Carl Stitz, Jeff Zeager.pdf; College Algebra 2.3 Quadratic Functions",Honors,Algebra Readiness,quadratic_graphing,structure_recognition;coordinate_reasoning,130,Original-equivalent bridge item generated from local textbook coverage signals. No full textbook exercise text is reproduced.
college_alg_qvertex_016,Find the vertex of y = x^2 - 8x + 14.,"(4,-2)",multiple_choice,"A:(4,-2)|B:(-4,-2)|C:(4,14)|D:(-8,14)|E:(4,2)",5,alg_quadratics;alg_functions,vertex_form;completing_square_pattern,quadratic_structure;graph_feature_identification,vertex_sign_error;constant_term_confusion,"Rewrite as y = (x - 4)^2 + -2. Therefore the vertex is (4, -2).",Algebra 1,Quadratic Equations and Functions,college-algebra-03-quadratic-functions,Quadratic Functions,5655,college_algebra_stitz_zeager,"local-pdf: College Algebra -- Carl Stitz, Jeff Zeager.pdf; College Algebra 2.3 Quadratic Functions",Honors,Algebra Readiness,quadratic_graphing,structure_recognition;coordinate_reasoning,130,Original-equivalent bridge item generated from local textbook coverage signals. No full textbook exercise text is reproduced.
college_alg_qvertex_017,Find the vertex of y = x^2 - 10x + 24.,"(5,-1)",multiple_choice,"A:(-5,-1)|B:(5,24)|C:(-10,24)|D:(5,1)|E:(5,-1)",5,alg_quadratics;alg_functions,vertex_form;completing_square_pattern,quadratic_structure;graph_feature_identification,vertex_sign_error;constant_term_confusion,"Rewrite as y = (x - 5)^2 + -1. Therefore the vertex is (5, -1).",Algebra 1,Quadratic Equations and Functions,college-algebra-03-quadratic-functions,Quadratic Functions,5656,college_algebra_stitz_zeager,"local-pdf: College Algebra -- Carl Stitz, Jeff Zeager.pdf; College Algebra 2.3 Quadratic Functions",Honors,Algebra Readiness,quadratic_graphing,structure_recognition;coordinate_reasoning,130,Original-equivalent bridge item generated from local textbook coverage signals. No full textbook exercise text is reproduced.
college_alg_qvertex_018,Find the vertex of y = x^2 - 12x + 36.,"(6,0)",multiple_choice,"A:(6,36)|B:(-12,36)|C:0),(6|D:(6,0)|E:(-6,0)",5,alg_quadratics;alg_functions,vertex_form;completing_square_pattern,quadratic_structure;graph_feature_identification,vertex_sign_error;constant_term_confusion,"Rewrite as y = (x - 6)^2 + 0. Therefore the vertex is (6, 0).",Algebra 1,Quadratic Equations and Functions,college-algebra-03-quadratic-functions,Quadratic Functions,5657,college_algebra_stitz_zeager,"local-pdf: College Algebra -- Carl Stitz, Jeff Zeager.pdf; College Algebra 2.3 Quadratic Functions",Honors,Algebra Readiness,quadratic_graphing,structure_recognition;coordinate_reasoning,130,Original-equivalent bridge item generated from local textbook coverage signals. No full textbook exercise text is reproduced.
college_alg_qvertex_019,Find the vertex of y = x^2 - 2x + 2.,"(1,1)",multiple_choice,"A:(-2,2)|B:(1,-1)|C:(1,1)|D:(-1,1)|E:(1,2)",5,alg_quadratics;alg_functions,vertex_form;completing_square_pattern,quadratic_structure;graph_feature_identification,vertex_sign_error;constant_term_confusion,"Rewrite as y = (x - 1)^2 + 1. Therefore the vertex is (1, 1).",Algebra 1,Quadratic Equations and Functions,college-algebra-03-quadratic-functions,Quadratic Functions,5658,college_algebra_stitz_zeager,"local-pdf: College Algebra -- Carl Stitz, Jeff Zeager.pdf; College Algebra 2.3 Quadratic Functions",Honors,Algebra Readiness,quadratic_graphing,structure_recognition;coordinate_reasoning,130,Original-equivalent bridge item generated from local textbook coverage signals. No full textbook exercise text is reproduced.
college_alg_qvertex_020,Find the vertex of y = x^2 - 4x + 6.,"(2,2)",multiple_choice,"A:(2,-2)|B:(2,2)|C:(-2,2)|D:(2,6)|E:(-4,6)",5,alg_quadratics;alg_functions,vertex_form;completing_square_pattern,quadratic_structure;graph_feature_identification,vertex_sign_error;constant_term_confusion,"Rewrite as y = (x - 2)^2 + 2. Therefore the vertex is (2, 2).",Algebra 1,Quadratic Equations and Functions,college-algebra-03-quadratic-functions,Quadratic Functions,5659,college_algebra_stitz_zeager,"local-pdf: College Algebra -- Carl Stitz, Jeff Zeager.pdf; College Algebra 2.3 Quadratic Functions",Honors,Algebra Readiness,quadratic_graphing,structure_recognition;coordinate_reasoning,130,Original-equivalent bridge item generated from local textbook coverage signals. No full textbook exercise text is reproduced.
college_alg_ineq_001,Solve 2x + 1 < 7.,x<3,multiple_choice,A:x<3|B:x>3|C:x<6|D:x<4|E:x=3,4,alg_linear_inequalities;alg_linear_equations,linear_inequality_solving;inverse_operations,inequality_isolation;interval_reasoning,equation_inequality_confusion;inverse_operation_order_error,Subtract 1: 2x < 6. Divide by 2: x < 3.,Algebra 1,Inequalities and Algebraic Reasoning,college-algebra-07-inequalities,Linear and Quadratic Inequalities,5710,college_algebra_stitz_zeager,"local-pdf: College Algebra -- Carl Stitz, Jeff Zeager.pdf; College Algebra 2.4 Inequalities with Absolute Value and Quadratic Functions",Standard,Algebra Readiness,inequality_solving,inverse_operations;symbolic_fluency,110,Original-equivalent bridge item generated from local textbook coverage signals. No full textbook exercise text is reproduced.
college_alg_ineq_002,Solve 3x + 2 < 14.,x<4,multiple_choice,A:x>4|B:x<12|C:x<6|D:x=4|E:x<4,4,alg_linear_inequalities;alg_linear_equations,linear_inequality_solving;inverse_operations,inequality_isolation;interval_reasoning,equation_inequality_confusion;inverse_operation_order_error,Subtract 2: 3x < 12. Divide by 3: x < 4.,Algebra 1,Inequalities and Algebraic Reasoning,college-algebra-07-inequalities,Linear and Quadratic Inequalities,5711,college_algebra_stitz_zeager,"local-pdf: College Algebra -- Carl Stitz, Jeff Zeager.pdf; College Algebra 2.4 Inequalities with Absolute Value and Quadratic Functions",Standard,Algebra Readiness,inequality_solving,inverse_operations;symbolic_fluency,110,Original-equivalent bridge item generated from local textbook coverage signals. No full textbook exercise text is reproduced.
college_alg_ineq_003,Solve 4x + 3 < 23.,x<5,multiple_choice,A:x<20|B:x<8|C:x=5|D:x<5|E:x>5,4,alg_linear_inequalities;alg_linear_equations,linear_inequality_solving;inverse_operations,inequality_isolation;interval_reasoning,equation_inequality_confusion;inverse_operation_order_error,Subtract 3: 4x < 20. Divide by 4: x < 5.,Algebra 1,Inequalities and Algebraic Reasoning,college-algebra-07-inequalities,Linear and Quadratic Inequalities,5712,college_algebra_stitz_zeager,"local-pdf: College Algebra -- Carl Stitz, Jeff Zeager.pdf; College Algebra 2.4 Inequalities with Absolute Value and Quadratic Functions",Standard,Algebra Readiness,inequality_solving,inverse_operations;symbolic_fluency,110,Original-equivalent bridge item generated from local textbook coverage signals. No full textbook exercise text is reproduced.
college_alg_ineq_004,Solve 5x + 4 < 34.,x<6,multiple_choice,A:x<10|B:x=6|C:x<6|D:x>6|E:x<30,4,alg_linear_inequalities;alg_linear_equations,linear_inequality_solving;inverse_operations,inequality_isolation;interval_reasoning,equation_inequality_confusion;inverse_operation_order_error,Subtract 4: 5x < 30. Divide by 5: x < 6.,Algebra 1,Inequalities and Algebraic Reasoning,college-algebra-07-inequalities,Linear and Quadratic Inequalities,5713,college_algebra_stitz_zeager,"local-pdf: College Algebra -- Carl Stitz, Jeff Zeager.pdf; College Algebra 2.4 Inequalities with Absolute Value and Quadratic Functions",Standard,Algebra Readiness,inequality_solving,inverse_operations;symbolic_fluency,110,Original-equivalent bridge item generated from local textbook coverage signals. No full textbook exercise text is reproduced.
college_alg_ineq_005,Solve 6x + 5 < 47.,x<7,multiple_choice,A:x=7|B:x<7|C:x>7|D:x<42|E:x<12,4,alg_linear_inequalities;alg_linear_equations,linear_inequality_solving;inverse_operations,inequality_isolation;interval_reasoning,equation_inequality_confusion;inverse_operation_order_error,Subtract 5: 6x < 42. Divide by 6: x < 7.,Algebra 1,Inequalities and Algebraic Reasoning,college-algebra-07-inequalities,Linear and Quadratic Inequalities,5714,college_algebra_stitz_zeager,"local-pdf: College Algebra -- Carl Stitz, Jeff Zeager.pdf; College Algebra 2.4 Inequalities with Absolute Value and Quadratic Functions",Standard,Algebra Readiness,inequality_solving,inverse_operations;symbolic_fluency,110,Original-equivalent bridge item generated from local textbook coverage signals. No full textbook exercise text is reproduced.
college_alg_ineq_006,Solve 2x + 6 < 22.,x<8,multiple_choice,A:x<8|B:x>8|C:x<16|D:x<14|E:x=8,4,alg_linear_inequalities;alg_linear_equations,linear_inequality_solving;inverse_operations,inequality_isolation;interval_reasoning,equation_inequality_confusion;inverse_operation_order_error,Subtract 6: 2x < 16. Divide by 2: x < 8.,Algebra 1,Inequalities and Algebraic Reasoning,college-algebra-07-inequalities,Linear and Quadratic Inequalities,5715,college_algebra_stitz_zeager,"local-pdf: College Algebra -- Carl Stitz, Jeff Zeager.pdf; College Algebra 2.4 Inequalities with Absolute Value and Quadratic Functions",Standard,Algebra Readiness,inequality_solving,inverse_operations;symbolic_fluency,110,Original-equivalent bridge item generated from local textbook coverage signals. No full textbook exercise text is reproduced.
college_alg_ineq_007,Solve 3x + 1 < 28.,x<9,multiple_choice,A:x>9|B:x<27|C:x<10|D:x=9|E:x<9,4,alg_linear_inequalities;alg_linear_equations,linear_inequality_solving;inverse_operations,inequality_isolation;interval_reasoning,equation_inequality_confusion;inverse_operation_order_error,Subtract 1: 3x < 27. Divide by 3: x < 9.,Algebra 1,Inequalities and Algebraic Reasoning,college-algebra-07-inequalities,Linear and Quadratic Inequalities,5716,college_algebra_stitz_zeager,"local-pdf: College Algebra -- Carl Stitz, Jeff Zeager.pdf; College Algebra 2.4 Inequalities with Absolute Value and Quadratic Functions",Standard,Algebra Readiness,inequality_solving,inverse_operations;symbolic_fluency,110,Original-equivalent bridge item generated from local textbook coverage signals. No full textbook exercise text is reproduced.
college_alg_ineq_008,Solve 4x + 2 < 42.,x<10,multiple_choice,A:x<40|B:x<12|C:x=10|D:x<10|E:x>10,4,alg_linear_inequalities;alg_linear_equations,linear_inequality_solving;inverse_operations,inequality_isolation;interval_reasoning,equation_inequality_confusion;inverse_operation_order_error,Subtract 2: 4x < 40. Divide by 4: x < 10.,Algebra 1,Inequalities and Algebraic Reasoning,college-algebra-07-inequalities,Linear and Quadratic Inequalities,5717,college_algebra_stitz_zeager,"local-pdf: College Algebra -- Carl Stitz, Jeff Zeager.pdf; College Algebra 2.4 Inequalities with Absolute Value and Quadratic Functions",Standard,Algebra Readiness,inequality_solving,inverse_operations;symbolic_fluency,110,Original-equivalent bridge item generated from local textbook coverage signals. No full textbook exercise text is reproduced.
college_alg_ineq_009,Solve 5x + 3 < 18.,x<3,multiple_choice,A:x<6|B:x=3|C:x<3|D:x>3|E:x<15,4,alg_linear_inequalities;alg_linear_equations,linear_inequality_solving;inverse_operations,inequality_isolation;interval_reasoning,equation_inequality_confusion;inverse_operation_order_error,Subtract 3: 5x < 15. Divide by 5: x < 3.,Algebra 1,Inequalities and Algebraic Reasoning,college-algebra-07-inequalities,Linear and Quadratic Inequalities,5718,college_algebra_stitz_zeager,"local-pdf: College Algebra -- Carl Stitz, Jeff Zeager.pdf; College Algebra 2.4 Inequalities with Absolute Value and Quadratic Functions",Standard,Algebra Readiness,inequality_solving,inverse_operations;symbolic_fluency,110,Original-equivalent bridge item generated from local textbook coverage signals. No full textbook exercise text is reproduced.
college_alg_ineq_010,Solve 6x + 4 < 28.,x<4,multiple_choice,A:x=4|B:x<4|C:x>4|D:x<24|E:x<8,4,alg_linear_inequalities;alg_linear_equations,linear_inequality_solving;inverse_operations,inequality_isolation;interval_reasoning,equation_inequality_confusion;inverse_operation_order_error,Subtract 4: 6x < 24. Divide by 6: x < 4.,Algebra 1,Inequalities and Algebraic Reasoning,college-algebra-07-inequalities,Linear and Quadratic Inequalities,5719,college_algebra_stitz_zeager,"local-pdf: College Algebra -- Carl Stitz, Jeff Zeager.pdf; College Algebra 2.4 Inequalities with Absolute Value and Quadratic Functions",Standard,Algebra Readiness,inequality_solving,inverse_operations;symbolic_fluency,110,Original-equivalent bridge item generated from local textbook coverage signals. No full textbook exercise text is reproduced.
college_alg_ineq_011,Solve 2x + 5 < 15.,x<5,multiple_choice,A:x<5|B:x>5|C:x<10|D:x=5|E:x<5+5,4,alg_linear_inequalities;alg_linear_equations,linear_inequality_solving;inverse_operations,inequality_isolation;interval_reasoning,equation_inequality_confusion;inverse_operation_order_error,Subtract 5: 2x < 10. Divide by 2: x < 5.,Algebra 1,Inequalities and Algebraic Reasoning,college-algebra-07-inequalities,Linear and Quadratic Inequalities,5720,college_algebra_stitz_zeager,"local-pdf: College Algebra -- Carl Stitz, Jeff Zeager.pdf; College Algebra 2.4 Inequalities with Absolute Value and Quadratic Functions",Standard,Algebra Readiness,inequality_solving,inverse_operations;symbolic_fluency,110,Original-equivalent bridge item generated from local textbook coverage signals. No full textbook exercise text is reproduced.
college_alg_ineq_012,Solve 3x + 6 < 24.,x<6,multiple_choice,A:x>6|B:x<18|C:x<12|D:x=6|E:x<6,4,alg_linear_inequalities;alg_linear_equations,linear_inequality_solving;inverse_operations,inequality_isolation;interval_reasoning,equation_inequality_confusion;inverse_operation_order_error,Subtract 6: 3x < 18. Divide by 3: x < 6.,Algebra 1,Inequalities and Algebraic Reasoning,college-algebra-07-inequalities,Linear and Quadratic Inequalities,5721,college_algebra_stitz_zeager,"local-pdf: College Algebra -- Carl Stitz, Jeff Zeager.pdf; College Algebra 2.4 Inequalities with Absolute Value and Quadratic Functions",Standard,Algebra Readiness,inequality_solving,inverse_operations;symbolic_fluency,110,Original-equivalent bridge item generated from local textbook coverage signals. No full textbook exercise text is reproduced.
college_alg_ineq_013,Solve 4x + 1 < 29.,x<7,multiple_choice,A:x<28|B:x<8|C:x=7|D:x<7|E:x>7,4,alg_linear_inequalities;alg_linear_equations,linear_inequality_solving;inverse_operations,inequality_isolation;interval_reasoning,equation_inequality_confusion;inverse_operation_order_error,Subtract 1: 4x < 28. Divide by 4: x < 7.,Algebra 1,Inequalities and Algebraic Reasoning,college-algebra-07-inequalities,Linear and Quadratic Inequalities,5722,college_algebra_stitz_zeager,"local-pdf: College Algebra -- Carl Stitz, Jeff Zeager.pdf; College Algebra 2.4 Inequalities with Absolute Value and Quadratic Functions",Standard,Algebra Readiness,inequality_solving,inverse_operations;symbolic_fluency,110,Original-equivalent bridge item generated from local textbook coverage signals. No full textbook exercise text is reproduced.
college_alg_ineq_014,Solve 5x + 2 < 42.,x<8,multiple_choice,A:x<10|B:x=8|C:x<8|D:x>8|E:x<40,4,alg_linear_inequalities;alg_linear_equations,linear_inequality_solving;inverse_operations,inequality_isolation;interval_reasoning,equation_inequality_confusion;inverse_operation_order_error,Subtract 2: 5x < 40. Divide by 5: x < 8.,Algebra 1,Inequalities and Algebraic Reasoning,college-algebra-07-inequalities,Linear and Quadratic Inequalities,5723,college_algebra_stitz_zeager,"local-pdf: College Algebra -- Carl Stitz, Jeff Zeager.pdf; College Algebra 2.4 Inequalities with Absolute Value and Quadratic Functions",Standard,Algebra Readiness,inequality_solving,inverse_operations;symbolic_fluency,110,Original-equivalent bridge item generated from local textbook coverage signals. No full textbook exercise text is reproduced.
college_alg_ineq_015,Solve 6x + 3 < 57.,x<9,multiple_choice,A:x=9|B:x<9|C:x>9|D:x<54|E:x<12,4,alg_linear_inequalities;alg_linear_equations,linear_inequality_solving;inverse_operations,inequality_isolation;interval_reasoning,equation_inequality_confusion;inverse_operation_order_error,Subtract 3: 6x < 54. Divide by 6: x < 9.,Algebra 1,Inequalities and Algebraic Reasoning,college-algebra-07-inequalities,Linear and Quadratic Inequalities,5724,college_algebra_stitz_zeager,"local-pdf: College Algebra -- Carl Stitz, Jeff Zeager.pdf; College Algebra 2.4 Inequalities with Absolute Value and Quadratic Functions",Standard,Algebra Readiness,inequality_solving,inverse_operations;symbolic_fluency,110,Original-equivalent bridge item generated from local textbook coverage signals. No full textbook exercise text is reproduced.
college_alg_ineq_016,Solve 2x + 4 < 24.,x<10,multiple_choice,A:x<10|B:x>10|C:x<20|D:x<14|E:x=10,4,alg_linear_inequalities;alg_linear_equations,linear_inequality_solving;inverse_operations,inequality_isolation;interval_reasoning,equation_inequality_confusion;inverse_operation_order_error,Subtract 4: 2x < 20. Divide by 2: x < 10.,Algebra 1,Inequalities and Algebraic Reasoning,college-algebra-07-inequalities,Linear and Quadratic Inequalities,5725,college_algebra_stitz_zeager,"local-pdf: College Algebra -- Carl Stitz, Jeff Zeager.pdf; College Algebra 2.4 Inequalities with Absolute Value and Quadratic Functions",Standard,Algebra Readiness,inequality_solving,inverse_operations;symbolic_fluency,110,Original-equivalent bridge item generated from local textbook coverage signals. No full textbook exercise text is reproduced.
college_alg_ineq_017,Solve 3x + 5 < 14.,x<3,multiple_choice,A:x>3|B:x<9|C:x<8|D:x=3|E:x<3,4,alg_linear_inequalities;alg_linear_equations,linear_inequality_solving;inverse_operations,inequality_isolation;interval_reasoning,equation_inequality_confusion;inverse_operation_order_error,Subtract 5: 3x < 9. Divide by 3: x < 3.,Algebra 1,Inequalities and Algebraic Reasoning,college-algebra-07-inequalities,Linear and Quadratic Inequalities,5726,college_algebra_stitz_zeager,"local-pdf: College Algebra -- Carl Stitz, Jeff Zeager.pdf; College Algebra 2.4 Inequalities with Absolute Value and Quadratic Functions",Standard,Algebra Readiness,inequality_solving,inverse_operations;symbolic_fluency,110,Original-equivalent bridge item generated from local textbook coverage signals. No full textbook exercise text is reproduced.
college_alg_ineq_018,Solve 4x + 6 < 22.,x<4,multiple_choice,A:x<16|B:x<10|C:x=4|D:x<4|E:x>4,4,alg_linear_inequalities;alg_linear_equations,linear_inequality_solving;inverse_operations,inequality_isolation;interval_reasoning,equation_inequality_confusion;inverse_operation_order_error,Subtract 6: 4x < 16. Divide by 4: x < 4.,Algebra 1,Inequalities and Algebraic Reasoning,college-algebra-07-inequalities,Linear and Quadratic Inequalities,5727,college_algebra_stitz_zeager,"local-pdf: College Algebra -- Carl Stitz, Jeff Zeager.pdf; College Algebra 2.4 Inequalities with Absolute Value and Quadratic Functions",Standard,Algebra Readiness,inequality_solving,inverse_operations;symbolic_fluency,110,Original-equivalent bridge item generated from local textbook coverage signals. No full textbook exercise text is reproduced.
college_alg_ineq_019,Solve 5x + 1 < 26.,x<5,multiple_choice,A:x<6|B:x=5|C:x<5|D:x>5|E:x<25,4,alg_linear_inequalities;alg_linear_equations,linear_inequality_solving;inverse_operations,inequality_isolation;interval_reasoning,equation_inequality_confusion;inverse_operation_order_error,Subtract 1: 5x < 25. Divide by 5: x < 5.,Algebra 1,Inequalities and Algebraic Reasoning,college-algebra-07-inequalities,Linear and Quadratic Inequalities,5728,college_algebra_stitz_zeager,"local-pdf: College Algebra -- Carl Stitz, Jeff Zeager.pdf; College Algebra 2.4 Inequalities with Absolute Value and Quadratic Functions",Standard,Algebra Readiness,inequality_solving,inverse_operations;symbolic_fluency,110,Original-equivalent bridge item generated from local textbook coverage signals. No full textbook exercise text is reproduced.
college_alg_ineq_020,Solve 6x + 2 < 38.,x<6,multiple_choice,A:x=6|B:x<6|C:x>6|D:x<36|E:x<8,4,alg_linear_inequalities;alg_linear_equations,linear_inequality_solving;inverse_operations,inequality_isolation;interval_reasoning,equation_inequality_confusion;inverse_operation_order_error,Subtract 2: 6x < 36. Divide by 6: x < 6.,Algebra 1,Inequalities and Algebraic Reasoning,college-algebra-07-inequalities,Linear and Quadratic Inequalities,5729,college_algebra_stitz_zeager,"local-pdf: College Algebra -- Carl Stitz, Jeff Zeager.pdf; College Algebra 2.4 Inequalities with Absolute Value and Quadratic Functions",Standard,Algebra Readiness,inequality_solving,inverse_operations;symbolic_fluency,110,Original-equivalent bridge item generated from local textbook coverage signals. No full textbook exercise text is reproduced.
college_alg_poly_001,Is x = 1 a zero of f(x) = x^2 - 3x - 10?,no,multiple_choice,A:no|B:yes|C:0|D:1|E:12,4,alg_factoring;alg_functions,polynomial_evaluation;zero_testing,function_zero_reasoning;substitution,zero_value_confusion;substitution_error,"Evaluate f(1) = 1^2 - 3(1) - 10 = -12. Since this is not 0, x = 1 is not a zero.",Algebra 1,Polynomials and Factoring,college-algebra-04-polynomial-structure,Polynomial Structure,5760,college_algebra_stitz_zeager,"local-pdf: College Algebra -- Carl Stitz, Jeff Zeager.pdf; College Algebra 3.1 Graphs of Polynomials",Honors,Algebra Readiness,polynomial_reasoning,symbol_evaluation;structure_recognition,110,Original-equivalent bridge item generated from local textbook coverage signals. No full textbook exercise text is reproduced.
college_alg_poly_002,Is x = 2 a zero of f(x) = x^2 - 3x - 10?,no,multiple_choice,A:yes|B:0|C:2|D:12|E:no,4,alg_factoring;alg_functions,polynomial_evaluation;zero_testing,function_zero_reasoning;substitution,zero_value_confusion;substitution_error,"Evaluate f(2) = 2^2 - 3(2) - 10 = -12. Since this is not 0, x = 2 is not a zero.",Algebra 1,Polynomials and Factoring,college-algebra-04-polynomial-structure,Polynomial Structure,5761,college_algebra_stitz_zeager,"local-pdf: College Algebra -- Carl Stitz, Jeff Zeager.pdf; College Algebra 3.1 Graphs of Polynomials",Honors,Algebra Readiness,polynomial_reasoning,symbol_evaluation;structure_recognition,110,Original-equivalent bridge item generated from local textbook coverage signals. No full textbook exercise text is reproduced.
college_alg_poly_003,Is x = 3 a zero of f(x) = x^2 - 3x - 10?,no,multiple_choice,A:0|B:3|C:10|D:no|E:yes,4,alg_factoring;alg_functions,polynomial_evaluation;zero_testing,function_zero_reasoning;substitution,zero_value_confusion;substitution_error,"Evaluate f(3) = 3^2 - 3(3) - 10 = -10. Since this is not 0, x = 3 is not a zero.",Algebra 1,Polynomials and Factoring,college-algebra-04-polynomial-structure,Polynomial Structure,5762,college_algebra_stitz_zeager,"local-pdf: College Algebra -- Carl Stitz, Jeff Zeager.pdf; College Algebra 3.1 Graphs of Polynomials",Honors,Algebra Readiness,polynomial_reasoning,symbol_evaluation;structure_recognition,110,Original-equivalent bridge item generated from local textbook coverage signals. No full textbook exercise text is reproduced.
college_alg_poly_004,Is x = 4 a zero of f(x) = x^2 - 3x - 10?,no,multiple_choice,A:4|B:6|C:no|D:yes|E:0,4,alg_factoring;alg_functions,polynomial_evaluation;zero_testing,function_zero_reasoning;substitution,zero_value_confusion;substitution_error,"Evaluate f(4) = 4^2 - 3(4) - 10 = -6. Since this is not 0, x = 4 is not a zero.",Algebra 1,Polynomials and Factoring,college-algebra-04-polynomial-structure,Polynomial Structure,5763,college_algebra_stitz_zeager,"local-pdf: College Algebra -- Carl Stitz, Jeff Zeager.pdf; College Algebra 3.1 Graphs of Polynomials",Honors,Algebra Readiness,polynomial_reasoning,symbol_evaluation;structure_recognition,110,Original-equivalent bridge item generated from local textbook coverage signals. No full textbook exercise text is reproduced.
college_alg_poly_005,Is x = 5 a zero of f(x) = x^2 - 3x - 10?,yes,multiple_choice,A:cannot tell|B:yes|C:no|D:0|E:5,4,alg_factoring;alg_functions,polynomial_evaluation;zero_testing,function_zero_reasoning;substitution,zero_value_confusion;substitution_error,"Evaluate f(5) = 5^2 - 3(5) - 10 = 0. Since this is 0, x = 5 is a zero.",Algebra 1,Polynomials and Factoring,college-algebra-04-polynomial-structure,Polynomial Structure,5764,college_algebra_stitz_zeager,"local-pdf: College Algebra -- Carl Stitz, Jeff Zeager.pdf; College Algebra 3.1 Graphs of Polynomials",Honors,Algebra Readiness,polynomial_reasoning,symbol_evaluation;structure_recognition,110,Original-equivalent bridge item generated from local textbook coverage signals. No full textbook exercise text is reproduced.
college_alg_poly_006,Is x = 6 a zero of f(x) = x^2 - 3x - 10?,no,multiple_choice,A:no|B:yes|C:0|D:6|E:8,4,alg_factoring;alg_functions,polynomial_evaluation;zero_testing,function_zero_reasoning;substitution,zero_value_confusion;substitution_error,"Evaluate f(6) = 6^2 - 3(6) - 10 = 8. Since this is not 0, x = 6 is not a zero.",Algebra 1,Polynomials and Factoring,college-algebra-04-polynomial-structure,Polynomial Structure,5765,college_algebra_stitz_zeager,"local-pdf: College Algebra -- Carl Stitz, Jeff Zeager.pdf; College Algebra 3.1 Graphs of Polynomials",Honors,Algebra Readiness,polynomial_reasoning,symbol_evaluation;structure_recognition,110,Original-equivalent bridge item generated from local textbook coverage signals. No full textbook exercise text is reproduced.
college_alg_poly_007,Is x = 7 a zero of f(x) = x^2 - 3x - 10?,no,multiple_choice,A:yes|B:0|C:7|D:18|E:no,4,alg_factoring;alg_functions,polynomial_evaluation;zero_testing,function_zero_reasoning;substitution,zero_value_confusion;substitution_error,"Evaluate f(7) = 7^2 - 3(7) - 10 = 18. Since this is not 0, x = 7 is not a zero.",Algebra 1,Polynomials and Factoring,college-algebra-04-polynomial-structure,Polynomial Structure,5766,college_algebra_stitz_zeager,"local-pdf: College Algebra -- Carl Stitz, Jeff Zeager.pdf; College Algebra 3.1 Graphs of Polynomials",Honors,Algebra Readiness,polynomial_reasoning,symbol_evaluation;structure_recognition,110,Original-equivalent bridge item generated from local textbook coverage signals. No full textbook exercise text is reproduced.
college_alg_poly_008,Is x = 1 a zero of f(x) = x^2 - 3x - 10?,no,multiple_choice,A:0|B:1|C:12|D:no|E:yes,4,alg_factoring;alg_functions,polynomial_evaluation;zero_testing,function_zero_reasoning;substitution,zero_value_confusion;substitution_error,"Evaluate f(1) = 1^2 - 3(1) - 10 = -12. Since this is not 0, x = 1 is not a zero.",Algebra 1,Polynomials and Factoring,college-algebra-04-polynomial-structure,Polynomial Structure,5767,college_algebra_stitz_zeager,"local-pdf: College Algebra -- Carl Stitz, Jeff Zeager.pdf; College Algebra 3.1 Graphs of Polynomials",Honors,Algebra Readiness,polynomial_reasoning,symbol_evaluation;structure_recognition,110,Original-equivalent bridge item generated from local textbook coverage signals. No full textbook exercise text is reproduced.
college_alg_poly_009,Is x = 2 a zero of f(x) = x^2 - 3x - 10?,no,multiple_choice,A:2|B:12|C:no|D:yes|E:0,4,alg_factoring;alg_functions,polynomial_evaluation;zero_testing,function_zero_reasoning;substitution,zero_value_confusion;substitution_error,"Evaluate f(2) = 2^2 - 3(2) - 10 = -12. Since this is not 0, x = 2 is not a zero.",Algebra 1,Polynomials and Factoring,college-algebra-04-polynomial-structure,Polynomial Structure,5768,college_algebra_stitz_zeager,"local-pdf: College Algebra -- Carl Stitz, Jeff Zeager.pdf; College Algebra 3.1 Graphs of Polynomials",Honors,Algebra Readiness,polynomial_reasoning,symbol_evaluation;structure_recognition,110,Original-equivalent bridge item generated from local textbook coverage signals. No full textbook exercise text is reproduced.
college_alg_poly_010,Is x = 3 a zero of f(x) = x^2 - 3x - 10?,no,multiple_choice,A:10|B:no|C:yes|D:0|E:3,4,alg_factoring;alg_functions,polynomial_evaluation;zero_testing,function_zero_reasoning;substitution,zero_value_confusion;substitution_error,"Evaluate f(3) = 3^2 - 3(3) - 10 = -10. Since this is not 0, x = 3 is not a zero.",Algebra 1,Polynomials and Factoring,college-algebra-04-polynomial-structure,Polynomial Structure,5769,college_algebra_stitz_zeager,"local-pdf: College Algebra -- Carl Stitz, Jeff Zeager.pdf; College Algebra 3.1 Graphs of Polynomials",Honors,Algebra Readiness,polynomial_reasoning,symbol_evaluation;structure_recognition,110,Original-equivalent bridge item generated from local textbook coverage signals. No full textbook exercise text is reproduced.
college_alg_poly_011,Is x = 4 a zero of f(x) = x^2 - 3x - 10?,no,multiple_choice,A:no|B:yes|C:0|D:4|E:6,4,alg_factoring;alg_functions,polynomial_evaluation;zero_testing,function_zero_reasoning;substitution,zero_value_confusion;substitution_error,"Evaluate f(4) = 4^2 - 3(4) - 10 = -6. Since this is not 0, x = 4 is not a zero.",Algebra 1,Polynomials and Factoring,college-algebra-04-polynomial-structure,Polynomial Structure,5770,college_algebra_stitz_zeager,"local-pdf: College Algebra -- Carl Stitz, Jeff Zeager.pdf; College Algebra 3.1 Graphs of Polynomials",Honors,Algebra Readiness,polynomial_reasoning,symbol_evaluation;structure_recognition,110,Original-equivalent bridge item generated from local textbook coverage signals. No full textbook exercise text is reproduced.
college_alg_poly_012,Is x = 5 a zero of f(x) = x^2 - 3x - 10?,yes,multiple_choice,A:no|B:0|C:5|D:cannot tell|E:yes,4,alg_factoring;alg_functions,polynomial_evaluation;zero_testing,function_zero_reasoning;substitution,zero_value_confusion;substitution_error,"Evaluate f(5) = 5^2 - 3(5) - 10 = 0. Since this is 0, x = 5 is a zero.",Algebra 1,Polynomials and Factoring,college-algebra-04-polynomial-structure,Polynomial Structure,5771,college_algebra_stitz_zeager,"local-pdf: College Algebra -- Carl Stitz, Jeff Zeager.pdf; College Algebra 3.1 Graphs of Polynomials",Honors,Algebra Readiness,polynomial_reasoning,symbol_evaluation;structure_recognition,110,Original-equivalent bridge item generated from local textbook coverage signals. No full textbook exercise text is reproduced.
college_alg_poly_013,Is x = 6 a zero of f(x) = x^2 - 3x - 10?,no,multiple_choice,A:0|B:6|C:8|D:no|E:yes,4,alg_factoring;alg_functions,polynomial_evaluation;zero_testing,function_zero_reasoning;substitution,zero_value_confusion;substitution_error,"Evaluate f(6) = 6^2 - 3(6) - 10 = 8. Since this is not 0, x = 6 is not a zero.",Algebra 1,Polynomials and Factoring,college-algebra-04-polynomial-structure,Polynomial Structure,5772,college_algebra_stitz_zeager,"local-pdf: College Algebra -- Carl Stitz, Jeff Zeager.pdf; College Algebra 3.1 Graphs of Polynomials",Honors,Algebra Readiness,polynomial_reasoning,symbol_evaluation;structure_recognition,110,Original-equivalent bridge item generated from local textbook coverage signals. No full textbook exercise text is reproduced.
college_alg_poly_014,Is x = 7 a zero of f(x) = x^2 - 3x - 10?,no,multiple_choice,A:7|B:18|C:no|D:yes|E:0,4,alg_factoring;alg_functions,polynomial_evaluation;zero_testing,function_zero_reasoning;substitution,zero_value_confusion;substitution_error,"Evaluate f(7) = 7^2 - 3(7) - 10 = 18. Since this is not 0, x = 7 is not a zero.",Algebra 1,Polynomials and Factoring,college-algebra-04-polynomial-structure,Polynomial Structure,5773,college_algebra_stitz_zeager,"local-pdf: College Algebra -- Carl Stitz, Jeff Zeager.pdf; College Algebra 3.1 Graphs of Polynomials",Honors,Algebra Readiness,polynomial_reasoning,symbol_evaluation;structure_recognition,110,Original-equivalent bridge item generated from local textbook coverage signals. No full textbook exercise text is reproduced.
college_alg_poly_015,Is x = 1 a zero of f(x) = x^2 - 3x - 10?,no,multiple_choice,A:12|B:no|C:yes|D:0|E:1,4,alg_factoring;alg_functions,polynomial_evaluation;zero_testing,function_zero_reasoning;substitution,zero_value_confusion;substitution_error,"Evaluate f(1) = 1^2 - 3(1) - 10 = -12. Since this is not 0, x = 1 is not a zero.",Algebra 1,Polynomials and Factoring,college-algebra-04-polynomial-structure,Polynomial Structure,5774,college_algebra_stitz_zeager,"local-pdf: College Algebra -- Carl Stitz, Jeff Zeager.pdf; College Algebra 3.1 Graphs of Polynomials",Honors,Algebra Readiness,polynomial_reasoning,symbol_evaluation;structure_recognition,110,Original-equivalent bridge item generated from local textbook coverage signals. No full textbook exercise text is reproduced.
college_alg_poly_016,Is x = 2 a zero of f(x) = x^2 - 3x - 10?,no,multiple_choice,A:no|B:yes|C:0|D:2|E:12,4,alg_factoring;alg_functions,polynomial_evaluation;zero_testing,function_zero_reasoning;substitution,zero_value_confusion;substitution_error,"Evaluate f(2) = 2^2 - 3(2) - 10 = -12. Since this is not 0, x = 2 is not a zero.",Algebra 1,Polynomials and Factoring,college-algebra-04-polynomial-structure,Polynomial Structure,5775,college_algebra_stitz_zeager,"local-pdf: College Algebra -- Carl Stitz, Jeff Zeager.pdf; College Algebra 3.1 Graphs of Polynomials",Honors,Algebra Readiness,polynomial_reasoning,symbol_evaluation;structure_recognition,110,Original-equivalent bridge item generated from local textbook coverage signals. No full textbook exercise text is reproduced.
college_alg_poly_017,Is x = 3 a zero of f(x) = x^2 - 3x - 10?,no,multiple_choice,A:yes|B:0|C:3|D:10|E:no,4,alg_factoring;alg_functions,polynomial_evaluation;zero_testing,function_zero_reasoning;substitution,zero_value_confusion;substitution_error,"Evaluate f(3) = 3^2 - 3(3) - 10 = -10. Since this is not 0, x = 3 is not a zero.",Algebra 1,Polynomials and Factoring,college-algebra-04-polynomial-structure,Polynomial Structure,5776,college_algebra_stitz_zeager,"local-pdf: College Algebra -- Carl Stitz, Jeff Zeager.pdf; College Algebra 3.1 Graphs of Polynomials",Honors,Algebra Readiness,polynomial_reasoning,symbol_evaluation;structure_recognition,110,Original-equivalent bridge item generated from local textbook coverage signals. No full textbook exercise text is reproduced.
college_alg_poly_018,Is x = 4 a zero of f(x) = x^2 - 3x - 10?,no,multiple_choice,A:0|B:4|C:6|D:no|E:yes,4,alg_factoring;alg_functions,polynomial_evaluation;zero_testing,function_zero_reasoning;substitution,zero_value_confusion;substitution_error,"Evaluate f(4) = 4^2 - 3(4) - 10 = -6. Since this is not 0, x = 4 is not a zero.",Algebra 1,Polynomials and Factoring,college-algebra-04-polynomial-structure,Polynomial Structure,5777,college_algebra_stitz_zeager,"local-pdf: College Algebra -- Carl Stitz, Jeff Zeager.pdf; College Algebra 3.1 Graphs of Polynomials",Honors,Algebra Readiness,polynomial_reasoning,symbol_evaluation;structure_recognition,110,Original-equivalent bridge item generated from local textbook coverage signals. No full textbook exercise text is reproduced.
college_alg_poly_019,Is x = 5 a zero of f(x) = x^2 - 3x - 10?,yes,multiple_choice,A:5|B:cannot tell|C:yes|D:no|E:0,4,alg_factoring;alg_functions,polynomial_evaluation;zero_testing,function_zero_reasoning;substitution,zero_value_confusion;substitution_error,"Evaluate f(5) = 5^2 - 3(5) - 10 = 0. Since this is 0, x = 5 is a zero.",Algebra 1,Polynomials and Factoring,college-algebra-04-polynomial-structure,Polynomial Structure,5778,college_algebra_stitz_zeager,"local-pdf: College Algebra -- Carl Stitz, Jeff Zeager.pdf; College Algebra 3.1 Graphs of Polynomials",Honors,Algebra Readiness,polynomial_reasoning,symbol_evaluation;structure_recognition,110,Original-equivalent bridge item generated from local textbook coverage signals. No full textbook exercise text is reproduced.
college_alg_poly_020,Is x = 6 a zero of f(x) = x^2 - 3x - 10?,no,multiple_choice,A:8|B:no|C:yes|D:0|E:6,4,alg_factoring;alg_functions,polynomial_evaluation;zero_testing,function_zero_reasoning;substitution,zero_value_confusion;substitution_error,"Evaluate f(6) = 6^2 - 3(6) - 10 = 8. Since this is not 0, x = 6 is not a zero.",Algebra 1,Polynomials and Factoring,college-algebra-04-polynomial-structure,Polynomial Structure,5779,college_algebra_stitz_zeager,"local-pdf: College Algebra -- Carl Stitz, Jeff Zeager.pdf; College Algebra 3.1 Graphs of Polynomials",Honors,Algebra Readiness,polynomial_reasoning,symbol_evaluation;structure_recognition,110,Original-equivalent bridge item generated from local textbook coverage signals. No full textbook exercise text is reproduced.
college_alg_factor_001,Factor x^2 + 5x + 6.,(x+2)(x+3),multiple_choice,A:(x+2)(x+3)|B:(x-2)(x-3)|C:(x+5)(x+6)|D:(x+2)(x-3)|E:x(x+5)+6,4,alg_factoring;alg_quadratics,quadratic_factorization;factor_pair_reasoning,trinomial_factor_pattern;polynomial_structure,factor_pair_error;sign_error,Find two numbers that multiply to 6 and add to 5: 2 and 3. So the factorization is (x+2)(x+3).,Algebra 1,Polynomials and Factoring,college-algebra-04-polynomial-structure,Polynomial Structure,5830,college_algebra_stitz_zeager,"local-pdf: College Algebra -- Carl Stitz, Jeff Zeager.pdf; College Algebra 3.2 The Factor Theorem and Factoring",Standard,Algebra Readiness,factoring,factor_structure;structure_recognition,110,Original-equivalent bridge item generated from local textbook coverage signals. No full textbook exercise text is reproduced.
college_alg_factor_002,Factor x^2 + 8x + 15.,(x+3)(x+5),multiple_choice,A:(x-3)(x-5)|B:(x+8)(x+15)|C:(x+3)(x-5)|D:x(x+8)+15|E:(x+3)(x+5),4,alg_factoring;alg_quadratics,quadratic_factorization;factor_pair_reasoning,trinomial_factor_pattern;polynomial_structure,factor_pair_error;sign_error,Find two numbers that multiply to 15 and add to 8: 3 and 5. So the factorization is (x+3)(x+5).,Algebra 1,Polynomials and Factoring,college-algebra-04-polynomial-structure,Polynomial Structure,5831,college_algebra_stitz_zeager,"local-pdf: College Algebra -- Carl Stitz, Jeff Zeager.pdf; College Algebra 3.2 The Factor Theorem and Factoring",Standard,Algebra Readiness,factoring,factor_structure;structure_recognition,110,Original-equivalent bridge item generated from local textbook coverage signals. No full textbook exercise text is reproduced.
college_alg_factor_003,Factor x^2 + 11x + 28.,(x+4)(x+7),multiple_choice,A:(x+11)(x+28)|B:(x+4)(x-7)|C:x(x+11)+28|D:(x+4)(x+7)|E:(x-4)(x-7),4,alg_factoring;alg_quadratics,quadratic_factorization;factor_pair_reasoning,trinomial_factor_pattern;polynomial_structure,factor_pair_error;sign_error,Find two numbers that multiply to 28 and add to 11: 4 and 7. So the factorization is (x+4)(x+7).,Algebra 1,Polynomials and Factoring,college-algebra-04-polynomial-structure,Polynomial Structure,5832,college_algebra_stitz_zeager,"local-pdf: College Algebra -- Carl Stitz, Jeff Zeager.pdf; College Algebra 3.2 The Factor Theorem and Factoring",Standard,Algebra Readiness,factoring,factor_structure;structure_recognition,110,Original-equivalent bridge item generated from local textbook coverage signals. No full textbook exercise text is reproduced.
college_alg_factor_004,Factor x^2 + 14x + 45.,(x+5)(x+9),multiple_choice,A:(x+5)(x-9)|B:x(x+14)+45|C:(x+5)(x+9)|D:(x-5)(x-9)|E:(x+14)(x+45),4,alg_factoring;alg_quadratics,quadratic_factorization;factor_pair_reasoning,trinomial_factor_pattern;polynomial_structure,factor_pair_error;sign_error,Find two numbers that multiply to 45 and add to 14: 5 and 9. So the factorization is (x+5)(x+9).,Algebra 1,Polynomials and Factoring,college-algebra-04-polynomial-structure,Polynomial Structure,5833,college_algebra_stitz_zeager,"local-pdf: College Algebra -- Carl Stitz, Jeff Zeager.pdf; College Algebra 3.2 The Factor Theorem and Factoring",Standard,Algebra Readiness,factoring,factor_structure;structure_recognition,110,Original-equivalent bridge item generated from local textbook coverage signals. No full textbook exercise text is reproduced.
college_alg_factor_005,Factor x^2 + 17x + 66.,(x+6)(x+11),multiple_choice,A:x(x+17)+66|B:(x+6)(x+11)|C:(x-6)(x-11)|D:(x+17)(x+66)|E:(x+6)(x-11),4,alg_factoring;alg_quadratics,quadratic_factorization;factor_pair_reasoning,trinomial_factor_pattern;polynomial_structure,factor_pair_error;sign_error,Find two numbers that multiply to 66 and add to 17: 6 and 11. So the factorization is (x+6)(x+11).,Algebra 1,Polynomials and Factoring,college-algebra-04-polynomial-structure,Polynomial Structure,5834,college_algebra_stitz_zeager,"local-pdf: College Algebra -- Carl Stitz, Jeff Zeager.pdf; College Algebra 3.2 The Factor Theorem and Factoring",Standard,Algebra Readiness,factoring,factor_structure;structure_recognition,110,Original-equivalent bridge item generated from local textbook coverage signals. No full textbook exercise text is reproduced.
college_alg_factor_006,Factor x^2 + 15x + 56.,(x+7)(x+8),multiple_choice,A:(x+7)(x+8)|B:(x-7)(x-8)|C:(x+15)(x+56)|D:(x+7)(x-8)|E:x(x+15)+56,4,alg_factoring;alg_quadratics,quadratic_factorization;factor_pair_reasoning,trinomial_factor_pattern;polynomial_structure,factor_pair_error;sign_error,Find two numbers that multiply to 56 and add to 15: 7 and 8. So the factorization is (x+7)(x+8).,Algebra 1,Polynomials and Factoring,college-algebra-04-polynomial-structure,Polynomial Structure,5835,college_algebra_stitz_zeager,"local-pdf: College Algebra -- Carl Stitz, Jeff Zeager.pdf; College Algebra 3.2 The Factor Theorem and Factoring",Standard,Algebra Readiness,factoring,factor_structure;structure_recognition,110,Original-equivalent bridge item generated from local textbook coverage signals. No full textbook exercise text is reproduced.
college_alg_factor_007,Factor x^2 + 6x + 8.,(x+2)(x+4),multiple_choice,A:(x-2)(x-4)|B:(x+6)(x+8)|C:(x+2)(x-4)|D:x(x+6)+8|E:(x+2)(x+4),4,alg_factoring;alg_quadratics,quadratic_factorization;factor_pair_reasoning,trinomial_factor_pattern;polynomial_structure,factor_pair_error;sign_error,Find two numbers that multiply to 8 and add to 6: 2 and 4. So the factorization is (x+2)(x+4).,Algebra 1,Polynomials and Factoring,college-algebra-04-polynomial-structure,Polynomial Structure,5836,college_algebra_stitz_zeager,"local-pdf: College Algebra -- Carl Stitz, Jeff Zeager.pdf; College Algebra 3.2 The Factor Theorem and Factoring",Standard,Algebra Readiness,factoring,factor_structure;structure_recognition,110,Original-equivalent bridge item generated from local textbook coverage signals. No full textbook exercise text is reproduced.
college_alg_factor_008,Factor x^2 + 9x + 18.,(x+3)(x+6),multiple_choice,A:(x+9)(x+18)|B:(x+3)(x-6)|C:x(x+9)+18|D:(x+3)(x+6)|E:(x-3)(x-6),4,alg_factoring;alg_quadratics,quadratic_factorization;factor_pair_reasoning,trinomial_factor_pattern;polynomial_structure,factor_pair_error;sign_error,Find two numbers that multiply to 18 and add to 9: 3 and 6. So the factorization is (x+3)(x+6).,Algebra 1,Polynomials and Factoring,college-algebra-04-polynomial-structure,Polynomial Structure,5837,college_algebra_stitz_zeager,"local-pdf: College Algebra -- Carl Stitz, Jeff Zeager.pdf; College Algebra 3.2 The Factor Theorem and Factoring",Standard,Algebra Readiness,factoring,factor_structure;structure_recognition,110,Original-equivalent bridge item generated from local textbook coverage signals. No full textbook exercise text is reproduced.
college_alg_factor_009,Factor x^2 + 12x + 32.,(x+4)(x+8),multiple_choice,A:(x+4)(x-8)|B:x(x+12)+32|C:(x+4)(x+8)|D:(x-4)(x-8)|E:(x+12)(x+32),4,alg_factoring;alg_quadratics,quadratic_factorization;factor_pair_reasoning,trinomial_factor_pattern;polynomial_structure,factor_pair_error;sign_error,Find two numbers that multiply to 32 and add to 12: 4 and 8. So the factorization is (x+4)(x+8).,Algebra 1,Polynomials and Factoring,college-algebra-04-polynomial-structure,Polynomial Structure,5838,college_algebra_stitz_zeager,"local-pdf: College Algebra -- Carl Stitz, Jeff Zeager.pdf; College Algebra 3.2 The Factor Theorem and Factoring",Standard,Algebra Readiness,factoring,factor_structure;structure_recognition,110,Original-equivalent bridge item generated from local textbook coverage signals. No full textbook exercise text is reproduced.
college_alg_factor_010,Factor x^2 + 15x + 50.,(x+5)(x+10),multiple_choice,A:x(x+15)+50|B:(x+5)(x+10)|C:(x-5)(x-10)|D:(x+15)(x+50)|E:(x+5)(x-10),4,alg_factoring;alg_quadratics,quadratic_factorization;factor_pair_reasoning,trinomial_factor_pattern;polynomial_structure,factor_pair_error;sign_error,Find two numbers that multiply to 50 and add to 15: 5 and 10. So the factorization is (x+5)(x+10).,Algebra 1,Polynomials and Factoring,college-algebra-04-polynomial-structure,Polynomial Structure,5839,college_algebra_stitz_zeager,"local-pdf: College Algebra -- Carl Stitz, Jeff Zeager.pdf; College Algebra 3.2 The Factor Theorem and Factoring",Standard,Algebra Readiness,factoring,factor_structure;structure_recognition,110,Original-equivalent bridge item generated from local textbook coverage signals. No full textbook exercise text is reproduced.
college_alg_factor_011,Factor x^2 + 13x + 42.,(x+6)(x+7),multiple_choice,A:(x+6)(x+7)|B:(x-6)(x-7)|C:(x+13)(x+42)|D:(x+6)(x-7)|E:x(x+13)+42,4,alg_factoring;alg_quadratics,quadratic_factorization;factor_pair_reasoning,trinomial_factor_pattern;polynomial_structure,factor_pair_error;sign_error,Find two numbers that multiply to 42 and add to 13: 6 and 7. So the factorization is (x+6)(x+7).,Algebra 1,Polynomials and Factoring,college-algebra-04-polynomial-structure,Polynomial Structure,5840,college_algebra_stitz_zeager,"local-pdf: College Algebra -- Carl Stitz, Jeff Zeager.pdf; College Algebra 3.2 The Factor Theorem and Factoring",Standard,Algebra Readiness,factoring,factor_structure;structure_recognition,110,Original-equivalent bridge item generated from local textbook coverage signals. No full textbook exercise text is reproduced.
college_alg_factor_012,Factor x^2 + 16x + 63.,(x+7)(x+9),multiple_choice,A:(x-7)(x-9)|B:(x+16)(x+63)|C:(x+7)(x-9)|D:x(x+16)+63|E:(x+7)(x+9),4,alg_factoring;alg_quadratics,quadratic_factorization;factor_pair_reasoning,trinomial_factor_pattern;polynomial_structure,factor_pair_error;sign_error,Find two numbers that multiply to 63 and add to 16: 7 and 9. So the factorization is (x+7)(x+9).,Algebra 1,Polynomials and Factoring,college-algebra-04-polynomial-structure,Polynomial Structure,5841,college_algebra_stitz_zeager,"local-pdf: College Algebra -- Carl Stitz, Jeff Zeager.pdf; College Algebra 3.2 The Factor Theorem and Factoring",Standard,Algebra Readiness,factoring,factor_structure;structure_recognition,110,Original-equivalent bridge item generated from local textbook coverage signals. No full textbook exercise text is reproduced.
college_alg_factor_013,Factor x^2 + 7x + 10.,(x+2)(x+5),multiple_choice,A:(x+7)(x+10)|B:(x+2)(x-5)|C:x(x+7)+10|D:(x+2)(x+5)|E:(x-2)(x-5),4,alg_factoring;alg_quadratics,quadratic_factorization;factor_pair_reasoning,trinomial_factor_pattern;polynomial_structure,factor_pair_error;sign_error,Find two numbers that multiply to 10 and add to 7: 2 and 5. So the factorization is (x+2)(x+5).,Algebra 1,Polynomials and Factoring,college-algebra-04-polynomial-structure,Polynomial Structure,5842,college_algebra_stitz_zeager,"local-pdf: College Algebra -- Carl Stitz, Jeff Zeager.pdf; College Algebra 3.2 The Factor Theorem and Factoring",Standard,Algebra Readiness,factoring,factor_structure;structure_recognition,110,Original-equivalent bridge item generated from local textbook coverage signals. No full textbook exercise text is reproduced.
college_alg_factor_014,Factor x^2 + 10x + 21.,(x+3)(x+7),multiple_choice,A:(x+3)(x-7)|B:x(x+10)+21|C:(x+3)(x+7)|D:(x-3)(x-7)|E:(x+10)(x+21),4,alg_factoring;alg_quadratics,quadratic_factorization;factor_pair_reasoning,trinomial_factor_pattern;polynomial_structure,factor_pair_error;sign_error,Find two numbers that multiply to 21 and add to 10: 3 and 7. So the factorization is (x+3)(x+7).,Algebra 1,Polynomials and Factoring,college-algebra-04-polynomial-structure,Polynomial Structure,5843,college_algebra_stitz_zeager,"local-pdf: College Algebra -- Carl Stitz, Jeff Zeager.pdf; College Algebra 3.2 The Factor Theorem and Factoring",Standard,Algebra Readiness,factoring,factor_structure;structure_recognition,110,Original-equivalent bridge item generated from local textbook coverage signals. No full textbook exercise text is reproduced.
college_alg_factor_015,Factor x^2 + 13x + 36.,(x+4)(x+9),multiple_choice,A:x(x+13)+36|B:(x+4)(x+9)|C:(x-4)(x-9)|D:(x+13)(x+36)|E:(x+4)(x-9),4,alg_factoring;alg_quadratics,quadratic_factorization;factor_pair_reasoning,trinomial_factor_pattern;polynomial_structure,factor_pair_error;sign_error,Find two numbers that multiply to 36 and add to 13: 4 and 9. So the factorization is (x+4)(x+9).,Algebra 1,Polynomials and Factoring,college-algebra-04-polynomial-structure,Polynomial Structure,5844,college_algebra_stitz_zeager,"local-pdf: College Algebra -- Carl Stitz, Jeff Zeager.pdf; College Algebra 3.2 The Factor Theorem and Factoring",Standard,Algebra Readiness,factoring,factor_structure;structure_recognition,110,Original-equivalent bridge item generated from local textbook coverage signals. No full textbook exercise text is reproduced.
college_alg_factor_016,Factor x^2 + 11x + 30.,(x+5)(x+6),multiple_choice,A:(x+5)(x+6)|B:(x-5)(x-6)|C:(x+11)(x+30)|D:(x+5)(x-6)|E:x(x+11)+30,4,alg_factoring;alg_quadratics,quadratic_factorization;factor_pair_reasoning,trinomial_factor_pattern;polynomial_structure,factor_pair_error;sign_error,Find two numbers that multiply to 30 and add to 11: 5 and 6. So the factorization is (x+5)(x+6).,Algebra 1,Polynomials and Factoring,college-algebra-04-polynomial-structure,Polynomial Structure,5845,college_algebra_stitz_zeager,"local-pdf: College Algebra -- Carl Stitz, Jeff Zeager.pdf; College Algebra 3.2 The Factor Theorem and Factoring",Standard,Algebra Readiness,factoring,factor_structure;structure_recognition,110,Original-equivalent bridge item generated from local textbook coverage signals. No full textbook exercise text is reproduced.
college_alg_factor_017,Factor x^2 + 14x + 48.,(x+6)(x+8),multiple_choice,A:(x-6)(x-8)|B:(x+14)(x+48)|C:(x+6)(x-8)|D:x(x+14)+48|E:(x+6)(x+8),4,alg_factoring;alg_quadratics,quadratic_factorization;factor_pair_reasoning,trinomial_factor_pattern;polynomial_structure,factor_pair_error;sign_error,Find two numbers that multiply to 48 and add to 14: 6 and 8. So the factorization is (x+6)(x+8).,Algebra 1,Polynomials and Factoring,college-algebra-04-polynomial-structure,Polynomial Structure,5846,college_algebra_stitz_zeager,"local-pdf: College Algebra -- Carl Stitz, Jeff Zeager.pdf; College Algebra 3.2 The Factor Theorem and Factoring",Standard,Algebra Readiness,factoring,factor_structure;structure_recognition,110,Original-equivalent bridge item generated from local textbook coverage signals. No full textbook exercise text is reproduced.
college_alg_factor_018,Factor x^2 + 17x + 70.,(x+7)(x+10),multiple_choice,A:(x+17)(x+70)|B:(x+7)(x-10)|C:x(x+17)+70|D:(x+7)(x+10)|E:(x-7)(x-10),4,alg_factoring;alg_quadratics,quadratic_factorization;factor_pair_reasoning,trinomial_factor_pattern;polynomial_structure,factor_pair_error;sign_error,Find two numbers that multiply to 70 and add to 17: 7 and 10. So the factorization is (x+7)(x+10).,Algebra 1,Polynomials and Factoring,college-algebra-04-polynomial-structure,Polynomial Structure,5847,college_algebra_stitz_zeager,"local-pdf: College Algebra -- Carl Stitz, Jeff Zeager.pdf; College Algebra 3.2 The Factor Theorem and Factoring",Standard,Algebra Readiness,factoring,factor_structure;structure_recognition,110,Original-equivalent bridge item generated from local textbook coverage signals. No full textbook exercise text is reproduced.
college_alg_factor_019,Factor x^2 + 8x + 12.,(x+2)(x+6),multiple_choice,A:(x+2)(x-6)|B:x(x+8)+12|C:(x+2)(x+6)|D:(x-2)(x-6)|E:(x+8)(x+12),4,alg_factoring;alg_quadratics,quadratic_factorization;factor_pair_reasoning,trinomial_factor_pattern;polynomial_structure,factor_pair_error;sign_error,Find two numbers that multiply to 12 and add to 8: 2 and 6. So the factorization is (x+2)(x+6).,Algebra 1,Polynomials and Factoring,college-algebra-04-polynomial-structure,Polynomial Structure,5848,college_algebra_stitz_zeager,"local-pdf: College Algebra -- Carl Stitz, Jeff Zeager.pdf; College Algebra 3.2 The Factor Theorem and Factoring",Standard,Algebra Readiness,factoring,factor_structure;structure_recognition,110,Original-equivalent bridge item generated from local textbook coverage signals. No full textbook exercise text is reproduced.
college_alg_factor_020,Factor x^2 + 11x + 24.,(x+3)(x+8),multiple_choice,A:x(x+11)+24|B:(x+3)(x+8)|C:(x-3)(x-8)|D:(x+11)(x+24)|E:(x+3)(x-8),4,alg_factoring;alg_quadratics,quadratic_factorization;factor_pair_reasoning,trinomial_factor_pattern;polynomial_structure,factor_pair_error;sign_error,Find two numbers that multiply to 24 and add to 11: 3 and 8. So the factorization is (x+3)(x+8).,Algebra 1,Polynomials and Factoring,college-algebra-04-polynomial-structure,Polynomial Structure,5849,college_algebra_stitz_zeager,"local-pdf: College Algebra -- Carl Stitz, Jeff Zeager.pdf; College Algebra 3.2 The Factor Theorem and Factoring",Standard,Algebra Readiness,factoring,factor_structure;structure_recognition,110,Original-equivalent bridge item generated from local textbook coverage signals. No full textbook exercise text is reproduced.
college_alg_system_001,Solve the system x + y = 3 and x - y = -1.,"(1,2)",multiple_choice,"A:(1,2)|B:(2,1)|C:(3,-1)|D:(-1,-2)|E:2),(1",5,alg_systems;alg_linear_equations,systems_elimination;linear_equation_solving,equation_combination;two_variable_reasoning,variable_swap_error;elimination_error,"Add the equations: 2x = 2, so x = 1. Then y = 3 - 1 = 2.",Algebra 1,Systems and Algebraic Modeling,college-algebra-08-systems,Systems of Linear Equations,5900,college_algebra_stitz_zeager,"local-pdf: College Algebra -- Carl Stitz, Jeff Zeager.pdf; College Algebra 8.1 Systems of Linear Equations",Honors,Algebra Readiness,systems_solving,multi_step_planning;operation_selection,130,Original-equivalent bridge item generated from local textbook coverage signals. No full textbook exercise text is reproduced.
college_alg_system_002,Solve the system x + y = 5 and x - y = -1.,"(2,3)",multiple_choice,"A:(3,2)|B:(5,-1)|C:(-2,-3)|D:3),(2|E:(2,3)",5,alg_systems;alg_linear_equations,systems_elimination;linear_equation_solving,equation_combination;two_variable_reasoning,variable_swap_error;elimination_error,"Add the equations: 2x = 4, so x = 2. Then y = 5 - 2 = 3.",Algebra 1,Systems and Algebraic Modeling,college-algebra-08-systems,Systems of Linear Equations,5901,college_algebra_stitz_zeager,"local-pdf: College Algebra -- Carl Stitz, Jeff Zeager.pdf; College Algebra 8.1 Systems of Linear Equations",Honors,Algebra Readiness,systems_solving,multi_step_planning;operation_selection,130,Original-equivalent bridge item generated from local textbook coverage signals. No full textbook exercise text is reproduced.
college_alg_system_003,Solve the system x + y = 7 and x - y = -1.,"(3,4)",multiple_choice,"A:(7,-1)|B:(-3,-4)|C:4),(3|D:(3,4)|E:(4,3)",5,alg_systems;alg_linear_equations,systems_elimination;linear_equation_solving,equation_combination;two_variable_reasoning,variable_swap_error;elimination_error,"Add the equations: 2x = 6, so x = 3. Then y = 7 - 3 = 4.",Algebra 1,Systems and Algebraic Modeling,college-algebra-08-systems,Systems of Linear Equations,5902,college_algebra_stitz_zeager,"local-pdf: College Algebra -- Carl Stitz, Jeff Zeager.pdf; College Algebra 8.1 Systems of Linear Equations",Honors,Algebra Readiness,systems_solving,multi_step_planning;operation_selection,130,Original-equivalent bridge item generated from local textbook coverage signals. No full textbook exercise text is reproduced.
college_alg_system_004,Solve the system x + y = 9 and x - y = -1.,"(4,5)",multiple_choice,"A:(-4,-5)|B:5),(4|C:(4,5)|D:(5,4)|E:(9,-1)",5,alg_systems;alg_linear_equations,systems_elimination;linear_equation_solving,equation_combination;two_variable_reasoning,variable_swap_error;elimination_error,"Add the equations: 2x = 8, so x = 4. Then y = 9 - 4 = 5.",Algebra 1,Systems and Algebraic Modeling,college-algebra-08-systems,Systems of Linear Equations,5903,college_algebra_stitz_zeager,"local-pdf: College Algebra -- Carl Stitz, Jeff Zeager.pdf; College Algebra 8.1 Systems of Linear Equations",Honors,Algebra Readiness,systems_solving,multi_step_planning;operation_selection,130,Original-equivalent bridge item generated from local textbook coverage signals. No full textbook exercise text is reproduced.
college_alg_system_005,Solve the system x + y = 11 and x - y = -1.,"(5,6)",multiple_choice,"A:6),(5|B:(5,6)|C:(6,5)|D:(11,-1)|E:(-5,-6)",5,alg_systems;alg_linear_equations,systems_elimination;linear_equation_solving,equation_combination;two_variable_reasoning,variable_swap_error;elimination_error,"Add the equations: 2x = 10, so x = 5. Then y = 11 - 5 = 6.",Algebra 1,Systems and Algebraic Modeling,college-algebra-08-systems,Systems of Linear Equations,5904,college_algebra_stitz_zeager,"local-pdf: College Algebra -- Carl Stitz, Jeff Zeager.pdf; College Algebra 8.1 Systems of Linear Equations",Honors,Algebra Readiness,systems_solving,multi_step_planning;operation_selection,130,Original-equivalent bridge item generated from local textbook coverage signals. No full textbook exercise text is reproduced.
college_alg_system_006,Solve the system x + y = 13 and x - y = -1.,"(6,7)",multiple_choice,"A:(6,7)|B:(7,6)|C:(13,-1)|D:(-6,-7)|E:7),(6",5,alg_systems;alg_linear_equations,systems_elimination;linear_equation_solving,equation_combination;two_variable_reasoning,variable_swap_error;elimination_error,"Add the equations: 2x = 12, so x = 6. Then y = 13 - 6 = 7.",Algebra 1,Systems and Algebraic Modeling,college-algebra-08-systems,Systems of Linear Equations,5905,college_algebra_stitz_zeager,"local-pdf: College Algebra -- Carl Stitz, Jeff Zeager.pdf; College Algebra 8.1 Systems of Linear Equations",Honors,Algebra Readiness,systems_solving,multi_step_planning;operation_selection,130,Original-equivalent bridge item generated from local textbook coverage signals. No full textbook exercise text is reproduced.
college_alg_system_007,Solve the system x + y = 15 and x - y = -1.,"(7,8)",multiple_choice,"A:(8,7)|B:(15,-1)|C:(-7,-8)|D:8),(7|E:(7,8)",5,alg_systems;alg_linear_equations,systems_elimination;linear_equation_solving,equation_combination;two_variable_reasoning,variable_swap_error;elimination_error,"Add the equations: 2x = 14, so x = 7. Then y = 15 - 7 = 8.",Algebra 1,Systems and Algebraic Modeling,college-algebra-08-systems,Systems of Linear Equations,5906,college_algebra_stitz_zeager,"local-pdf: College Algebra -- Carl Stitz, Jeff Zeager.pdf; College Algebra 8.1 Systems of Linear Equations",Honors,Algebra Readiness,systems_solving,multi_step_planning;operation_selection,130,Original-equivalent bridge item generated from local textbook coverage signals. No full textbook exercise text is reproduced.
college_alg_system_008,Solve the system x + y = 10 and x - y = 6.,"(8,2)",multiple_choice,"A:(10,6)|B:(-8,-2)|C:2),(8|D:(8,2)|E:(2,8)",5,alg_systems;alg_linear_equations,systems_elimination;linear_equation_solving,equation_combination;two_variable_reasoning,variable_swap_error;elimination_error,"Add the equations: 2x = 16, so x = 8. Then y = 10 - 8 = 2.",Algebra 1,Systems and Algebraic Modeling,college-algebra-08-systems,Systems of Linear Equations,5907,college_algebra_stitz_zeager,"local-pdf: College Algebra -- Carl Stitz, Jeff Zeager.pdf; College Algebra 8.1 Systems of Linear Equations",Honors,Algebra Readiness,systems_solving,multi_step_planning;operation_selection,130,Original-equivalent bridge item generated from local textbook coverage signals. No full textbook exercise text is reproduced.
college_alg_system_009,Solve the system x + y = 4 and x - y = -2.,"(1,3)",multiple_choice,"A:(-1,-3)|B:3),(1|C:(1,3)|D:(3,1)|E:(4,-2)",5,alg_systems;alg_linear_equations,systems_elimination;linear_equation_solving,equation_combination;two_variable_reasoning,variable_swap_error;elimination_error,"Add the equations: 2x = 2, so x = 1. Then y = 4 - 1 = 3.",Algebra 1,Systems and Algebraic Modeling,college-algebra-08-systems,Systems of Linear Equations,5908,college_algebra_stitz_zeager,"local-pdf: College Algebra -- Carl Stitz, Jeff Zeager.pdf; College Algebra 8.1 Systems of Linear Equations",Honors,Algebra Readiness,systems_solving,multi_step_planning;operation_selection,130,Original-equivalent bridge item generated from local textbook coverage signals. No full textbook exercise text is reproduced.
college_alg_system_010,Solve the system x + y = 6 and x - y = -2.,"(2,4)",multiple_choice,"A:4),(2|B:(2,4)|C:(4,2)|D:(6,-2)|E:(-2,-4)",5,alg_systems;alg_linear_equations,systems_elimination;linear_equation_solving,equation_combination;two_variable_reasoning,variable_swap_error;elimination_error,"Add the equations: 2x = 4, so x = 2. Then y = 6 - 2 = 4.",Algebra 1,Systems and Algebraic Modeling,college-algebra-08-systems,Systems of Linear Equations,5909,college_algebra_stitz_zeager,"local-pdf: College Algebra -- Carl Stitz, Jeff Zeager.pdf; College Algebra 8.1 Systems of Linear Equations",Honors,Algebra Readiness,systems_solving,multi_step_planning;operation_selection,130,Original-equivalent bridge item generated from local textbook coverage signals. No full textbook exercise text is reproduced.
college_alg_system_011,Solve the system x + y = 8 and x - y = -2.,"(3,5)",multiple_choice,"A:(3,5)|B:(5,3)|C:(8,-2)|D:(-3,-5)|E:5),(3",5,alg_systems;alg_linear_equations,systems_elimination;linear_equation_solving,equation_combination;two_variable_reasoning,variable_swap_error;elimination_error,"Add the equations: 2x = 6, so x = 3. Then y = 8 - 3 = 5.",Algebra 1,Systems and Algebraic Modeling,college-algebra-08-systems,Systems of Linear Equations,5910,college_algebra_stitz_zeager,"local-pdf: College Algebra -- Carl Stitz, Jeff Zeager.pdf; College Algebra 8.1 Systems of Linear Equations",Honors,Algebra Readiness,systems_solving,multi_step_planning;operation_selection,130,Original-equivalent bridge item generated from local textbook coverage signals. No full textbook exercise text is reproduced.
college_alg_system_012,Solve the system x + y = 10 and x - y = -2.,"(4,6)",multiple_choice,"A:(6,4)|B:(10,-2)|C:(-4,-6)|D:6),(4|E:(4,6)",5,alg_systems;alg_linear_equations,systems_elimination;linear_equation_solving,equation_combination;two_variable_reasoning,variable_swap_error;elimination_error,"Add the equations: 2x = 8, so x = 4. Then y = 10 - 4 = 6.",Algebra 1,Systems and Algebraic Modeling,college-algebra-08-systems,Systems of Linear Equations,5911,college_algebra_stitz_zeager,"local-pdf: College Algebra -- Carl Stitz, Jeff Zeager.pdf; College Algebra 8.1 Systems of Linear Equations",Honors,Algebra Readiness,systems_solving,multi_step_planning;operation_selection,130,Original-equivalent bridge item generated from local textbook coverage signals. No full textbook exercise text is reproduced.
college_alg_system_013,Solve the system x + y = 12 and x - y = -2.,"(5,7)",multiple_choice,"A:(12,-2)|B:(-5,-7)|C:7),(5|D:(5,7)|E:(7,5)",5,alg_systems;alg_linear_equations,systems_elimination;linear_equation_solving,equation_combination;two_variable_reasoning,variable_swap_error;elimination_error,"Add the equations: 2x = 10, so x = 5. Then y = 12 - 5 = 7.",Algebra 1,Systems and Algebraic Modeling,college-algebra-08-systems,Systems of Linear Equations,5912,college_algebra_stitz_zeager,"local-pdf: College Algebra -- Carl Stitz, Jeff Zeager.pdf; College Algebra 8.1 Systems of Linear Equations",Honors,Algebra Readiness,systems_solving,multi_step_planning;operation_selection,130,Original-equivalent bridge item generated from local textbook coverage signals. No full textbook exercise text is reproduced.
college_alg_system_014,Solve the system x + y = 14 and x - y = -2.,"(6,8)",multiple_choice,"A:(-6,-8)|B:8),(6|C:(6,8)|D:(8,6)|E:(14,-2)",5,alg_systems;alg_linear_equations,systems_elimination;linear_equation_solving,equation_combination;two_variable_reasoning,variable_swap_error;elimination_error,"Add the equations: 2x = 12, so x = 6. Then y = 14 - 6 = 8.",Algebra 1,Systems and Algebraic Modeling,college-algebra-08-systems,Systems of Linear Equations,5913,college_algebra_stitz_zeager,"local-pdf: College Algebra -- Carl Stitz, Jeff Zeager.pdf; College Algebra 8.1 Systems of Linear Equations",Honors,Algebra Readiness,systems_solving,multi_step_planning;operation_selection,130,Original-equivalent bridge item generated from local textbook coverage signals. No full textbook exercise text is reproduced.
college_alg_system_015,Solve the system x + y = 9 and x - y = 5.,"(7,2)",multiple_choice,"A:2),(7|B:(7,2)|C:(2,7)|D:(9,5)|E:(-7,-2)",5,alg_systems;alg_linear_equations,systems_elimination;linear_equation_solving,equation_combination;two_variable_reasoning,variable_swap_error;elimination_error,"Add the equations: 2x = 14, so x = 7. Then y = 9 - 7 = 2.",Algebra 1,Systems and Algebraic Modeling,college-algebra-08-systems,Systems of Linear Equations,5914,college_algebra_stitz_zeager,"local-pdf: College Algebra -- Carl Stitz, Jeff Zeager.pdf; College Algebra 8.1 Systems of Linear Equations",Honors,Algebra Readiness,systems_solving,multi_step_planning;operation_selection,130,Original-equivalent bridge item generated from local textbook coverage signals. No full textbook exercise text is reproduced.
college_alg_system_016,Solve the system x + y = 11 and x - y = 5.,"(8,3)",multiple_choice,"A:(8,3)|B:(3,8)|C:(11,5)|D:(-8,-3)|E:3),(8",5,alg_systems;alg_linear_equations,systems_elimination;linear_equation_solving,equation_combination;two_variable_reasoning,variable_swap_error;elimination_error,"Add the equations: 2x = 16, so x = 8. Then y = 11 - 8 = 3.",Algebra 1,Systems and Algebraic Modeling,college-algebra-08-systems,Systems of Linear Equations,5915,college_algebra_stitz_zeager,"local-pdf: College Algebra -- Carl Stitz, Jeff Zeager.pdf; College Algebra 8.1 Systems of Linear Equations",Honors,Algebra Readiness,systems_solving,multi_step_planning;operation_selection,130,Original-equivalent bridge item generated from local textbook coverage signals. No full textbook exercise text is reproduced.
college_alg_system_017,Solve the system x + y = 5 and x - y = -3.,"(1,4)",multiple_choice,"A:(4,1)|B:(5,-3)|C:(-1,-4)|D:4),(1|E:(1,4)",5,alg_systems;alg_linear_equations,systems_elimination;linear_equation_solving,equation_combination;two_variable_reasoning,variable_swap_error;elimination_error,"Add the equations: 2x = 2, so x = 1. Then y = 5 - 1 = 4.",Algebra 1,Systems and Algebraic Modeling,college-algebra-08-systems,Systems of Linear Equations,5916,college_algebra_stitz_zeager,"local-pdf: College Algebra -- Carl Stitz, Jeff Zeager.pdf; College Algebra 8.1 Systems of Linear Equations",Honors,Algebra Readiness,systems_solving,multi_step_planning;operation_selection,130,Original-equivalent bridge item generated from local textbook coverage signals. No full textbook exercise text is reproduced.
college_alg_system_018,Solve the system x + y = 7 and x - y = -3.,"(2,5)",multiple_choice,"A:(7,-3)|B:(-2,-5)|C:5),(2|D:(2,5)|E:(5,2)",5,alg_systems;alg_linear_equations,systems_elimination;linear_equation_solving,equation_combination;two_variable_reasoning,variable_swap_error;elimination_error,"Add the equations: 2x = 4, so x = 2. Then y = 7 - 2 = 5.",Algebra 1,Systems and Algebraic Modeling,college-algebra-08-systems,Systems of Linear Equations,5917,college_algebra_stitz_zeager,"local-pdf: College Algebra -- Carl Stitz, Jeff Zeager.pdf; College Algebra 8.1 Systems of Linear Equations",Honors,Algebra Readiness,systems_solving,multi_step_planning;operation_selection,130,Original-equivalent bridge item generated from local textbook coverage signals. No full textbook exercise text is reproduced.
college_alg_system_019,Solve the system x + y = 9 and x - y = -3.,"(3,6)",multiple_choice,"A:(-3,-6)|B:6),(3|C:(3,6)|D:(6,3)|E:(9,-3)",5,alg_systems;alg_linear_equations,systems_elimination;linear_equation_solving,equation_combination;two_variable_reasoning,variable_swap_error;elimination_error,"Add the equations: 2x = 6, so x = 3. Then y = 9 - 3 = 6.",Algebra 1,Systems and Algebraic Modeling,college-algebra-08-systems,Systems of Linear Equations,5918,college_algebra_stitz_zeager,"local-pdf: College Algebra -- Carl Stitz, Jeff Zeager.pdf; College Algebra 8.1 Systems of Linear Equations",Honors,Algebra Readiness,systems_solving,multi_step_planning;operation_selection,130,Original-equivalent bridge item generated from local textbook coverage signals. No full textbook exercise text is reproduced.
college_alg_system_020,Solve the system x + y = 11 and x - y = -3.,"(4,7)",multiple_choice,"A:7),(4|B:(4,7)|C:(7,4)|D:(11,-3)|E:(-4,-7)",5,alg_systems;alg_linear_equations,systems_elimination;linear_equation_solving,equation_combination;two_variable_reasoning,variable_swap_error;elimination_error,"Add the equations: 2x = 8, so x = 4. Then y = 11 - 4 = 7.",Algebra 1,Systems and Algebraic Modeling,college-algebra-08-systems,Systems of Linear Equations,5919,college_algebra_stitz_zeager,"local-pdf: College Algebra -- Carl Stitz, Jeff Zeager.pdf; College Algebra 8.1 Systems of Linear Equations",Honors,Algebra Readiness,systems_solving,multi_step_planning;operation_selection,130,Original-equivalent bridge item generated from local textbook coverage signals. No full textbook exercise text is reproduced.
