problem_id,choice_label,value,misconception,cognitive_tag,explanation
jianzisheng_cn_junior_chapter_expansion_v1_cn-junior-01-linear-equations_001,B,20,inverse_operation_order_error,inverse_operations,这个选项通常来自inverse operation order error。
jianzisheng_cn_junior_chapter_expansion_v1_cn-junior-01-linear-equations_001,C,6,inverse_operation_order_error,inverse_operations,这个选项通常来自inverse operation order error。
jianzisheng_cn_junior_chapter_expansion_v1_cn-junior-01-linear-equations_001,D,-5,inverse_operation_order_error,inverse_operations,这个选项通常来自inverse operation order error。
jianzisheng_cn_junior_chapter_expansion_v1_cn-junior-01-linear-equations_001,E,10,inverse_operation_order_error,inverse_operations,这个选项通常来自inverse operation order error。
jianzisheng_cn_junior_chapter_expansion_v1_cn-junior-01-linear-equations_002,A,30,inverse_operation_order_error,inverse_operations,这个选项通常来自inverse operation order error。
jianzisheng_cn_junior_chapter_expansion_v1_cn-junior-01-linear-equations_002,B,7,inverse_operation_order_error,inverse_operations,这个选项通常来自inverse operation order error。
jianzisheng_cn_junior_chapter_expansion_v1_cn-junior-01-linear-equations_002,C,-6,inverse_operation_order_error,inverse_operations,这个选项通常来自inverse operation order error。
jianzisheng_cn_junior_chapter_expansion_v1_cn-junior-01-linear-equations_002,D,11,inverse_operation_order_error,inverse_operations,这个选项通常来自inverse operation order error。
jianzisheng_cn_junior_chapter_expansion_v1_cn-junior-01-linear-equations_003,A,6,inverse_operation_order_error,inverse_operations,这个选项通常来自inverse operation order error。
jianzisheng_cn_junior_chapter_expansion_v1_cn-junior-01-linear-equations_003,B,8,inverse_operation_order_error,inverse_operations,这个选项通常来自inverse operation order error。
jianzisheng_cn_junior_chapter_expansion_v1_cn-junior-01-linear-equations_003,C,-7,inverse_operation_order_error,inverse_operations,这个选项通常来自inverse operation order error。
jianzisheng_cn_junior_chapter_expansion_v1_cn-junior-01-linear-equations_003,E,42,inverse_operation_order_error,inverse_operations,这个选项通常来自inverse operation order error。
jianzisheng_cn_junior_chapter_expansion_v1_cn-junior-01-linear-equations_004,A,-8,inverse_operation_order_error,inverse_operations,这个选项通常来自inverse operation order error。
jianzisheng_cn_junior_chapter_expansion_v1_cn-junior-01-linear-equations_004,B,13,inverse_operation_order_error,inverse_operations,这个选项通常来自inverse operation order error。
jianzisheng_cn_junior_chapter_expansion_v1_cn-junior-01-linear-equations_004,D,56,inverse_operation_order_error,inverse_operations,这个选项通常来自inverse operation order error。
jianzisheng_cn_junior_chapter_expansion_v1_cn-junior-01-linear-equations_004,E,9,inverse_operation_order_error,inverse_operations,这个选项通常来自inverse operation order error。
jianzisheng_cn_junior_chapter_expansion_v1_cn-junior-01-linear-equations_005,A,14,inverse_operation_order_error,inverse_operations,这个选项通常来自inverse operation order error。
jianzisheng_cn_junior_chapter_expansion_v1_cn-junior-01-linear-equations_005,C,72,inverse_operation_order_error,inverse_operations,这个选项通常来自inverse operation order error。
jianzisheng_cn_junior_chapter_expansion_v1_cn-junior-01-linear-equations_005,D,10,inverse_operation_order_error,inverse_operations,这个选项通常来自inverse operation order error。
jianzisheng_cn_junior_chapter_expansion_v1_cn-junior-01-linear-equations_005,E,-9,inverse_operation_order_error,inverse_operations,这个选项通常来自inverse operation order error。
jianzisheng_cn_junior_chapter_expansion_v1_cn-junior-01-linear-equations_006,B,20,inverse_operation_order_error,inverse_operations,这个选项通常来自inverse operation order error。
jianzisheng_cn_junior_chapter_expansion_v1_cn-junior-01-linear-equations_006,C,7,inverse_operation_order_error,inverse_operations,这个选项通常来自inverse operation order error。
jianzisheng_cn_junior_chapter_expansion_v1_cn-junior-01-linear-equations_006,D,11,inverse_operation_order_error,inverse_operations,这个选项通常来自inverse operation order error。
jianzisheng_cn_junior_chapter_expansion_v1_cn-junior-01-linear-equations_006,E,-10,inverse_operation_order_error,inverse_operations,这个选项通常来自inverse operation order error。
jianzisheng_cn_junior_chapter_expansion_v1_cn-junior-01-linear-equations_007,A,33,inverse_operation_order_error,inverse_operations,这个选项通常来自inverse operation order error。
jianzisheng_cn_junior_chapter_expansion_v1_cn-junior-01-linear-equations_007,B,10,inverse_operation_order_error,inverse_operations,这个选项通常来自inverse operation order error。
jianzisheng_cn_junior_chapter_expansion_v1_cn-junior-01-linear-equations_007,C,12,inverse_operation_order_error,inverse_operations,这个选项通常来自inverse operation order error。
jianzisheng_cn_junior_chapter_expansion_v1_cn-junior-01-linear-equations_007,D,-11,inverse_operation_order_error,inverse_operations,这个选项通常来自inverse operation order error。
jianzisheng_cn_junior_chapter_expansion_v1_cn-junior-01-linear-equations_008,A,4,inverse_operation_order_error,inverse_operations,这个选项通常来自inverse operation order error。
jianzisheng_cn_junior_chapter_expansion_v1_cn-junior-01-linear-equations_008,B,-3,inverse_operation_order_error,inverse_operations,这个选项通常来自inverse operation order error。
jianzisheng_cn_junior_chapter_expansion_v1_cn-junior-01-linear-equations_008,C,8,inverse_operation_order_error,inverse_operations,这个选项通常来自inverse operation order error。
jianzisheng_cn_junior_chapter_expansion_v1_cn-junior-01-linear-equations_008,E,12,inverse_operation_order_error,inverse_operations,这个选项通常来自inverse operation order error。
jianzisheng_cn_junior_chapter_expansion_v1_cn-junior-01-linear-equations_009,A,5,inverse_operation_order_error,inverse_operations,这个选项通常来自inverse operation order error。
jianzisheng_cn_junior_chapter_expansion_v1_cn-junior-01-linear-equations_009,B,-4,inverse_operation_order_error,inverse_operations,这个选项通常来自inverse operation order error。
jianzisheng_cn_junior_chapter_expansion_v1_cn-junior-01-linear-equations_009,D,20,inverse_operation_order_error,inverse_operations,这个选项通常来自inverse operation order error。
jianzisheng_cn_junior_chapter_expansion_v1_cn-junior-01-linear-equations_009,E,6,inverse_operation_order_error,inverse_operations,这个选项通常来自inverse operation order error。
jianzisheng_cn_junior_chapter_expansion_v1_cn-junior-01-linear-equations_010,A,-5,inverse_operation_order_error,inverse_operations,这个选项通常来自inverse operation order error。
jianzisheng_cn_junior_chapter_expansion_v1_cn-junior-01-linear-equations_010,C,30,inverse_operation_order_error,inverse_operations,这个选项通常来自inverse operation order error。
jianzisheng_cn_junior_chapter_expansion_v1_cn-junior-01-linear-equations_010,D,4,inverse_operation_order_error,inverse_operations,这个选项通常来自inverse operation order error。
jianzisheng_cn_junior_chapter_expansion_v1_cn-junior-01-linear-equations_010,E,6,inverse_operation_order_error,inverse_operations,这个选项通常来自inverse operation order error。
jianzisheng_cn_junior_chapter_expansion_v1_cn-junior-01-linear-equations_011,B,42,inverse_operation_order_error,inverse_operations,这个选项通常来自inverse operation order error。
jianzisheng_cn_junior_chapter_expansion_v1_cn-junior-01-linear-equations_011,C,7,inverse_operation_order_error,inverse_operations,这个选项通常来自inverse operation order error。
jianzisheng_cn_junior_chapter_expansion_v1_cn-junior-01-linear-equations_011,D,-6,inverse_operation_order_error,inverse_operations,这个选项通常来自inverse operation order error。
jianzisheng_cn_junior_chapter_expansion_v1_cn-junior-01-linear-equations_011,E,11,inverse_operation_order_error,inverse_operations,这个选项通常来自inverse operation order error。
jianzisheng_cn_junior_chapter_expansion_v1_cn-junior-01-linear-equations_012,A,56,inverse_operation_order_error,inverse_operations,这个选项通常来自inverse operation order error。
jianzisheng_cn_junior_chapter_expansion_v1_cn-junior-01-linear-equations_012,B,8,inverse_operation_order_error,inverse_operations,这个选项通常来自inverse operation order error。
jianzisheng_cn_junior_chapter_expansion_v1_cn-junior-01-linear-equations_012,C,-7,inverse_operation_order_error,inverse_operations,这个选项通常来自inverse operation order error。
jianzisheng_cn_junior_chapter_expansion_v1_cn-junior-01-linear-equations_012,D,12,inverse_operation_order_error,inverse_operations,这个选项通常来自inverse operation order error。
jianzisheng_cn_junior_chapter_expansion_v1_cn-junior-01-linear-equations_013,A,5,inverse_operation_order_error,inverse_operations,这个选项通常来自inverse operation order error。
jianzisheng_cn_junior_chapter_expansion_v1_cn-junior-01-linear-equations_013,B,9,inverse_operation_order_error,inverse_operations,这个选项通常来自inverse operation order error。
jianzisheng_cn_junior_chapter_expansion_v1_cn-junior-01-linear-equations_013,C,-8,inverse_operation_order_error,inverse_operations,这个选项通常来自inverse operation order error。
jianzisheng_cn_junior_chapter_expansion_v1_cn-junior-01-linear-equations_013,E,16,inverse_operation_order_error,inverse_operations,这个选项通常来自inverse operation order error。
jianzisheng_cn_junior_chapter_expansion_v1_cn-junior-01-linear-equations_014,A,-9,inverse_operation_order_error,inverse_operations,这个选项通常来自inverse operation order error。
jianzisheng_cn_junior_chapter_expansion_v1_cn-junior-01-linear-equations_014,B,14,inverse_operation_order_error,inverse_operations,这个选项通常来自inverse operation order error。
jianzisheng_cn_junior_chapter_expansion_v1_cn-junior-01-linear-equations_014,D,27,inverse_operation_order_error,inverse_operations,这个选项通常来自inverse operation order error。
jianzisheng_cn_junior_chapter_expansion_v1_cn-junior-01-linear-equations_014,E,10,inverse_operation_order_error,inverse_operations,这个选项通常来自inverse operation order error。
jianzisheng_cn_junior_chapter_expansion_v1_cn-junior-01-linear-equations_015,A,15,inverse_operation_order_error,inverse_operations,这个选项通常来自inverse operation order error。
jianzisheng_cn_junior_chapter_expansion_v1_cn-junior-01-linear-equations_015,C,40,inverse_operation_order_error,inverse_operations,这个选项通常来自inverse operation order error。
jianzisheng_cn_junior_chapter_expansion_v1_cn-junior-01-linear-equations_015,D,11,inverse_operation_order_error,inverse_operations,这个选项通常来自inverse operation order error。
jianzisheng_cn_junior_chapter_expansion_v1_cn-junior-01-linear-equations_015,E,-10,inverse_operation_order_error,inverse_operations,这个选项通常来自inverse operation order error。
jianzisheng_cn_junior_chapter_expansion_v1_cn-junior-01-linear-equations_016,B,55,inverse_operation_order_error,inverse_operations,这个选项通常来自inverse operation order error。
jianzisheng_cn_junior_chapter_expansion_v1_cn-junior-01-linear-equations_016,C,9,inverse_operation_order_error,inverse_operations,这个选项通常来自inverse operation order error。
jianzisheng_cn_junior_chapter_expansion_v1_cn-junior-01-linear-equations_016,D,12,inverse_operation_order_error,inverse_operations,这个选项通常来自inverse operation order error。
jianzisheng_cn_junior_chapter_expansion_v1_cn-junior-01-linear-equations_016,E,-11,inverse_operation_order_error,inverse_operations,这个选项通常来自inverse operation order error。
jianzisheng_cn_junior_chapter_expansion_v1_cn-junior-01-linear-equations_017,A,18,inverse_operation_order_error,inverse_operations,这个选项通常来自inverse operation order error。
jianzisheng_cn_junior_chapter_expansion_v1_cn-junior-01-linear-equations_017,B,4,inverse_operation_order_error,inverse_operations,这个选项通常来自inverse operation order error。
jianzisheng_cn_junior_chapter_expansion_v1_cn-junior-01-linear-equations_017,C,-3,inverse_operation_order_error,inverse_operations,这个选项通常来自inverse operation order error。
jianzisheng_cn_junior_chapter_expansion_v1_cn-junior-01-linear-equations_017,D,8,inverse_operation_order_error,inverse_operations,这个选项通常来自inverse operation order error。
jianzisheng_cn_junior_chapter_expansion_v1_cn-junior-01-linear-equations_018,A,5,inverse_operation_order_error,inverse_operations,这个选项通常来自inverse operation order error。
jianzisheng_cn_junior_chapter_expansion_v1_cn-junior-01-linear-equations_018,B,-4,inverse_operation_order_error,inverse_operations,这个选项通常来自inverse operation order error。
jianzisheng_cn_junior_chapter_expansion_v1_cn-junior-01-linear-equations_018,C,9,inverse_operation_order_error,inverse_operations,这个选项通常来自inverse operation order error。
jianzisheng_cn_junior_chapter_expansion_v1_cn-junior-01-linear-equations_018,E,28,inverse_operation_order_error,inverse_operations,这个选项通常来自inverse operation order error。
jianzisheng_cn_junior_chapter_expansion_v1_cn-junior-01-linear-equations_019,A,-5,inverse_operation_order_error,inverse_operations,这个选项通常来自inverse operation order error。
jianzisheng_cn_junior_chapter_expansion_v1_cn-junior-01-linear-equations_019,B,10,inverse_operation_order_error,inverse_operations,这个选项通常来自inverse operation order error。
jianzisheng_cn_junior_chapter_expansion_v1_cn-junior-01-linear-equations_019,D,40,inverse_operation_order_error,inverse_operations,这个选项通常来自inverse operation order error。
jianzisheng_cn_junior_chapter_expansion_v1_cn-junior-01-linear-equations_019,E,6,inverse_operation_order_error,inverse_operations,这个选项通常来自inverse operation order error。
jianzisheng_cn_junior_chapter_expansion_v1_cn-junior-02-factorization_001,B,1或-4,factor_pair_error,factor_structure,这个选项通常来自factor pair error。
jianzisheng_cn_junior_chapter_expansion_v1_cn-junior-02-factorization_001,C,3,factor_pair_error,factor_structure,这个选项通常来自factor pair error。
jianzisheng_cn_junior_chapter_expansion_v1_cn-junior-02-factorization_001,D,-4,factor_pair_error,factor_structure,这个选项通常来自factor pair error。
jianzisheng_cn_junior_chapter_expansion_v1_cn-junior-02-factorization_001,E,0或5,factor_pair_error,factor_structure,这个选项通常来自factor pair error。
jianzisheng_cn_junior_chapter_expansion_v1_cn-junior-02-factorization_002,A,0或-6,factor_pair_error,factor_structure,这个选项通常来自factor pair error。
jianzisheng_cn_junior_chapter_expansion_v1_cn-junior-02-factorization_002,B,6,factor_pair_error,factor_structure,这个选项通常来自factor pair error。
jianzisheng_cn_junior_chapter_expansion_v1_cn-junior-02-factorization_002,C,0,factor_pair_error,factor_structure,这个选项通常来自factor pair error。
jianzisheng_cn_junior_chapter_expansion_v1_cn-junior-02-factorization_002,D,1或7,factor_pair_error,factor_structure,这个选项通常来自factor pair error。
jianzisheng_cn_junior_chapter_expansion_v1_cn-junior-02-factorization_003,A,9,factor_pair_error,factor_structure,这个选项通常来自factor pair error。
jianzisheng_cn_junior_chapter_expansion_v1_cn-junior-02-factorization_003,B,8,factor_pair_error,factor_structure,这个选项通常来自factor pair error。
jianzisheng_cn_junior_chapter_expansion_v1_cn-junior-02-factorization_003,C,2或9,factor_pair_error,factor_structure,这个选项通常来自factor pair error。
jianzisheng_cn_junior_chapter_expansion_v1_cn-junior-02-factorization_003,E,-1或-8,factor_pair_error,factor_structure,这个选项通常来自factor pair error。
jianzisheng_cn_junior_chapter_expansion_v1_cn-junior-02-factorization_004,A,10,factor_pair_error,factor_structure,这个选项通常来自factor pair error。
jianzisheng_cn_junior_chapter_expansion_v1_cn-junior-02-factorization_004,B,3或6,factor_pair_error,factor_structure,这个选项通常来自factor pair error。
jianzisheng_cn_junior_chapter_expansion_v1_cn-junior-02-factorization_004,D,-2或-5,factor_pair_error,factor_structure,这个选项通常来自factor pair error。
jianzisheng_cn_junior_chapter_expansion_v1_cn-junior-02-factorization_004,E,7,factor_pair_error,factor_structure,这个选项通常来自factor pair error。
jianzisheng_cn_junior_chapter_expansion_v1_cn-junior-02-factorization_005,A,4或8,factor_pair_error,factor_structure,这个选项通常来自factor pair error。
jianzisheng_cn_junior_chapter_expansion_v1_cn-junior-02-factorization_005,C,-3或-7,factor_pair_error,factor_structure,这个选项通常来自factor pair error。
jianzisheng_cn_junior_chapter_expansion_v1_cn-junior-02-factorization_005,D,10,factor_pair_error,factor_structure,这个选项通常来自factor pair error。
jianzisheng_cn_junior_chapter_expansion_v1_cn-junior-02-factorization_005,E,21,factor_pair_error,factor_structure,这个选项通常来自factor pair error。
jianzisheng_cn_junior_chapter_expansion_v1_cn-junior-02-factorization_006,B,3或-2,factor_pair_error,factor_structure,这个选项通常来自factor pair error。
jianzisheng_cn_junior_chapter_expansion_v1_cn-junior-02-factorization_006,C,-1,factor_pair_error,factor_structure,这个选项通常来自factor pair error。
jianzisheng_cn_junior_chapter_expansion_v1_cn-junior-02-factorization_006,D,-6,factor_pair_error,factor_structure,这个选项通常来自factor pair error。
jianzisheng_cn_junior_chapter_expansion_v1_cn-junior-02-factorization_006,E,-2或3,factor_pair_error,factor_structure,这个选项通常来自factor pair error。
jianzisheng_cn_junior_chapter_expansion_v1_cn-junior-02-factorization_007,A,2或-4,factor_pair_error,factor_structure,这个选项通常来自factor pair error。
jianzisheng_cn_junior_chapter_expansion_v1_cn-junior-02-factorization_007,B,2,factor_pair_error,factor_structure,这个选项通常来自factor pair error。
jianzisheng_cn_junior_chapter_expansion_v1_cn-junior-02-factorization_007,C,-8,factor_pair_error,factor_structure,这个选项通常来自factor pair error。
jianzisheng_cn_junior_chapter_expansion_v1_cn-junior-02-factorization_007,D,-1或5,factor_pair_error,factor_structure,这个选项通常来自factor pair error。
jianzisheng_cn_junior_chapter_expansion_v1_cn-junior-02-factorization_008,A,5,factor_pair_error,factor_structure,这个选项通常来自factor pair error。
jianzisheng_cn_junior_chapter_expansion_v1_cn-junior-02-factorization_008,B,-6,factor_pair_error,factor_structure,这个选项通常来自factor pair error。
jianzisheng_cn_junior_chapter_expansion_v1_cn-junior-02-factorization_008,C,0或7,factor_pair_error,factor_structure,这个选项通常来自factor pair error。
jianzisheng_cn_junior_chapter_expansion_v1_cn-junior-02-factorization_008,E,1或-6,factor_pair_error,factor_structure,这个选项通常来自factor pair error。
jianzisheng_cn_junior_chapter_expansion_v1_cn-junior-02-factorization_009,A,0,factor_pair_error,factor_structure,这个选项通常来自factor pair error。
jianzisheng_cn_junior_chapter_expansion_v1_cn-junior-02-factorization_009,B,1或4,factor_pair_error,factor_structure,这个选项通常来自factor pair error。
jianzisheng_cn_junior_chapter_expansion_v1_cn-junior-02-factorization_009,D,0或-3,factor_pair_error,factor_structure,这个选项通常来自factor pair error。
jianzisheng_cn_junior_chapter_expansion_v1_cn-junior-02-factorization_009,E,3,factor_pair_error,factor_structure,这个选项通常来自factor pair error。
jianzisheng_cn_junior_chapter_expansion_v1_cn-junior-02-factorization_010,A,2或6,factor_pair_error,factor_structure,这个选项通常来自factor pair error。
jianzisheng_cn_junior_chapter_expansion_v1_cn-junior-02-factorization_010,C,-1或-5,factor_pair_error,factor_structure,这个选项通常来自factor pair error。
jianzisheng_cn_junior_chapter_expansion_v1_cn-junior-02-factorization_010,D,6,factor_pair_error,factor_structure,这个选项通常来自factor pair error。
jianzisheng_cn_junior_chapter_expansion_v1_cn-junior-02-factorization_010,E,5,factor_pair_error,factor_structure,这个选项通常来自factor pair error。
jianzisheng_cn_junior_chapter_expansion_v1_cn-junior-02-factorization_011,B,-2或-7,factor_pair_error,factor_structure,这个选项通常来自factor pair error。
jianzisheng_cn_junior_chapter_expansion_v1_cn-junior-02-factorization_011,C,9,factor_pair_error,factor_structure,这个选项通常来自factor pair error。
jianzisheng_cn_junior_chapter_expansion_v1_cn-junior-02-factorization_011,D,14,factor_pair_error,factor_structure,这个选项通常来自factor pair error。
jianzisheng_cn_junior_chapter_expansion_v1_cn-junior-02-factorization_011,E,3或8,factor_pair_error,factor_structure,这个选项通常来自factor pair error。
jianzisheng_cn_junior_chapter_expansion_v1_cn-junior-02-factorization_012,A,-3或-9,factor_pair_error,factor_structure,这个选项通常来自factor pair error。
jianzisheng_cn_junior_chapter_expansion_v1_cn-junior-02-factorization_012,B,12,factor_pair_error,factor_structure,这个选项通常来自factor pair error。
jianzisheng_cn_junior_chapter_expansion_v1_cn-junior-02-factorization_012,C,27,factor_pair_error,factor_structure,这个选项通常来自factor pair error。
jianzisheng_cn_junior_chapter_expansion_v1_cn-junior-02-factorization_012,D,4或10,factor_pair_error,factor_structure,这个选项通常来自factor pair error。
jianzisheng_cn_junior_chapter_expansion_v1_cn-junior-02-factorization_013,A,1,factor_pair_error,factor_structure,这个选项通常来自factor pair error。
jianzisheng_cn_junior_chapter_expansion_v1_cn-junior-02-factorization_013,B,-12,factor_pair_error,factor_structure,这个选项通常来自factor pair error。
jianzisheng_cn_junior_chapter_expansion_v1_cn-junior-02-factorization_013,C,-2或5,factor_pair_error,factor_structure,这个选项通常来自factor pair error。
jianzisheng_cn_junior_chapter_expansion_v1_cn-junior-02-factorization_013,E,3或-4,factor_pair_error,factor_structure,这个选项通常来自factor pair error。
jianzisheng_cn_junior_chapter_expansion_v1_cn-junior-02-factorization_014,A,-2,factor_pair_error,factor_structure,这个选项通常来自factor pair error。
jianzisheng_cn_junior_chapter_expansion_v1_cn-junior-02-factorization_014,B,-1或2,factor_pair_error,factor_structure,这个选项通常来自factor pair error。
jianzisheng_cn_junior_chapter_expansion_v1_cn-junior-02-factorization_014,D,2或-1,factor_pair_error,factor_structure,这个选项通常来自factor pair error。
jianzisheng_cn_junior_chapter_expansion_v1_cn-junior-02-factorization_014,E,-1,factor_pair_error,factor_structure,这个选项通常来自factor pair error。
jianzisheng_cn_junior_chapter_expansion_v1_cn-junior-02-factorization_015,A,0或4,factor_pair_error,factor_structure,这个选项通常来自factor pair error。
jianzisheng_cn_junior_chapter_expansion_v1_cn-junior-02-factorization_015,C,1或-3,factor_pair_error,factor_structure,这个选项通常来自factor pair error。
jianzisheng_cn_junior_chapter_expansion_v1_cn-junior-02-factorization_015,D,2,factor_pair_error,factor_structure,这个选项通常来自factor pair error。
jianzisheng_cn_junior_chapter_expansion_v1_cn-junior-02-factorization_015,E,-3,factor_pair_error,factor_structure,这个选项通常来自factor pair error。
jianzisheng_cn_junior_chapter_expansion_v1_cn-junior-02-factorization_016,B,0或-5,factor_pair_error,factor_structure,这个选项通常来自factor pair error。
jianzisheng_cn_junior_chapter_expansion_v1_cn-junior-02-factorization_016,C,5,factor_pair_error,factor_structure,这个选项通常来自factor pair error。
jianzisheng_cn_junior_chapter_expansion_v1_cn-junior-02-factorization_016,D,0,factor_pair_error,factor_structure,这个选项通常来自factor pair error。
jianzisheng_cn_junior_chapter_expansion_v1_cn-junior-02-factorization_016,E,1或6,factor_pair_error,factor_structure,这个选项通常来自factor pair error。
jianzisheng_cn_junior_chapter_expansion_v1_cn-junior-02-factorization_017,A,-1或-7,factor_pair_error,factor_structure,这个选项通常来自factor pair error。
jianzisheng_cn_junior_chapter_expansion_v1_cn-junior-02-factorization_017,B,8,factor_pair_error,factor_structure,这个选项通常来自factor pair error。
jianzisheng_cn_junior_chapter_expansion_v1_cn-junior-02-factorization_017,C,7,factor_pair_error,factor_structure,这个选项通常来自factor pair error。
jianzisheng_cn_junior_chapter_expansion_v1_cn-junior-02-factorization_017,D,2或8,factor_pair_error,factor_structure,这个选项通常来自factor pair error。
jianzisheng_cn_junior_chapter_expansion_v1_cn-junior-02-factorization_018,A,11,factor_pair_error,factor_structure,这个选项通常来自factor pair error。
jianzisheng_cn_junior_chapter_expansion_v1_cn-junior-02-factorization_018,B,18,factor_pair_error,factor_structure,这个选项通常来自factor pair error。
jianzisheng_cn_junior_chapter_expansion_v1_cn-junior-02-factorization_018,C,3或10,factor_pair_error,factor_structure,这个选项通常来自factor pair error。
jianzisheng_cn_junior_chapter_expansion_v1_cn-junior-02-factorization_018,E,-2或-9,factor_pair_error,factor_structure,这个选项通常来自factor pair error。
jianzisheng_cn_junior_chapter_expansion_v1_cn-junior-02-factorization_019,A,18,factor_pair_error,factor_structure,这个选项通常来自factor pair error。
jianzisheng_cn_junior_chapter_expansion_v1_cn-junior-02-factorization_019,B,4或7,factor_pair_error,factor_structure,这个选项通常来自factor pair error。
jianzisheng_cn_junior_chapter_expansion_v1_cn-junior-02-factorization_019,D,-3或-6,factor_pair_error,factor_structure,这个选项通常来自factor pair error。
jianzisheng_cn_junior_chapter_expansion_v1_cn-junior-02-factorization_019,E,9,factor_pair_error,factor_structure,这个选项通常来自factor pair error。
jianzisheng_cn_junior_chapter_expansion_v1_cn-junior-03-linear-functions_001,B,-3,variable_meaning_error,input_output_mapping,这个选项通常来自variable meaning error。
jianzisheng_cn_junior_chapter_expansion_v1_cn-junior-03-linear-functions_001,C,4,variable_meaning_error,input_output_mapping,这个选项通常来自variable meaning error。
jianzisheng_cn_junior_chapter_expansion_v1_cn-junior-03-linear-functions_001,D,-2,variable_meaning_error,input_output_mapping,这个选项通常来自variable meaning error。
jianzisheng_cn_junior_chapter_expansion_v1_cn-junior-03-linear-functions_001,E,7,variable_meaning_error,input_output_mapping,这个选项通常来自variable meaning error。
jianzisheng_cn_junior_chapter_expansion_v1_cn-junior-03-linear-functions_002,A,2,variable_meaning_error,input_output_mapping,这个选项通常来自variable meaning error。
jianzisheng_cn_junior_chapter_expansion_v1_cn-junior-03-linear-functions_002,B,0,variable_meaning_error,input_output_mapping,这个选项通常来自variable meaning error。
jianzisheng_cn_junior_chapter_expansion_v1_cn-junior-03-linear-functions_002,C,5,variable_meaning_error,input_output_mapping,这个选项通常来自variable meaning error。
jianzisheng_cn_junior_chapter_expansion_v1_cn-junior-03-linear-functions_002,D,-3,variable_meaning_error,input_output_mapping,这个选项通常来自variable meaning error。
jianzisheng_cn_junior_chapter_expansion_v1_cn-junior-03-linear-functions_003,A,0,variable_meaning_error,input_output_mapping,这个选项通常来自variable meaning error。
jianzisheng_cn_junior_chapter_expansion_v1_cn-junior-03-linear-functions_003,B,8,variable_meaning_error,input_output_mapping,这个选项通常来自variable meaning error。
jianzisheng_cn_junior_chapter_expansion_v1_cn-junior-03-linear-functions_003,C,-6,variable_meaning_error,input_output_mapping,这个选项通常来自variable meaning error。
jianzisheng_cn_junior_chapter_expansion_v1_cn-junior-03-linear-functions_003,E,7,variable_meaning_error,input_output_mapping,这个选项通常来自variable meaning error。
jianzisheng_cn_junior_chapter_expansion_v1_cn-junior-03-linear-functions_004,A,0,variable_meaning_error,input_output_mapping,这个选项通常来自variable meaning error。
jianzisheng_cn_junior_chapter_expansion_v1_cn-junior-03-linear-functions_004,B,3,variable_meaning_error,input_output_mapping,这个选项通常来自variable meaning error。
jianzisheng_cn_junior_chapter_expansion_v1_cn-junior-03-linear-functions_004,D,-1,variable_meaning_error,input_output_mapping,这个选项通常来自variable meaning error。
jianzisheng_cn_junior_chapter_expansion_v1_cn-junior-03-linear-functions_004,E,2,variable_meaning_error,input_output_mapping,这个选项通常来自variable meaning error。
jianzisheng_cn_junior_chapter_expansion_v1_cn-junior-03-linear-functions_005,A,-5,variable_meaning_error,input_output_mapping,这个选项通常来自variable meaning error。
jianzisheng_cn_junior_chapter_expansion_v1_cn-junior-03-linear-functions_005,C,4,variable_meaning_error,input_output_mapping,这个选项通常来自variable meaning error。
jianzisheng_cn_junior_chapter_expansion_v1_cn-junior-03-linear-functions_005,D,6,variable_meaning_error,input_output_mapping,这个选项通常来自variable meaning error。
jianzisheng_cn_junior_chapter_expansion_v1_cn-junior-03-linear-functions_005,E,7,variable_meaning_error,input_output_mapping,这个选项通常来自variable meaning error。
jianzisheng_cn_junior_chapter_expansion_v1_cn-junior-03-linear-functions_006,B,9,variable_meaning_error,input_output_mapping,这个选项通常来自variable meaning error。
jianzisheng_cn_junior_chapter_expansion_v1_cn-junior-03-linear-functions_006,C,12,variable_meaning_error,input_output_mapping,这个选项通常来自variable meaning error。
jianzisheng_cn_junior_chapter_expansion_v1_cn-junior-03-linear-functions_006,D,16,variable_meaning_error,input_output_mapping,这个选项通常来自variable meaning error。
jianzisheng_cn_junior_chapter_expansion_v1_cn-junior-03-linear-functions_006,E,-14,variable_meaning_error,input_output_mapping,这个选项通常来自variable meaning error。
jianzisheng_cn_junior_chapter_expansion_v1_cn-junior-03-linear-functions_007,A,6,variable_meaning_error,input_output_mapping,这个选项通常来自variable meaning error。
jianzisheng_cn_junior_chapter_expansion_v1_cn-junior-03-linear-functions_007,B,-12,variable_meaning_error,input_output_mapping,这个选项通常来自variable meaning error。
jianzisheng_cn_junior_chapter_expansion_v1_cn-junior-03-linear-functions_007,C,-5,variable_meaning_error,input_output_mapping,这个选项通常来自variable meaning error。
jianzisheng_cn_junior_chapter_expansion_v1_cn-junior-03-linear-functions_007,D,7,variable_meaning_error,input_output_mapping,这个选项通常来自variable meaning error。
jianzisheng_cn_junior_chapter_expansion_v1_cn-junior-03-linear-functions_008,A,8,variable_meaning_error,input_output_mapping,这个选项通常来自variable meaning error。
jianzisheng_cn_junior_chapter_expansion_v1_cn-junior-03-linear-functions_008,B,5,variable_meaning_error,input_output_mapping,这个选项通常来自variable meaning error。
jianzisheng_cn_junior_chapter_expansion_v1_cn-junior-03-linear-functions_008,C,-3,variable_meaning_error,input_output_mapping,这个选项通常来自variable meaning error。
jianzisheng_cn_junior_chapter_expansion_v1_cn-junior-03-linear-functions_008,E,-11,variable_meaning_error,input_output_mapping,这个选项通常来自variable meaning error。
jianzisheng_cn_junior_chapter_expansion_v1_cn-junior-03-linear-functions_009,A,-1,variable_meaning_error,input_output_mapping,这个选项通常来自variable meaning error。
jianzisheng_cn_junior_chapter_expansion_v1_cn-junior-03-linear-functions_009,B,6,variable_meaning_error,input_output_mapping,这个选项通常来自variable meaning error。
jianzisheng_cn_junior_chapter_expansion_v1_cn-junior-03-linear-functions_009,D,-6,variable_meaning_error,input_output_mapping,这个选项通常来自variable meaning error。
jianzisheng_cn_junior_chapter_expansion_v1_cn-junior-03-linear-functions_009,E,3,variable_meaning_error,input_output_mapping,这个选项通常来自variable meaning error。
jianzisheng_cn_junior_chapter_expansion_v1_cn-junior-03-linear-functions_010,A,6,variable_meaning_error,input_output_mapping,这个选项通常来自variable meaning error。
jianzisheng_cn_junior_chapter_expansion_v1_cn-junior-03-linear-functions_010,C,-1,variable_meaning_error,input_output_mapping,这个选项通常来自variable meaning error。
jianzisheng_cn_junior_chapter_expansion_v1_cn-junior-03-linear-functions_010,D,0,variable_meaning_error,input_output_mapping,这个选项通常来自variable meaning error。
jianzisheng_cn_junior_chapter_expansion_v1_cn-junior-03-linear-functions_010,E,3,variable_meaning_error,input_output_mapping,这个选项通常来自variable meaning error。
jianzisheng_cn_junior_chapter_expansion_v1_cn-junior-03-linear-functions_011,B,4,variable_meaning_error,input_output_mapping,这个选项通常来自variable meaning error。
jianzisheng_cn_junior_chapter_expansion_v1_cn-junior-03-linear-functions_011,C,-1,variable_meaning_error,input_output_mapping,这个选项通常来自variable meaning error。
jianzisheng_cn_junior_chapter_expansion_v1_cn-junior-03-linear-functions_011,D,5,variable_meaning_error,input_output_mapping,这个选项通常来自variable meaning error。
jianzisheng_cn_junior_chapter_expansion_v1_cn-junior-03-linear-functions_011,E,-3,variable_meaning_error,input_output_mapping,这个选项通常来自variable meaning error。
jianzisheng_cn_junior_chapter_expansion_v1_cn-junior-03-linear-functions_012,A,-4,variable_meaning_error,input_output_mapping,这个选项通常来自variable meaning error。
jianzisheng_cn_junior_chapter_expansion_v1_cn-junior-03-linear-functions_012,B,0,variable_meaning_error,input_output_mapping,这个选项通常来自variable meaning error。
jianzisheng_cn_junior_chapter_expansion_v1_cn-junior-03-linear-functions_012,C,6,variable_meaning_error,input_output_mapping,这个选项通常来自variable meaning error。
jianzisheng_cn_junior_chapter_expansion_v1_cn-junior-03-linear-functions_012,D,-1,variable_meaning_error,input_output_mapping,这个选项通常来自variable meaning error。
jianzisheng_cn_junior_chapter_expansion_v1_cn-junior-03-linear-functions_013,A,3,variable_meaning_error,input_output_mapping,这个选项通常来自variable meaning error。
jianzisheng_cn_junior_chapter_expansion_v1_cn-junior-03-linear-functions_013,B,2,variable_meaning_error,input_output_mapping,这个选项通常来自variable meaning error。
jianzisheng_cn_junior_chapter_expansion_v1_cn-junior-03-linear-functions_013,C,5,variable_meaning_error,input_output_mapping,这个选项通常来自variable meaning error。
jianzisheng_cn_junior_chapter_expansion_v1_cn-junior-03-linear-functions_013,E,1,variable_meaning_error,input_output_mapping,这个选项通常来自variable meaning error。
jianzisheng_cn_junior_chapter_expansion_v1_cn-junior-03-linear-functions_014,A,-8,variable_meaning_error,input_output_mapping,这个选项通常来自variable meaning error。
jianzisheng_cn_junior_chapter_expansion_v1_cn-junior-03-linear-functions_014,B,13,variable_meaning_error,input_output_mapping,这个选项通常来自variable meaning error。
jianzisheng_cn_junior_chapter_expansion_v1_cn-junior-03-linear-functions_014,D,6,variable_meaning_error,input_output_mapping,这个选项通常来自variable meaning error。
jianzisheng_cn_junior_chapter_expansion_v1_cn-junior-03-linear-functions_014,E,10,variable_meaning_error,input_output_mapping,这个选项通常来自variable meaning error。
jianzisheng_cn_junior_chapter_expansion_v1_cn-junior-03-linear-functions_015,A,6,variable_meaning_error,input_output_mapping,这个选项通常来自variable meaning error。
jianzisheng_cn_junior_chapter_expansion_v1_cn-junior-03-linear-functions_015,C,3,variable_meaning_error,input_output_mapping,这个选项通常来自variable meaning error。
jianzisheng_cn_junior_chapter_expansion_v1_cn-junior-03-linear-functions_015,D,-9,variable_meaning_error,input_output_mapping,这个选项通常来自variable meaning error。
jianzisheng_cn_junior_chapter_expansion_v1_cn-junior-03-linear-functions_015,E,-4,variable_meaning_error,input_output_mapping,这个选项通常来自variable meaning error。
jianzisheng_cn_junior_chapter_expansion_v1_cn-junior-03-linear-functions_016,B,8,variable_meaning_error,input_output_mapping,这个选项通常来自variable meaning error。
jianzisheng_cn_junior_chapter_expansion_v1_cn-junior-03-linear-functions_016,C,-8,variable_meaning_error,input_output_mapping,这个选项通常来自variable meaning error。
jianzisheng_cn_junior_chapter_expansion_v1_cn-junior-03-linear-functions_016,D,0,variable_meaning_error,input_output_mapping,这个选项通常来自variable meaning error。
jianzisheng_cn_junior_chapter_expansion_v1_cn-junior-03-linear-functions_016,E,2,variable_meaning_error,input_output_mapping,这个选项通常来自variable meaning error。
jianzisheng_cn_junior_chapter_expansion_v1_cn-junior-03-linear-functions_017,A,-9,variable_meaning_error,input_output_mapping,这个选项通常来自variable meaning error。
jianzisheng_cn_junior_chapter_expansion_v1_cn-junior-03-linear-functions_017,B,4,variable_meaning_error,input_output_mapping,这个选项通常来自variable meaning error。
jianzisheng_cn_junior_chapter_expansion_v1_cn-junior-03-linear-functions_017,C,2,variable_meaning_error,input_output_mapping,这个选项通常来自variable meaning error。
jianzisheng_cn_junior_chapter_expansion_v1_cn-junior-03-linear-functions_017,D,5,variable_meaning_error,input_output_mapping,这个选项通常来自variable meaning error。
jianzisheng_cn_junior_chapter_expansion_v1_cn-junior-03-linear-functions_018,A,0,variable_meaning_error,input_output_mapping,这个选项通常来自variable meaning error。
jianzisheng_cn_junior_chapter_expansion_v1_cn-junior-03-linear-functions_018,B,1,variable_meaning_error,input_output_mapping,这个选项通常来自variable meaning error。
jianzisheng_cn_junior_chapter_expansion_v1_cn-junior-03-linear-functions_018,C,4,variable_meaning_error,input_output_mapping,这个选项通常来自variable meaning error。
jianzisheng_cn_junior_chapter_expansion_v1_cn-junior-03-linear-functions_018,E,-4,variable_meaning_error,input_output_mapping,这个选项通常来自variable meaning error。
jianzisheng_cn_junior_chapter_expansion_v1_cn-junior-03-linear-functions_019,A,2,variable_meaning_error,input_output_mapping,这个选项通常来自variable meaning error。
jianzisheng_cn_junior_chapter_expansion_v1_cn-junior-03-linear-functions_019,B,5,variable_meaning_error,input_output_mapping,这个选项通常来自variable meaning error。
jianzisheng_cn_junior_chapter_expansion_v1_cn-junior-03-linear-functions_019,D,1,variable_meaning_error,input_output_mapping,这个选项通常来自variable meaning error。
jianzisheng_cn_junior_chapter_expansion_v1_cn-junior-03-linear-functions_019,E,-2,variable_meaning_error,input_output_mapping,这个选项通常来自variable meaning error。
jianzisheng_cn_junior_chapter_expansion_v1_cn-junior-04-triangle-angles_001,B,83,ratio_sum_error,geometric_reasoning,这个选项通常来自ratio sum error。
jianzisheng_cn_junior_chapter_expansion_v1_cn-junior-04-triangle-angles_001,C,143,ratio_sum_error,geometric_reasoning,这个选项通常来自ratio sum error。
jianzisheng_cn_junior_chapter_expansion_v1_cn-junior-04-triangle-angles_001,D,134,ratio_sum_error,geometric_reasoning,这个选项通常来自ratio sum error。
jianzisheng_cn_junior_chapter_expansion_v1_cn-junior-04-triangle-angles_001,E,107,ratio_sum_error,geometric_reasoning,这个选项通常来自ratio sum error。
jianzisheng_cn_junior_chapter_expansion_v1_cn-junior-04-triangle-angles_002,A,87,ratio_sum_error,geometric_reasoning,这个选项通常来自ratio sum error。
jianzisheng_cn_junior_chapter_expansion_v1_cn-junior-04-triangle-angles_002,B,142,ratio_sum_error,geometric_reasoning,这个选项通常来自ratio sum error。
jianzisheng_cn_junior_chapter_expansion_v1_cn-junior-04-triangle-angles_002,C,131,ratio_sum_error,geometric_reasoning,这个选项通常来自ratio sum error。
jianzisheng_cn_junior_chapter_expansion_v1_cn-junior-04-triangle-angles_002,D,103,ratio_sum_error,geometric_reasoning,这个选项通常来自ratio sum error。
jianzisheng_cn_junior_chapter_expansion_v1_cn-junior-04-triangle-angles_003,A,141,ratio_sum_error,geometric_reasoning,这个选项通常来自ratio sum error。
jianzisheng_cn_junior_chapter_expansion_v1_cn-junior-04-triangle-angles_003,B,128,ratio_sum_error,geometric_reasoning,这个选项通常来自ratio sum error。
jianzisheng_cn_junior_chapter_expansion_v1_cn-junior-04-triangle-angles_003,C,99,ratio_sum_error,geometric_reasoning,这个选项通常来自ratio sum error。
jianzisheng_cn_junior_chapter_expansion_v1_cn-junior-04-triangle-angles_003,E,91,ratio_sum_error,geometric_reasoning,这个选项通常来自ratio sum error。
jianzisheng_cn_junior_chapter_expansion_v1_cn-junior-04-triangle-angles_004,A,125,ratio_sum_error,geometric_reasoning,这个选项通常来自ratio sum error。
jianzisheng_cn_junior_chapter_expansion_v1_cn-junior-04-triangle-angles_004,B,90,ratio_sum_error,geometric_reasoning,这个选项通常来自ratio sum error。
jianzisheng_cn_junior_chapter_expansion_v1_cn-junior-04-triangle-angles_004,D,95,ratio_sum_error,geometric_reasoning,这个选项通常来自ratio sum error。
jianzisheng_cn_junior_chapter_expansion_v1_cn-junior-04-triangle-angles_004,E,140,ratio_sum_error,geometric_reasoning,这个选项通常来自ratio sum error。
jianzisheng_cn_junior_chapter_expansion_v1_cn-junior-04-triangle-angles_005,A,91,ratio_sum_error,geometric_reasoning,这个选项通常来自ratio sum error。
jianzisheng_cn_junior_chapter_expansion_v1_cn-junior-04-triangle-angles_005,C,99,ratio_sum_error,geometric_reasoning,这个选项通常来自ratio sum error。
jianzisheng_cn_junior_chapter_expansion_v1_cn-junior-04-triangle-angles_005,D,139,ratio_sum_error,geometric_reasoning,这个选项通常来自ratio sum error。
jianzisheng_cn_junior_chapter_expansion_v1_cn-junior-04-triangle-angles_005,E,122,ratio_sum_error,geometric_reasoning,这个选项通常来自ratio sum error。
jianzisheng_cn_junior_chapter_expansion_v1_cn-junior-04-triangle-angles_006,B,103,ratio_sum_error,geometric_reasoning,这个选项通常来自ratio sum error。
jianzisheng_cn_junior_chapter_expansion_v1_cn-junior-04-triangle-angles_006,C,138,ratio_sum_error,geometric_reasoning,这个选项通常来自ratio sum error。
jianzisheng_cn_junior_chapter_expansion_v1_cn-junior-04-triangle-angles_006,D,119,ratio_sum_error,geometric_reasoning,这个选项通常来自ratio sum error。
jianzisheng_cn_junior_chapter_expansion_v1_cn-junior-04-triangle-angles_006,E,87,ratio_sum_error,geometric_reasoning,这个选项通常来自ratio sum error。
jianzisheng_cn_junior_chapter_expansion_v1_cn-junior-04-triangle-angles_007,A,107,ratio_sum_error,geometric_reasoning,这个选项通常来自ratio sum error。
jianzisheng_cn_junior_chapter_expansion_v1_cn-junior-04-triangle-angles_007,B,137,ratio_sum_error,geometric_reasoning,这个选项通常来自ratio sum error。
jianzisheng_cn_junior_chapter_expansion_v1_cn-junior-04-triangle-angles_007,C,116,ratio_sum_error,geometric_reasoning,这个选项通常来自ratio sum error。
jianzisheng_cn_junior_chapter_expansion_v1_cn-junior-04-triangle-angles_007,D,83,ratio_sum_error,geometric_reasoning,这个选项通常来自ratio sum error。
jianzisheng_cn_junior_chapter_expansion_v1_cn-junior-04-triangle-angles_008,A,136,ratio_sum_error,geometric_reasoning,这个选项通常来自ratio sum error。
jianzisheng_cn_junior_chapter_expansion_v1_cn-junior-04-triangle-angles_008,B,113,ratio_sum_error,geometric_reasoning,这个选项通常来自ratio sum error。
jianzisheng_cn_junior_chapter_expansion_v1_cn-junior-04-triangle-angles_008,C,79,ratio_sum_error,geometric_reasoning,这个选项通常来自ratio sum error。
jianzisheng_cn_junior_chapter_expansion_v1_cn-junior-04-triangle-angles_008,E,111,ratio_sum_error,geometric_reasoning,这个选项通常来自ratio sum error。
jianzisheng_cn_junior_chapter_expansion_v1_cn-junior-04-triangle-angles_009,A,110,ratio_sum_error,geometric_reasoning,这个选项通常来自ratio sum error。
jianzisheng_cn_junior_chapter_expansion_v1_cn-junior-04-triangle-angles_009,B,75,ratio_sum_error,geometric_reasoning,这个选项通常来自ratio sum error。
jianzisheng_cn_junior_chapter_expansion_v1_cn-junior-04-triangle-angles_009,D,115,ratio_sum_error,geometric_reasoning,这个选项通常来自ratio sum error。
jianzisheng_cn_junior_chapter_expansion_v1_cn-junior-04-triangle-angles_009,E,135,ratio_sum_error,geometric_reasoning,这个选项通常来自ratio sum error。
jianzisheng_cn_junior_chapter_expansion_v1_cn-junior-04-triangle-angles_010,A,71,ratio_sum_error,geometric_reasoning,这个选项通常来自ratio sum error。
jianzisheng_cn_junior_chapter_expansion_v1_cn-junior-04-triangle-angles_010,C,119,ratio_sum_error,geometric_reasoning,这个选项通常来自ratio sum error。
jianzisheng_cn_junior_chapter_expansion_v1_cn-junior-04-triangle-angles_010,D,134,ratio_sum_error,geometric_reasoning,这个选项通常来自ratio sum error。
jianzisheng_cn_junior_chapter_expansion_v1_cn-junior-04-triangle-angles_010,E,107,ratio_sum_error,geometric_reasoning,这个选项通常来自ratio sum error。
jianzisheng_cn_junior_chapter_expansion_v1_cn-junior-04-triangle-angles_011,B,123,ratio_sum_error,geometric_reasoning,这个选项通常来自ratio sum error。
jianzisheng_cn_junior_chapter_expansion_v1_cn-junior-04-triangle-angles_011,C,133,ratio_sum_error,geometric_reasoning,这个选项通常来自ratio sum error。
jianzisheng_cn_junior_chapter_expansion_v1_cn-junior-04-triangle-angles_011,D,104,ratio_sum_error,geometric_reasoning,这个选项通常来自ratio sum error。
jianzisheng_cn_junior_chapter_expansion_v1_cn-junior-04-triangle-angles_011,E,67,ratio_sum_error,geometric_reasoning,这个选项通常来自ratio sum error。
jianzisheng_cn_junior_chapter_expansion_v1_cn-junior-04-triangle-angles_012,A,127,ratio_sum_error,geometric_reasoning,这个选项通常来自ratio sum error。
jianzisheng_cn_junior_chapter_expansion_v1_cn-junior-04-triangle-angles_012,B,132,ratio_sum_error,geometric_reasoning,这个选项通常来自ratio sum error。
jianzisheng_cn_junior_chapter_expansion_v1_cn-junior-04-triangle-angles_012,C,101,ratio_sum_error,geometric_reasoning,这个选项通常来自ratio sum error。
jianzisheng_cn_junior_chapter_expansion_v1_cn-junior-04-triangle-angles_012,D,63,ratio_sum_error,geometric_reasoning,这个选项通常来自ratio sum error。
jianzisheng_cn_junior_chapter_expansion_v1_cn-junior-04-triangle-angles_013,A,98,ratio_sum_error,geometric_reasoning,这个选项通常来自ratio sum error。
jianzisheng_cn_junior_chapter_expansion_v1_cn-junior-04-triangle-angles_013,B,59,ratio_sum_error,geometric_reasoning,这个选项通常来自ratio sum error。
jianzisheng_cn_junior_chapter_expansion_v1_cn-junior-04-triangle-angles_013,C,54,ratio_sum_error,geometric_reasoning,这个选项通常来自ratio sum error。
jianzisheng_cn_junior_chapter_expansion_v1_cn-junior-04-triangle-angles_013,E,131,ratio_sum_error,geometric_reasoning,这个选项通常来自ratio sum error。
jianzisheng_cn_junior_chapter_expansion_v1_cn-junior-04-triangle-angles_014,A,95,ratio_sum_error,geometric_reasoning,这个选项通常来自ratio sum error。
jianzisheng_cn_junior_chapter_expansion_v1_cn-junior-04-triangle-angles_014,B,55,ratio_sum_error,geometric_reasoning,这个选项通常来自ratio sum error。
jianzisheng_cn_junior_chapter_expansion_v1_cn-junior-04-triangle-angles_014,D,135,ratio_sum_error,geometric_reasoning,这个选项通常来自ratio sum error。
jianzisheng_cn_junior_chapter_expansion_v1_cn-junior-04-triangle-angles_014,E,130,ratio_sum_error,geometric_reasoning,这个选项通常来自ratio sum error。
jianzisheng_cn_junior_chapter_expansion_v1_cn-junior-04-triangle-angles_015,A,51,ratio_sum_error,geometric_reasoning,这个选项通常来自ratio sum error。
jianzisheng_cn_junior_chapter_expansion_v1_cn-junior-04-triangle-angles_015,C,139,ratio_sum_error,geometric_reasoning,这个选项通常来自ratio sum error。
jianzisheng_cn_junior_chapter_expansion_v1_cn-junior-04-triangle-angles_015,D,129,ratio_sum_error,geometric_reasoning,这个选项通常来自ratio sum error。
jianzisheng_cn_junior_chapter_expansion_v1_cn-junior-04-triangle-angles_015,E,92,ratio_sum_error,geometric_reasoning,这个选项通常来自ratio sum error。
jianzisheng_cn_junior_chapter_expansion_v1_cn-junior-04-triangle-angles_016,B,93,ratio_sum_error,geometric_reasoning,这个选项通常来自ratio sum error。
jianzisheng_cn_junior_chapter_expansion_v1_cn-junior-04-triangle-angles_016,C,128,ratio_sum_error,geometric_reasoning,这个选项通常来自ratio sum error。
jianzisheng_cn_junior_chapter_expansion_v1_cn-junior-04-triangle-angles_016,D,139,ratio_sum_error,geometric_reasoning,这个选项通常来自ratio sum error。
jianzisheng_cn_junior_chapter_expansion_v1_cn-junior-04-triangle-angles_016,E,97,ratio_sum_error,geometric_reasoning,这个选项通常来自ratio sum error。
jianzisheng_cn_junior_chapter_expansion_v1_cn-junior-04-triangle-angles_017,A,97,ratio_sum_error,geometric_reasoning,这个选项通常来自ratio sum error。
jianzisheng_cn_junior_chapter_expansion_v1_cn-junior-04-triangle-angles_017,B,127,ratio_sum_error,geometric_reasoning,这个选项通常来自ratio sum error。
jianzisheng_cn_junior_chapter_expansion_v1_cn-junior-04-triangle-angles_017,C,136,ratio_sum_error,geometric_reasoning,这个选项通常来自ratio sum error。
jianzisheng_cn_junior_chapter_expansion_v1_cn-junior-04-triangle-angles_017,D,93,ratio_sum_error,geometric_reasoning,这个选项通常来自ratio sum error。
jianzisheng_cn_junior_chapter_expansion_v1_cn-junior-04-triangle-angles_018,A,126,ratio_sum_error,geometric_reasoning,这个选项通常来自ratio sum error。
jianzisheng_cn_junior_chapter_expansion_v1_cn-junior-04-triangle-angles_018,B,133,ratio_sum_error,geometric_reasoning,这个选项通常来自ratio sum error。
jianzisheng_cn_junior_chapter_expansion_v1_cn-junior-04-triangle-angles_018,C,89,ratio_sum_error,geometric_reasoning,这个选项通常来自ratio sum error。
jianzisheng_cn_junior_chapter_expansion_v1_cn-junior-04-triangle-angles_018,E,101,ratio_sum_error,geometric_reasoning,这个选项通常来自ratio sum error。
jianzisheng_cn_junior_chapter_expansion_v1_cn-junior-04-triangle-angles_019,A,130,ratio_sum_error,geometric_reasoning,这个选项通常来自ratio sum error。
jianzisheng_cn_junior_chapter_expansion_v1_cn-junior-04-triangle-angles_019,B,85,ratio_sum_error,geometric_reasoning,这个选项通常来自ratio sum error。
jianzisheng_cn_junior_chapter_expansion_v1_cn-junior-04-triangle-angles_019,D,105,ratio_sum_error,geometric_reasoning,这个选项通常来自ratio sum error。
jianzisheng_cn_junior_chapter_expansion_v1_cn-junior-04-triangle-angles_019,E,125,ratio_sum_error,geometric_reasoning,这个选项通常来自ratio sum error。
jianzisheng_cn_junior_chapter_expansion_v1_cn-junior-g7-rational-numbers_001,B,9<2<-4<-10,absolute_value_order_error,number_sense,这个选项通常来自absolute value order error。
jianzisheng_cn_junior_chapter_expansion_v1_cn-junior-g7-rational-numbers_001,C,-4<-10<2<9,absolute_value_order_error,number_sense,这个选项通常来自absolute value order error。
jianzisheng_cn_junior_chapter_expansion_v1_cn-junior-g7-rational-numbers_001,D,-10<2<-4<9,absolute_value_order_error,number_sense,这个选项通常来自absolute value order error。
jianzisheng_cn_junior_chapter_expansion_v1_cn-junior-g7-rational-numbers_001,E,-10<-4<2<9+5,absolute_value_order_error,number_sense,这个选项通常来自absolute value order error。
jianzisheng_cn_junior_chapter_expansion_v1_cn-junior-g7-rational-numbers_002,A,10<3<-5<-11,absolute_value_order_error,number_sense,这个选项通常来自absolute value order error。
jianzisheng_cn_junior_chapter_expansion_v1_cn-junior-g7-rational-numbers_002,B,-5<-11<3<10,absolute_value_order_error,number_sense,这个选项通常来自absolute value order error。
jianzisheng_cn_junior_chapter_expansion_v1_cn-junior-g7-rational-numbers_002,C,-11<3<-5<10,absolute_value_order_error,number_sense,这个选项通常来自absolute value order error。
jianzisheng_cn_junior_chapter_expansion_v1_cn-junior-g7-rational-numbers_002,D,-11<-5<3<10+5,absolute_value_order_error,number_sense,这个选项通常来自absolute value order error。
jianzisheng_cn_junior_chapter_expansion_v1_cn-junior-g7-rational-numbers_003,A,-5<-12<4<11,absolute_value_order_error,number_sense,这个选项通常来自absolute value order error。
jianzisheng_cn_junior_chapter_expansion_v1_cn-junior-g7-rational-numbers_003,B,-12<4<-5<11,absolute_value_order_error,number_sense,这个选项通常来自absolute value order error。
jianzisheng_cn_junior_chapter_expansion_v1_cn-junior-g7-rational-numbers_003,C,-12<-5<4<11+5,absolute_value_order_error,number_sense,这个选项通常来自absolute value order error。
jianzisheng_cn_junior_chapter_expansion_v1_cn-junior-g7-rational-numbers_003,E,11<4<-5<-12,absolute_value_order_error,number_sense,这个选项通常来自absolute value order error。
jianzisheng_cn_junior_chapter_expansion_v1_cn-junior-g7-rational-numbers_004,A,-13<0<-6<12,absolute_value_order_error,number_sense,这个选项通常来自absolute value order error。
jianzisheng_cn_junior_chapter_expansion_v1_cn-junior-g7-rational-numbers_004,B,-13<-6<0<12+5,absolute_value_order_error,number_sense,这个选项通常来自absolute value order error。
jianzisheng_cn_junior_chapter_expansion_v1_cn-junior-g7-rational-numbers_004,D,12<0<-6<-13,absolute_value_order_error,number_sense,这个选项通常来自absolute value order error。
jianzisheng_cn_junior_chapter_expansion_v1_cn-junior-g7-rational-numbers_004,E,-6<-13<0<12,absolute_value_order_error,number_sense,这个选项通常来自absolute value order error。
jianzisheng_cn_junior_chapter_expansion_v1_cn-junior-g7-rational-numbers_005,A,-14<-6<1<13+5,absolute_value_order_error,number_sense,这个选项通常来自absolute value order error。
jianzisheng_cn_junior_chapter_expansion_v1_cn-junior-g7-rational-numbers_005,C,13<1<-6<-14,absolute_value_order_error,number_sense,这个选项通常来自absolute value order error。
jianzisheng_cn_junior_chapter_expansion_v1_cn-junior-g7-rational-numbers_005,D,-6<-14<1<13,absolute_value_order_error,number_sense,这个选项通常来自absolute value order error。
jianzisheng_cn_junior_chapter_expansion_v1_cn-junior-g7-rational-numbers_005,E,-14<1<-6<13,absolute_value_order_error,number_sense,这个选项通常来自absolute value order error。
jianzisheng_cn_junior_chapter_expansion_v1_cn-junior-g7-rational-numbers_006,B,14<2<-7<-15,absolute_value_order_error,number_sense,这个选项通常来自absolute value order error。
jianzisheng_cn_junior_chapter_expansion_v1_cn-junior-g7-rational-numbers_006,C,-7<-15<2<14,absolute_value_order_error,number_sense,这个选项通常来自absolute value order error。
jianzisheng_cn_junior_chapter_expansion_v1_cn-junior-g7-rational-numbers_006,D,-15<2<-7<14,absolute_value_order_error,number_sense,这个选项通常来自absolute value order error。
jianzisheng_cn_junior_chapter_expansion_v1_cn-junior-g7-rational-numbers_006,E,-15<-7<2<14+5,absolute_value_order_error,number_sense,这个选项通常来自absolute value order error。
jianzisheng_cn_junior_chapter_expansion_v1_cn-junior-g7-rational-numbers_007,A,15<3<-7<-16,absolute_value_order_error,number_sense,这个选项通常来自absolute value order error。
jianzisheng_cn_junior_chapter_expansion_v1_cn-junior-g7-rational-numbers_007,B,-7<-16<3<15,absolute_value_order_error,number_sense,这个选项通常来自absolute value order error。
jianzisheng_cn_junior_chapter_expansion_v1_cn-junior-g7-rational-numbers_007,C,-16<3<-7<15,absolute_value_order_error,number_sense,这个选项通常来自absolute value order error。
jianzisheng_cn_junior_chapter_expansion_v1_cn-junior-g7-rational-numbers_007,D,-16<-7<3<15+5,absolute_value_order_error,number_sense,这个选项通常来自absolute value order error。
jianzisheng_cn_junior_chapter_expansion_v1_cn-junior-g7-rational-numbers_008,A,-8<-17<4<16,absolute_value_order_error,number_sense,这个选项通常来自absolute value order error。
jianzisheng_cn_junior_chapter_expansion_v1_cn-junior-g7-rational-numbers_008,B,-17<4<-8<16,absolute_value_order_error,number_sense,这个选项通常来自absolute value order error。
jianzisheng_cn_junior_chapter_expansion_v1_cn-junior-g7-rational-numbers_008,C,-17<-8<4<16+5,absolute_value_order_error,number_sense,这个选项通常来自absolute value order error。
jianzisheng_cn_junior_chapter_expansion_v1_cn-junior-g7-rational-numbers_008,E,16<4<-8<-17,absolute_value_order_error,number_sense,这个选项通常来自absolute value order error。
jianzisheng_cn_junior_chapter_expansion_v1_cn-junior-g7-rational-numbers_009,A,-18<0<-8<17,absolute_value_order_error,number_sense,这个选项通常来自absolute value order error。
jianzisheng_cn_junior_chapter_expansion_v1_cn-junior-g7-rational-numbers_009,B,-18<-8<0<17+5,absolute_value_order_error,number_sense,这个选项通常来自absolute value order error。
jianzisheng_cn_junior_chapter_expansion_v1_cn-junior-g7-rational-numbers_009,D,17<0<-8<-18,absolute_value_order_error,number_sense,这个选项通常来自absolute value order error。
jianzisheng_cn_junior_chapter_expansion_v1_cn-junior-g7-rational-numbers_009,E,-8<-18<0<17,absolute_value_order_error,number_sense,这个选项通常来自absolute value order error。
jianzisheng_cn_junior_chapter_expansion_v1_cn-junior-g7-rational-numbers_010,A,-19<-9<1<18+5,absolute_value_order_error,number_sense,这个选项通常来自absolute value order error。
jianzisheng_cn_junior_chapter_expansion_v1_cn-junior-g7-rational-numbers_010,C,18<1<-9<-19,absolute_value_order_error,number_sense,这个选项通常来自absolute value order error。
jianzisheng_cn_junior_chapter_expansion_v1_cn-junior-g7-rational-numbers_010,D,-9<-19<1<18,absolute_value_order_error,number_sense,这个选项通常来自absolute value order error。
jianzisheng_cn_junior_chapter_expansion_v1_cn-junior-g7-rational-numbers_010,E,-19<1<-9<18,absolute_value_order_error,number_sense,这个选项通常来自absolute value order error。
jianzisheng_cn_junior_chapter_expansion_v1_cn-junior-g7-rational-numbers_011,B,19<2<-9<-20,absolute_value_order_error,number_sense,这个选项通常来自absolute value order error。
jianzisheng_cn_junior_chapter_expansion_v1_cn-junior-g7-rational-numbers_011,C,-9<-20<2<19,absolute_value_order_error,number_sense,这个选项通常来自absolute value order error。
jianzisheng_cn_junior_chapter_expansion_v1_cn-junior-g7-rational-numbers_011,D,-20<2<-9<19,absolute_value_order_error,number_sense,这个选项通常来自absolute value order error。
jianzisheng_cn_junior_chapter_expansion_v1_cn-junior-g7-rational-numbers_011,E,-20<-9<2<19+5,absolute_value_order_error,number_sense,这个选项通常来自absolute value order error。
jianzisheng_cn_junior_chapter_expansion_v1_cn-junior-g7-rational-numbers_012,A,20<3<-10<-21,absolute_value_order_error,number_sense,这个选项通常来自absolute value order error。
jianzisheng_cn_junior_chapter_expansion_v1_cn-junior-g7-rational-numbers_012,B,-10<-21<3<20,absolute_value_order_error,number_sense,这个选项通常来自absolute value order error。
jianzisheng_cn_junior_chapter_expansion_v1_cn-junior-g7-rational-numbers_012,C,-21<3<-10<20,absolute_value_order_error,number_sense,这个选项通常来自absolute value order error。
jianzisheng_cn_junior_chapter_expansion_v1_cn-junior-g7-rational-numbers_012,D,-21<-10<3<20+5,absolute_value_order_error,number_sense,这个选项通常来自absolute value order error。
jianzisheng_cn_junior_chapter_expansion_v1_cn-junior-g7-rational-numbers_013,A,-10<-22<4<21,absolute_value_order_error,number_sense,这个选项通常来自absolute value order error。
jianzisheng_cn_junior_chapter_expansion_v1_cn-junior-g7-rational-numbers_013,B,-22<4<-10<21,absolute_value_order_error,number_sense,这个选项通常来自absolute value order error。
jianzisheng_cn_junior_chapter_expansion_v1_cn-junior-g7-rational-numbers_013,C,-22<-10<4<21+5,absolute_value_order_error,number_sense,这个选项通常来自absolute value order error。
jianzisheng_cn_junior_chapter_expansion_v1_cn-junior-g7-rational-numbers_013,E,21<4<-10<-22,absolute_value_order_error,number_sense,这个选项通常来自absolute value order error。
jianzisheng_cn_junior_chapter_expansion_v1_cn-junior-g7-rational-numbers_014,A,-23<0<-11<22,absolute_value_order_error,number_sense,这个选项通常来自absolute value order error。
jianzisheng_cn_junior_chapter_expansion_v1_cn-junior-g7-rational-numbers_014,B,-23<-11<0<22+5,absolute_value_order_error,number_sense,这个选项通常来自absolute value order error。
jianzisheng_cn_junior_chapter_expansion_v1_cn-junior-g7-rational-numbers_014,D,22<0<-11<-23,absolute_value_order_error,number_sense,这个选项通常来自absolute value order error。
jianzisheng_cn_junior_chapter_expansion_v1_cn-junior-g7-rational-numbers_014,E,-11<-23<0<22,absolute_value_order_error,number_sense,这个选项通常来自absolute value order error。
jianzisheng_cn_junior_chapter_expansion_v1_cn-junior-g7-absolute-value_001,B,-9,absolute_value_sign_error,number_sense,这个选项通常来自absolute value sign error。
jianzisheng_cn_junior_chapter_expansion_v1_cn-junior-g7-absolute-value_001,C,30,absolute_value_sign_error,number_sense,这个选项通常来自absolute value sign error。
jianzisheng_cn_junior_chapter_expansion_v1_cn-junior-g7-absolute-value_001,D,27,absolute_value_sign_error,number_sense,这个选项通常来自absolute value sign error。
jianzisheng_cn_junior_chapter_expansion_v1_cn-junior-g7-absolute-value_001,E,34,absolute_value_sign_error,number_sense,这个选项通常来自absolute value sign error。
jianzisheng_cn_junior_chapter_expansion_v1_cn-junior-g7-absolute-value_002,A,1,absolute_value_sign_error,number_sense,这个选项通常来自absolute value sign error。
jianzisheng_cn_junior_chapter_expansion_v1_cn-junior-g7-absolute-value_002,B,26,absolute_value_sign_error,number_sense,这个选项通常来自absolute value sign error。
jianzisheng_cn_junior_chapter_expansion_v1_cn-junior-g7-absolute-value_002,C,23,absolute_value_sign_error,number_sense,这个选项通常来自absolute value sign error。
jianzisheng_cn_junior_chapter_expansion_v1_cn-junior-g7-absolute-value_002,D,30,absolute_value_sign_error,number_sense,这个选项通常来自absolute value sign error。
jianzisheng_cn_junior_chapter_expansion_v1_cn-junior-g7-absolute-value_003,A,30,absolute_value_sign_error,number_sense,这个选项通常来自absolute value sign error。
jianzisheng_cn_junior_chapter_expansion_v1_cn-junior-g7-absolute-value_003,B,27,absolute_value_sign_error,number_sense,这个选项通常来自absolute value sign error。
jianzisheng_cn_junior_chapter_expansion_v1_cn-junior-g7-absolute-value_003,C,34,absolute_value_sign_error,number_sense,这个选项通常来自absolute value sign error。
jianzisheng_cn_junior_chapter_expansion_v1_cn-junior-g7-absolute-value_003,E,3,absolute_value_sign_error,number_sense,这个选项通常来自absolute value sign error。
jianzisheng_cn_junior_chapter_expansion_v1_cn-junior-g7-absolute-value_004,A,17,absolute_value_sign_error,number_sense,这个选项通常来自absolute value sign error。
jianzisheng_cn_junior_chapter_expansion_v1_cn-junior-g7-absolute-value_004,B,24,absolute_value_sign_error,number_sense,这个选项通常来自absolute value sign error。
jianzisheng_cn_junior_chapter_expansion_v1_cn-junior-g7-absolute-value_004,D,-9,absolute_value_sign_error,number_sense,这个选项通常来自absolute value sign error。
jianzisheng_cn_junior_chapter_expansion_v1_cn-junior-g7-absolute-value_004,E,20,absolute_value_sign_error,number_sense,这个选项通常来自absolute value sign error。
jianzisheng_cn_junior_chapter_expansion_v1_cn-junior-g7-absolute-value_005,A,28,absolute_value_sign_error,number_sense,这个选项通常来自absolute value sign error。
jianzisheng_cn_junior_chapter_expansion_v1_cn-junior-g7-absolute-value_005,C,-7,absolute_value_sign_error,number_sense,这个选项通常来自absolute value sign error。
jianzisheng_cn_junior_chapter_expansion_v1_cn-junior-g7-absolute-value_005,D,24,absolute_value_sign_error,number_sense,这个选项通常来自absolute value sign error。
jianzisheng_cn_junior_chapter_expansion_v1_cn-junior-g7-absolute-value_005,E,21,absolute_value_sign_error,number_sense,这个选项通常来自absolute value sign error。
jianzisheng_cn_junior_chapter_expansion_v1_cn-junior-g7-absolute-value_006,B,-5,absolute_value_sign_error,number_sense,这个选项通常来自absolute value sign error。
jianzisheng_cn_junior_chapter_expansion_v1_cn-junior-g7-absolute-value_006,C,28,absolute_value_sign_error,number_sense,这个选项通常来自absolute value sign error。
jianzisheng_cn_junior_chapter_expansion_v1_cn-junior-g7-absolute-value_006,D,25,absolute_value_sign_error,number_sense,这个选项通常来自absolute value sign error。
jianzisheng_cn_junior_chapter_expansion_v1_cn-junior-g7-absolute-value_006,E,32,absolute_value_sign_error,number_sense,这个选项通常来自absolute value sign error。
jianzisheng_cn_junior_chapter_expansion_v1_cn-junior-g7-absolute-value_007,A,-3,absolute_value_sign_error,number_sense,这个选项通常来自absolute value sign error。
jianzisheng_cn_junior_chapter_expansion_v1_cn-junior-g7-absolute-value_007,B,32,absolute_value_sign_error,number_sense,这个选项通常来自absolute value sign error。
jianzisheng_cn_junior_chapter_expansion_v1_cn-junior-g7-absolute-value_007,C,29,absolute_value_sign_error,number_sense,这个选项通常来自absolute value sign error。
jianzisheng_cn_junior_chapter_expansion_v1_cn-junior-g7-absolute-value_007,D,36,absolute_value_sign_error,number_sense,这个选项通常来自absolute value sign error。
jianzisheng_cn_junior_chapter_expansion_v1_cn-junior-g7-absolute-value_008,A,22,absolute_value_sign_error,number_sense,这个选项通常来自absolute value sign error。
jianzisheng_cn_junior_chapter_expansion_v1_cn-junior-g7-absolute-value_008,B,19,absolute_value_sign_error,number_sense,这个选项通常来自absolute value sign error。
jianzisheng_cn_junior_chapter_expansion_v1_cn-junior-g7-absolute-value_008,C,26,absolute_value_sign_error,number_sense,这个选项通常来自absolute value sign error。
jianzisheng_cn_junior_chapter_expansion_v1_cn-junior-g7-absolute-value_008,E,-15,absolute_value_sign_error,number_sense,这个选项通常来自absolute value sign error。
jianzisheng_cn_junior_chapter_expansion_v1_cn-junior-g7-absolute-value_009,A,23,absolute_value_sign_error,number_sense,这个选项通常来自absolute value sign error。
jianzisheng_cn_junior_chapter_expansion_v1_cn-junior-g7-absolute-value_009,B,30,absolute_value_sign_error,number_sense,这个选项通常来自absolute value sign error。
jianzisheng_cn_junior_chapter_expansion_v1_cn-junior-g7-absolute-value_009,D,-13,absolute_value_sign_error,number_sense,这个选项通常来自absolute value sign error。
jianzisheng_cn_junior_chapter_expansion_v1_cn-junior-g7-absolute-value_009,E,26,absolute_value_sign_error,number_sense,这个选项通常来自absolute value sign error。
jianzisheng_cn_junior_chapter_expansion_v1_cn-junior-g7-absolute-value_010,A,26,absolute_value_sign_error,number_sense,这个选项通常来自absolute value sign error。
jianzisheng_cn_junior_chapter_expansion_v1_cn-junior-g7-absolute-value_010,C,-3,absolute_value_sign_error,number_sense,这个选项通常来自absolute value sign error。
jianzisheng_cn_junior_chapter_expansion_v1_cn-junior-g7-absolute-value_010,D,22,absolute_value_sign_error,number_sense,这个选项通常来自absolute value sign error。
jianzisheng_cn_junior_chapter_expansion_v1_cn-junior-g7-absolute-value_010,E,19,absolute_value_sign_error,number_sense,这个选项通常来自absolute value sign error。
jianzisheng_cn_junior_chapter_expansion_v1_cn-junior-g7-absolute-value_011,B,-1,absolute_value_sign_error,number_sense,这个选项通常来自absolute value sign error。
jianzisheng_cn_junior_chapter_expansion_v1_cn-junior-g7-absolute-value_011,C,26,absolute_value_sign_error,number_sense,这个选项通常来自absolute value sign error。
jianzisheng_cn_junior_chapter_expansion_v1_cn-junior-g7-absolute-value_011,D,23,absolute_value_sign_error,number_sense,这个选项通常来自absolute value sign error。
jianzisheng_cn_junior_chapter_expansion_v1_cn-junior-g7-absolute-value_011,E,30,absolute_value_sign_error,number_sense,这个选项通常来自absolute value sign error。
jianzisheng_cn_junior_chapter_expansion_v1_cn-junior-g7-absolute-value_012,A,1,absolute_value_sign_error,number_sense,这个选项通常来自absolute value sign error。
jianzisheng_cn_junior_chapter_expansion_v1_cn-junior-g7-absolute-value_012,B,30,absolute_value_sign_error,number_sense,这个选项通常来自absolute value sign error。
jianzisheng_cn_junior_chapter_expansion_v1_cn-junior-g7-absolute-value_012,C,27,absolute_value_sign_error,number_sense,这个选项通常来自absolute value sign error。
jianzisheng_cn_junior_chapter_expansion_v1_cn-junior-g7-absolute-value_012,D,34,absolute_value_sign_error,number_sense,这个选项通常来自absolute value sign error。
jianzisheng_cn_junior_chapter_expansion_v1_cn-junior-g7-absolute-value_013,A,20,absolute_value_sign_error,number_sense,这个选项通常来自absolute value sign error。
jianzisheng_cn_junior_chapter_expansion_v1_cn-junior-g7-absolute-value_013,B,17,absolute_value_sign_error,number_sense,这个选项通常来自absolute value sign error。
jianzisheng_cn_junior_chapter_expansion_v1_cn-junior-g7-absolute-value_013,C,24,absolute_value_sign_error,number_sense,这个选项通常来自absolute value sign error。
jianzisheng_cn_junior_chapter_expansion_v1_cn-junior-g7-absolute-value_013,E,-11,absolute_value_sign_error,number_sense,这个选项通常来自absolute value sign error。
jianzisheng_cn_junior_chapter_expansion_v1_cn-junior-g7-absolute-value_014,A,21,absolute_value_sign_error,number_sense,这个选项通常来自absolute value sign error。
jianzisheng_cn_junior_chapter_expansion_v1_cn-junior-g7-absolute-value_014,B,28,absolute_value_sign_error,number_sense,这个选项通常来自absolute value sign error。
jianzisheng_cn_junior_chapter_expansion_v1_cn-junior-g7-absolute-value_014,D,-9,absolute_value_sign_error,number_sense,这个选项通常来自absolute value sign error。
jianzisheng_cn_junior_chapter_expansion_v1_cn-junior-g7-absolute-value_014,E,24,absolute_value_sign_error,number_sense,这个选项通常来自absolute value sign error。
jianzisheng_cn_junior_chapter_expansion_v1_cn-junior-g7-polynomials_001,B,7x,constant_like_term_error,symbolic_fluency,这个选项通常来自constant like term error。
jianzisheng_cn_junior_chapter_expansion_v1_cn-junior-g7-polynomials_001,C,0x+3,constant_like_term_error,symbolic_fluency,这个选项通常来自constant like term error。
jianzisheng_cn_junior_chapter_expansion_v1_cn-junior-g7-polynomials_001,D,4x,constant_like_term_error,symbolic_fluency,这个选项通常来自constant like term error。
jianzisheng_cn_junior_chapter_expansion_v1_cn-junior-g7-polynomials_001,E,2x+2x,constant_like_term_error,symbolic_fluency,这个选项通常来自constant like term error。
jianzisheng_cn_junior_chapter_expansion_v1_cn-junior-g7-polynomials_002,A,2x,constant_like_term_error,symbolic_fluency,这个选项通常来自constant like term error。
jianzisheng_cn_junior_chapter_expansion_v1_cn-junior-g7-polynomials_002,B,0x-4,constant_like_term_error,symbolic_fluency,这个选项通常来自constant like term error。
jianzisheng_cn_junior_chapter_expansion_v1_cn-junior-g7-polynomials_002,C,6x,constant_like_term_error,symbolic_fluency,这个选项通常来自constant like term error。
jianzisheng_cn_junior_chapter_expansion_v1_cn-junior-g7-polynomials_002,D,3x+3x,constant_like_term_error,symbolic_fluency,这个选项通常来自constant like term error。
jianzisheng_cn_junior_chapter_expansion_v1_cn-junior-g7-polynomials_003,A,9x-3,constant_like_term_error,symbolic_fluency,这个选项通常来自constant like term error。
jianzisheng_cn_junior_chapter_expansion_v1_cn-junior-g7-polynomials_003,B,-1x,constant_like_term_error,symbolic_fluency,这个选项通常来自constant like term error。
jianzisheng_cn_junior_chapter_expansion_v1_cn-junior-g7-polynomials_003,C,4x-5x,constant_like_term_error,symbolic_fluency,这个选项通常来自constant like term error。
jianzisheng_cn_junior_chapter_expansion_v1_cn-junior-g7-polynomials_003,E,-4x,constant_like_term_error,symbolic_fluency,这个选项通常来自constant like term error。
jianzisheng_cn_junior_chapter_expansion_v1_cn-junior-g7-polynomials_004,A,1x,constant_like_term_error,symbolic_fluency,这个选项通常来自constant like term error。
jianzisheng_cn_junior_chapter_expansion_v1_cn-junior-g7-polynomials_004,B,5x-4x,constant_like_term_error,symbolic_fluency,这个选项通常来自constant like term error。
jianzisheng_cn_junior_chapter_expansion_v1_cn-junior-g7-polynomials_004,D,-1x,constant_like_term_error,symbolic_fluency,这个选项通常来自constant like term error。
jianzisheng_cn_junior_chapter_expansion_v1_cn-junior-g7-polynomials_004,E,9x-2,constant_like_term_error,symbolic_fluency,这个选项通常来自constant like term error。
jianzisheng_cn_junior_chapter_expansion_v1_cn-junior-g7-polynomials_005,A,6x-3x,constant_like_term_error,symbolic_fluency,这个选项通常来自constant like term error。
jianzisheng_cn_junior_chapter_expansion_v1_cn-junior-g7-polynomials_005,C,2x,constant_like_term_error,symbolic_fluency,这个选项通常来自constant like term error。
jianzisheng_cn_junior_chapter_expansion_v1_cn-junior-g7-polynomials_005,D,9x-1,constant_like_term_error,symbolic_fluency,这个选项通常来自constant like term error。
jianzisheng_cn_junior_chapter_expansion_v1_cn-junior-g7-polynomials_005,E,3x,constant_like_term_error,symbolic_fluency,这个选项通常来自constant like term error。
jianzisheng_cn_junior_chapter_expansion_v1_cn-junior-g7-polynomials_006,B,5x,constant_like_term_error,symbolic_fluency,这个选项通常来自constant like term error。
jianzisheng_cn_junior_chapter_expansion_v1_cn-junior-g7-polynomials_006,C,9x+0,constant_like_term_error,symbolic_fluency,这个选项通常来自constant like term error。
jianzisheng_cn_junior_chapter_expansion_v1_cn-junior-g7-polynomials_006,D,7x-2x,constant_like_term_error,symbolic_fluency,这个选项通常来自constant like term error。
jianzisheng_cn_junior_chapter_expansion_v1_cn-junior-g7-polynomials_006,E,5x+0+5,constant_like_term_error,symbolic_fluency,这个选项通常来自constant like term error。
jianzisheng_cn_junior_chapter_expansion_v1_cn-junior-g7-polynomials_007,A,8x,constant_like_term_error,symbolic_fluency,这个选项通常来自constant like term error。
jianzisheng_cn_junior_chapter_expansion_v1_cn-junior-g7-polynomials_007,B,9x+1,constant_like_term_error,symbolic_fluency,这个选项通常来自constant like term error。
jianzisheng_cn_junior_chapter_expansion_v1_cn-junior-g7-polynomials_007,C,7x,constant_like_term_error,symbolic_fluency,这个选项通常来自constant like term error。
jianzisheng_cn_junior_chapter_expansion_v1_cn-junior-g7-polynomials_007,D,8x-1x,constant_like_term_error,symbolic_fluency,这个选项通常来自constant like term error。
jianzisheng_cn_junior_chapter_expansion_v1_cn-junior-g7-polynomials_008,A,2x,constant_like_term_error,symbolic_fluency,这个选项通常来自constant like term error。
jianzisheng_cn_junior_chapter_expansion_v1_cn-junior-g7-polynomials_008,B,2x+0x,constant_like_term_error,symbolic_fluency,这个选项通常来自constant like term error。
jianzisheng_cn_junior_chapter_expansion_v1_cn-junior-g7-polynomials_008,C,2x+2+5,constant_like_term_error,symbolic_fluency,这个选项通常来自constant like term error。
jianzisheng_cn_junior_chapter_expansion_v1_cn-junior-g7-polynomials_008,E,4x,constant_like_term_error,symbolic_fluency,这个选项通常来自constant like term error。
jianzisheng_cn_junior_chapter_expansion_v1_cn-junior-g7-polynomials_009,A,4x,constant_like_term_error,symbolic_fluency,这个选项通常来自constant like term error。
jianzisheng_cn_junior_chapter_expansion_v1_cn-junior-g7-polynomials_009,B,3x+1x,constant_like_term_error,symbolic_fluency,这个选项通常来自constant like term error。
jianzisheng_cn_junior_chapter_expansion_v1_cn-junior-g7-polynomials_009,D,7x,constant_like_term_error,symbolic_fluency,这个选项通常来自constant like term error。
jianzisheng_cn_junior_chapter_expansion_v1_cn-junior-g7-polynomials_009,E,2x+3,constant_like_term_error,symbolic_fluency,这个选项通常来自constant like term error。
jianzisheng_cn_junior_chapter_expansion_v1_cn-junior-g7-polynomials_010,A,4x+2x,constant_like_term_error,symbolic_fluency,这个选项通常来自constant like term error。
jianzisheng_cn_junior_chapter_expansion_v1_cn-junior-g7-polynomials_010,C,2x,constant_like_term_error,symbolic_fluency,这个选项通常来自constant like term error。
jianzisheng_cn_junior_chapter_expansion_v1_cn-junior-g7-polynomials_010,D,2x-4,constant_like_term_error,symbolic_fluency,这个选项通常来自constant like term error。
jianzisheng_cn_junior_chapter_expansion_v1_cn-junior-g7-polynomials_010,E,6x,constant_like_term_error,symbolic_fluency,这个选项通常来自constant like term error。
jianzisheng_cn_junior_chapter_expansion_v1_cn-junior-g7-polynomials_011,B,5x,constant_like_term_error,symbolic_fluency,这个选项通常来自constant like term error。
jianzisheng_cn_junior_chapter_expansion_v1_cn-junior-g7-polynomials_011,C,2x-3,constant_like_term_error,symbolic_fluency,这个选项通常来自constant like term error。
jianzisheng_cn_junior_chapter_expansion_v1_cn-junior-g7-polynomials_011,D,8x,constant_like_term_error,symbolic_fluency,这个选项通常来自constant like term error。
jianzisheng_cn_junior_chapter_expansion_v1_cn-junior-g7-polynomials_011,E,5x+3x,constant_like_term_error,symbolic_fluency,这个选项通常来自constant like term error。
jianzisheng_cn_junior_chapter_expansion_v1_cn-junior-g7-polynomials_012,A,-1x,constant_like_term_error,symbolic_fluency,这个选项通常来自constant like term error。
jianzisheng_cn_junior_chapter_expansion_v1_cn-junior-g7-polynomials_012,B,11x-2,constant_like_term_error,symbolic_fluency,这个选项通常来自constant like term error。
jianzisheng_cn_junior_chapter_expansion_v1_cn-junior-g7-polynomials_012,C,1x,constant_like_term_error,symbolic_fluency,这个选项通常来自constant like term error。
jianzisheng_cn_junior_chapter_expansion_v1_cn-junior-g7-polynomials_012,D,6x-5x,constant_like_term_error,symbolic_fluency,这个选项通常来自constant like term error。
jianzisheng_cn_junior_chapter_expansion_v1_cn-junior-g7-polynomials_013,A,11x-1,constant_like_term_error,symbolic_fluency,这个选项通常来自constant like term error。
jianzisheng_cn_junior_chapter_expansion_v1_cn-junior-g7-polynomials_013,B,3x,constant_like_term_error,symbolic_fluency,这个选项通常来自constant like term error。
jianzisheng_cn_junior_chapter_expansion_v1_cn-junior-g7-polynomials_013,C,7x-4x,constant_like_term_error,symbolic_fluency,这个选项通常来自constant like term error。
jianzisheng_cn_junior_chapter_expansion_v1_cn-junior-g7-polynomials_013,E,2x,constant_like_term_error,symbolic_fluency,这个选项通常来自constant like term error。
jianzisheng_cn_junior_chapter_expansion_v1_cn-junior-g7-polynomials_014,A,8x-3x,constant_like_term_error,symbolic_fluency,这个选项通常来自constant like term error。
jianzisheng_cn_junior_chapter_expansion_v1_cn-junior-g7-polynomials_014,B,5x+0+5,constant_like_term_error,symbolic_fluency,这个选项通常来自constant like term error。
jianzisheng_cn_junior_chapter_expansion_v1_cn-junior-g7-polynomials_014,D,5x,constant_like_term_error,symbolic_fluency,这个选项通常来自constant like term error。
jianzisheng_cn_junior_chapter_expansion_v1_cn-junior-g7-polynomials_014,E,11x+0,constant_like_term_error,symbolic_fluency,这个选项通常来自constant like term error。
jianzisheng_cn_junior_chapter_expansion_v1_cn-junior-g7-linear-inequalities_001,B,x<3,inequality_direction_error,inverse_operations,这个选项通常来自inequality direction error。
jianzisheng_cn_junior_chapter_expansion_v1_cn-junior-g7-linear-inequalities_001,C,x>2,inequality_direction_error,inverse_operations,这个选项通常来自inequality direction error。
jianzisheng_cn_junior_chapter_expansion_v1_cn-junior-g7-linear-inequalities_001,D,x<2,inequality_direction_error,inverse_operations,这个选项通常来自inequality direction error。
jianzisheng_cn_junior_chapter_expansion_v1_cn-junior-g7-linear-inequalities_001,E,x=3,inequality_direction_error,inverse_operations,这个选项通常来自inequality direction error。
jianzisheng_cn_junior_chapter_expansion_v1_cn-junior-g7-linear-inequalities_002,A,x<4,inequality_direction_error,inverse_operations,这个选项通常来自inequality direction error。
jianzisheng_cn_junior_chapter_expansion_v1_cn-junior-g7-linear-inequalities_002,B,x>3,inequality_direction_error,inverse_operations,这个选项通常来自inequality direction error。
jianzisheng_cn_junior_chapter_expansion_v1_cn-junior-g7-linear-inequalities_002,C,x<3,inequality_direction_error,inverse_operations,这个选项通常来自inequality direction error。
jianzisheng_cn_junior_chapter_expansion_v1_cn-junior-g7-linear-inequalities_002,D,x=4,inequality_direction_error,inverse_operations,这个选项通常来自inequality direction error。
jianzisheng_cn_junior_chapter_expansion_v1_cn-junior-g7-linear-inequalities_003,A,x>4,inequality_direction_error,inverse_operations,这个选项通常来自inequality direction error。
jianzisheng_cn_junior_chapter_expansion_v1_cn-junior-g7-linear-inequalities_003,B,x<4,inequality_direction_error,inverse_operations,这个选项通常来自inequality direction error。
jianzisheng_cn_junior_chapter_expansion_v1_cn-junior-g7-linear-inequalities_003,C,x=5,inequality_direction_error,inverse_operations,这个选项通常来自inequality direction error。
jianzisheng_cn_junior_chapter_expansion_v1_cn-junior-g7-linear-inequalities_003,E,x<5,inequality_direction_error,inverse_operations,这个选项通常来自inequality direction error。
jianzisheng_cn_junior_chapter_expansion_v1_cn-junior-g7-linear-inequalities_004,A,x<5,inequality_direction_error,inverse_operations,这个选项通常来自inequality direction error。
jianzisheng_cn_junior_chapter_expansion_v1_cn-junior-g7-linear-inequalities_004,B,x=6,inequality_direction_error,inverse_operations,这个选项通常来自inequality direction error。
jianzisheng_cn_junior_chapter_expansion_v1_cn-junior-g7-linear-inequalities_004,D,x<6,inequality_direction_error,inverse_operations,这个选项通常来自inequality direction error。
jianzisheng_cn_junior_chapter_expansion_v1_cn-junior-g7-linear-inequalities_004,E,x>5,inequality_direction_error,inverse_operations,这个选项通常来自inequality direction error。
jianzisheng_cn_junior_chapter_expansion_v1_cn-junior-g7-linear-inequalities_005,A,x=7,inequality_direction_error,inverse_operations,这个选项通常来自inequality direction error。
jianzisheng_cn_junior_chapter_expansion_v1_cn-junior-g7-linear-inequalities_005,C,x<7,inequality_direction_error,inverse_operations,这个选项通常来自inequality direction error。
jianzisheng_cn_junior_chapter_expansion_v1_cn-junior-g7-linear-inequalities_005,D,x>6,inequality_direction_error,inverse_operations,这个选项通常来自inequality direction error。
jianzisheng_cn_junior_chapter_expansion_v1_cn-junior-g7-linear-inequalities_005,E,x<6,inequality_direction_error,inverse_operations,这个选项通常来自inequality direction error。
jianzisheng_cn_junior_chapter_expansion_v1_cn-junior-g7-linear-inequalities_006,B,x<8,inequality_direction_error,inverse_operations,这个选项通常来自inequality direction error。
jianzisheng_cn_junior_chapter_expansion_v1_cn-junior-g7-linear-inequalities_006,C,x>7,inequality_direction_error,inverse_operations,这个选项通常来自inequality direction error。
jianzisheng_cn_junior_chapter_expansion_v1_cn-junior-g7-linear-inequalities_006,D,x<7,inequality_direction_error,inverse_operations,这个选项通常来自inequality direction error。
jianzisheng_cn_junior_chapter_expansion_v1_cn-junior-g7-linear-inequalities_006,E,x=8,inequality_direction_error,inverse_operations,这个选项通常来自inequality direction error。
jianzisheng_cn_junior_chapter_expansion_v1_cn-junior-g7-linear-inequalities_007,A,x<9,inequality_direction_error,inverse_operations,这个选项通常来自inequality direction error。
jianzisheng_cn_junior_chapter_expansion_v1_cn-junior-g7-linear-inequalities_007,B,x>8,inequality_direction_error,inverse_operations,这个选项通常来自inequality direction error。
jianzisheng_cn_junior_chapter_expansion_v1_cn-junior-g7-linear-inequalities_007,C,x<8,inequality_direction_error,inverse_operations,这个选项通常来自inequality direction error。
jianzisheng_cn_junior_chapter_expansion_v1_cn-junior-g7-linear-inequalities_007,D,x=9,inequality_direction_error,inverse_operations,这个选项通常来自inequality direction error。
jianzisheng_cn_junior_chapter_expansion_v1_cn-junior-g7-linear-inequalities_008,A,x>2,inequality_direction_error,inverse_operations,这个选项通常来自inequality direction error。
jianzisheng_cn_junior_chapter_expansion_v1_cn-junior-g7-linear-inequalities_008,B,x<2,inequality_direction_error,inverse_operations,这个选项通常来自inequality direction error。
jianzisheng_cn_junior_chapter_expansion_v1_cn-junior-g7-linear-inequalities_008,C,x=3,inequality_direction_error,inverse_operations,这个选项通常来自inequality direction error。
jianzisheng_cn_junior_chapter_expansion_v1_cn-junior-g7-linear-inequalities_008,E,x<3,inequality_direction_error,inverse_operations,这个选项通常来自inequality direction error。
jianzisheng_cn_junior_chapter_expansion_v1_cn-junior-g7-linear-inequalities_009,A,x<3,inequality_direction_error,inverse_operations,这个选项通常来自inequality direction error。
jianzisheng_cn_junior_chapter_expansion_v1_cn-junior-g7-linear-inequalities_009,B,x=4,inequality_direction_error,inverse_operations,这个选项通常来自inequality direction error。
jianzisheng_cn_junior_chapter_expansion_v1_cn-junior-g7-linear-inequalities_009,D,x<4,inequality_direction_error,inverse_operations,这个选项通常来自inequality direction error。
jianzisheng_cn_junior_chapter_expansion_v1_cn-junior-g7-linear-inequalities_009,E,x>3,inequality_direction_error,inverse_operations,这个选项通常来自inequality direction error。
jianzisheng_cn_junior_chapter_expansion_v1_cn-junior-g7-linear-inequalities_010,A,x=5,inequality_direction_error,inverse_operations,这个选项通常来自inequality direction error。
jianzisheng_cn_junior_chapter_expansion_v1_cn-junior-g7-linear-inequalities_010,C,x<5,inequality_direction_error,inverse_operations,这个选项通常来自inequality direction error。
jianzisheng_cn_junior_chapter_expansion_v1_cn-junior-g7-linear-inequalities_010,D,x>4,inequality_direction_error,inverse_operations,这个选项通常来自inequality direction error。
jianzisheng_cn_junior_chapter_expansion_v1_cn-junior-g7-linear-inequalities_010,E,x<4,inequality_direction_error,inverse_operations,这个选项通常来自inequality direction error。
jianzisheng_cn_junior_chapter_expansion_v1_cn-junior-g7-linear-inequalities_011,B,x<6,inequality_direction_error,inverse_operations,这个选项通常来自inequality direction error。
jianzisheng_cn_junior_chapter_expansion_v1_cn-junior-g7-linear-inequalities_011,C,x>5,inequality_direction_error,inverse_operations,这个选项通常来自inequality direction error。
jianzisheng_cn_junior_chapter_expansion_v1_cn-junior-g7-linear-inequalities_011,D,x<5,inequality_direction_error,inverse_operations,这个选项通常来自inequality direction error。
jianzisheng_cn_junior_chapter_expansion_v1_cn-junior-g7-linear-inequalities_011,E,x=6,inequality_direction_error,inverse_operations,这个选项通常来自inequality direction error。
jianzisheng_cn_junior_chapter_expansion_v1_cn-junior-g7-linear-inequalities_012,A,x<7,inequality_direction_error,inverse_operations,这个选项通常来自inequality direction error。
jianzisheng_cn_junior_chapter_expansion_v1_cn-junior-g7-linear-inequalities_012,B,x>6,inequality_direction_error,inverse_operations,这个选项通常来自inequality direction error。
jianzisheng_cn_junior_chapter_expansion_v1_cn-junior-g7-linear-inequalities_012,C,x<6,inequality_direction_error,inverse_operations,这个选项通常来自inequality direction error。
jianzisheng_cn_junior_chapter_expansion_v1_cn-junior-g7-linear-inequalities_012,D,x=7,inequality_direction_error,inverse_operations,这个选项通常来自inequality direction error。
jianzisheng_cn_junior_chapter_expansion_v1_cn-junior-g7-linear-inequalities_013,A,x>7,inequality_direction_error,inverse_operations,这个选项通常来自inequality direction error。
jianzisheng_cn_junior_chapter_expansion_v1_cn-junior-g7-linear-inequalities_013,B,x<7,inequality_direction_error,inverse_operations,这个选项通常来自inequality direction error。
jianzisheng_cn_junior_chapter_expansion_v1_cn-junior-g7-linear-inequalities_013,C,x=8,inequality_direction_error,inverse_operations,这个选项通常来自inequality direction error。
jianzisheng_cn_junior_chapter_expansion_v1_cn-junior-g7-linear-inequalities_013,E,x<8,inequality_direction_error,inverse_operations,这个选项通常来自inequality direction error。
jianzisheng_cn_junior_chapter_expansion_v1_cn-junior-g7-linear-inequalities_014,A,x<8,inequality_direction_error,inverse_operations,这个选项通常来自inequality direction error。
jianzisheng_cn_junior_chapter_expansion_v1_cn-junior-g7-linear-inequalities_014,B,x=9,inequality_direction_error,inverse_operations,这个选项通常来自inequality direction error。
jianzisheng_cn_junior_chapter_expansion_v1_cn-junior-g7-linear-inequalities_014,D,x<9,inequality_direction_error,inverse_operations,这个选项通常来自inequality direction error。
jianzisheng_cn_junior_chapter_expansion_v1_cn-junior-g7-linear-inequalities_014,E,x>8,inequality_direction_error,inverse_operations,这个选项通常来自inequality direction error。
jianzisheng_cn_junior_chapter_expansion_v1_cn-junior-g7-basic-geometry_001,B,18,vertical_vs_supplementary_error,geometric_reasoning,这个选项通常来自vertical vs supplementary error。
jianzisheng_cn_junior_chapter_expansion_v1_cn-junior-g7-basic-geometry_001,C,16,vertical_vs_supplementary_error,geometric_reasoning,这个选项通常来自vertical vs supplementary error。
jianzisheng_cn_junior_chapter_expansion_v1_cn-junior-g7-basic-geometry_001,D,56,vertical_vs_supplementary_error,geometric_reasoning,这个选项通常来自vertical vs supplementary error。
jianzisheng_cn_junior_chapter_expansion_v1_cn-junior-g7-basic-geometry_001,E,-17,vertical_vs_supplementary_error,geometric_reasoning,这个选项通常来自vertical vs supplementary error。
jianzisheng_cn_junior_chapter_expansion_v1_cn-junior-g7-basic-geometry_002,A,19,vertical_vs_supplementary_error,geometric_reasoning,这个选项通常来自vertical vs supplementary error。
jianzisheng_cn_junior_chapter_expansion_v1_cn-junior-g7-basic-geometry_002,B,17,vertical_vs_supplementary_error,geometric_reasoning,这个选项通常来自vertical vs supplementary error。
jianzisheng_cn_junior_chapter_expansion_v1_cn-junior-g7-basic-geometry_002,C,42,vertical_vs_supplementary_error,geometric_reasoning,这个选项通常来自vertical vs supplementary error。
jianzisheng_cn_junior_chapter_expansion_v1_cn-junior-g7-basic-geometry_002,D,-18,vertical_vs_supplementary_error,geometric_reasoning,这个选项通常来自vertical vs supplementary error。
jianzisheng_cn_junior_chapter_expansion_v1_cn-junior-g7-basic-geometry_003,A,18,vertical_vs_supplementary_error,geometric_reasoning,这个选项通常来自vertical vs supplementary error。
jianzisheng_cn_junior_chapter_expansion_v1_cn-junior-g7-basic-geometry_003,B,33,vertical_vs_supplementary_error,geometric_reasoning,这个选项通常来自vertical vs supplementary error。
jianzisheng_cn_junior_chapter_expansion_v1_cn-junior-g7-basic-geometry_003,C,-19,vertical_vs_supplementary_error,geometric_reasoning,这个选项通常来自vertical vs supplementary error。
jianzisheng_cn_junior_chapter_expansion_v1_cn-junior-g7-basic-geometry_003,E,20,vertical_vs_supplementary_error,geometric_reasoning,这个选项通常来自vertical vs supplementary error。
jianzisheng_cn_junior_chapter_expansion_v1_cn-junior-g7-basic-geometry_004,A,28,vertical_vs_supplementary_error,geometric_reasoning,这个选项通常来自vertical vs supplementary error。
jianzisheng_cn_junior_chapter_expansion_v1_cn-junior-g7-basic-geometry_004,B,-20,vertical_vs_supplementary_error,geometric_reasoning,这个选项通常来自vertical vs supplementary error。
jianzisheng_cn_junior_chapter_expansion_v1_cn-junior-g7-basic-geometry_004,D,21,vertical_vs_supplementary_error,geometric_reasoning,这个选项通常来自vertical vs supplementary error。
jianzisheng_cn_junior_chapter_expansion_v1_cn-junior-g7-basic-geometry_004,E,19,vertical_vs_supplementary_error,geometric_reasoning,这个选项通常来自vertical vs supplementary error。
jianzisheng_cn_junior_chapter_expansion_v1_cn-junior-g7-basic-geometry_005,A,-21,vertical_vs_supplementary_error,geometric_reasoning,这个选项通常来自vertical vs supplementary error。
jianzisheng_cn_junior_chapter_expansion_v1_cn-junior-g7-basic-geometry_005,C,22,vertical_vs_supplementary_error,geometric_reasoning,这个选项通常来自vertical vs supplementary error。
jianzisheng_cn_junior_chapter_expansion_v1_cn-junior-g7-basic-geometry_005,D,20,vertical_vs_supplementary_error,geometric_reasoning,这个选项通常来自vertical vs supplementary error。
jianzisheng_cn_junior_chapter_expansion_v1_cn-junior-g7-basic-geometry_005,E,23,vertical_vs_supplementary_error,geometric_reasoning,这个选项通常来自vertical vs supplementary error。
jianzisheng_cn_junior_chapter_expansion_v1_cn-junior-g7-basic-geometry_006,B,23,vertical_vs_supplementary_error,geometric_reasoning,这个选项通常来自vertical vs supplementary error。
jianzisheng_cn_junior_chapter_expansion_v1_cn-junior-g7-basic-geometry_006,C,21,vertical_vs_supplementary_error,geometric_reasoning,这个选项通常来自vertical vs supplementary error。
jianzisheng_cn_junior_chapter_expansion_v1_cn-junior-g7-basic-geometry_006,D,82,vertical_vs_supplementary_error,geometric_reasoning,这个选项通常来自vertical vs supplementary error。
jianzisheng_cn_junior_chapter_expansion_v1_cn-junior-g7-basic-geometry_006,E,-22,vertical_vs_supplementary_error,geometric_reasoning,这个选项通常来自vertical vs supplementary error。
jianzisheng_cn_junior_chapter_expansion_v1_cn-junior-g7-basic-geometry_007,A,24,vertical_vs_supplementary_error,geometric_reasoning,这个选项通常来自vertical vs supplementary error。
jianzisheng_cn_junior_chapter_expansion_v1_cn-junior-g7-basic-geometry_007,B,22,vertical_vs_supplementary_error,geometric_reasoning,这个选项通常来自vertical vs supplementary error。
jianzisheng_cn_junior_chapter_expansion_v1_cn-junior-g7-basic-geometry_007,C,54,vertical_vs_supplementary_error,geometric_reasoning,这个选项通常来自vertical vs supplementary error。
jianzisheng_cn_junior_chapter_expansion_v1_cn-junior-g7-basic-geometry_007,D,-23,vertical_vs_supplementary_error,geometric_reasoning,这个选项通常来自vertical vs supplementary error。
jianzisheng_cn_junior_chapter_expansion_v1_cn-junior-g7-basic-geometry_008,A,23,vertical_vs_supplementary_error,geometric_reasoning,这个选项通常来自vertical vs supplementary error。
jianzisheng_cn_junior_chapter_expansion_v1_cn-junior-g7-basic-geometry_008,B,40,vertical_vs_supplementary_error,geometric_reasoning,这个选项通常来自vertical vs supplementary error。
jianzisheng_cn_junior_chapter_expansion_v1_cn-junior-g7-basic-geometry_008,C,-24,vertical_vs_supplementary_error,geometric_reasoning,这个选项通常来自vertical vs supplementary error。
jianzisheng_cn_junior_chapter_expansion_v1_cn-junior-g7-basic-geometry_008,E,25,vertical_vs_supplementary_error,geometric_reasoning,这个选项通常来自vertical vs supplementary error。
jianzisheng_cn_junior_chapter_expansion_v1_cn-junior-g7-basic-geometry_009,A,35,vertical_vs_supplementary_error,geometric_reasoning,这个选项通常来自vertical vs supplementary error。
jianzisheng_cn_junior_chapter_expansion_v1_cn-junior-g7-basic-geometry_009,B,-25,vertical_vs_supplementary_error,geometric_reasoning,这个选项通常来自vertical vs supplementary error。
jianzisheng_cn_junior_chapter_expansion_v1_cn-junior-g7-basic-geometry_009,D,26,vertical_vs_supplementary_error,geometric_reasoning,这个选项通常来自vertical vs supplementary error。
jianzisheng_cn_junior_chapter_expansion_v1_cn-junior-g7-basic-geometry_009,E,24,vertical_vs_supplementary_error,geometric_reasoning,这个选项通常来自vertical vs supplementary error。
jianzisheng_cn_junior_chapter_expansion_v1_cn-junior-g7-basic-geometry_010,A,-26,vertical_vs_supplementary_error,geometric_reasoning,这个选项通常来自vertical vs supplementary error。
jianzisheng_cn_junior_chapter_expansion_v1_cn-junior-g7-basic-geometry_010,C,27,vertical_vs_supplementary_error,geometric_reasoning,这个选项通常来自vertical vs supplementary error。
jianzisheng_cn_junior_chapter_expansion_v1_cn-junior-g7-basic-geometry_010,D,25,vertical_vs_supplementary_error,geometric_reasoning,这个选项通常来自vertical vs supplementary error。
jianzisheng_cn_junior_chapter_expansion_v1_cn-junior-g7-basic-geometry_010,E,29,vertical_vs_supplementary_error,geometric_reasoning,这个选项通常来自vertical vs supplementary error。
jianzisheng_cn_junior_chapter_expansion_v1_cn-junior-g7-basic-geometry_011,B,28,vertical_vs_supplementary_error,geometric_reasoning,这个选项通常来自vertical vs supplementary error。
jianzisheng_cn_junior_chapter_expansion_v1_cn-junior-g7-basic-geometry_011,C,26,vertical_vs_supplementary_error,geometric_reasoning,这个选项通常来自vertical vs supplementary error。
jianzisheng_cn_junior_chapter_expansion_v1_cn-junior-g7-basic-geometry_011,D,25,vertical_vs_supplementary_error,geometric_reasoning,这个选项通常来自vertical vs supplementary error。
jianzisheng_cn_junior_chapter_expansion_v1_cn-junior-g7-basic-geometry_011,E,-27,vertical_vs_supplementary_error,geometric_reasoning,这个选项通常来自vertical vs supplementary error。
jianzisheng_cn_junior_chapter_expansion_v1_cn-junior-g7-basic-geometry_012,A,11,vertical_vs_supplementary_error,geometric_reasoning,这个选项通常来自vertical vs supplementary error。
jianzisheng_cn_junior_chapter_expansion_v1_cn-junior-g7-basic-geometry_012,B,9,vertical_vs_supplementary_error,geometric_reasoning,这个选项通常来自vertical vs supplementary error。
jianzisheng_cn_junior_chapter_expansion_v1_cn-junior-g7-basic-geometry_012,C,86,vertical_vs_supplementary_error,geometric_reasoning,这个选项通常来自vertical vs supplementary error。
jianzisheng_cn_junior_chapter_expansion_v1_cn-junior-g7-basic-geometry_012,D,-10,vertical_vs_supplementary_error,geometric_reasoning,这个选项通常来自vertical vs supplementary error。
jianzisheng_cn_junior_chapter_expansion_v1_cn-junior-g7-basic-geometry_013,A,10,vertical_vs_supplementary_error,geometric_reasoning,这个选项通常来自vertical vs supplementary error。
jianzisheng_cn_junior_chapter_expansion_v1_cn-junior-g7-basic-geometry_013,B,57,vertical_vs_supplementary_error,geometric_reasoning,这个选项通常来自vertical vs supplementary error。
jianzisheng_cn_junior_chapter_expansion_v1_cn-junior-g7-basic-geometry_013,C,-11,vertical_vs_supplementary_error,geometric_reasoning,这个选项通常来自vertical vs supplementary error。
jianzisheng_cn_junior_chapter_expansion_v1_cn-junior-g7-basic-geometry_013,E,12,vertical_vs_supplementary_error,geometric_reasoning,这个选项通常来自vertical vs supplementary error。
jianzisheng_cn_junior_chapter_expansion_v1_cn-junior-g7-basic-geometry_014,A,43,vertical_vs_supplementary_error,geometric_reasoning,这个选项通常来自vertical vs supplementary error。
jianzisheng_cn_junior_chapter_expansion_v1_cn-junior-g7-basic-geometry_014,B,-12,vertical_vs_supplementary_error,geometric_reasoning,这个选项通常来自vertical vs supplementary error。
jianzisheng_cn_junior_chapter_expansion_v1_cn-junior-g7-basic-geometry_014,D,13,vertical_vs_supplementary_error,geometric_reasoning,这个选项通常来自vertical vs supplementary error。
jianzisheng_cn_junior_chapter_expansion_v1_cn-junior-g7-basic-geometry_014,E,11,vertical_vs_supplementary_error,geometric_reasoning,这个选项通常来自vertical vs supplementary error。
jianzisheng_cn_junior_chapter_expansion_v1_cn-junior-g7-integer-operations_001,B,34,sign_error,signed_number_fluency,这个选项通常来自sign error。
jianzisheng_cn_junior_chapter_expansion_v1_cn-junior-g7-integer-operations_001,C,-12,sign_error,signed_number_fluency,这个选项通常来自sign error。
jianzisheng_cn_junior_chapter_expansion_v1_cn-junior-g7-integer-operations_001,D,-34,sign_error,signed_number_fluency,这个选项通常来自sign error。
jianzisheng_cn_junior_chapter_expansion_v1_cn-junior-g7-integer-operations_001,E,14,sign_error,signed_number_fluency,这个选项通常来自sign error。
jianzisheng_cn_junior_chapter_expansion_v1_cn-junior-g7-integer-operations_002,A,19,sign_error,signed_number_fluency,这个选项通常来自sign error。
jianzisheng_cn_junior_chapter_expansion_v1_cn-junior-g7-integer-operations_002,B,1,sign_error,signed_number_fluency,这个选项通常来自sign error。
jianzisheng_cn_junior_chapter_expansion_v1_cn-junior-g7-integer-operations_002,C,-19,sign_error,signed_number_fluency,这个选项通常来自sign error。
jianzisheng_cn_junior_chapter_expansion_v1_cn-junior-g7-integer-operations_002,D,4,sign_error,signed_number_fluency,这个选项通常来自sign error。
jianzisheng_cn_junior_chapter_expansion_v1_cn-junior-g7-integer-operations_003,A,-5,sign_error,signed_number_fluency,这个选项通常来自sign error。
jianzisheng_cn_junior_chapter_expansion_v1_cn-junior-g7-integer-operations_003,B,-23,sign_error,signed_number_fluency,这个选项通常来自sign error。
jianzisheng_cn_junior_chapter_expansion_v1_cn-junior-g7-integer-operations_003,C,7,sign_error,signed_number_fluency,这个选项通常来自sign error。
jianzisheng_cn_junior_chapter_expansion_v1_cn-junior-g7-integer-operations_003,E,23,sign_error,signed_number_fluency,这个选项通常来自sign error。
jianzisheng_cn_junior_chapter_expansion_v1_cn-junior-g7-integer-operations_004,A,-27,sign_error,signed_number_fluency,这个选项通常来自sign error。
jianzisheng_cn_junior_chapter_expansion_v1_cn-junior-g7-integer-operations_004,B,13,sign_error,signed_number_fluency,这个选项通常来自sign error。
jianzisheng_cn_junior_chapter_expansion_v1_cn-junior-g7-integer-operations_004,D,27,sign_error,signed_number_fluency,这个选项通常来自sign error。
jianzisheng_cn_junior_chapter_expansion_v1_cn-junior-g7-integer-operations_004,E,-11,sign_error,signed_number_fluency,这个选项通常来自sign error。
jianzisheng_cn_junior_chapter_expansion_v1_cn-junior-g7-integer-operations_005,A,19,sign_error,signed_number_fluency,这个选项通常来自sign error。
jianzisheng_cn_junior_chapter_expansion_v1_cn-junior-g7-integer-operations_005,C,31,sign_error,signed_number_fluency,这个选项通常来自sign error。
jianzisheng_cn_junior_chapter_expansion_v1_cn-junior-g7-integer-operations_005,D,-17,sign_error,signed_number_fluency,这个选项通常来自sign error。
jianzisheng_cn_junior_chapter_expansion_v1_cn-junior-g7-integer-operations_005,E,-31,sign_error,signed_number_fluency,这个选项通常来自sign error。
jianzisheng_cn_junior_chapter_expansion_v1_cn-junior-g7-integer-operations_006,B,16,sign_error,signed_number_fluency,这个选项通常来自sign error。
jianzisheng_cn_junior_chapter_expansion_v1_cn-junior-g7-integer-operations_006,C,-4,sign_error,signed_number_fluency,这个选项通常来自sign error。
jianzisheng_cn_junior_chapter_expansion_v1_cn-junior-g7-integer-operations_006,D,-16,sign_error,signed_number_fluency,这个选项通常来自sign error。
jianzisheng_cn_junior_chapter_expansion_v1_cn-junior-g7-integer-operations_006,E,6,sign_error,signed_number_fluency,这个选项通常来自sign error。
jianzisheng_cn_junior_chapter_expansion_v1_cn-junior-g7-integer-operations_007,A,33,sign_error,signed_number_fluency,这个选项通常来自sign error。
jianzisheng_cn_junior_chapter_expansion_v1_cn-junior-g7-integer-operations_007,B,3,sign_error,signed_number_fluency,这个选项通常来自sign error。
jianzisheng_cn_junior_chapter_expansion_v1_cn-junior-g7-integer-operations_007,C,-33,sign_error,signed_number_fluency,这个选项通常来自sign error。
jianzisheng_cn_junior_chapter_expansion_v1_cn-junior-g7-integer-operations_007,D,-1,sign_error,signed_number_fluency,这个选项通常来自sign error。
jianzisheng_cn_junior_chapter_expansion_v1_cn-junior-g7-integer-operations_008,A,-3,sign_error,signed_number_fluency,这个选项通常来自sign error。
jianzisheng_cn_junior_chapter_expansion_v1_cn-junior-g7-integer-operations_008,B,-37,sign_error,signed_number_fluency,这个选项通常来自sign error。
jianzisheng_cn_junior_chapter_expansion_v1_cn-junior-g7-integer-operations_008,C,5,sign_error,signed_number_fluency,这个选项通常来自sign error。
jianzisheng_cn_junior_chapter_expansion_v1_cn-junior-g7-integer-operations_008,E,37,sign_error,signed_number_fluency,这个选项通常来自sign error。
jianzisheng_cn_junior_chapter_expansion_v1_cn-junior-g7-integer-operations_009,A,-41,sign_error,signed_number_fluency,这个选项通常来自sign error。
jianzisheng_cn_junior_chapter_expansion_v1_cn-junior-g7-integer-operations_009,B,11,sign_error,signed_number_fluency,这个选项通常来自sign error。
jianzisheng_cn_junior_chapter_expansion_v1_cn-junior-g7-integer-operations_009,D,41,sign_error,signed_number_fluency,这个选项通常来自sign error。
jianzisheng_cn_junior_chapter_expansion_v1_cn-junior-g7-integer-operations_009,E,-9,sign_error,signed_number_fluency,这个选项通常来自sign error。
jianzisheng_cn_junior_chapter_expansion_v1_cn-junior-g7-integer-operations_010,A,-2,sign_error,signed_number_fluency,这个选项通常来自sign error。
jianzisheng_cn_junior_chapter_expansion_v1_cn-junior-g7-integer-operations_010,C,26,sign_error,signed_number_fluency,这个选项通常来自sign error。
jianzisheng_cn_junior_chapter_expansion_v1_cn-junior-g7-integer-operations_010,D,4,sign_error,signed_number_fluency,这个选项通常来自sign error。
jianzisheng_cn_junior_chapter_expansion_v1_cn-junior-g7-integer-operations_010,E,-26,sign_error,signed_number_fluency,这个选项通常来自sign error。
jianzisheng_cn_junior_chapter_expansion_v1_cn-junior-g7-integer-operations_011,B,30,sign_error,signed_number_fluency,这个选项通常来自sign error。
jianzisheng_cn_junior_chapter_expansion_v1_cn-junior-g7-integer-operations_011,C,-2,sign_error,signed_number_fluency,这个选项通常来自sign error。
jianzisheng_cn_junior_chapter_expansion_v1_cn-junior-g7-integer-operations_011,D,-30,sign_error,signed_number_fluency,这个选项通常来自sign error。
jianzisheng_cn_junior_chapter_expansion_v1_cn-junior-g7-integer-operations_011,E,4,sign_error,signed_number_fluency,这个选项通常来自sign error。
jianzisheng_cn_junior_chapter_expansion_v1_cn-junior-g7-integer-operations_012,A,34,sign_error,signed_number_fluency,这个选项通常来自sign error。
jianzisheng_cn_junior_chapter_expansion_v1_cn-junior-g7-integer-operations_012,B,-8,sign_error,signed_number_fluency,这个选项通常来自sign error。
jianzisheng_cn_junior_chapter_expansion_v1_cn-junior-g7-integer-operations_012,C,-34,sign_error,signed_number_fluency,这个选项通常来自sign error。
jianzisheng_cn_junior_chapter_expansion_v1_cn-junior-g7-integer-operations_012,D,10,sign_error,signed_number_fluency,这个选项通常来自sign error。
jianzisheng_cn_junior_chapter_expansion_v1_cn-junior-g7-integer-operations_013,A,5,sign_error,signed_number_fluency,这个选项通常来自sign error。
jianzisheng_cn_junior_chapter_expansion_v1_cn-junior-g7-integer-operations_013,B,-19,sign_error,signed_number_fluency,这个选项通常来自sign error。
jianzisheng_cn_junior_chapter_expansion_v1_cn-junior-g7-integer-operations_013,C,-3,sign_error,signed_number_fluency,这个选项通常来自sign error。
jianzisheng_cn_junior_chapter_expansion_v1_cn-junior-g7-integer-operations_013,E,19,sign_error,signed_number_fluency,这个选项通常来自sign error。
jianzisheng_cn_junior_chapter_expansion_v1_cn-junior-g7-integer-operations_014,A,-23,sign_error,signed_number_fluency,这个选项通常来自sign error。
jianzisheng_cn_junior_chapter_expansion_v1_cn-junior-g7-integer-operations_014,B,3,sign_error,signed_number_fluency,这个选项通常来自sign error。
jianzisheng_cn_junior_chapter_expansion_v1_cn-junior-g7-integer-operations_014,D,23,sign_error,signed_number_fluency,这个选项通常来自sign error。
jianzisheng_cn_junior_chapter_expansion_v1_cn-junior-g7-integer-operations_014,E,-1,sign_error,signed_number_fluency,这个选项通常来自sign error。
jianzisheng_cn_junior_chapter_expansion_v1_cn-junior-g7-distributive-property_001,B,12x-2,partial_distribution_error,symbolic_fluency,这个选项通常来自partial distribution error。
jianzisheng_cn_junior_chapter_expansion_v1_cn-junior-g7-distributive-property_001,C,-7x+8,partial_distribution_error,symbolic_fluency,这个选项通常来自partial distribution error。
jianzisheng_cn_junior_chapter_expansion_v1_cn-junior-g7-distributive-property_001,D,12x,partial_distribution_error,symbolic_fluency,这个选项通常来自partial distribution error。
jianzisheng_cn_junior_chapter_expansion_v1_cn-junior-g7-distributive-property_001,E,8x-3,partial_distribution_error,symbolic_fluency,这个选项通常来自partial distribution error。
jianzisheng_cn_junior_chapter_expansion_v1_cn-junior-g7-distributive-property_002,A,-5x+0,partial_distribution_error,symbolic_fluency,这个选项通常来自partial distribution error。
jianzisheng_cn_junior_chapter_expansion_v1_cn-junior-g7-distributive-property_002,B,6x,partial_distribution_error,symbolic_fluency,这个选项通常来自partial distribution error。
jianzisheng_cn_junior_chapter_expansion_v1_cn-junior-g7-distributive-property_002,C,0x-2,partial_distribution_error,symbolic_fluency,这个选项通常来自partial distribution error。
jianzisheng_cn_junior_chapter_expansion_v1_cn-junior-g7-distributive-property_002,D,6x+0+5,partial_distribution_error,symbolic_fluency,这个选项通常来自partial distribution error。
jianzisheng_cn_junior_chapter_expansion_v1_cn-junior-g7-distributive-property_003,A,-3x-4,partial_distribution_error,symbolic_fluency,这个选项通常来自partial distribution error。
jianzisheng_cn_junior_chapter_expansion_v1_cn-junior-g7-distributive-property_003,B,2x,partial_distribution_error,symbolic_fluency,这个选项通常来自partial distribution error。
jianzisheng_cn_junior_chapter_expansion_v1_cn-junior-g7-distributive-property_003,C,-4x-1,partial_distribution_error,symbolic_fluency,这个选项通常来自partial distribution error。
jianzisheng_cn_junior_chapter_expansion_v1_cn-junior-g7-distributive-property_003,E,2x+2,partial_distribution_error,symbolic_fluency,这个选项通常来自partial distribution error。
jianzisheng_cn_junior_chapter_expansion_v1_cn-junior-g7-distributive-property_004,A,0x,partial_distribution_error,symbolic_fluency,这个选项通常来自partial distribution error。
jianzisheng_cn_junior_chapter_expansion_v1_cn-junior-g7-distributive-property_004,B,8x+0,partial_distribution_error,symbolic_fluency,这个选项通常来自partial distribution error。
jianzisheng_cn_junior_chapter_expansion_v1_cn-junior-g7-distributive-property_004,D,0x+4,partial_distribution_error,symbolic_fluency,这个选项通常来自partial distribution error。
jianzisheng_cn_junior_chapter_expansion_v1_cn-junior-g7-distributive-property_004,E,2x+8,partial_distribution_error,symbolic_fluency,这个选项通常来自partial distribution error。
jianzisheng_cn_junior_chapter_expansion_v1_cn-junior-g7-distributive-property_005,A,-15x+1,partial_distribution_error,symbolic_fluency,这个选项通常来自partial distribution error。
jianzisheng_cn_junior_chapter_expansion_v1_cn-junior-g7-distributive-property_005,C,3x-5,partial_distribution_error,symbolic_fluency,这个选项通常来自partial distribution error。
jianzisheng_cn_junior_chapter_expansion_v1_cn-junior-g7-distributive-property_005,D,4x-15,partial_distribution_error,symbolic_fluency,这个选项通常来自partial distribution error。
jianzisheng_cn_junior_chapter_expansion_v1_cn-junior-g7-distributive-property_005,E,3x,partial_distribution_error,symbolic_fluency,这个选项通常来自partial distribution error。
jianzisheng_cn_junior_chapter_expansion_v1_cn-junior-g7-distributive-property_006,B,8x-3,partial_distribution_error,symbolic_fluency,这个选项通常来自partial distribution error。
jianzisheng_cn_junior_chapter_expansion_v1_cn-junior-g7-distributive-property_006,C,6x-12,partial_distribution_error,symbolic_fluency,这个选项通常来自partial distribution error。
jianzisheng_cn_junior_chapter_expansion_v1_cn-junior-g7-distributive-property_006,D,8x,partial_distribution_error,symbolic_fluency,这个选项通常来自partial distribution error。
jianzisheng_cn_junior_chapter_expansion_v1_cn-junior-g7-distributive-property_006,E,-12x+2,partial_distribution_error,symbolic_fluency,这个选项通常来自partial distribution error。
jianzisheng_cn_junior_chapter_expansion_v1_cn-junior-g7-distributive-property_007,A,15x-1,partial_distribution_error,symbolic_fluency,这个选项通常来自partial distribution error。
jianzisheng_cn_junior_chapter_expansion_v1_cn-junior-g7-distributive-property_007,B,8x-5,partial_distribution_error,symbolic_fluency,这个选项通常来自partial distribution error。
jianzisheng_cn_junior_chapter_expansion_v1_cn-junior-g7-distributive-property_007,C,15x,partial_distribution_error,symbolic_fluency,这个选项通常来自partial distribution error。
jianzisheng_cn_junior_chapter_expansion_v1_cn-junior-g7-distributive-property_007,D,-5x+3,partial_distribution_error,symbolic_fluency,这个选项通常来自partial distribution error。
jianzisheng_cn_junior_chapter_expansion_v1_cn-junior-g7-distributive-property_008,A,-7x-4,partial_distribution_error,symbolic_fluency,这个选项通常来自partial distribution error。
jianzisheng_cn_junior_chapter_expansion_v1_cn-junior-g7-distributive-property_008,B,12x,partial_distribution_error,symbolic_fluency,这个选项通常来自partial distribution error。
jianzisheng_cn_junior_chapter_expansion_v1_cn-junior-g7-distributive-property_008,C,-4x-3,partial_distribution_error,symbolic_fluency,这个选项通常来自partial distribution error。
jianzisheng_cn_junior_chapter_expansion_v1_cn-junior-g7-distributive-property_008,E,12x+1,partial_distribution_error,symbolic_fluency,这个选项通常来自partial distribution error。
jianzisheng_cn_junior_chapter_expansion_v1_cn-junior-g7-distributive-property_009,A,6x,partial_distribution_error,symbolic_fluency,这个选项通常来自partial distribution error。
jianzisheng_cn_junior_chapter_expansion_v1_cn-junior-g7-distributive-property_009,B,-9x-2,partial_distribution_error,symbolic_fluency,这个选项通常来自partial distribution error。
jianzisheng_cn_junior_chapter_expansion_v1_cn-junior-g7-distributive-property_009,D,6x+3,partial_distribution_error,symbolic_fluency,这个选项通常来自partial distribution error。
jianzisheng_cn_junior_chapter_expansion_v1_cn-junior-g7-distributive-property_009,E,-5x-9,partial_distribution_error,symbolic_fluency,这个选项通常来自partial distribution error。
jianzisheng_cn_junior_chapter_expansion_v1_cn-junior-g7-distributive-property_010,A,-10x-1,partial_distribution_error,symbolic_fluency,这个选项通常来自partial distribution error。
jianzisheng_cn_junior_chapter_expansion_v1_cn-junior-g7-distributive-property_010,C,2x+5,partial_distribution_error,symbolic_fluency,这个选项通常来自partial distribution error。
jianzisheng_cn_junior_chapter_expansion_v1_cn-junior-g7-distributive-property_010,D,-3x-10,partial_distribution_error,symbolic_fluency,这个选项通常来自partial distribution error。
jianzisheng_cn_junior_chapter_expansion_v1_cn-junior-g7-distributive-property_010,E,2x,partial_distribution_error,symbolic_fluency,这个选项通常来自partial distribution error。
jianzisheng_cn_junior_chapter_expansion_v1_cn-junior-g7-distributive-property_011,B,0x-4,partial_distribution_error,symbolic_fluency,这个选项通常来自partial distribution error。
jianzisheng_cn_junior_chapter_expansion_v1_cn-junior-g7-distributive-property_011,C,2x-8,partial_distribution_error,symbolic_fluency,这个选项通常来自partial distribution error。
jianzisheng_cn_junior_chapter_expansion_v1_cn-junior-g7-distributive-property_011,D,0x,partial_distribution_error,symbolic_fluency,这个选项通常来自partial distribution error。
jianzisheng_cn_junior_chapter_expansion_v1_cn-junior-g7-distributive-property_011,E,-8x+0,partial_distribution_error,symbolic_fluency,这个选项通常来自partial distribution error。
jianzisheng_cn_junior_chapter_expansion_v1_cn-junior-g7-distributive-property_012,A,3x-2,partial_distribution_error,symbolic_fluency,这个选项通常来自partial distribution error。
jianzisheng_cn_junior_chapter_expansion_v1_cn-junior-g7-distributive-property_012,B,4x-6,partial_distribution_error,symbolic_fluency,这个选项通常来自partial distribution error。
jianzisheng_cn_junior_chapter_expansion_v1_cn-junior-g7-distributive-property_012,C,3x,partial_distribution_error,symbolic_fluency,这个选项通常来自partial distribution error。
jianzisheng_cn_junior_chapter_expansion_v1_cn-junior-g7-distributive-property_012,D,-6x+1,partial_distribution_error,symbolic_fluency,这个选项通常来自partial distribution error。
jianzisheng_cn_junior_chapter_expansion_v1_cn-junior-g7-distributive-property_013,A,8x,partial_distribution_error,symbolic_fluency,这个选项通常来自partial distribution error。
jianzisheng_cn_junior_chapter_expansion_v1_cn-junior-g7-distributive-property_013,B,0x+2,partial_distribution_error,symbolic_fluency,这个选项通常来自partial distribution error。
jianzisheng_cn_junior_chapter_expansion_v1_cn-junior-g7-distributive-property_013,C,8x+0+5,partial_distribution_error,symbolic_fluency,这个选项通常来自partial distribution error。
jianzisheng_cn_junior_chapter_expansion_v1_cn-junior-g7-distributive-property_013,E,6x+0,partial_distribution_error,symbolic_fluency,这个选项通常来自partial distribution error。
jianzisheng_cn_junior_chapter_expansion_v1_cn-junior-g7-distributive-property_014,A,15x,partial_distribution_error,symbolic_fluency,这个选项通常来自partial distribution error。
jianzisheng_cn_junior_chapter_expansion_v1_cn-junior-g7-distributive-property_014,B,10x+3,partial_distribution_error,symbolic_fluency,这个选项通常来自partial distribution error。
jianzisheng_cn_junior_chapter_expansion_v1_cn-junior-g7-distributive-property_014,D,15x+2,partial_distribution_error,symbolic_fluency,这个选项通常来自partial distribution error。
jianzisheng_cn_junior_chapter_expansion_v1_cn-junior-g7-distributive-property_014,E,8x+10,partial_distribution_error,symbolic_fluency,这个选项通常来自partial distribution error。
jianzisheng_cn_junior_chapter_expansion_v1_cn-junior-g7-linear-equation-applications_001,B,132,missing_fixed_fee,modeling,这个选项通常来自missing fixed fee。
jianzisheng_cn_junior_chapter_expansion_v1_cn-junior-g7-linear-equation-applications_001,C,13,missing_fixed_fee,modeling,这个选项通常来自missing fixed fee。
jianzisheng_cn_junior_chapter_expansion_v1_cn-junior-g7-linear-equation-applications_001,D,11,missing_fixed_fee,modeling,这个选项通常来自missing fixed fee。
jianzisheng_cn_junior_chapter_expansion_v1_cn-junior-g7-linear-equation-applications_001,E,17,missing_fixed_fee,modeling,这个选项通常来自missing fixed fee。
jianzisheng_cn_junior_chapter_expansion_v1_cn-junior-g7-linear-equation-applications_002,A,6,missing_fixed_fee,modeling,这个选项通常来自missing fixed fee。
jianzisheng_cn_junior_chapter_expansion_v1_cn-junior-g7-linear-equation-applications_002,B,20,missing_fixed_fee,modeling,这个选项通常来自missing fixed fee。
jianzisheng_cn_junior_chapter_expansion_v1_cn-junior-g7-linear-equation-applications_002,C,4,missing_fixed_fee,modeling,这个选项通常来自missing fixed fee。
jianzisheng_cn_junior_chapter_expansion_v1_cn-junior-g7-linear-equation-applications_002,D,10,missing_fixed_fee,modeling,这个选项通常来自missing fixed fee。
jianzisheng_cn_junior_chapter_expansion_v1_cn-junior-g7-linear-equation-applications_003,A,30,missing_fixed_fee,modeling,这个选项通常来自missing fixed fee。
jianzisheng_cn_junior_chapter_expansion_v1_cn-junior-g7-linear-equation-applications_003,B,5,missing_fixed_fee,modeling,这个选项通常来自missing fixed fee。
jianzisheng_cn_junior_chapter_expansion_v1_cn-junior-g7-linear-equation-applications_003,C,11,missing_fixed_fee,modeling,这个选项通常来自missing fixed fee。
jianzisheng_cn_junior_chapter_expansion_v1_cn-junior-g7-linear-equation-applications_003,E,7,missing_fixed_fee,modeling,这个选项通常来自missing fixed fee。
jianzisheng_cn_junior_chapter_expansion_v1_cn-junior-g7-linear-equation-applications_004,A,6,missing_fixed_fee,modeling,这个选项通常来自missing fixed fee。
jianzisheng_cn_junior_chapter_expansion_v1_cn-junior-g7-linear-equation-applications_004,B,12,missing_fixed_fee,modeling,这个选项通常来自missing fixed fee。
jianzisheng_cn_junior_chapter_expansion_v1_cn-junior-g7-linear-equation-applications_004,D,8,missing_fixed_fee,modeling,这个选项通常来自missing fixed fee。
jianzisheng_cn_junior_chapter_expansion_v1_cn-junior-g7-linear-equation-applications_004,E,42,missing_fixed_fee,modeling,这个选项通常来自missing fixed fee。
jianzisheng_cn_junior_chapter_expansion_v1_cn-junior-g7-linear-equation-applications_005,A,13,missing_fixed_fee,modeling,这个选项通常来自missing fixed fee。
jianzisheng_cn_junior_chapter_expansion_v1_cn-junior-g7-linear-equation-applications_005,C,9,missing_fixed_fee,modeling,这个选项通常来自missing fixed fee。
jianzisheng_cn_junior_chapter_expansion_v1_cn-junior-g7-linear-equation-applications_005,D,56,missing_fixed_fee,modeling,这个选项通常来自missing fixed fee。
jianzisheng_cn_junior_chapter_expansion_v1_cn-junior-g7-linear-equation-applications_005,E,7,missing_fixed_fee,modeling,这个选项通常来自missing fixed fee。
jianzisheng_cn_junior_chapter_expansion_v1_cn-junior-g7-linear-equation-applications_006,B,10,missing_fixed_fee,modeling,这个选项通常来自missing fixed fee。
jianzisheng_cn_junior_chapter_expansion_v1_cn-junior-g7-linear-equation-applications_006,C,72,missing_fixed_fee,modeling,这个选项通常来自missing fixed fee。
jianzisheng_cn_junior_chapter_expansion_v1_cn-junior-g7-linear-equation-applications_006,D,8,missing_fixed_fee,modeling,这个选项通常来自missing fixed fee。
jianzisheng_cn_junior_chapter_expansion_v1_cn-junior-g7-linear-equation-applications_006,E,14,missing_fixed_fee,modeling,这个选项通常来自missing fixed fee。
jianzisheng_cn_junior_chapter_expansion_v1_cn-junior-g7-linear-equation-applications_007,A,11,missing_fixed_fee,modeling,这个选项通常来自missing fixed fee。
jianzisheng_cn_junior_chapter_expansion_v1_cn-junior-g7-linear-equation-applications_007,B,90,missing_fixed_fee,modeling,这个选项通常来自missing fixed fee。
jianzisheng_cn_junior_chapter_expansion_v1_cn-junior-g7-linear-equation-applications_007,C,9,missing_fixed_fee,modeling,这个选项通常来自missing fixed fee。
jianzisheng_cn_junior_chapter_expansion_v1_cn-junior-g7-linear-equation-applications_007,D,15,missing_fixed_fee,modeling,这个选项通常来自missing fixed fee。
jianzisheng_cn_junior_chapter_expansion_v1_cn-junior-g7-linear-equation-applications_008,A,12,missing_fixed_fee,modeling,这个选项通常来自missing fixed fee。
jianzisheng_cn_junior_chapter_expansion_v1_cn-junior-g7-linear-equation-applications_008,B,10,missing_fixed_fee,modeling,这个选项通常来自missing fixed fee。
jianzisheng_cn_junior_chapter_expansion_v1_cn-junior-g7-linear-equation-applications_008,C,16,missing_fixed_fee,modeling,这个选项通常来自missing fixed fee。
jianzisheng_cn_junior_chapter_expansion_v1_cn-junior-g7-linear-equation-applications_008,E,110,missing_fixed_fee,modeling,这个选项通常来自missing fixed fee。
jianzisheng_cn_junior_chapter_expansion_v1_cn-junior-g7-linear-equation-applications_009,A,11,missing_fixed_fee,modeling,这个选项通常来自missing fixed fee。
jianzisheng_cn_junior_chapter_expansion_v1_cn-junior-g7-linear-equation-applications_009,B,17,missing_fixed_fee,modeling,这个选项通常来自missing fixed fee。
jianzisheng_cn_junior_chapter_expansion_v1_cn-junior-g7-linear-equation-applications_009,D,132,missing_fixed_fee,modeling,这个选项通常来自missing fixed fee。
jianzisheng_cn_junior_chapter_expansion_v1_cn-junior-g7-linear-equation-applications_009,E,13,missing_fixed_fee,modeling,这个选项通常来自missing fixed fee。
jianzisheng_cn_junior_chapter_expansion_v1_cn-junior-g7-linear-equation-applications_010,A,10,missing_fixed_fee,modeling,这个选项通常来自missing fixed fee。
jianzisheng_cn_junior_chapter_expansion_v1_cn-junior-g7-linear-equation-applications_010,C,6,missing_fixed_fee,modeling,这个选项通常来自missing fixed fee。
jianzisheng_cn_junior_chapter_expansion_v1_cn-junior-g7-linear-equation-applications_010,D,20,missing_fixed_fee,modeling,这个选项通常来自missing fixed fee。
jianzisheng_cn_junior_chapter_expansion_v1_cn-junior-g7-linear-equation-applications_010,E,4,missing_fixed_fee,modeling,这个选项通常来自missing fixed fee。
jianzisheng_cn_junior_chapter_expansion_v1_cn-junior-g7-linear-equation-applications_011,B,7,missing_fixed_fee,modeling,这个选项通常来自missing fixed fee。
jianzisheng_cn_junior_chapter_expansion_v1_cn-junior-g7-linear-equation-applications_011,C,30,missing_fixed_fee,modeling,这个选项通常来自missing fixed fee。
jianzisheng_cn_junior_chapter_expansion_v1_cn-junior-g7-linear-equation-applications_011,D,5,missing_fixed_fee,modeling,这个选项通常来自missing fixed fee。
jianzisheng_cn_junior_chapter_expansion_v1_cn-junior-g7-linear-equation-applications_011,E,11,missing_fixed_fee,modeling,这个选项通常来自missing fixed fee。
jianzisheng_cn_junior_chapter_expansion_v1_cn-junior-g7-linear-equation-applications_012,A,8,missing_fixed_fee,modeling,这个选项通常来自missing fixed fee。
jianzisheng_cn_junior_chapter_expansion_v1_cn-junior-g7-linear-equation-applications_012,B,42,missing_fixed_fee,modeling,这个选项通常来自missing fixed fee。
jianzisheng_cn_junior_chapter_expansion_v1_cn-junior-g7-linear-equation-applications_012,C,6,missing_fixed_fee,modeling,这个选项通常来自missing fixed fee。
jianzisheng_cn_junior_chapter_expansion_v1_cn-junior-g7-linear-equation-applications_012,D,12,missing_fixed_fee,modeling,这个选项通常来自missing fixed fee。
jianzisheng_cn_junior_chapter_expansion_v1_cn-junior-g7-linear-equation-applications_013,A,56,missing_fixed_fee,modeling,这个选项通常来自missing fixed fee。
jianzisheng_cn_junior_chapter_expansion_v1_cn-junior-g7-linear-equation-applications_013,B,7,missing_fixed_fee,modeling,这个选项通常来自missing fixed fee。
jianzisheng_cn_junior_chapter_expansion_v1_cn-junior-g7-linear-equation-applications_013,C,13,missing_fixed_fee,modeling,这个选项通常来自missing fixed fee。
jianzisheng_cn_junior_chapter_expansion_v1_cn-junior-g7-linear-equation-applications_013,E,9,missing_fixed_fee,modeling,这个选项通常来自missing fixed fee。
jianzisheng_cn_junior_chapter_expansion_v1_cn-junior-g7-linear-equation-applications_014,A,8,missing_fixed_fee,modeling,这个选项通常来自missing fixed fee。
jianzisheng_cn_junior_chapter_expansion_v1_cn-junior-g7-linear-equation-applications_014,B,14,missing_fixed_fee,modeling,这个选项通常来自missing fixed fee。
jianzisheng_cn_junior_chapter_expansion_v1_cn-junior-g7-linear-equation-applications_014,D,10,missing_fixed_fee,modeling,这个选项通常来自missing fixed fee。
jianzisheng_cn_junior_chapter_expansion_v1_cn-junior-g7-linear-equation-applications_014,E,72,missing_fixed_fee,modeling,这个选项通常来自missing fixed fee。
jianzisheng_cn_junior_chapter_expansion_v1_cn-junior-g7-negative-inequalities_001,B,x<3,inequality_direction_error,relation_reasoning,这个选项通常来自inequality direction error。
jianzisheng_cn_junior_chapter_expansion_v1_cn-junior-g7-negative-inequalities_001,C,x>2,inequality_direction_error,relation_reasoning,这个选项通常来自inequality direction error。
jianzisheng_cn_junior_chapter_expansion_v1_cn-junior-g7-negative-inequalities_001,D,x<2,inequality_direction_error,relation_reasoning,这个选项通常来自inequality direction error。
jianzisheng_cn_junior_chapter_expansion_v1_cn-junior-g7-negative-inequalities_001,E,x=3,inequality_direction_error,relation_reasoning,这个选项通常来自inequality direction error。
jianzisheng_cn_junior_chapter_expansion_v1_cn-junior-g7-negative-inequalities_002,A,x<4,inequality_direction_error,relation_reasoning,这个选项通常来自inequality direction error。
jianzisheng_cn_junior_chapter_expansion_v1_cn-junior-g7-negative-inequalities_002,B,x>3,inequality_direction_error,relation_reasoning,这个选项通常来自inequality direction error。
jianzisheng_cn_junior_chapter_expansion_v1_cn-junior-g7-negative-inequalities_002,C,x<3,inequality_direction_error,relation_reasoning,这个选项通常来自inequality direction error。
jianzisheng_cn_junior_chapter_expansion_v1_cn-junior-g7-negative-inequalities_002,D,x=4,inequality_direction_error,relation_reasoning,这个选项通常来自inequality direction error。
jianzisheng_cn_junior_chapter_expansion_v1_cn-junior-g7-negative-inequalities_003,A,x>4,inequality_direction_error,relation_reasoning,这个选项通常来自inequality direction error。
jianzisheng_cn_junior_chapter_expansion_v1_cn-junior-g7-negative-inequalities_003,B,x<4,inequality_direction_error,relation_reasoning,这个选项通常来自inequality direction error。
jianzisheng_cn_junior_chapter_expansion_v1_cn-junior-g7-negative-inequalities_003,C,x=5,inequality_direction_error,relation_reasoning,这个选项通常来自inequality direction error。
jianzisheng_cn_junior_chapter_expansion_v1_cn-junior-g7-negative-inequalities_003,E,x<5,inequality_direction_error,relation_reasoning,这个选项通常来自inequality direction error。
jianzisheng_cn_junior_chapter_expansion_v1_cn-junior-g7-negative-inequalities_004,A,x<5,inequality_direction_error,relation_reasoning,这个选项通常来自inequality direction error。
jianzisheng_cn_junior_chapter_expansion_v1_cn-junior-g7-negative-inequalities_004,B,x=6,inequality_direction_error,relation_reasoning,这个选项通常来自inequality direction error。
jianzisheng_cn_junior_chapter_expansion_v1_cn-junior-g7-negative-inequalities_004,D,x<6,inequality_direction_error,relation_reasoning,这个选项通常来自inequality direction error。
jianzisheng_cn_junior_chapter_expansion_v1_cn-junior-g7-negative-inequalities_004,E,x>5,inequality_direction_error,relation_reasoning,这个选项通常来自inequality direction error。
jianzisheng_cn_junior_chapter_expansion_v1_cn-junior-g7-negative-inequalities_005,A,x=7,inequality_direction_error,relation_reasoning,这个选项通常来自inequality direction error。
jianzisheng_cn_junior_chapter_expansion_v1_cn-junior-g7-negative-inequalities_005,C,x<7,inequality_direction_error,relation_reasoning,这个选项通常来自inequality direction error。
jianzisheng_cn_junior_chapter_expansion_v1_cn-junior-g7-negative-inequalities_005,D,x>6,inequality_direction_error,relation_reasoning,这个选项通常来自inequality direction error。
jianzisheng_cn_junior_chapter_expansion_v1_cn-junior-g7-negative-inequalities_005,E,x<6,inequality_direction_error,relation_reasoning,这个选项通常来自inequality direction error。
jianzisheng_cn_junior_chapter_expansion_v1_cn-junior-g7-negative-inequalities_006,B,x<8,inequality_direction_error,relation_reasoning,这个选项通常来自inequality direction error。
jianzisheng_cn_junior_chapter_expansion_v1_cn-junior-g7-negative-inequalities_006,C,x>7,inequality_direction_error,relation_reasoning,这个选项通常来自inequality direction error。
jianzisheng_cn_junior_chapter_expansion_v1_cn-junior-g7-negative-inequalities_006,D,x<7,inequality_direction_error,relation_reasoning,这个选项通常来自inequality direction error。
jianzisheng_cn_junior_chapter_expansion_v1_cn-junior-g7-negative-inequalities_006,E,x=8,inequality_direction_error,relation_reasoning,这个选项通常来自inequality direction error。
jianzisheng_cn_junior_chapter_expansion_v1_cn-junior-g7-negative-inequalities_007,A,x<9,inequality_direction_error,relation_reasoning,这个选项通常来自inequality direction error。
jianzisheng_cn_junior_chapter_expansion_v1_cn-junior-g7-negative-inequalities_007,B,x>8,inequality_direction_error,relation_reasoning,这个选项通常来自inequality direction error。
jianzisheng_cn_junior_chapter_expansion_v1_cn-junior-g7-negative-inequalities_007,C,x<8,inequality_direction_error,relation_reasoning,这个选项通常来自inequality direction error。
jianzisheng_cn_junior_chapter_expansion_v1_cn-junior-g7-negative-inequalities_007,D,x=9,inequality_direction_error,relation_reasoning,这个选项通常来自inequality direction error。
jianzisheng_cn_junior_chapter_expansion_v1_cn-junior-g7-negative-inequalities_008,A,x>2,inequality_direction_error,relation_reasoning,这个选项通常来自inequality direction error。
jianzisheng_cn_junior_chapter_expansion_v1_cn-junior-g7-negative-inequalities_008,B,x<2,inequality_direction_error,relation_reasoning,这个选项通常来自inequality direction error。
jianzisheng_cn_junior_chapter_expansion_v1_cn-junior-g7-negative-inequalities_008,C,x=3,inequality_direction_error,relation_reasoning,这个选项通常来自inequality direction error。
jianzisheng_cn_junior_chapter_expansion_v1_cn-junior-g7-negative-inequalities_008,E,x<3,inequality_direction_error,relation_reasoning,这个选项通常来自inequality direction error。
jianzisheng_cn_junior_chapter_expansion_v1_cn-junior-g7-negative-inequalities_009,A,x<3,inequality_direction_error,relation_reasoning,这个选项通常来自inequality direction error。
jianzisheng_cn_junior_chapter_expansion_v1_cn-junior-g7-negative-inequalities_009,B,x=4,inequality_direction_error,relation_reasoning,这个选项通常来自inequality direction error。
jianzisheng_cn_junior_chapter_expansion_v1_cn-junior-g7-negative-inequalities_009,D,x<4,inequality_direction_error,relation_reasoning,这个选项通常来自inequality direction error。
jianzisheng_cn_junior_chapter_expansion_v1_cn-junior-g7-negative-inequalities_009,E,x>3,inequality_direction_error,relation_reasoning,这个选项通常来自inequality direction error。
jianzisheng_cn_junior_chapter_expansion_v1_cn-junior-g7-negative-inequalities_010,A,x=5,inequality_direction_error,relation_reasoning,这个选项通常来自inequality direction error。
jianzisheng_cn_junior_chapter_expansion_v1_cn-junior-g7-negative-inequalities_010,C,x<5,inequality_direction_error,relation_reasoning,这个选项通常来自inequality direction error。
jianzisheng_cn_junior_chapter_expansion_v1_cn-junior-g7-negative-inequalities_010,D,x>4,inequality_direction_error,relation_reasoning,这个选项通常来自inequality direction error。
jianzisheng_cn_junior_chapter_expansion_v1_cn-junior-g7-negative-inequalities_010,E,x<4,inequality_direction_error,relation_reasoning,这个选项通常来自inequality direction error。
jianzisheng_cn_junior_chapter_expansion_v1_cn-junior-g7-negative-inequalities_011,B,x<6,inequality_direction_error,relation_reasoning,这个选项通常来自inequality direction error。
jianzisheng_cn_junior_chapter_expansion_v1_cn-junior-g7-negative-inequalities_011,C,x>5,inequality_direction_error,relation_reasoning,这个选项通常来自inequality direction error。
jianzisheng_cn_junior_chapter_expansion_v1_cn-junior-g7-negative-inequalities_011,D,x<5,inequality_direction_error,relation_reasoning,这个选项通常来自inequality direction error。
jianzisheng_cn_junior_chapter_expansion_v1_cn-junior-g7-negative-inequalities_011,E,x=6,inequality_direction_error,relation_reasoning,这个选项通常来自inequality direction error。
jianzisheng_cn_junior_chapter_expansion_v1_cn-junior-g7-negative-inequalities_012,A,x<7,inequality_direction_error,relation_reasoning,这个选项通常来自inequality direction error。
jianzisheng_cn_junior_chapter_expansion_v1_cn-junior-g7-negative-inequalities_012,B,x>6,inequality_direction_error,relation_reasoning,这个选项通常来自inequality direction error。
jianzisheng_cn_junior_chapter_expansion_v1_cn-junior-g7-negative-inequalities_012,C,x<6,inequality_direction_error,relation_reasoning,这个选项通常来自inequality direction error。
jianzisheng_cn_junior_chapter_expansion_v1_cn-junior-g7-negative-inequalities_012,D,x=7,inequality_direction_error,relation_reasoning,这个选项通常来自inequality direction error。
jianzisheng_cn_junior_chapter_expansion_v1_cn-junior-g7-negative-inequalities_013,A,x>7,inequality_direction_error,relation_reasoning,这个选项通常来自inequality direction error。
jianzisheng_cn_junior_chapter_expansion_v1_cn-junior-g7-negative-inequalities_013,B,x<7,inequality_direction_error,relation_reasoning,这个选项通常来自inequality direction error。
jianzisheng_cn_junior_chapter_expansion_v1_cn-junior-g7-negative-inequalities_013,C,x=8,inequality_direction_error,relation_reasoning,这个选项通常来自inequality direction error。
jianzisheng_cn_junior_chapter_expansion_v1_cn-junior-g7-negative-inequalities_013,E,x<8,inequality_direction_error,relation_reasoning,这个选项通常来自inequality direction error。
jianzisheng_cn_junior_chapter_expansion_v1_cn-junior-g7-negative-inequalities_014,A,x<8,inequality_direction_error,relation_reasoning,这个选项通常来自inequality direction error。
jianzisheng_cn_junior_chapter_expansion_v1_cn-junior-g7-negative-inequalities_014,B,x=9,inequality_direction_error,relation_reasoning,这个选项通常来自inequality direction error。
jianzisheng_cn_junior_chapter_expansion_v1_cn-junior-g7-negative-inequalities_014,D,x<9,inequality_direction_error,relation_reasoning,这个选项通常来自inequality direction error。
jianzisheng_cn_junior_chapter_expansion_v1_cn-junior-g7-negative-inequalities_014,E,x>8,inequality_direction_error,relation_reasoning,这个选项通常来自inequality direction error。
jianzisheng_cn_junior_chapter_expansion_v1_cn-junior-g7-perimeter-expressions_001,B,3x+13,area_perimeter_confusion,modeling,这个选项通常来自area perimeter confusion。
jianzisheng_cn_junior_chapter_expansion_v1_cn-junior-g7-perimeter-expressions_001,C,30x,area_perimeter_confusion,modeling,这个选项通常来自area perimeter confusion。
jianzisheng_cn_junior_chapter_expansion_v1_cn-junior-g7-perimeter-expressions_001,D,6x+20,area_perimeter_confusion,modeling,这个选项通常来自area perimeter confusion。
jianzisheng_cn_junior_chapter_expansion_v1_cn-junior-g7-perimeter-expressions_001,E,26x,area_perimeter_confusion,modeling,这个选项通常来自area perimeter confusion。
jianzisheng_cn_junior_chapter_expansion_v1_cn-junior-g7-perimeter-expressions_002,A,4x+7,area_perimeter_confusion,modeling,这个选项通常来自area perimeter confusion。
jianzisheng_cn_junior_chapter_expansion_v1_cn-junior-g7-perimeter-expressions_002,B,12x,area_perimeter_confusion,modeling,这个选项通常来自area perimeter confusion。
jianzisheng_cn_junior_chapter_expansion_v1_cn-junior-g7-perimeter-expressions_002,C,8x+6,area_perimeter_confusion,modeling,这个选项通常来自area perimeter confusion。
jianzisheng_cn_junior_chapter_expansion_v1_cn-junior-g7-perimeter-expressions_002,D,14x,area_perimeter_confusion,modeling,这个选项通常来自area perimeter confusion。
jianzisheng_cn_junior_chapter_expansion_v1_cn-junior-g7-perimeter-expressions_003,A,20x,area_perimeter_confusion,modeling,这个选项通常来自area perimeter confusion。
jianzisheng_cn_junior_chapter_expansion_v1_cn-junior-g7-perimeter-expressions_003,B,10x+8,area_perimeter_confusion,modeling,这个选项通常来自area perimeter confusion。
jianzisheng_cn_junior_chapter_expansion_v1_cn-junior-g7-perimeter-expressions_003,C,0x,area_perimeter_confusion,modeling,这个选项通常来自area perimeter confusion。
jianzisheng_cn_junior_chapter_expansion_v1_cn-junior-g7-perimeter-expressions_003,E,5x+0,area_perimeter_confusion,modeling,这个选项通常来自area perimeter confusion。
jianzisheng_cn_junior_chapter_expansion_v1_cn-junior-g7-perimeter-expressions_004,A,12x+10,area_perimeter_confusion,modeling,这个选项通常来自area perimeter confusion。
jianzisheng_cn_junior_chapter_expansion_v1_cn-junior-g7-perimeter-expressions_004,B,4x,area_perimeter_confusion,modeling,这个选项通常来自area perimeter confusion。
jianzisheng_cn_junior_chapter_expansion_v1_cn-junior-g7-perimeter-expressions_004,D,6x+2,area_perimeter_confusion,modeling,这个选项通常来自area perimeter confusion。
jianzisheng_cn_junior_chapter_expansion_v1_cn-junior-g7-perimeter-expressions_004,E,30x,area_perimeter_confusion,modeling,这个选项通常来自area perimeter confusion。
jianzisheng_cn_junior_chapter_expansion_v1_cn-junior-g7-perimeter-expressions_005,A,8x,area_perimeter_confusion,modeling,这个选项通常来自area perimeter confusion。
jianzisheng_cn_junior_chapter_expansion_v1_cn-junior-g7-perimeter-expressions_005,C,7x+4,area_perimeter_confusion,modeling,这个选项通常来自area perimeter confusion。
jianzisheng_cn_junior_chapter_expansion_v1_cn-junior-g7-perimeter-expressions_005,D,42x,area_perimeter_confusion,modeling,这个选项通常来自area perimeter confusion。
jianzisheng_cn_junior_chapter_expansion_v1_cn-junior-g7-perimeter-expressions_005,E,14x+12,area_perimeter_confusion,modeling,这个选项通常来自area perimeter confusion。
jianzisheng_cn_junior_chapter_expansion_v1_cn-junior-g7-perimeter-expressions_006,B,2x+6,area_perimeter_confusion,modeling,这个选项通常来自area perimeter confusion。
jianzisheng_cn_junior_chapter_expansion_v1_cn-junior-g7-perimeter-expressions_006,C,14x,area_perimeter_confusion,modeling,这个选项通常来自area perimeter confusion。
jianzisheng_cn_junior_chapter_expansion_v1_cn-junior-g7-perimeter-expressions_006,D,4x+14,area_perimeter_confusion,modeling,这个选项通常来自area perimeter confusion。
jianzisheng_cn_junior_chapter_expansion_v1_cn-junior-g7-perimeter-expressions_006,E,12x,area_perimeter_confusion,modeling,这个选项通常来自area perimeter confusion。
jianzisheng_cn_junior_chapter_expansion_v1_cn-junior-g7-perimeter-expressions_007,A,3x+8,area_perimeter_confusion,modeling,这个选项通常来自area perimeter confusion。
jianzisheng_cn_junior_chapter_expansion_v1_cn-junior-g7-perimeter-expressions_007,B,24x,area_perimeter_confusion,modeling,这个选项通常来自area perimeter confusion。
jianzisheng_cn_junior_chapter_expansion_v1_cn-junior-g7-perimeter-expressions_007,C,16x,area_perimeter_confusion,modeling,这个选项通常来自area perimeter confusion。
jianzisheng_cn_junior_chapter_expansion_v1_cn-junior-g7-perimeter-expressions_007,D,6x+16+5,area_perimeter_confusion,modeling,这个选项通常来自area perimeter confusion。
jianzisheng_cn_junior_chapter_expansion_v1_cn-junior-g7-perimeter-expressions_008,A,36x,area_perimeter_confusion,modeling,这个选项通常来自area perimeter confusion。
jianzisheng_cn_junior_chapter_expansion_v1_cn-junior-g7-perimeter-expressions_008,B,8x+18,area_perimeter_confusion,modeling,这个选项通常来自area perimeter confusion。
jianzisheng_cn_junior_chapter_expansion_v1_cn-junior-g7-perimeter-expressions_008,C,20x,area_perimeter_confusion,modeling,这个选项通常来自area perimeter confusion。
jianzisheng_cn_junior_chapter_expansion_v1_cn-junior-g7-perimeter-expressions_008,E,4x+10,area_perimeter_confusion,modeling,这个选项通常来自area perimeter confusion。
jianzisheng_cn_junior_chapter_expansion_v1_cn-junior-g7-perimeter-expressions_009,A,10x+20,area_perimeter_confusion,modeling,这个选项通常来自area perimeter confusion。
jianzisheng_cn_junior_chapter_expansion_v1_cn-junior-g7-perimeter-expressions_009,B,24x,area_perimeter_confusion,modeling,这个选项通常来自area perimeter confusion。
jianzisheng_cn_junior_chapter_expansion_v1_cn-junior-g7-perimeter-expressions_009,D,5x+12,area_perimeter_confusion,modeling,这个选项通常来自area perimeter confusion。
jianzisheng_cn_junior_chapter_expansion_v1_cn-junior-g7-perimeter-expressions_009,E,50x,area_perimeter_confusion,modeling,这个选项通常来自area perimeter confusion。
jianzisheng_cn_junior_chapter_expansion_v1_cn-junior-g7-perimeter-expressions_010,A,12x,area_perimeter_confusion,modeling,这个选项通常来自area perimeter confusion。
jianzisheng_cn_junior_chapter_expansion_v1_cn-junior-g7-perimeter-expressions_010,C,6x+6,area_perimeter_confusion,modeling,这个选项通常来自area perimeter confusion。
jianzisheng_cn_junior_chapter_expansion_v1_cn-junior-g7-perimeter-expressions_010,D,18x,area_perimeter_confusion,modeling,这个选项通常来自area perimeter confusion。
jianzisheng_cn_junior_chapter_expansion_v1_cn-junior-g7-perimeter-expressions_010,E,12x+6,area_perimeter_confusion,modeling,这个选项通常来自area perimeter confusion。
jianzisheng_cn_junior_chapter_expansion_v1_cn-junior-g7-perimeter-expressions_011,B,7x+8,area_perimeter_confusion,modeling,这个选项通常来自area perimeter confusion。
jianzisheng_cn_junior_chapter_expansion_v1_cn-junior-g7-perimeter-expressions_011,C,28x,area_perimeter_confusion,modeling,这个选项通常来自area perimeter confusion。
jianzisheng_cn_junior_chapter_expansion_v1_cn-junior-g7-perimeter-expressions_011,D,14x+8,area_perimeter_confusion,modeling,这个选项通常来自area perimeter confusion。
jianzisheng_cn_junior_chapter_expansion_v1_cn-junior-g7-perimeter-expressions_011,E,16x,area_perimeter_confusion,modeling,这个选项通常来自area perimeter confusion。
jianzisheng_cn_junior_chapter_expansion_v1_cn-junior-g7-perimeter-expressions_012,A,2x+1,area_perimeter_confusion,modeling,这个选项通常来自area perimeter confusion。
jianzisheng_cn_junior_chapter_expansion_v1_cn-junior-g7-perimeter-expressions_012,B,10x,area_perimeter_confusion,modeling,这个选项通常来自area perimeter confusion。
jianzisheng_cn_junior_chapter_expansion_v1_cn-junior-g7-perimeter-expressions_012,C,4x+10,area_perimeter_confusion,modeling,这个选项通常来自area perimeter confusion。
jianzisheng_cn_junior_chapter_expansion_v1_cn-junior-g7-perimeter-expressions_012,D,2x,area_perimeter_confusion,modeling,这个选项通常来自area perimeter confusion。
jianzisheng_cn_junior_chapter_expansion_v1_cn-junior-g7-perimeter-expressions_013,A,18x,area_perimeter_confusion,modeling,这个选项通常来自area perimeter confusion。
jianzisheng_cn_junior_chapter_expansion_v1_cn-junior-g7-perimeter-expressions_013,B,6x+12,area_perimeter_confusion,modeling,这个选项通常来自area perimeter confusion。
jianzisheng_cn_junior_chapter_expansion_v1_cn-junior-g7-perimeter-expressions_013,C,6x,area_perimeter_confusion,modeling,这个选项通常来自area perimeter confusion。
jianzisheng_cn_junior_chapter_expansion_v1_cn-junior-g7-perimeter-expressions_013,E,3x+3,area_perimeter_confusion,modeling,这个选项通常来自area perimeter confusion。
jianzisheng_cn_junior_chapter_expansion_v1_cn-junior-g7-perimeter-expressions_014,A,8x+14,area_perimeter_confusion,modeling,这个选项通常来自area perimeter confusion。
jianzisheng_cn_junior_chapter_expansion_v1_cn-junior-g7-perimeter-expressions_014,B,10x,area_perimeter_confusion,modeling,这个选项通常来自area perimeter confusion。
jianzisheng_cn_junior_chapter_expansion_v1_cn-junior-g7-perimeter-expressions_014,D,4x+5,area_perimeter_confusion,modeling,这个选项通常来自area perimeter confusion。
jianzisheng_cn_junior_chapter_expansion_v1_cn-junior-g7-perimeter-expressions_014,E,28x,area_perimeter_confusion,modeling,这个选项通常来自area perimeter confusion。
jianzisheng_cn_junior_chapter_expansion_v1_cn-junior-g7-vertical-angles_001,B,101,vertical_vs_supplementary_error,geometric_reasoning,这个选项通常来自vertical vs supplementary error。
jianzisheng_cn_junior_chapter_expansion_v1_cn-junior-g7-vertical-angles_001,C,11,vertical_vs_supplementary_error,geometric_reasoning,这个选项通常来自vertical vs supplementary error。
jianzisheng_cn_junior_chapter_expansion_v1_cn-junior-g7-vertical-angles_001,D,89,vertical_vs_supplementary_error,geometric_reasoning,这个选项通常来自vertical vs supplementary error。
jianzisheng_cn_junior_chapter_expansion_v1_cn-junior-g7-vertical-angles_001,E,69,vertical_vs_supplementary_error,geometric_reasoning,这个选项通常来自vertical vs supplementary error。
jianzisheng_cn_junior_chapter_expansion_v1_cn-junior-g7-vertical-angles_002,A,94,vertical_vs_supplementary_error,geometric_reasoning,这个选项通常来自vertical vs supplementary error。
jianzisheng_cn_junior_chapter_expansion_v1_cn-junior-g7-vertical-angles_002,B,4,vertical_vs_supplementary_error,geometric_reasoning,这个选项通常来自vertical vs supplementary error。
jianzisheng_cn_junior_chapter_expansion_v1_cn-junior-g7-vertical-angles_002,C,96,vertical_vs_supplementary_error,geometric_reasoning,这个选项通常来自vertical vs supplementary error。
jianzisheng_cn_junior_chapter_expansion_v1_cn-junior-g7-vertical-angles_002,D,76,vertical_vs_supplementary_error,geometric_reasoning,这个选项通常来自vertical vs supplementary error。
jianzisheng_cn_junior_chapter_expansion_v1_cn-junior-g7-vertical-angles_003,A,-3,vertical_vs_supplementary_error,geometric_reasoning,这个选项通常来自vertical vs supplementary error。
jianzisheng_cn_junior_chapter_expansion_v1_cn-junior-g7-vertical-angles_003,B,103,vertical_vs_supplementary_error,geometric_reasoning,这个选项通常来自vertical vs supplementary error。
jianzisheng_cn_junior_chapter_expansion_v1_cn-junior-g7-vertical-angles_003,C,83,vertical_vs_supplementary_error,geometric_reasoning,这个选项通常来自vertical vs supplementary error。
jianzisheng_cn_junior_chapter_expansion_v1_cn-junior-g7-vertical-angles_003,E,87,vertical_vs_supplementary_error,geometric_reasoning,这个选项通常来自vertical vs supplementary error。
jianzisheng_cn_junior_chapter_expansion_v1_cn-junior-g7-vertical-angles_004,A,110,vertical_vs_supplementary_error,geometric_reasoning,这个选项通常来自vertical vs supplementary error。
jianzisheng_cn_junior_chapter_expansion_v1_cn-junior-g7-vertical-angles_004,B,90,vertical_vs_supplementary_error,geometric_reasoning,这个选项通常来自vertical vs supplementary error。
jianzisheng_cn_junior_chapter_expansion_v1_cn-junior-g7-vertical-angles_004,D,80,vertical_vs_supplementary_error,geometric_reasoning,这个选项通常来自vertical vs supplementary error。
jianzisheng_cn_junior_chapter_expansion_v1_cn-junior-g7-vertical-angles_004,E,-10,vertical_vs_supplementary_error,geometric_reasoning,这个选项通常来自vertical vs supplementary error。
jianzisheng_cn_junior_chapter_expansion_v1_cn-junior-g7-vertical-angles_005,A,97,vertical_vs_supplementary_error,geometric_reasoning,这个选项通常来自vertical vs supplementary error。
jianzisheng_cn_junior_chapter_expansion_v1_cn-junior-g7-vertical-angles_005,C,73,vertical_vs_supplementary_error,geometric_reasoning,这个选项通常来自vertical vs supplementary error。
jianzisheng_cn_junior_chapter_expansion_v1_cn-junior-g7-vertical-angles_005,D,-17,vertical_vs_supplementary_error,geometric_reasoning,这个选项通常来自vertical vs supplementary error。
jianzisheng_cn_junior_chapter_expansion_v1_cn-junior-g7-vertical-angles_005,E,117,vertical_vs_supplementary_error,geometric_reasoning,这个选项通常来自vertical vs supplementary error。
jianzisheng_cn_junior_chapter_expansion_v1_cn-junior-g7-vertical-angles_006,B,66,vertical_vs_supplementary_error,geometric_reasoning,这个选项通常来自vertical vs supplementary error。
jianzisheng_cn_junior_chapter_expansion_v1_cn-junior-g7-vertical-angles_006,C,-24,vertical_vs_supplementary_error,geometric_reasoning,这个选项通常来自vertical vs supplementary error。
jianzisheng_cn_junior_chapter_expansion_v1_cn-junior-g7-vertical-angles_006,D,124,vertical_vs_supplementary_error,geometric_reasoning,这个选项通常来自vertical vs supplementary error。
jianzisheng_cn_junior_chapter_expansion_v1_cn-junior-g7-vertical-angles_006,E,104,vertical_vs_supplementary_error,geometric_reasoning,这个选项通常来自vertical vs supplementary error。
jianzisheng_cn_junior_chapter_expansion_v1_cn-junior-g7-vertical-angles_007,A,59,vertical_vs_supplementary_error,geometric_reasoning,这个选项通常来自vertical vs supplementary error。
jianzisheng_cn_junior_chapter_expansion_v1_cn-junior-g7-vertical-angles_007,B,-31,vertical_vs_supplementary_error,geometric_reasoning,这个选项通常来自vertical vs supplementary error。
jianzisheng_cn_junior_chapter_expansion_v1_cn-junior-g7-vertical-angles_007,C,131,vertical_vs_supplementary_error,geometric_reasoning,这个选项通常来自vertical vs supplementary error。
jianzisheng_cn_junior_chapter_expansion_v1_cn-junior-g7-vertical-angles_007,D,111,vertical_vs_supplementary_error,geometric_reasoning,这个选项通常来自vertical vs supplementary error。
jianzisheng_cn_junior_chapter_expansion_v1_cn-junior-g7-vertical-angles_008,A,-38,vertical_vs_supplementary_error,geometric_reasoning,这个选项通常来自vertical vs supplementary error。
jianzisheng_cn_junior_chapter_expansion_v1_cn-junior-g7-vertical-angles_008,B,138,vertical_vs_supplementary_error,geometric_reasoning,这个选项通常来自vertical vs supplementary error。
jianzisheng_cn_junior_chapter_expansion_v1_cn-junior-g7-vertical-angles_008,C,118,vertical_vs_supplementary_error,geometric_reasoning,这个选项通常来自vertical vs supplementary error。
jianzisheng_cn_junior_chapter_expansion_v1_cn-junior-g7-vertical-angles_008,E,52,vertical_vs_supplementary_error,geometric_reasoning,这个选项通常来自vertical vs supplementary error。
jianzisheng_cn_junior_chapter_expansion_v1_cn-junior-g7-vertical-angles_009,A,145,vertical_vs_supplementary_error,geometric_reasoning,这个选项通常来自vertical vs supplementary error。
jianzisheng_cn_junior_chapter_expansion_v1_cn-junior-g7-vertical-angles_009,B,125,vertical_vs_supplementary_error,geometric_reasoning,这个选项通常来自vertical vs supplementary error。
jianzisheng_cn_junior_chapter_expansion_v1_cn-junior-g7-vertical-angles_009,D,45,vertical_vs_supplementary_error,geometric_reasoning,这个选项通常来自vertical vs supplementary error。
jianzisheng_cn_junior_chapter_expansion_v1_cn-junior-g7-vertical-angles_009,E,-45,vertical_vs_supplementary_error,geometric_reasoning,这个选项通常来自vertical vs supplementary error。
jianzisheng_cn_junior_chapter_expansion_v1_cn-junior-g7-vertical-angles_010,A,132,vertical_vs_supplementary_error,geometric_reasoning,这个选项通常来自vertical vs supplementary error。
jianzisheng_cn_junior_chapter_expansion_v1_cn-junior-g7-vertical-angles_010,C,38,vertical_vs_supplementary_error,geometric_reasoning,这个选项通常来自vertical vs supplementary error。
jianzisheng_cn_junior_chapter_expansion_v1_cn-junior-g7-vertical-angles_010,D,-52,vertical_vs_supplementary_error,geometric_reasoning,这个选项通常来自vertical vs supplementary error。
jianzisheng_cn_junior_chapter_expansion_v1_cn-junior-g7-vertical-angles_010,E,152,vertical_vs_supplementary_error,geometric_reasoning,这个选项通常来自vertical vs supplementary error。
jianzisheng_cn_junior_chapter_expansion_v1_cn-junior-g7-vertical-angles_011,B,31,vertical_vs_supplementary_error,geometric_reasoning,这个选项通常来自vertical vs supplementary error。
jianzisheng_cn_junior_chapter_expansion_v1_cn-junior-g7-vertical-angles_011,C,-59,vertical_vs_supplementary_error,geometric_reasoning,这个选项通常来自vertical vs supplementary error。
jianzisheng_cn_junior_chapter_expansion_v1_cn-junior-g7-vertical-angles_011,D,159,vertical_vs_supplementary_error,geometric_reasoning,这个选项通常来自vertical vs supplementary error。
jianzisheng_cn_junior_chapter_expansion_v1_cn-junior-g7-vertical-angles_011,E,139,vertical_vs_supplementary_error,geometric_reasoning,这个选项通常来自vertical vs supplementary error。
jianzisheng_cn_junior_chapter_expansion_v1_cn-junior-g7-vertical-angles_012,A,144,vertical_vs_supplementary_error,geometric_reasoning,这个选项通常来自vertical vs supplementary error。
jianzisheng_cn_junior_chapter_expansion_v1_cn-junior-g7-vertical-angles_012,B,54,vertical_vs_supplementary_error,geometric_reasoning,这个选项通常来自vertical vs supplementary error。
jianzisheng_cn_junior_chapter_expansion_v1_cn-junior-g7-vertical-angles_012,C,46,vertical_vs_supplementary_error,geometric_reasoning,这个选项通常来自vertical vs supplementary error。
jianzisheng_cn_junior_chapter_expansion_v1_cn-junior-g7-vertical-angles_012,D,26,vertical_vs_supplementary_error,geometric_reasoning,这个选项通常来自vertical vs supplementary error。
jianzisheng_cn_junior_chapter_expansion_v1_cn-junior-g7-vertical-angles_013,A,47,vertical_vs_supplementary_error,geometric_reasoning,这个选项通常来自vertical vs supplementary error。
jianzisheng_cn_junior_chapter_expansion_v1_cn-junior-g7-vertical-angles_013,B,53,vertical_vs_supplementary_error,geometric_reasoning,这个选项通常来自vertical vs supplementary error。
jianzisheng_cn_junior_chapter_expansion_v1_cn-junior-g7-vertical-angles_013,C,33,vertical_vs_supplementary_error,geometric_reasoning,这个选项通常来自vertical vs supplementary error。
jianzisheng_cn_junior_chapter_expansion_v1_cn-junior-g7-vertical-angles_013,E,137,vertical_vs_supplementary_error,geometric_reasoning,这个选项通常来自vertical vs supplementary error。
jianzisheng_cn_junior_chapter_expansion_v1_cn-junior-g7-vertical-angles_014,A,60,vertical_vs_supplementary_error,geometric_reasoning,这个选项通常来自vertical vs supplementary error。
jianzisheng_cn_junior_chapter_expansion_v1_cn-junior-g7-vertical-angles_014,B,55,vertical_vs_supplementary_error,geometric_reasoning,这个选项通常来自vertical vs supplementary error。
jianzisheng_cn_junior_chapter_expansion_v1_cn-junior-g7-vertical-angles_014,D,130,vertical_vs_supplementary_error,geometric_reasoning,这个选项通常来自vertical vs supplementary error。
jianzisheng_cn_junior_chapter_expansion_v1_cn-junior-g7-vertical-angles_014,E,40,vertical_vs_supplementary_error,geometric_reasoning,这个选项通常来自vertical vs supplementary error。
jianzisheng_cn_junior_chapter_expansion_v1_cn-junior-g7-fraction-integer-operations_001,B,7/12,denominator_addition_error,fraction_reasoning,这个选项通常来自denominator addition error。
jianzisheng_cn_junior_chapter_expansion_v1_cn-junior-g7-fraction-integer-operations_001,C,1/6,denominator_addition_error,fraction_reasoning,这个选项通常来自denominator addition error。
jianzisheng_cn_junior_chapter_expansion_v1_cn-junior-g7-fraction-integer-operations_001,D,8/6,denominator_addition_error,fraction_reasoning,这个选项通常来自denominator addition error。
jianzisheng_cn_junior_chapter_expansion_v1_cn-junior-g7-fraction-integer-operations_001,E,1,denominator_addition_error,fraction_reasoning,这个选项通常来自denominator addition error。
jianzisheng_cn_junior_chapter_expansion_v1_cn-junior-g7-fraction-integer-operations_002,A,2/14,denominator_addition_error,fraction_reasoning,这个选项通常来自denominator addition error。
jianzisheng_cn_junior_chapter_expansion_v1_cn-junior-g7-fraction-integer-operations_002,B,0/7,denominator_addition_error,fraction_reasoning,这个选项通常来自denominator addition error。
jianzisheng_cn_junior_chapter_expansion_v1_cn-junior-g7-fraction-integer-operations_002,C,3/7,denominator_addition_error,fraction_reasoning,这个选项通常来自denominator addition error。
jianzisheng_cn_junior_chapter_expansion_v1_cn-junior-g7-fraction-integer-operations_002,D,1,denominator_addition_error,fraction_reasoning,这个选项通常来自denominator addition error。
jianzisheng_cn_junior_chapter_expansion_v1_cn-junior-g7-fraction-integer-operations_003,A,1/8,denominator_addition_error,fraction_reasoning,这个选项通常来自denominator addition error。
jianzisheng_cn_junior_chapter_expansion_v1_cn-junior-g7-fraction-integer-operations_003,B,6/8,denominator_addition_error,fraction_reasoning,这个选项通常来自denominator addition error。
jianzisheng_cn_junior_chapter_expansion_v1_cn-junior-g7-fraction-integer-operations_003,C,1,denominator_addition_error,fraction_reasoning,这个选项通常来自denominator addition error。
jianzisheng_cn_junior_chapter_expansion_v1_cn-junior-g7-fraction-integer-operations_003,E,5/16,denominator_addition_error,fraction_reasoning,这个选项通常来自denominator addition error。
jianzisheng_cn_junior_chapter_expansion_v1_cn-junior-g7-fraction-integer-operations_004,A,5/9,denominator_addition_error,fraction_reasoning,这个选项通常来自denominator addition error。
jianzisheng_cn_junior_chapter_expansion_v1_cn-junior-g7-fraction-integer-operations_004,B,1,denominator_addition_error,fraction_reasoning,这个选项通常来自denominator addition error。
jianzisheng_cn_junior_chapter_expansion_v1_cn-junior-g7-fraction-integer-operations_004,D,4/18,denominator_addition_error,fraction_reasoning,这个选项通常来自denominator addition error。
jianzisheng_cn_junior_chapter_expansion_v1_cn-junior-g7-fraction-integer-operations_004,E,2/9,denominator_addition_error,fraction_reasoning,这个选项通常来自denominator addition error。
jianzisheng_cn_junior_chapter_expansion_v1_cn-junior-g7-fraction-integer-operations_005,A,1,denominator_addition_error,fraction_reasoning,这个选项通常来自denominator addition error。
jianzisheng_cn_junior_chapter_expansion_v1_cn-junior-g7-fraction-integer-operations_005,C,7/20,denominator_addition_error,fraction_reasoning,这个选项通常来自denominator addition error。
jianzisheng_cn_junior_chapter_expansion_v1_cn-junior-g7-fraction-integer-operations_005,D,1/10,denominator_addition_error,fraction_reasoning,这个选项通常来自denominator addition error。
jianzisheng_cn_junior_chapter_expansion_v1_cn-junior-g7-fraction-integer-operations_005,E,8/10,denominator_addition_error,fraction_reasoning,这个选项通常来自denominator addition error。
jianzisheng_cn_junior_chapter_expansion_v1_cn-junior-g7-fraction-integer-operations_006,B,2/22,denominator_addition_error,fraction_reasoning,这个选项通常来自denominator addition error。
jianzisheng_cn_junior_chapter_expansion_v1_cn-junior-g7-fraction-integer-operations_006,C,0/11,denominator_addition_error,fraction_reasoning,这个选项通常来自denominator addition error。
jianzisheng_cn_junior_chapter_expansion_v1_cn-junior-g7-fraction-integer-operations_006,D,3/11,denominator_addition_error,fraction_reasoning,这个选项通常来自denominator addition error。
jianzisheng_cn_junior_chapter_expansion_v1_cn-junior-g7-fraction-integer-operations_006,E,1,denominator_addition_error,fraction_reasoning,这个选项通常来自denominator addition error。
jianzisheng_cn_junior_chapter_expansion_v1_cn-junior-g7-fraction-integer-operations_007,A,5/24,denominator_addition_error,fraction_reasoning,这个选项通常来自denominator addition error。
jianzisheng_cn_junior_chapter_expansion_v1_cn-junior-g7-fraction-integer-operations_007,B,1/12,denominator_addition_error,fraction_reasoning,这个选项通常来自denominator addition error。
jianzisheng_cn_junior_chapter_expansion_v1_cn-junior-g7-fraction-integer-operations_007,C,6/12,denominator_addition_error,fraction_reasoning,这个选项通常来自denominator addition error。
jianzisheng_cn_junior_chapter_expansion_v1_cn-junior-g7-fraction-integer-operations_007,D,1,denominator_addition_error,fraction_reasoning,这个选项通常来自denominator addition error。
jianzisheng_cn_junior_chapter_expansion_v1_cn-junior-g7-fraction-integer-operations_008,A,2/6,denominator_addition_error,fraction_reasoning,这个选项通常来自denominator addition error。
jianzisheng_cn_junior_chapter_expansion_v1_cn-junior-g7-fraction-integer-operations_008,B,5/6,denominator_addition_error,fraction_reasoning,这个选项通常来自denominator addition error。
jianzisheng_cn_junior_chapter_expansion_v1_cn-junior-g7-fraction-integer-operations_008,C,1,denominator_addition_error,fraction_reasoning,这个选项通常来自denominator addition error。
jianzisheng_cn_junior_chapter_expansion_v1_cn-junior-g7-fraction-integer-operations_008,E,4/12,denominator_addition_error,fraction_reasoning,这个选项通常来自denominator addition error。
jianzisheng_cn_junior_chapter_expansion_v1_cn-junior-g7-fraction-integer-operations_009,A,8/7,denominator_addition_error,fraction_reasoning,这个选项通常来自denominator addition error。
jianzisheng_cn_junior_chapter_expansion_v1_cn-junior-g7-fraction-integer-operations_009,B,6,denominator_addition_error,fraction_reasoning,这个选项通常来自denominator addition error。
jianzisheng_cn_junior_chapter_expansion_v1_cn-junior-g7-fraction-integer-operations_009,D,7/14,denominator_addition_error,fraction_reasoning,这个选项通常来自denominator addition error。
jianzisheng_cn_junior_chapter_expansion_v1_cn-junior-g7-fraction-integer-operations_009,E,1/7,denominator_addition_error,fraction_reasoning,这个选项通常来自denominator addition error。
jianzisheng_cn_junior_chapter_expansion_v1_cn-junior-g7-fraction-integer-operations_010,A,1,denominator_addition_error,fraction_reasoning,这个选项通常来自denominator addition error。
jianzisheng_cn_junior_chapter_expansion_v1_cn-junior-g7-fraction-integer-operations_010,C,2/16,denominator_addition_error,fraction_reasoning,这个选项通常来自denominator addition error。
jianzisheng_cn_junior_chapter_expansion_v1_cn-junior-g7-fraction-integer-operations_010,D,0/8,denominator_addition_error,fraction_reasoning,这个选项通常来自denominator addition error。
jianzisheng_cn_junior_chapter_expansion_v1_cn-junior-g7-fraction-integer-operations_010,E,3/8,denominator_addition_error,fraction_reasoning,这个选项通常来自denominator addition error。
jianzisheng_cn_junior_chapter_expansion_v1_cn-junior-g7-fraction-integer-operations_011,B,5/18,denominator_addition_error,fraction_reasoning,这个选项通常来自denominator addition error。
jianzisheng_cn_junior_chapter_expansion_v1_cn-junior-g7-fraction-integer-operations_011,C,1/9,denominator_addition_error,fraction_reasoning,这个选项通常来自denominator addition error。
jianzisheng_cn_junior_chapter_expansion_v1_cn-junior-g7-fraction-integer-operations_011,D,6/9,denominator_addition_error,fraction_reasoning,这个选项通常来自denominator addition error。
jianzisheng_cn_junior_chapter_expansion_v1_cn-junior-g7-fraction-integer-operations_011,E,1,denominator_addition_error,fraction_reasoning,这个选项通常来自denominator addition error。
jianzisheng_cn_junior_chapter_expansion_v1_cn-junior-g7-fraction-integer-operations_012,A,4/20,denominator_addition_error,fraction_reasoning,这个选项通常来自denominator addition error。
jianzisheng_cn_junior_chapter_expansion_v1_cn-junior-g7-fraction-integer-operations_012,B,2/10,denominator_addition_error,fraction_reasoning,这个选项通常来自denominator addition error。
jianzisheng_cn_junior_chapter_expansion_v1_cn-junior-g7-fraction-integer-operations_012,C,5/10,denominator_addition_error,fraction_reasoning,这个选项通常来自denominator addition error。
jianzisheng_cn_junior_chapter_expansion_v1_cn-junior-g7-fraction-integer-operations_012,D,1,denominator_addition_error,fraction_reasoning,这个选项通常来自denominator addition error。
jianzisheng_cn_junior_chapter_expansion_v1_cn-junior-g7-fraction-integer-operations_013,A,1/11,denominator_addition_error,fraction_reasoning,这个选项通常来自denominator addition error。
jianzisheng_cn_junior_chapter_expansion_v1_cn-junior-g7-fraction-integer-operations_013,B,8/11,denominator_addition_error,fraction_reasoning,这个选项通常来自denominator addition error。
jianzisheng_cn_junior_chapter_expansion_v1_cn-junior-g7-fraction-integer-operations_013,C,1,denominator_addition_error,fraction_reasoning,这个选项通常来自denominator addition error。
jianzisheng_cn_junior_chapter_expansion_v1_cn-junior-g7-fraction-integer-operations_013,E,7/22,denominator_addition_error,fraction_reasoning,这个选项通常来自denominator addition error。
jianzisheng_cn_junior_chapter_expansion_v1_cn-junior-g7-fraction-integer-operations_014,A,3/12,denominator_addition_error,fraction_reasoning,这个选项通常来自denominator addition error。
jianzisheng_cn_junior_chapter_expansion_v1_cn-junior-g7-fraction-integer-operations_014,B,1,denominator_addition_error,fraction_reasoning,这个选项通常来自denominator addition error。
jianzisheng_cn_junior_chapter_expansion_v1_cn-junior-g7-fraction-integer-operations_014,D,2/24,denominator_addition_error,fraction_reasoning,这个选项通常来自denominator addition error。
jianzisheng_cn_junior_chapter_expansion_v1_cn-junior-g7-fraction-integer-operations_014,E,0/12,denominator_addition_error,fraction_reasoning,这个选项通常来自denominator addition error。
jianzisheng_cn_junior_chapter_expansion_v1_cn-junior-g7-expression-evaluation_001,B,9,substitution_error,symbol_evaluation,这个选项通常来自substitution error。
jianzisheng_cn_junior_chapter_expansion_v1_cn-junior-g7-expression-evaluation_001,C,12,substitution_error,symbol_evaluation,这个选项通常来自substitution error。
jianzisheng_cn_junior_chapter_expansion_v1_cn-junior-g7-expression-evaluation_001,D,16,substitution_error,symbol_evaluation,这个选项通常来自substitution error。
jianzisheng_cn_junior_chapter_expansion_v1_cn-junior-g7-expression-evaluation_001,E,-14,substitution_error,symbol_evaluation,这个选项通常来自substitution error。
jianzisheng_cn_junior_chapter_expansion_v1_cn-junior-g7-expression-evaluation_002,A,6,substitution_error,symbol_evaluation,这个选项通常来自substitution error。
jianzisheng_cn_junior_chapter_expansion_v1_cn-junior-g7-expression-evaluation_002,B,-12,substitution_error,symbol_evaluation,这个选项通常来自substitution error。
jianzisheng_cn_junior_chapter_expansion_v1_cn-junior-g7-expression-evaluation_002,C,-5,substitution_error,symbol_evaluation,这个选项通常来自substitution error。
jianzisheng_cn_junior_chapter_expansion_v1_cn-junior-g7-expression-evaluation_002,D,7,substitution_error,symbol_evaluation,这个选项通常来自substitution error。
jianzisheng_cn_junior_chapter_expansion_v1_cn-junior-g7-expression-evaluation_003,A,8,substitution_error,symbol_evaluation,这个选项通常来自substitution error。
jianzisheng_cn_junior_chapter_expansion_v1_cn-junior-g7-expression-evaluation_003,B,5,substitution_error,symbol_evaluation,这个选项通常来自substitution error。
jianzisheng_cn_junior_chapter_expansion_v1_cn-junior-g7-expression-evaluation_003,C,-3,substitution_error,symbol_evaluation,这个选项通常来自substitution error。
jianzisheng_cn_junior_chapter_expansion_v1_cn-junior-g7-expression-evaluation_003,E,-11,substitution_error,symbol_evaluation,这个选项通常来自substitution error。
jianzisheng_cn_junior_chapter_expansion_v1_cn-junior-g7-expression-evaluation_004,A,-1,substitution_error,symbol_evaluation,这个选项通常来自substitution error。
jianzisheng_cn_junior_chapter_expansion_v1_cn-junior-g7-expression-evaluation_004,B,6,substitution_error,symbol_evaluation,这个选项通常来自substitution error。
jianzisheng_cn_junior_chapter_expansion_v1_cn-junior-g7-expression-evaluation_004,D,-6,substitution_error,symbol_evaluation,这个选项通常来自substitution error。
jianzisheng_cn_junior_chapter_expansion_v1_cn-junior-g7-expression-evaluation_004,E,3,substitution_error,symbol_evaluation,这个选项通常来自substitution error。
jianzisheng_cn_junior_chapter_expansion_v1_cn-junior-g7-expression-evaluation_005,A,6,substitution_error,symbol_evaluation,这个选项通常来自substitution error。
jianzisheng_cn_junior_chapter_expansion_v1_cn-junior-g7-expression-evaluation_005,C,-1,substitution_error,symbol_evaluation,这个选项通常来自substitution error。
jianzisheng_cn_junior_chapter_expansion_v1_cn-junior-g7-expression-evaluation_005,D,0,substitution_error,symbol_evaluation,这个选项通常来自substitution error。
jianzisheng_cn_junior_chapter_expansion_v1_cn-junior-g7-expression-evaluation_005,E,3,substitution_error,symbol_evaluation,这个选项通常来自substitution error。
jianzisheng_cn_junior_chapter_expansion_v1_cn-junior-g7-expression-evaluation_006,B,4,substitution_error,symbol_evaluation,这个选项通常来自substitution error。
jianzisheng_cn_junior_chapter_expansion_v1_cn-junior-g7-expression-evaluation_006,C,-1,substitution_error,symbol_evaluation,这个选项通常来自substitution error。
jianzisheng_cn_junior_chapter_expansion_v1_cn-junior-g7-expression-evaluation_006,D,5,substitution_error,symbol_evaluation,这个选项通常来自substitution error。
jianzisheng_cn_junior_chapter_expansion_v1_cn-junior-g7-expression-evaluation_006,E,-3,substitution_error,symbol_evaluation,这个选项通常来自substitution error。
jianzisheng_cn_junior_chapter_expansion_v1_cn-junior-g7-expression-evaluation_007,A,-4,substitution_error,symbol_evaluation,这个选项通常来自substitution error。
jianzisheng_cn_junior_chapter_expansion_v1_cn-junior-g7-expression-evaluation_007,B,0,substitution_error,symbol_evaluation,这个选项通常来自substitution error。
jianzisheng_cn_junior_chapter_expansion_v1_cn-junior-g7-expression-evaluation_007,C,6,substitution_error,symbol_evaluation,这个选项通常来自substitution error。
jianzisheng_cn_junior_chapter_expansion_v1_cn-junior-g7-expression-evaluation_007,D,-1,substitution_error,symbol_evaluation,这个选项通常来自substitution error。
jianzisheng_cn_junior_chapter_expansion_v1_cn-junior-g7-expression-evaluation_008,A,3,substitution_error,symbol_evaluation,这个选项通常来自substitution error。
jianzisheng_cn_junior_chapter_expansion_v1_cn-junior-g7-expression-evaluation_008,B,2,substitution_error,symbol_evaluation,这个选项通常来自substitution error。
jianzisheng_cn_junior_chapter_expansion_v1_cn-junior-g7-expression-evaluation_008,C,5,substitution_error,symbol_evaluation,这个选项通常来自substitution error。
jianzisheng_cn_junior_chapter_expansion_v1_cn-junior-g7-expression-evaluation_008,E,1,substitution_error,symbol_evaluation,这个选项通常来自substitution error。
jianzisheng_cn_junior_chapter_expansion_v1_cn-junior-g7-expression-evaluation_009,A,-8,substitution_error,symbol_evaluation,这个选项通常来自substitution error。
jianzisheng_cn_junior_chapter_expansion_v1_cn-junior-g7-expression-evaluation_009,B,13,substitution_error,symbol_evaluation,这个选项通常来自substitution error。
jianzisheng_cn_junior_chapter_expansion_v1_cn-junior-g7-expression-evaluation_009,D,6,substitution_error,symbol_evaluation,这个选项通常来自substitution error。
jianzisheng_cn_junior_chapter_expansion_v1_cn-junior-g7-expression-evaluation_009,E,10,substitution_error,symbol_evaluation,这个选项通常来自substitution error。
jianzisheng_cn_junior_chapter_expansion_v1_cn-junior-g7-expression-evaluation_010,A,6,substitution_error,symbol_evaluation,这个选项通常来自substitution error。
jianzisheng_cn_junior_chapter_expansion_v1_cn-junior-g7-expression-evaluation_010,C,3,substitution_error,symbol_evaluation,这个选项通常来自substitution error。
jianzisheng_cn_junior_chapter_expansion_v1_cn-junior-g7-expression-evaluation_010,D,-9,substitution_error,symbol_evaluation,这个选项通常来自substitution error。
jianzisheng_cn_junior_chapter_expansion_v1_cn-junior-g7-expression-evaluation_010,E,-4,substitution_error,symbol_evaluation,这个选项通常来自substitution error。
jianzisheng_cn_junior_chapter_expansion_v1_cn-junior-g7-expression-evaluation_011,B,8,substitution_error,symbol_evaluation,这个选项通常来自substitution error。
jianzisheng_cn_junior_chapter_expansion_v1_cn-junior-g7-expression-evaluation_011,C,-8,substitution_error,symbol_evaluation,这个选项通常来自substitution error。
jianzisheng_cn_junior_chapter_expansion_v1_cn-junior-g7-expression-evaluation_011,D,0,substitution_error,symbol_evaluation,这个选项通常来自substitution error。
jianzisheng_cn_junior_chapter_expansion_v1_cn-junior-g7-expression-evaluation_011,E,2,substitution_error,symbol_evaluation,这个选项通常来自substitution error。
jianzisheng_cn_junior_chapter_expansion_v1_cn-junior-g7-expression-evaluation_012,A,-9,substitution_error,symbol_evaluation,这个选项通常来自substitution error。
jianzisheng_cn_junior_chapter_expansion_v1_cn-junior-g7-expression-evaluation_012,B,4,substitution_error,symbol_evaluation,这个选项通常来自substitution error。
jianzisheng_cn_junior_chapter_expansion_v1_cn-junior-g7-expression-evaluation_012,C,2,substitution_error,symbol_evaluation,这个选项通常来自substitution error。
jianzisheng_cn_junior_chapter_expansion_v1_cn-junior-g7-expression-evaluation_012,D,5,substitution_error,symbol_evaluation,这个选项通常来自substitution error。
jianzisheng_cn_junior_chapter_expansion_v1_cn-junior-g7-expression-evaluation_013,A,0,substitution_error,symbol_evaluation,这个选项通常来自substitution error。
jianzisheng_cn_junior_chapter_expansion_v1_cn-junior-g7-expression-evaluation_013,B,1,substitution_error,symbol_evaluation,这个选项通常来自substitution error。
jianzisheng_cn_junior_chapter_expansion_v1_cn-junior-g7-expression-evaluation_013,C,4,substitution_error,symbol_evaluation,这个选项通常来自substitution error。
jianzisheng_cn_junior_chapter_expansion_v1_cn-junior-g7-expression-evaluation_013,E,-4,substitution_error,symbol_evaluation,这个选项通常来自substitution error。
jianzisheng_cn_junior_chapter_expansion_v1_cn-junior-g7-expression-evaluation_014,A,2,substitution_error,symbol_evaluation,这个选项通常来自substitution error。
jianzisheng_cn_junior_chapter_expansion_v1_cn-junior-g7-expression-evaluation_014,B,5,substitution_error,symbol_evaluation,这个选项通常来自substitution error。
jianzisheng_cn_junior_chapter_expansion_v1_cn-junior-g7-expression-evaluation_014,D,1,substitution_error,symbol_evaluation,这个选项通常来自substitution error。
jianzisheng_cn_junior_chapter_expansion_v1_cn-junior-g7-expression-evaluation_014,E,-2,substitution_error,symbol_evaluation,这个选项通常来自substitution error。
jianzisheng_cn_junior_chapter_expansion_v1_cn-junior-g7-equations-parentheses_001,B,11,partial_distribution_error,symbolic_fluency,这个选项通常来自partial distribution error。
jianzisheng_cn_junior_chapter_expansion_v1_cn-junior-g7-equations-parentheses_001,C,9,partial_distribution_error,symbolic_fluency,这个选项通常来自partial distribution error。
jianzisheng_cn_junior_chapter_expansion_v1_cn-junior-g7-equations-parentheses_001,D,13,partial_distribution_error,symbolic_fluency,这个选项通常来自partial distribution error。
jianzisheng_cn_junior_chapter_expansion_v1_cn-junior-g7-equations-parentheses_001,E,-10,partial_distribution_error,symbolic_fluency,这个选项通常来自partial distribution error。
jianzisheng_cn_junior_chapter_expansion_v1_cn-junior-g7-equations-parentheses_002,A,4,partial_distribution_error,symbolic_fluency,这个选项通常来自partial distribution error。
jianzisheng_cn_junior_chapter_expansion_v1_cn-junior-g7-equations-parentheses_002,B,2,partial_distribution_error,symbolic_fluency,这个选项通常来自partial distribution error。
jianzisheng_cn_junior_chapter_expansion_v1_cn-junior-g7-equations-parentheses_002,C,7,partial_distribution_error,symbolic_fluency,这个选项通常来自partial distribution error。
jianzisheng_cn_junior_chapter_expansion_v1_cn-junior-g7-equations-parentheses_002,D,-3,partial_distribution_error,symbolic_fluency,这个选项通常来自partial distribution error。
jianzisheng_cn_junior_chapter_expansion_v1_cn-junior-g7-equations-parentheses_003,A,3,partial_distribution_error,symbolic_fluency,这个选项通常来自partial distribution error。
jianzisheng_cn_junior_chapter_expansion_v1_cn-junior-g7-equations-parentheses_003,B,0,partial_distribution_error,symbolic_fluency,这个选项通常来自partial distribution error。
jianzisheng_cn_junior_chapter_expansion_v1_cn-junior-g7-equations-parentheses_003,C,-4,partial_distribution_error,symbolic_fluency,这个选项通常来自partial distribution error。
jianzisheng_cn_junior_chapter_expansion_v1_cn-junior-g7-equations-parentheses_003,E,5,partial_distribution_error,symbolic_fluency,这个选项通常来自partial distribution error。
jianzisheng_cn_junior_chapter_expansion_v1_cn-junior-g7-equations-parentheses_004,A,-5,partial_distribution_error,symbolic_fluency,这个选项通常来自partial distribution error。
jianzisheng_cn_junior_chapter_expansion_v1_cn-junior-g7-equations-parentheses_004,B,10,partial_distribution_error,symbolic_fluency,这个选项通常来自partial distribution error。
jianzisheng_cn_junior_chapter_expansion_v1_cn-junior-g7-equations-parentheses_004,D,6,partial_distribution_error,symbolic_fluency,这个选项通常来自partial distribution error。
jianzisheng_cn_junior_chapter_expansion_v1_cn-junior-g7-equations-parentheses_004,E,4,partial_distribution_error,symbolic_fluency,这个选项通常来自partial distribution error。
jianzisheng_cn_junior_chapter_expansion_v1_cn-junior-g7-equations-parentheses_005,A,-6,partial_distribution_error,symbolic_fluency,这个选项通常来自partial distribution error。
jianzisheng_cn_junior_chapter_expansion_v1_cn-junior-g7-equations-parentheses_005,C,7,partial_distribution_error,symbolic_fluency,这个选项通常来自partial distribution error。
jianzisheng_cn_junior_chapter_expansion_v1_cn-junior-g7-equations-parentheses_005,D,5,partial_distribution_error,symbolic_fluency,这个选项通常来自partial distribution error。
jianzisheng_cn_junior_chapter_expansion_v1_cn-junior-g7-equations-parentheses_005,E,2,partial_distribution_error,symbolic_fluency,这个选项通常来自partial distribution error。
jianzisheng_cn_junior_chapter_expansion_v1_cn-junior-g7-equations-parentheses_006,B,8,partial_distribution_error,symbolic_fluency,这个选项通常来自partial distribution error。
jianzisheng_cn_junior_chapter_expansion_v1_cn-junior-g7-equations-parentheses_006,C,6,partial_distribution_error,symbolic_fluency,这个选项通常来自partial distribution error。
jianzisheng_cn_junior_chapter_expansion_v1_cn-junior-g7-equations-parentheses_006,D,5,partial_distribution_error,symbolic_fluency,这个选项通常来自partial distribution error。
jianzisheng_cn_junior_chapter_expansion_v1_cn-junior-g7-equations-parentheses_006,E,-7,partial_distribution_error,symbolic_fluency,这个选项通常来自partial distribution error。
jianzisheng_cn_junior_chapter_expansion_v1_cn-junior-g7-equations-parentheses_007,A,9,partial_distribution_error,symbolic_fluency,这个选项通常来自partial distribution error。
jianzisheng_cn_junior_chapter_expansion_v1_cn-junior-g7-equations-parentheses_007,B,7,partial_distribution_error,symbolic_fluency,这个选项通常来自partial distribution error。
jianzisheng_cn_junior_chapter_expansion_v1_cn-junior-g7-equations-parentheses_007,C,-8,partial_distribution_error,symbolic_fluency,这个选项通常来自partial distribution error。
jianzisheng_cn_junior_chapter_expansion_v1_cn-junior-g7-equations-parentheses_007,D,13,partial_distribution_error,symbolic_fluency,这个选项通常来自partial distribution error。
jianzisheng_cn_junior_chapter_expansion_v1_cn-junior-g7-equations-parentheses_008,A,8,partial_distribution_error,symbolic_fluency,这个选项通常来自partial distribution error。
jianzisheng_cn_junior_chapter_expansion_v1_cn-junior-g7-equations-parentheses_008,B,-9,partial_distribution_error,symbolic_fluency,这个选项通常来自partial distribution error。
jianzisheng_cn_junior_chapter_expansion_v1_cn-junior-g7-equations-parentheses_008,C,14,partial_distribution_error,symbolic_fluency,这个选项通常来自partial distribution error。
jianzisheng_cn_junior_chapter_expansion_v1_cn-junior-g7-equations-parentheses_008,E,10,partial_distribution_error,symbolic_fluency,这个选项通常来自partial distribution error。
jianzisheng_cn_junior_chapter_expansion_v1_cn-junior-g7-equations-parentheses_009,A,14,partial_distribution_error,symbolic_fluency,这个选项通常来自partial distribution error。
jianzisheng_cn_junior_chapter_expansion_v1_cn-junior-g7-equations-parentheses_009,B,-10,partial_distribution_error,symbolic_fluency,这个选项通常来自partial distribution error。
jianzisheng_cn_junior_chapter_expansion_v1_cn-junior-g7-equations-parentheses_009,D,11,partial_distribution_error,symbolic_fluency,这个选项通常来自partial distribution error。
jianzisheng_cn_junior_chapter_expansion_v1_cn-junior-g7-equations-parentheses_009,E,9,partial_distribution_error,symbolic_fluency,这个选项通常来自partial distribution error。
jianzisheng_cn_junior_chapter_expansion_v1_cn-junior-g7-equations-parentheses_010,A,-3,partial_distribution_error,symbolic_fluency,这个选项通常来自partial distribution error。
jianzisheng_cn_junior_chapter_expansion_v1_cn-junior-g7-equations-parentheses_010,C,4,partial_distribution_error,symbolic_fluency,这个选项通常来自partial distribution error。
jianzisheng_cn_junior_chapter_expansion_v1_cn-junior-g7-equations-parentheses_010,D,2,partial_distribution_error,symbolic_fluency,这个选项通常来自partial distribution error。
jianzisheng_cn_junior_chapter_expansion_v1_cn-junior-g7-equations-parentheses_010,E,8,partial_distribution_error,symbolic_fluency,这个选项通常来自partial distribution error。
jianzisheng_cn_junior_chapter_expansion_v1_cn-junior-g7-equations-parentheses_011,B,5,partial_distribution_error,symbolic_fluency,这个选项通常来自partial distribution error。
jianzisheng_cn_junior_chapter_expansion_v1_cn-junior-g7-equations-parentheses_011,C,3,partial_distribution_error,symbolic_fluency,这个选项通常来自partial distribution error。
jianzisheng_cn_junior_chapter_expansion_v1_cn-junior-g7-equations-parentheses_011,D,7,partial_distribution_error,symbolic_fluency,这个选项通常来自partial distribution error。
jianzisheng_cn_junior_chapter_expansion_v1_cn-junior-g7-equations-parentheses_011,E,-4,partial_distribution_error,symbolic_fluency,这个选项通常来自partial distribution error。
jianzisheng_cn_junior_chapter_expansion_v1_cn-junior-g7-equations-parentheses_012,A,6,partial_distribution_error,symbolic_fluency,这个选项通常来自partial distribution error。
jianzisheng_cn_junior_chapter_expansion_v1_cn-junior-g7-equations-parentheses_012,B,4,partial_distribution_error,symbolic_fluency,这个选项通常来自partial distribution error。
jianzisheng_cn_junior_chapter_expansion_v1_cn-junior-g7-equations-parentheses_012,C,1,partial_distribution_error,symbolic_fluency,这个选项通常来自partial distribution error。
jianzisheng_cn_junior_chapter_expansion_v1_cn-junior-g7-equations-parentheses_012,D,-5,partial_distribution_error,symbolic_fluency,这个选项通常来自partial distribution error。
jianzisheng_cn_junior_chapter_expansion_v1_cn-junior-g7-equations-parentheses_013,A,5,partial_distribution_error,symbolic_fluency,这个选项通常来自partial distribution error。
jianzisheng_cn_junior_chapter_expansion_v1_cn-junior-g7-equations-parentheses_013,B,3,partial_distribution_error,symbolic_fluency,这个选项通常来自partial distribution error。
jianzisheng_cn_junior_chapter_expansion_v1_cn-junior-g7-equations-parentheses_013,C,-6,partial_distribution_error,symbolic_fluency,这个选项通常来自partial distribution error。
jianzisheng_cn_junior_chapter_expansion_v1_cn-junior-g7-equations-parentheses_013,E,7,partial_distribution_error,symbolic_fluency,这个选项通常来自partial distribution error。
jianzisheng_cn_junior_chapter_expansion_v1_cn-junior-g7-equations-parentheses_014,A,-7,partial_distribution_error,symbolic_fluency,这个选项通常来自partial distribution error。
jianzisheng_cn_junior_chapter_expansion_v1_cn-junior-g7-equations-parentheses_014,B,12,partial_distribution_error,symbolic_fluency,这个选项通常来自partial distribution error。
jianzisheng_cn_junior_chapter_expansion_v1_cn-junior-g7-equations-parentheses_014,D,8,partial_distribution_error,symbolic_fluency,这个选项通常来自partial distribution error。
jianzisheng_cn_junior_chapter_expansion_v1_cn-junior-g7-equations-parentheses_014,E,6,partial_distribution_error,symbolic_fluency,这个选项通常来自partial distribution error。
jianzisheng_cn_junior_chapter_expansion_v1_cn-junior-g7-inequality-number-line_001,B,空心圆在 3，向左,open_closed_endpoint_error,relation_reasoning,这个选项通常来自open closed endpoint error。
jianzisheng_cn_junior_chapter_expansion_v1_cn-junior-g7-inequality-number-line_001,C,实心圆在 3，向右,open_closed_endpoint_error,relation_reasoning,这个选项通常来自open closed endpoint error。
jianzisheng_cn_junior_chapter_expansion_v1_cn-junior-g7-inequality-number-line_001,D,空心圆在 3，向右,open_closed_endpoint_error,relation_reasoning,这个选项通常来自open closed endpoint error。
jianzisheng_cn_junior_chapter_expansion_v1_cn-junior-g7-inequality-number-line_001,E,实心圆在 3，向左+5,open_closed_endpoint_error,relation_reasoning,这个选项通常来自open closed endpoint error。
jianzisheng_cn_junior_chapter_expansion_v1_cn-junior-g7-inequality-number-line_002,A,空心圆在 4，向左,open_closed_endpoint_error,relation_reasoning,这个选项通常来自open closed endpoint error。
jianzisheng_cn_junior_chapter_expansion_v1_cn-junior-g7-inequality-number-line_002,B,实心圆在 4，向右,open_closed_endpoint_error,relation_reasoning,这个选项通常来自open closed endpoint error。
jianzisheng_cn_junior_chapter_expansion_v1_cn-junior-g7-inequality-number-line_002,C,实心圆在 4，向左,open_closed_endpoint_error,relation_reasoning,这个选项通常来自open closed endpoint error。
jianzisheng_cn_junior_chapter_expansion_v1_cn-junior-g7-inequality-number-line_002,D,空心圆在 4，向右+5,open_closed_endpoint_error,relation_reasoning,这个选项通常来自open closed endpoint error。
jianzisheng_cn_junior_chapter_expansion_v1_cn-junior-g7-inequality-number-line_003,A,空心圆在 5，向右,open_closed_endpoint_error,relation_reasoning,这个选项通常来自open closed endpoint error。
jianzisheng_cn_junior_chapter_expansion_v1_cn-junior-g7-inequality-number-line_003,B,实心圆在 5，向左,open_closed_endpoint_error,relation_reasoning,这个选项通常来自open closed endpoint error。
jianzisheng_cn_junior_chapter_expansion_v1_cn-junior-g7-inequality-number-line_003,C,空心圆在 5，向左+5,open_closed_endpoint_error,relation_reasoning,这个选项通常来自open closed endpoint error。
jianzisheng_cn_junior_chapter_expansion_v1_cn-junior-g7-inequality-number-line_003,E,实心圆在 5，向右,open_closed_endpoint_error,relation_reasoning,这个选项通常来自open closed endpoint error。
jianzisheng_cn_junior_chapter_expansion_v1_cn-junior-g7-inequality-number-line_004,A,实心圆在 -4，向左,open_closed_endpoint_error,relation_reasoning,这个选项通常来自open closed endpoint error。
jianzisheng_cn_junior_chapter_expansion_v1_cn-junior-g7-inequality-number-line_004,B,实心圆在 -4，向右+5,open_closed_endpoint_error,relation_reasoning,这个选项通常来自open closed endpoint error。
jianzisheng_cn_junior_chapter_expansion_v1_cn-junior-g7-inequality-number-line_004,D,空心圆在 -4，向左,open_closed_endpoint_error,relation_reasoning,这个选项通常来自open closed endpoint error。
jianzisheng_cn_junior_chapter_expansion_v1_cn-junior-g7-inequality-number-line_004,E,空心圆在 -4，向右,open_closed_endpoint_error,relation_reasoning,这个选项通常来自open closed endpoint error。
jianzisheng_cn_junior_chapter_expansion_v1_cn-junior-g7-inequality-number-line_005,A,实心圆在 -3，向左+5,open_closed_endpoint_error,relation_reasoning,这个选项通常来自open closed endpoint error。
jianzisheng_cn_junior_chapter_expansion_v1_cn-junior-g7-inequality-number-line_005,C,空心圆在 -3，向左,open_closed_endpoint_error,relation_reasoning,这个选项通常来自open closed endpoint error。
jianzisheng_cn_junior_chapter_expansion_v1_cn-junior-g7-inequality-number-line_005,D,实心圆在 -3，向右,open_closed_endpoint_error,relation_reasoning,这个选项通常来自open closed endpoint error。
jianzisheng_cn_junior_chapter_expansion_v1_cn-junior-g7-inequality-number-line_005,E,空心圆在 -3，向右,open_closed_endpoint_error,relation_reasoning,这个选项通常来自open closed endpoint error。
jianzisheng_cn_junior_chapter_expansion_v1_cn-junior-g7-inequality-number-line_006,B,空心圆在 -2，向左,open_closed_endpoint_error,relation_reasoning,这个选项通常来自open closed endpoint error。
jianzisheng_cn_junior_chapter_expansion_v1_cn-junior-g7-inequality-number-line_006,C,实心圆在 -2，向右,open_closed_endpoint_error,relation_reasoning,这个选项通常来自open closed endpoint error。
jianzisheng_cn_junior_chapter_expansion_v1_cn-junior-g7-inequality-number-line_006,D,实心圆在 -2，向左,open_closed_endpoint_error,relation_reasoning,这个选项通常来自open closed endpoint error。
jianzisheng_cn_junior_chapter_expansion_v1_cn-junior-g7-inequality-number-line_006,E,空心圆在 -2，向右+5,open_closed_endpoint_error,relation_reasoning,这个选项通常来自open closed endpoint error。
jianzisheng_cn_junior_chapter_expansion_v1_cn-junior-g7-inequality-number-line_007,A,实心圆在 -1，向右,open_closed_endpoint_error,relation_reasoning,这个选项通常来自open closed endpoint error。
jianzisheng_cn_junior_chapter_expansion_v1_cn-junior-g7-inequality-number-line_007,B,空心圆在 -1，向右,open_closed_endpoint_error,relation_reasoning,这个选项通常来自open closed endpoint error。
jianzisheng_cn_junior_chapter_expansion_v1_cn-junior-g7-inequality-number-line_007,C,实心圆在 -1，向左,open_closed_endpoint_error,relation_reasoning,这个选项通常来自open closed endpoint error。
jianzisheng_cn_junior_chapter_expansion_v1_cn-junior-g7-inequality-number-line_007,D,空心圆在 -1，向左+5,open_closed_endpoint_error,relation_reasoning,这个选项通常来自open closed endpoint error。
jianzisheng_cn_junior_chapter_expansion_v1_cn-junior-g7-inequality-number-line_008,A,空心圆在 0，向右,open_closed_endpoint_error,relation_reasoning,这个选项通常来自open closed endpoint error。
jianzisheng_cn_junior_chapter_expansion_v1_cn-junior-g7-inequality-number-line_008,B,实心圆在 0，向左,open_closed_endpoint_error,relation_reasoning,这个选项通常来自open closed endpoint error。
jianzisheng_cn_junior_chapter_expansion_v1_cn-junior-g7-inequality-number-line_008,C,实心圆在 0，向右+5,open_closed_endpoint_error,relation_reasoning,这个选项通常来自open closed endpoint error。
jianzisheng_cn_junior_chapter_expansion_v1_cn-junior-g7-inequality-number-line_008,E,空心圆在 0，向左,open_closed_endpoint_error,relation_reasoning,这个选项通常来自open closed endpoint error。
jianzisheng_cn_junior_chapter_expansion_v1_cn-junior-g7-inequality-number-line_009,A,空心圆在 1，向右,open_closed_endpoint_error,relation_reasoning,这个选项通常来自open closed endpoint error。
jianzisheng_cn_junior_chapter_expansion_v1_cn-junior-g7-inequality-number-line_009,B,实心圆在 1，向左+5,open_closed_endpoint_error,relation_reasoning,这个选项通常来自open closed endpoint error。
jianzisheng_cn_junior_chapter_expansion_v1_cn-junior-g7-inequality-number-line_009,D,空心圆在 1，向左,open_closed_endpoint_error,relation_reasoning,这个选项通常来自open closed endpoint error。
jianzisheng_cn_junior_chapter_expansion_v1_cn-junior-g7-inequality-number-line_009,E,实心圆在 1，向右,open_closed_endpoint_error,relation_reasoning,这个选项通常来自open closed endpoint error。
jianzisheng_cn_junior_chapter_expansion_v1_cn-junior-g7-inequality-number-line_010,A,空心圆在 2，向右+5,open_closed_endpoint_error,relation_reasoning,这个选项通常来自open closed endpoint error。
jianzisheng_cn_junior_chapter_expansion_v1_cn-junior-g7-inequality-number-line_010,C,空心圆在 2，向左,open_closed_endpoint_error,relation_reasoning,这个选项通常来自open closed endpoint error。
jianzisheng_cn_junior_chapter_expansion_v1_cn-junior-g7-inequality-number-line_010,D,实心圆在 2，向右,open_closed_endpoint_error,relation_reasoning,这个选项通常来自open closed endpoint error。
jianzisheng_cn_junior_chapter_expansion_v1_cn-junior-g7-inequality-number-line_010,E,实心圆在 2，向左,open_closed_endpoint_error,relation_reasoning,这个选项通常来自open closed endpoint error。
jianzisheng_cn_junior_chapter_expansion_v1_cn-junior-g7-inequality-number-line_011,B,实心圆在 3，向右,open_closed_endpoint_error,relation_reasoning,这个选项通常来自open closed endpoint error。
jianzisheng_cn_junior_chapter_expansion_v1_cn-junior-g7-inequality-number-line_011,C,空心圆在 3，向右,open_closed_endpoint_error,relation_reasoning,这个选项通常来自open closed endpoint error。
jianzisheng_cn_junior_chapter_expansion_v1_cn-junior-g7-inequality-number-line_011,D,实心圆在 3，向左,open_closed_endpoint_error,relation_reasoning,这个选项通常来自open closed endpoint error。
jianzisheng_cn_junior_chapter_expansion_v1_cn-junior-g7-inequality-number-line_011,E,空心圆在 3，向左+5,open_closed_endpoint_error,relation_reasoning,这个选项通常来自open closed endpoint error。
jianzisheng_cn_junior_chapter_expansion_v1_cn-junior-g7-inequality-number-line_012,A,空心圆在 4，向左,open_closed_endpoint_error,relation_reasoning,这个选项通常来自open closed endpoint error。
jianzisheng_cn_junior_chapter_expansion_v1_cn-junior-g7-inequality-number-line_012,B,空心圆在 4，向右,open_closed_endpoint_error,relation_reasoning,这个选项通常来自open closed endpoint error。
jianzisheng_cn_junior_chapter_expansion_v1_cn-junior-g7-inequality-number-line_012,C,实心圆在 4，向左,open_closed_endpoint_error,relation_reasoning,这个选项通常来自open closed endpoint error。
jianzisheng_cn_junior_chapter_expansion_v1_cn-junior-g7-inequality-number-line_012,D,实心圆在 4，向右+5,open_closed_endpoint_error,relation_reasoning,这个选项通常来自open closed endpoint error。
jianzisheng_cn_junior_chapter_expansion_v1_cn-junior-g7-inequality-number-line_013,A,实心圆在 5，向右,open_closed_endpoint_error,relation_reasoning,这个选项通常来自open closed endpoint error。
jianzisheng_cn_junior_chapter_expansion_v1_cn-junior-g7-inequality-number-line_013,B,空心圆在 5，向右,open_closed_endpoint_error,relation_reasoning,这个选项通常来自open closed endpoint error。
jianzisheng_cn_junior_chapter_expansion_v1_cn-junior-g7-inequality-number-line_013,C,实心圆在 5，向左+5,open_closed_endpoint_error,relation_reasoning,这个选项通常来自open closed endpoint error。
jianzisheng_cn_junior_chapter_expansion_v1_cn-junior-g7-inequality-number-line_013,E,空心圆在 5，向左,open_closed_endpoint_error,relation_reasoning,这个选项通常来自open closed endpoint error。
jianzisheng_cn_junior_chapter_expansion_v1_cn-junior-g7-inequality-number-line_014,A,实心圆在 -4，向左,open_closed_endpoint_error,relation_reasoning,这个选项通常来自open closed endpoint error。
jianzisheng_cn_junior_chapter_expansion_v1_cn-junior-g7-inequality-number-line_014,B,空心圆在 -4，向右+5,open_closed_endpoint_error,relation_reasoning,这个选项通常来自open closed endpoint error。
jianzisheng_cn_junior_chapter_expansion_v1_cn-junior-g7-inequality-number-line_014,D,空心圆在 -4，向左,open_closed_endpoint_error,relation_reasoning,这个选项通常来自open closed endpoint error。
jianzisheng_cn_junior_chapter_expansion_v1_cn-junior-g7-inequality-number-line_014,E,实心圆在 -4，向右,open_closed_endpoint_error,relation_reasoning,这个选项通常来自open closed endpoint error。
jianzisheng_cn_junior_chapter_expansion_v1_cn-junior-g7-area-expressions_001,B,19x,perimeter_area_confusion,modeling,这个选项通常来自perimeter area confusion。
jianzisheng_cn_junior_chapter_expansion_v1_cn-junior-g7-area-expressions_001,C,38x,perimeter_area_confusion,modeling,这个选项通常来自perimeter area confusion。
jianzisheng_cn_junior_chapter_expansion_v1_cn-junior-g7-area-expressions_001,D,9x+10,perimeter_area_confusion,modeling,这个选项通常来自perimeter area confusion。
jianzisheng_cn_junior_chapter_expansion_v1_cn-junior-g7-area-expressions_001,E,90,perimeter_area_confusion,modeling,这个选项通常来自perimeter area confusion。
jianzisheng_cn_junior_chapter_expansion_v1_cn-junior-g7-area-expressions_002,A,13x,perimeter_area_confusion,modeling,这个选项通常来自perimeter area confusion。
jianzisheng_cn_junior_chapter_expansion_v1_cn-junior-g7-area-expressions_002,B,26x,perimeter_area_confusion,modeling,这个选项通常来自perimeter area confusion。
jianzisheng_cn_junior_chapter_expansion_v1_cn-junior-g7-area-expressions_002,C,2x+11,perimeter_area_confusion,modeling,这个选项通常来自perimeter area confusion。
jianzisheng_cn_junior_chapter_expansion_v1_cn-junior-g7-area-expressions_002,D,22,perimeter_area_confusion,modeling,这个选项通常来自perimeter area confusion。
jianzisheng_cn_junior_chapter_expansion_v1_cn-junior-g7-area-expressions_003,A,12x,perimeter_area_confusion,modeling,这个选项通常来自perimeter area confusion。
jianzisheng_cn_junior_chapter_expansion_v1_cn-junior-g7-area-expressions_003,B,3x+3,perimeter_area_confusion,modeling,这个选项通常来自perimeter area confusion。
jianzisheng_cn_junior_chapter_expansion_v1_cn-junior-g7-area-expressions_003,C,9,perimeter_area_confusion,modeling,这个选项通常来自perimeter area confusion。
jianzisheng_cn_junior_chapter_expansion_v1_cn-junior-g7-area-expressions_003,E,6x,perimeter_area_confusion,modeling,这个选项通常来自perimeter area confusion。
jianzisheng_cn_junior_chapter_expansion_v1_cn-junior-g7-area-expressions_004,A,16,perimeter_area_confusion,modeling,这个选项通常来自perimeter area confusion。
jianzisheng_cn_junior_chapter_expansion_v1_cn-junior-g7-area-expressions_004,B,16x+5,perimeter_area_confusion,modeling,这个选项通常来自perimeter area confusion。
jianzisheng_cn_junior_chapter_expansion_v1_cn-junior-g7-area-expressions_004,D,8x,perimeter_area_confusion,modeling,这个选项通常来自perimeter area confusion。
jianzisheng_cn_junior_chapter_expansion_v1_cn-junior-g7-area-expressions_004,E,4x+4,perimeter_area_confusion,modeling,这个选项通常来自perimeter area confusion。
jianzisheng_cn_junior_chapter_expansion_v1_cn-junior-g7-area-expressions_005,A,25,perimeter_area_confusion,modeling,这个选项通常来自perimeter area confusion。
jianzisheng_cn_junior_chapter_expansion_v1_cn-junior-g7-area-expressions_005,C,10x,perimeter_area_confusion,modeling,这个选项通常来自perimeter area confusion。
jianzisheng_cn_junior_chapter_expansion_v1_cn-junior-g7-area-expressions_005,D,20x,perimeter_area_confusion,modeling,这个选项通常来自perimeter area confusion。
jianzisheng_cn_junior_chapter_expansion_v1_cn-junior-g7-area-expressions_005,E,5x+5,perimeter_area_confusion,modeling,这个选项通常来自perimeter area confusion。
jianzisheng_cn_junior_chapter_expansion_v1_cn-junior-g7-area-expressions_006,B,12x,perimeter_area_confusion,modeling,这个选项通常来自perimeter area confusion。
jianzisheng_cn_junior_chapter_expansion_v1_cn-junior-g7-area-expressions_006,C,24x,perimeter_area_confusion,modeling,这个选项通常来自perimeter area confusion。
jianzisheng_cn_junior_chapter_expansion_v1_cn-junior-g7-area-expressions_006,D,6x+6,perimeter_area_confusion,modeling,这个选项通常来自perimeter area confusion。
jianzisheng_cn_junior_chapter_expansion_v1_cn-junior-g7-area-expressions_006,E,36,perimeter_area_confusion,modeling,这个选项通常来自perimeter area confusion。
jianzisheng_cn_junior_chapter_expansion_v1_cn-junior-g7-area-expressions_007,A,14x,perimeter_area_confusion,modeling,这个选项通常来自perimeter area confusion。
jianzisheng_cn_junior_chapter_expansion_v1_cn-junior-g7-area-expressions_007,B,28x,perimeter_area_confusion,modeling,这个选项通常来自perimeter area confusion。
jianzisheng_cn_junior_chapter_expansion_v1_cn-junior-g7-area-expressions_007,C,7x+7,perimeter_area_confusion,modeling,这个选项通常来自perimeter area confusion。
jianzisheng_cn_junior_chapter_expansion_v1_cn-junior-g7-area-expressions_007,D,49,perimeter_area_confusion,modeling,这个选项通常来自perimeter area confusion。
jianzisheng_cn_junior_chapter_expansion_v1_cn-junior-g7-area-expressions_008,A,32x,perimeter_area_confusion,modeling,这个选项通常来自perimeter area confusion。
jianzisheng_cn_junior_chapter_expansion_v1_cn-junior-g7-area-expressions_008,B,8x+8,perimeter_area_confusion,modeling,这个选项通常来自perimeter area confusion。
jianzisheng_cn_junior_chapter_expansion_v1_cn-junior-g7-area-expressions_008,C,64,perimeter_area_confusion,modeling,这个选项通常来自perimeter area confusion。
jianzisheng_cn_junior_chapter_expansion_v1_cn-junior-g7-area-expressions_008,E,16x,perimeter_area_confusion,modeling,这个选项通常来自perimeter area confusion。
jianzisheng_cn_junior_chapter_expansion_v1_cn-junior-g7-area-expressions_009,A,9x+9,perimeter_area_confusion,modeling,这个选项通常来自perimeter area confusion。
jianzisheng_cn_junior_chapter_expansion_v1_cn-junior-g7-area-expressions_009,B,81,perimeter_area_confusion,modeling,这个选项通常来自perimeter area confusion。
jianzisheng_cn_junior_chapter_expansion_v1_cn-junior-g7-area-expressions_009,D,18x,perimeter_area_confusion,modeling,这个选项通常来自perimeter area confusion。
jianzisheng_cn_junior_chapter_expansion_v1_cn-junior-g7-area-expressions_009,E,36x,perimeter_area_confusion,modeling,这个选项通常来自perimeter area confusion。
jianzisheng_cn_junior_chapter_expansion_v1_cn-junior-g7-area-expressions_010,A,20,perimeter_area_confusion,modeling,这个选项通常来自perimeter area confusion。
jianzisheng_cn_junior_chapter_expansion_v1_cn-junior-g7-area-expressions_010,C,12x,perimeter_area_confusion,modeling,这个选项通常来自perimeter area confusion。
jianzisheng_cn_junior_chapter_expansion_v1_cn-junior-g7-area-expressions_010,D,24x,perimeter_area_confusion,modeling,这个选项通常来自perimeter area confusion。
jianzisheng_cn_junior_chapter_expansion_v1_cn-junior-g7-area-expressions_010,E,2x+10,perimeter_area_confusion,modeling,这个选项通常来自perimeter area confusion。
jianzisheng_cn_junior_chapter_expansion_v1_cn-junior-g7-area-expressions_011,B,14x,perimeter_area_confusion,modeling,这个选项通常来自perimeter area confusion。
jianzisheng_cn_junior_chapter_expansion_v1_cn-junior-g7-area-expressions_011,C,28x,perimeter_area_confusion,modeling,这个选项通常来自perimeter area confusion。
jianzisheng_cn_junior_chapter_expansion_v1_cn-junior-g7-area-expressions_011,D,3x+11,perimeter_area_confusion,modeling,这个选项通常来自perimeter area confusion。
jianzisheng_cn_junior_chapter_expansion_v1_cn-junior-g7-area-expressions_011,E,33,perimeter_area_confusion,modeling,这个选项通常来自perimeter area confusion。
jianzisheng_cn_junior_chapter_expansion_v1_cn-junior-g7-area-expressions_012,A,7x,perimeter_area_confusion,modeling,这个选项通常来自perimeter area confusion。
jianzisheng_cn_junior_chapter_expansion_v1_cn-junior-g7-area-expressions_012,B,14x,perimeter_area_confusion,modeling,这个选项通常来自perimeter area confusion。
jianzisheng_cn_junior_chapter_expansion_v1_cn-junior-g7-area-expressions_012,C,4x+3,perimeter_area_confusion,modeling,这个选项通常来自perimeter area confusion。
jianzisheng_cn_junior_chapter_expansion_v1_cn-junior-g7-area-expressions_012,D,12,perimeter_area_confusion,modeling,这个选项通常来自perimeter area confusion。
jianzisheng_cn_junior_chapter_expansion_v1_cn-junior-g7-area-expressions_013,A,18x,perimeter_area_confusion,modeling,这个选项通常来自perimeter area confusion。
jianzisheng_cn_junior_chapter_expansion_v1_cn-junior-g7-area-expressions_013,B,5x+4,perimeter_area_confusion,modeling,这个选项通常来自perimeter area confusion。
jianzisheng_cn_junior_chapter_expansion_v1_cn-junior-g7-area-expressions_013,C,20,perimeter_area_confusion,modeling,这个选项通常来自perimeter area confusion。
jianzisheng_cn_junior_chapter_expansion_v1_cn-junior-g7-area-expressions_013,E,9x,perimeter_area_confusion,modeling,这个选项通常来自perimeter area confusion。
jianzisheng_cn_junior_chapter_expansion_v1_cn-junior-g7-area-expressions_014,A,6x+5,perimeter_area_confusion,modeling,这个选项通常来自perimeter area confusion。
jianzisheng_cn_junior_chapter_expansion_v1_cn-junior-g7-area-expressions_014,B,30,perimeter_area_confusion,modeling,这个选项通常来自perimeter area confusion。
jianzisheng_cn_junior_chapter_expansion_v1_cn-junior-g7-area-expressions_014,D,11x,perimeter_area_confusion,modeling,这个选项通常来自perimeter area confusion。
jianzisheng_cn_junior_chapter_expansion_v1_cn-junior-g7-area-expressions_014,E,22x,perimeter_area_confusion,modeling,这个选项通常来自perimeter area confusion。
jianzisheng_cn_junior_chapter_expansion_v1_cn-junior-g7-triangle-angles_001,B,103,angle_sum_error,geometric_reasoning,这个选项通常来自angle sum error。
jianzisheng_cn_junior_chapter_expansion_v1_cn-junior-g7-triangle-angles_001,C,138,angle_sum_error,geometric_reasoning,这个选项通常来自angle sum error。
jianzisheng_cn_junior_chapter_expansion_v1_cn-junior-g7-triangle-angles_001,D,119,angle_sum_error,geometric_reasoning,这个选项通常来自angle sum error。
jianzisheng_cn_junior_chapter_expansion_v1_cn-junior-g7-triangle-angles_001,E,87,angle_sum_error,geometric_reasoning,这个选项通常来自angle sum error。
jianzisheng_cn_junior_chapter_expansion_v1_cn-junior-g7-triangle-angles_002,A,107,angle_sum_error,geometric_reasoning,这个选项通常来自angle sum error。
jianzisheng_cn_junior_chapter_expansion_v1_cn-junior-g7-triangle-angles_002,B,137,angle_sum_error,geometric_reasoning,这个选项通常来自angle sum error。
jianzisheng_cn_junior_chapter_expansion_v1_cn-junior-g7-triangle-angles_002,C,116,angle_sum_error,geometric_reasoning,这个选项通常来自angle sum error。
jianzisheng_cn_junior_chapter_expansion_v1_cn-junior-g7-triangle-angles_002,D,83,angle_sum_error,geometric_reasoning,这个选项通常来自angle sum error。
jianzisheng_cn_junior_chapter_expansion_v1_cn-junior-g7-triangle-angles_003,A,136,angle_sum_error,geometric_reasoning,这个选项通常来自angle sum error。
jianzisheng_cn_junior_chapter_expansion_v1_cn-junior-g7-triangle-angles_003,B,113,angle_sum_error,geometric_reasoning,这个选项通常来自angle sum error。
jianzisheng_cn_junior_chapter_expansion_v1_cn-junior-g7-triangle-angles_003,C,79,angle_sum_error,geometric_reasoning,这个选项通常来自angle sum error。
jianzisheng_cn_junior_chapter_expansion_v1_cn-junior-g7-triangle-angles_003,E,111,angle_sum_error,geometric_reasoning,这个选项通常来自angle sum error。
jianzisheng_cn_junior_chapter_expansion_v1_cn-junior-g7-triangle-angles_004,A,110,angle_sum_error,geometric_reasoning,这个选项通常来自angle sum error。
jianzisheng_cn_junior_chapter_expansion_v1_cn-junior-g7-triangle-angles_004,B,75,angle_sum_error,geometric_reasoning,这个选项通常来自angle sum error。
jianzisheng_cn_junior_chapter_expansion_v1_cn-junior-g7-triangle-angles_004,D,115,angle_sum_error,geometric_reasoning,这个选项通常来自angle sum error。
jianzisheng_cn_junior_chapter_expansion_v1_cn-junior-g7-triangle-angles_004,E,135,angle_sum_error,geometric_reasoning,这个选项通常来自angle sum error。
jianzisheng_cn_junior_chapter_expansion_v1_cn-junior-g7-triangle-angles_005,A,71,angle_sum_error,geometric_reasoning,这个选项通常来自angle sum error。
jianzisheng_cn_junior_chapter_expansion_v1_cn-junior-g7-triangle-angles_005,C,119,angle_sum_error,geometric_reasoning,这个选项通常来自angle sum error。
jianzisheng_cn_junior_chapter_expansion_v1_cn-junior-g7-triangle-angles_005,D,134,angle_sum_error,geometric_reasoning,这个选项通常来自angle sum error。
jianzisheng_cn_junior_chapter_expansion_v1_cn-junior-g7-triangle-angles_005,E,107,angle_sum_error,geometric_reasoning,这个选项通常来自angle sum error。
jianzisheng_cn_junior_chapter_expansion_v1_cn-junior-g7-triangle-angles_006,B,123,angle_sum_error,geometric_reasoning,这个选项通常来自angle sum error。
jianzisheng_cn_junior_chapter_expansion_v1_cn-junior-g7-triangle-angles_006,C,133,angle_sum_error,geometric_reasoning,这个选项通常来自angle sum error。
jianzisheng_cn_junior_chapter_expansion_v1_cn-junior-g7-triangle-angles_006,D,104,angle_sum_error,geometric_reasoning,这个选项通常来自angle sum error。
jianzisheng_cn_junior_chapter_expansion_v1_cn-junior-g7-triangle-angles_006,E,67,angle_sum_error,geometric_reasoning,这个选项通常来自angle sum error。
jianzisheng_cn_junior_chapter_expansion_v1_cn-junior-g7-triangle-angles_007,A,127,angle_sum_error,geometric_reasoning,这个选项通常来自angle sum error。
jianzisheng_cn_junior_chapter_expansion_v1_cn-junior-g7-triangle-angles_007,B,132,angle_sum_error,geometric_reasoning,这个选项通常来自angle sum error。
jianzisheng_cn_junior_chapter_expansion_v1_cn-junior-g7-triangle-angles_007,C,101,angle_sum_error,geometric_reasoning,这个选项通常来自angle sum error。
jianzisheng_cn_junior_chapter_expansion_v1_cn-junior-g7-triangle-angles_007,D,63,angle_sum_error,geometric_reasoning,这个选项通常来自angle sum error。
jianzisheng_cn_junior_chapter_expansion_v1_cn-junior-g7-triangle-angles_008,A,98,angle_sum_error,geometric_reasoning,这个选项通常来自angle sum error。
jianzisheng_cn_junior_chapter_expansion_v1_cn-junior-g7-triangle-angles_008,B,59,angle_sum_error,geometric_reasoning,这个选项通常来自angle sum error。
jianzisheng_cn_junior_chapter_expansion_v1_cn-junior-g7-triangle-angles_008,C,54,angle_sum_error,geometric_reasoning,这个选项通常来自angle sum error。
jianzisheng_cn_junior_chapter_expansion_v1_cn-junior-g7-triangle-angles_008,E,131,angle_sum_error,geometric_reasoning,这个选项通常来自angle sum error。
jianzisheng_cn_junior_chapter_expansion_v1_cn-junior-g7-triangle-angles_009,A,95,angle_sum_error,geometric_reasoning,这个选项通常来自angle sum error。
jianzisheng_cn_junior_chapter_expansion_v1_cn-junior-g7-triangle-angles_009,B,55,angle_sum_error,geometric_reasoning,这个选项通常来自angle sum error。
jianzisheng_cn_junior_chapter_expansion_v1_cn-junior-g7-triangle-angles_009,D,135,angle_sum_error,geometric_reasoning,这个选项通常来自angle sum error。
jianzisheng_cn_junior_chapter_expansion_v1_cn-junior-g7-triangle-angles_009,E,130,angle_sum_error,geometric_reasoning,这个选项通常来自angle sum error。
jianzisheng_cn_junior_chapter_expansion_v1_cn-junior-g7-triangle-angles_010,A,51,angle_sum_error,geometric_reasoning,这个选项通常来自angle sum error。
jianzisheng_cn_junior_chapter_expansion_v1_cn-junior-g7-triangle-angles_010,C,139,angle_sum_error,geometric_reasoning,这个选项通常来自angle sum error。
jianzisheng_cn_junior_chapter_expansion_v1_cn-junior-g7-triangle-angles_010,D,129,angle_sum_error,geometric_reasoning,这个选项通常来自angle sum error。
jianzisheng_cn_junior_chapter_expansion_v1_cn-junior-g7-triangle-angles_010,E,92,angle_sum_error,geometric_reasoning,这个选项通常来自angle sum error。
jianzisheng_cn_junior_chapter_expansion_v1_cn-junior-g7-triangle-angles_011,B,93,angle_sum_error,geometric_reasoning,这个选项通常来自angle sum error。
jianzisheng_cn_junior_chapter_expansion_v1_cn-junior-g7-triangle-angles_011,C,128,angle_sum_error,geometric_reasoning,这个选项通常来自angle sum error。
jianzisheng_cn_junior_chapter_expansion_v1_cn-junior-g7-triangle-angles_011,D,139,angle_sum_error,geometric_reasoning,这个选项通常来自angle sum error。
jianzisheng_cn_junior_chapter_expansion_v1_cn-junior-g7-triangle-angles_011,E,97,angle_sum_error,geometric_reasoning,这个选项通常来自angle sum error。
jianzisheng_cn_junior_chapter_expansion_v1_cn-junior-g7-triangle-angles_012,A,97,angle_sum_error,geometric_reasoning,这个选项通常来自angle sum error。
jianzisheng_cn_junior_chapter_expansion_v1_cn-junior-g7-triangle-angles_012,B,127,angle_sum_error,geometric_reasoning,这个选项通常来自angle sum error。
jianzisheng_cn_junior_chapter_expansion_v1_cn-junior-g7-triangle-angles_012,C,136,angle_sum_error,geometric_reasoning,这个选项通常来自angle sum error。
jianzisheng_cn_junior_chapter_expansion_v1_cn-junior-g7-triangle-angles_012,D,93,angle_sum_error,geometric_reasoning,这个选项通常来自angle sum error。
jianzisheng_cn_junior_chapter_expansion_v1_cn-junior-g7-triangle-angles_013,A,126,angle_sum_error,geometric_reasoning,这个选项通常来自angle sum error。
jianzisheng_cn_junior_chapter_expansion_v1_cn-junior-g7-triangle-angles_013,B,133,angle_sum_error,geometric_reasoning,这个选项通常来自angle sum error。
jianzisheng_cn_junior_chapter_expansion_v1_cn-junior-g7-triangle-angles_013,C,89,angle_sum_error,geometric_reasoning,这个选项通常来自angle sum error。
jianzisheng_cn_junior_chapter_expansion_v1_cn-junior-g7-triangle-angles_013,E,101,angle_sum_error,geometric_reasoning,这个选项通常来自angle sum error。
jianzisheng_cn_junior_chapter_expansion_v1_cn-junior-g7-triangle-angles_014,A,130,angle_sum_error,geometric_reasoning,这个选项通常来自angle sum error。
jianzisheng_cn_junior_chapter_expansion_v1_cn-junior-g7-triangle-angles_014,B,85,angle_sum_error,geometric_reasoning,这个选项通常来自angle sum error。
jianzisheng_cn_junior_chapter_expansion_v1_cn-junior-g7-triangle-angles_014,D,105,angle_sum_error,geometric_reasoning,这个选项通常来自angle sum error。
jianzisheng_cn_junior_chapter_expansion_v1_cn-junior-g7-triangle-angles_014,E,125,angle_sum_error,geometric_reasoning,这个选项通常来自angle sum error。
jianzisheng_cn_junior_chapter_expansion_v1_cn-junior-g7-number-line-distance_001,B,-9,signed_difference_error,number_sense,这个选项通常来自signed difference error。
jianzisheng_cn_junior_chapter_expansion_v1_cn-junior-g7-number-line-distance_001,C,30,signed_difference_error,number_sense,这个选项通常来自signed difference error。
jianzisheng_cn_junior_chapter_expansion_v1_cn-junior-g7-number-line-distance_001,D,27,signed_difference_error,number_sense,这个选项通常来自signed difference error。
jianzisheng_cn_junior_chapter_expansion_v1_cn-junior-g7-number-line-distance_001,E,34,signed_difference_error,number_sense,这个选项通常来自signed difference error。
jianzisheng_cn_junior_chapter_expansion_v1_cn-junior-g7-number-line-distance_002,A,1,signed_difference_error,number_sense,这个选项通常来自signed difference error。
jianzisheng_cn_junior_chapter_expansion_v1_cn-junior-g7-number-line-distance_002,B,26,signed_difference_error,number_sense,这个选项通常来自signed difference error。
jianzisheng_cn_junior_chapter_expansion_v1_cn-junior-g7-number-line-distance_002,C,23,signed_difference_error,number_sense,这个选项通常来自signed difference error。
jianzisheng_cn_junior_chapter_expansion_v1_cn-junior-g7-number-line-distance_002,D,30,signed_difference_error,number_sense,这个选项通常来自signed difference error。
jianzisheng_cn_junior_chapter_expansion_v1_cn-junior-g7-number-line-distance_003,A,30,signed_difference_error,number_sense,这个选项通常来自signed difference error。
jianzisheng_cn_junior_chapter_expansion_v1_cn-junior-g7-number-line-distance_003,B,27,signed_difference_error,number_sense,这个选项通常来自signed difference error。
jianzisheng_cn_junior_chapter_expansion_v1_cn-junior-g7-number-line-distance_003,C,34,signed_difference_error,number_sense,这个选项通常来自signed difference error。
jianzisheng_cn_junior_chapter_expansion_v1_cn-junior-g7-number-line-distance_003,E,3,signed_difference_error,number_sense,这个选项通常来自signed difference error。
jianzisheng_cn_junior_chapter_expansion_v1_cn-junior-g7-number-line-distance_004,A,17,signed_difference_error,number_sense,这个选项通常来自signed difference error。
jianzisheng_cn_junior_chapter_expansion_v1_cn-junior-g7-number-line-distance_004,B,24,signed_difference_error,number_sense,这个选项通常来自signed difference error。
jianzisheng_cn_junior_chapter_expansion_v1_cn-junior-g7-number-line-distance_004,D,-9,signed_difference_error,number_sense,这个选项通常来自signed difference error。
jianzisheng_cn_junior_chapter_expansion_v1_cn-junior-g7-number-line-distance_004,E,20,signed_difference_error,number_sense,这个选项通常来自signed difference error。
jianzisheng_cn_junior_chapter_expansion_v1_cn-junior-g7-number-line-distance_005,A,28,signed_difference_error,number_sense,这个选项通常来自signed difference error。
jianzisheng_cn_junior_chapter_expansion_v1_cn-junior-g7-number-line-distance_005,C,-7,signed_difference_error,number_sense,这个选项通常来自signed difference error。
jianzisheng_cn_junior_chapter_expansion_v1_cn-junior-g7-number-line-distance_005,D,24,signed_difference_error,number_sense,这个选项通常来自signed difference error。
jianzisheng_cn_junior_chapter_expansion_v1_cn-junior-g7-number-line-distance_005,E,21,signed_difference_error,number_sense,这个选项通常来自signed difference error。
jianzisheng_cn_junior_chapter_expansion_v1_cn-junior-g7-number-line-distance_006,B,-5,signed_difference_error,number_sense,这个选项通常来自signed difference error。
jianzisheng_cn_junior_chapter_expansion_v1_cn-junior-g7-number-line-distance_006,C,28,signed_difference_error,number_sense,这个选项通常来自signed difference error。
jianzisheng_cn_junior_chapter_expansion_v1_cn-junior-g7-number-line-distance_006,D,25,signed_difference_error,number_sense,这个选项通常来自signed difference error。
jianzisheng_cn_junior_chapter_expansion_v1_cn-junior-g7-number-line-distance_006,E,32,signed_difference_error,number_sense,这个选项通常来自signed difference error。
jianzisheng_cn_junior_chapter_expansion_v1_cn-junior-g7-number-line-distance_007,A,-3,signed_difference_error,number_sense,这个选项通常来自signed difference error。
jianzisheng_cn_junior_chapter_expansion_v1_cn-junior-g7-number-line-distance_007,B,32,signed_difference_error,number_sense,这个选项通常来自signed difference error。
jianzisheng_cn_junior_chapter_expansion_v1_cn-junior-g7-number-line-distance_007,C,29,signed_difference_error,number_sense,这个选项通常来自signed difference error。
jianzisheng_cn_junior_chapter_expansion_v1_cn-junior-g7-number-line-distance_007,D,36,signed_difference_error,number_sense,这个选项通常来自signed difference error。
jianzisheng_cn_junior_chapter_expansion_v1_cn-junior-g7-number-line-distance_008,A,22,signed_difference_error,number_sense,这个选项通常来自signed difference error。
jianzisheng_cn_junior_chapter_expansion_v1_cn-junior-g7-number-line-distance_008,B,19,signed_difference_error,number_sense,这个选项通常来自signed difference error。
jianzisheng_cn_junior_chapter_expansion_v1_cn-junior-g7-number-line-distance_008,C,26,signed_difference_error,number_sense,这个选项通常来自signed difference error。
jianzisheng_cn_junior_chapter_expansion_v1_cn-junior-g7-number-line-distance_008,E,-15,signed_difference_error,number_sense,这个选项通常来自signed difference error。
jianzisheng_cn_junior_chapter_expansion_v1_cn-junior-g7-number-line-distance_009,A,23,signed_difference_error,number_sense,这个选项通常来自signed difference error。
jianzisheng_cn_junior_chapter_expansion_v1_cn-junior-g7-number-line-distance_009,B,30,signed_difference_error,number_sense,这个选项通常来自signed difference error。
jianzisheng_cn_junior_chapter_expansion_v1_cn-junior-g7-number-line-distance_009,D,-13,signed_difference_error,number_sense,这个选项通常来自signed difference error。
jianzisheng_cn_junior_chapter_expansion_v1_cn-junior-g7-number-line-distance_009,E,26,signed_difference_error,number_sense,这个选项通常来自signed difference error。
jianzisheng_cn_junior_chapter_expansion_v1_cn-junior-g7-number-line-distance_010,A,26,signed_difference_error,number_sense,这个选项通常来自signed difference error。
jianzisheng_cn_junior_chapter_expansion_v1_cn-junior-g7-number-line-distance_010,C,-3,signed_difference_error,number_sense,这个选项通常来自signed difference error。
jianzisheng_cn_junior_chapter_expansion_v1_cn-junior-g7-number-line-distance_010,D,22,signed_difference_error,number_sense,这个选项通常来自signed difference error。
jianzisheng_cn_junior_chapter_expansion_v1_cn-junior-g7-number-line-distance_010,E,19,signed_difference_error,number_sense,这个选项通常来自signed difference error。
jianzisheng_cn_junior_chapter_expansion_v1_cn-junior-g7-number-line-distance_011,B,-1,signed_difference_error,number_sense,这个选项通常来自signed difference error。
jianzisheng_cn_junior_chapter_expansion_v1_cn-junior-g7-number-line-distance_011,C,26,signed_difference_error,number_sense,这个选项通常来自signed difference error。
jianzisheng_cn_junior_chapter_expansion_v1_cn-junior-g7-number-line-distance_011,D,23,signed_difference_error,number_sense,这个选项通常来自signed difference error。
jianzisheng_cn_junior_chapter_expansion_v1_cn-junior-g7-number-line-distance_011,E,30,signed_difference_error,number_sense,这个选项通常来自signed difference error。
jianzisheng_cn_junior_chapter_expansion_v1_cn-junior-g7-number-line-distance_012,A,1,signed_difference_error,number_sense,这个选项通常来自signed difference error。
jianzisheng_cn_junior_chapter_expansion_v1_cn-junior-g7-number-line-distance_012,B,30,signed_difference_error,number_sense,这个选项通常来自signed difference error。
jianzisheng_cn_junior_chapter_expansion_v1_cn-junior-g7-number-line-distance_012,C,27,signed_difference_error,number_sense,这个选项通常来自signed difference error。
jianzisheng_cn_junior_chapter_expansion_v1_cn-junior-g7-number-line-distance_012,D,34,signed_difference_error,number_sense,这个选项通常来自signed difference error。
jianzisheng_cn_junior_chapter_expansion_v1_cn-junior-g7-number-line-distance_013,A,20,signed_difference_error,number_sense,这个选项通常来自signed difference error。
jianzisheng_cn_junior_chapter_expansion_v1_cn-junior-g7-number-line-distance_013,B,17,signed_difference_error,number_sense,这个选项通常来自signed difference error。
jianzisheng_cn_junior_chapter_expansion_v1_cn-junior-g7-number-line-distance_013,C,24,signed_difference_error,number_sense,这个选项通常来自signed difference error。
jianzisheng_cn_junior_chapter_expansion_v1_cn-junior-g7-number-line-distance_013,E,-11,signed_difference_error,number_sense,这个选项通常来自signed difference error。
jianzisheng_cn_junior_chapter_expansion_v1_cn-junior-g7-number-line-distance_014,A,21,signed_difference_error,number_sense,这个选项通常来自signed difference error。
jianzisheng_cn_junior_chapter_expansion_v1_cn-junior-g7-number-line-distance_014,B,28,signed_difference_error,number_sense,这个选项通常来自signed difference error。
jianzisheng_cn_junior_chapter_expansion_v1_cn-junior-g7-number-line-distance_014,D,-9,signed_difference_error,number_sense,这个选项通常来自signed difference error。
jianzisheng_cn_junior_chapter_expansion_v1_cn-junior-g7-number-line-distance_014,E,24,signed_difference_error,number_sense,这个选项通常来自signed difference error。
jianzisheng_cn_junior_chapter_expansion_v1_cn-junior-g7-two-step-simplification_001,B,12x-2,partial_distribution_error,symbolic_fluency,这个选项通常来自partial distribution error。
jianzisheng_cn_junior_chapter_expansion_v1_cn-junior-g7-two-step-simplification_001,C,-7x+8,partial_distribution_error,symbolic_fluency,这个选项通常来自partial distribution error。
jianzisheng_cn_junior_chapter_expansion_v1_cn-junior-g7-two-step-simplification_001,D,12x,partial_distribution_error,symbolic_fluency,这个选项通常来自partial distribution error。
jianzisheng_cn_junior_chapter_expansion_v1_cn-junior-g7-two-step-simplification_001,E,8x-3,partial_distribution_error,symbolic_fluency,这个选项通常来自partial distribution error。
jianzisheng_cn_junior_chapter_expansion_v1_cn-junior-g7-two-step-simplification_002,A,-5x+0,partial_distribution_error,symbolic_fluency,这个选项通常来自partial distribution error。
jianzisheng_cn_junior_chapter_expansion_v1_cn-junior-g7-two-step-simplification_002,B,6x,partial_distribution_error,symbolic_fluency,这个选项通常来自partial distribution error。
jianzisheng_cn_junior_chapter_expansion_v1_cn-junior-g7-two-step-simplification_002,C,0x-2,partial_distribution_error,symbolic_fluency,这个选项通常来自partial distribution error。
jianzisheng_cn_junior_chapter_expansion_v1_cn-junior-g7-two-step-simplification_002,D,6x+0+5,partial_distribution_error,symbolic_fluency,这个选项通常来自partial distribution error。
jianzisheng_cn_junior_chapter_expansion_v1_cn-junior-g7-two-step-simplification_003,A,-3x-4,partial_distribution_error,symbolic_fluency,这个选项通常来自partial distribution error。
jianzisheng_cn_junior_chapter_expansion_v1_cn-junior-g7-two-step-simplification_003,B,2x,partial_distribution_error,symbolic_fluency,这个选项通常来自partial distribution error。
jianzisheng_cn_junior_chapter_expansion_v1_cn-junior-g7-two-step-simplification_003,C,-4x-1,partial_distribution_error,symbolic_fluency,这个选项通常来自partial distribution error。
jianzisheng_cn_junior_chapter_expansion_v1_cn-junior-g7-two-step-simplification_003,E,2x+2,partial_distribution_error,symbolic_fluency,这个选项通常来自partial distribution error。
jianzisheng_cn_junior_chapter_expansion_v1_cn-junior-g7-two-step-simplification_004,A,0x,partial_distribution_error,symbolic_fluency,这个选项通常来自partial distribution error。
jianzisheng_cn_junior_chapter_expansion_v1_cn-junior-g7-two-step-simplification_004,B,8x+0,partial_distribution_error,symbolic_fluency,这个选项通常来自partial distribution error。
jianzisheng_cn_junior_chapter_expansion_v1_cn-junior-g7-two-step-simplification_004,D,0x+4,partial_distribution_error,symbolic_fluency,这个选项通常来自partial distribution error。
jianzisheng_cn_junior_chapter_expansion_v1_cn-junior-g7-two-step-simplification_004,E,2x+8,partial_distribution_error,symbolic_fluency,这个选项通常来自partial distribution error。
jianzisheng_cn_junior_chapter_expansion_v1_cn-junior-g7-two-step-simplification_005,A,-15x+1,partial_distribution_error,symbolic_fluency,这个选项通常来自partial distribution error。
jianzisheng_cn_junior_chapter_expansion_v1_cn-junior-g7-two-step-simplification_005,C,3x-5,partial_distribution_error,symbolic_fluency,这个选项通常来自partial distribution error。
jianzisheng_cn_junior_chapter_expansion_v1_cn-junior-g7-two-step-simplification_005,D,4x-15,partial_distribution_error,symbolic_fluency,这个选项通常来自partial distribution error。
jianzisheng_cn_junior_chapter_expansion_v1_cn-junior-g7-two-step-simplification_005,E,3x,partial_distribution_error,symbolic_fluency,这个选项通常来自partial distribution error。
jianzisheng_cn_junior_chapter_expansion_v1_cn-junior-g7-two-step-simplification_006,B,8x-3,partial_distribution_error,symbolic_fluency,这个选项通常来自partial distribution error。
jianzisheng_cn_junior_chapter_expansion_v1_cn-junior-g7-two-step-simplification_006,C,6x-12,partial_distribution_error,symbolic_fluency,这个选项通常来自partial distribution error。
jianzisheng_cn_junior_chapter_expansion_v1_cn-junior-g7-two-step-simplification_006,D,8x,partial_distribution_error,symbolic_fluency,这个选项通常来自partial distribution error。
jianzisheng_cn_junior_chapter_expansion_v1_cn-junior-g7-two-step-simplification_006,E,-12x+2,partial_distribution_error,symbolic_fluency,这个选项通常来自partial distribution error。
jianzisheng_cn_junior_chapter_expansion_v1_cn-junior-g7-two-step-simplification_007,A,15x-1,partial_distribution_error,symbolic_fluency,这个选项通常来自partial distribution error。
jianzisheng_cn_junior_chapter_expansion_v1_cn-junior-g7-two-step-simplification_007,B,8x-5,partial_distribution_error,symbolic_fluency,这个选项通常来自partial distribution error。
jianzisheng_cn_junior_chapter_expansion_v1_cn-junior-g7-two-step-simplification_007,C,15x,partial_distribution_error,symbolic_fluency,这个选项通常来自partial distribution error。
jianzisheng_cn_junior_chapter_expansion_v1_cn-junior-g7-two-step-simplification_007,D,-5x+3,partial_distribution_error,symbolic_fluency,这个选项通常来自partial distribution error。
jianzisheng_cn_junior_chapter_expansion_v1_cn-junior-g7-two-step-simplification_008,A,-7x-4,partial_distribution_error,symbolic_fluency,这个选项通常来自partial distribution error。
jianzisheng_cn_junior_chapter_expansion_v1_cn-junior-g7-two-step-simplification_008,B,12x,partial_distribution_error,symbolic_fluency,这个选项通常来自partial distribution error。
jianzisheng_cn_junior_chapter_expansion_v1_cn-junior-g7-two-step-simplification_008,C,-4x-3,partial_distribution_error,symbolic_fluency,这个选项通常来自partial distribution error。
jianzisheng_cn_junior_chapter_expansion_v1_cn-junior-g7-two-step-simplification_008,E,12x+1,partial_distribution_error,symbolic_fluency,这个选项通常来自partial distribution error。
jianzisheng_cn_junior_chapter_expansion_v1_cn-junior-g7-two-step-simplification_009,A,6x,partial_distribution_error,symbolic_fluency,这个选项通常来自partial distribution error。
jianzisheng_cn_junior_chapter_expansion_v1_cn-junior-g7-two-step-simplification_009,B,-9x-2,partial_distribution_error,symbolic_fluency,这个选项通常来自partial distribution error。
jianzisheng_cn_junior_chapter_expansion_v1_cn-junior-g7-two-step-simplification_009,D,6x+3,partial_distribution_error,symbolic_fluency,这个选项通常来自partial distribution error。
jianzisheng_cn_junior_chapter_expansion_v1_cn-junior-g7-two-step-simplification_009,E,-5x-9,partial_distribution_error,symbolic_fluency,这个选项通常来自partial distribution error。
jianzisheng_cn_junior_chapter_expansion_v1_cn-junior-g7-two-step-simplification_010,A,-10x-1,partial_distribution_error,symbolic_fluency,这个选项通常来自partial distribution error。
jianzisheng_cn_junior_chapter_expansion_v1_cn-junior-g7-two-step-simplification_010,C,2x+5,partial_distribution_error,symbolic_fluency,这个选项通常来自partial distribution error。
jianzisheng_cn_junior_chapter_expansion_v1_cn-junior-g7-two-step-simplification_010,D,-3x-10,partial_distribution_error,symbolic_fluency,这个选项通常来自partial distribution error。
jianzisheng_cn_junior_chapter_expansion_v1_cn-junior-g7-two-step-simplification_010,E,2x,partial_distribution_error,symbolic_fluency,这个选项通常来自partial distribution error。
jianzisheng_cn_junior_chapter_expansion_v1_cn-junior-g7-two-step-simplification_011,B,0x-4,partial_distribution_error,symbolic_fluency,这个选项通常来自partial distribution error。
jianzisheng_cn_junior_chapter_expansion_v1_cn-junior-g7-two-step-simplification_011,C,2x-8,partial_distribution_error,symbolic_fluency,这个选项通常来自partial distribution error。
jianzisheng_cn_junior_chapter_expansion_v1_cn-junior-g7-two-step-simplification_011,D,0x,partial_distribution_error,symbolic_fluency,这个选项通常来自partial distribution error。
jianzisheng_cn_junior_chapter_expansion_v1_cn-junior-g7-two-step-simplification_011,E,-8x+0,partial_distribution_error,symbolic_fluency,这个选项通常来自partial distribution error。
jianzisheng_cn_junior_chapter_expansion_v1_cn-junior-g7-two-step-simplification_012,A,3x-2,partial_distribution_error,symbolic_fluency,这个选项通常来自partial distribution error。
jianzisheng_cn_junior_chapter_expansion_v1_cn-junior-g7-two-step-simplification_012,B,4x-6,partial_distribution_error,symbolic_fluency,这个选项通常来自partial distribution error。
jianzisheng_cn_junior_chapter_expansion_v1_cn-junior-g7-two-step-simplification_012,C,3x,partial_distribution_error,symbolic_fluency,这个选项通常来自partial distribution error。
jianzisheng_cn_junior_chapter_expansion_v1_cn-junior-g7-two-step-simplification_012,D,-6x+1,partial_distribution_error,symbolic_fluency,这个选项通常来自partial distribution error。
jianzisheng_cn_junior_chapter_expansion_v1_cn-junior-g7-two-step-simplification_013,A,8x,partial_distribution_error,symbolic_fluency,这个选项通常来自partial distribution error。
jianzisheng_cn_junior_chapter_expansion_v1_cn-junior-g7-two-step-simplification_013,B,0x+2,partial_distribution_error,symbolic_fluency,这个选项通常来自partial distribution error。
jianzisheng_cn_junior_chapter_expansion_v1_cn-junior-g7-two-step-simplification_013,C,8x+0+5,partial_distribution_error,symbolic_fluency,这个选项通常来自partial distribution error。
jianzisheng_cn_junior_chapter_expansion_v1_cn-junior-g7-two-step-simplification_013,E,6x+0,partial_distribution_error,symbolic_fluency,这个选项通常来自partial distribution error。
jianzisheng_cn_junior_chapter_expansion_v1_cn-junior-g7-two-step-simplification_014,A,15x,partial_distribution_error,symbolic_fluency,这个选项通常来自partial distribution error。
jianzisheng_cn_junior_chapter_expansion_v1_cn-junior-g7-two-step-simplification_014,B,10x+3,partial_distribution_error,symbolic_fluency,这个选项通常来自partial distribution error。
jianzisheng_cn_junior_chapter_expansion_v1_cn-junior-g7-two-step-simplification_014,D,15x+2,partial_distribution_error,symbolic_fluency,这个选项通常来自partial distribution error。
jianzisheng_cn_junior_chapter_expansion_v1_cn-junior-g7-two-step-simplification_014,E,8x+10,partial_distribution_error,symbolic_fluency,这个选项通常来自partial distribution error。
jianzisheng_cn_junior_chapter_expansion_v1_cn-junior-g7-proportion-equations_001,B,150,inverse_ratio_error,multiplicative_reasoning,这个选项通常来自inverse ratio error。
jianzisheng_cn_junior_chapter_expansion_v1_cn-junior-g7-proportion-equations_001,C,32,inverse_ratio_error,multiplicative_reasoning,这个选项通常来自inverse ratio error。
jianzisheng_cn_junior_chapter_expansion_v1_cn-junior-g7-proportion-equations_001,D,8,inverse_ratio_error,multiplicative_reasoning,这个选项通常来自inverse ratio error。
jianzisheng_cn_junior_chapter_expansion_v1_cn-junior-g7-proportion-equations_001,E,4,inverse_ratio_error,multiplicative_reasoning,这个选项通常来自inverse ratio error。
jianzisheng_cn_junior_chapter_expansion_v1_cn-junior-g7-proportion-equations_002,A,15,inverse_ratio_error,multiplicative_reasoning,这个选项通常来自inverse ratio error。
jianzisheng_cn_junior_chapter_expansion_v1_cn-junior-g7-proportion-equations_002,B,14,inverse_ratio_error,multiplicative_reasoning,这个选项通常来自inverse ratio error。
jianzisheng_cn_junior_chapter_expansion_v1_cn-junior-g7-proportion-equations_002,C,10,inverse_ratio_error,multiplicative_reasoning,这个选项通常来自inverse ratio error。
jianzisheng_cn_junior_chapter_expansion_v1_cn-junior-g7-proportion-equations_002,D,17,inverse_ratio_error,multiplicative_reasoning,这个选项通常来自inverse ratio error。
jianzisheng_cn_junior_chapter_expansion_v1_cn-junior-g7-proportion-equations_003,A,22,inverse_ratio_error,multiplicative_reasoning,这个选项通常来自inverse ratio error。
jianzisheng_cn_junior_chapter_expansion_v1_cn-junior-g7-proportion-equations_003,B,18,inverse_ratio_error,multiplicative_reasoning,这个选项通常来自inverse ratio error。
jianzisheng_cn_junior_chapter_expansion_v1_cn-junior-g7-proportion-equations_003,C,25,inverse_ratio_error,multiplicative_reasoning,这个选项通常来自inverse ratio error。
jianzisheng_cn_junior_chapter_expansion_v1_cn-junior-g7-proportion-equations_003,E,24,inverse_ratio_error,multiplicative_reasoning,这个选项通常来自inverse ratio error。
jianzisheng_cn_junior_chapter_expansion_v1_cn-junior-g7-proportion-equations_004,A,28,inverse_ratio_error,multiplicative_reasoning,这个选项通常来自inverse ratio error。
jianzisheng_cn_junior_chapter_expansion_v1_cn-junior-g7-proportion-equations_004,B,35,inverse_ratio_error,multiplicative_reasoning,这个选项通常来自inverse ratio error。
jianzisheng_cn_junior_chapter_expansion_v1_cn-junior-g7-proportion-equations_004,D,35,inverse_ratio_error,multiplicative_reasoning,这个选项通常来自inverse ratio error。
jianzisheng_cn_junior_chapter_expansion_v1_cn-junior-g7-proportion-equations_004,E,32,inverse_ratio_error,multiplicative_reasoning,这个选项通常来自inverse ratio error。
jianzisheng_cn_junior_chapter_expansion_v1_cn-junior-g7-proportion-equations_005,A,47,inverse_ratio_error,multiplicative_reasoning,这个选项通常来自inverse ratio error。
jianzisheng_cn_junior_chapter_expansion_v1_cn-junior-g7-proportion-equations_005,C,48,inverse_ratio_error,multiplicative_reasoning,这个选项通常来自inverse ratio error。
jianzisheng_cn_junior_chapter_expansion_v1_cn-junior-g7-proportion-equations_005,D,44,inverse_ratio_error,multiplicative_reasoning,这个选项通常来自inverse ratio error。
jianzisheng_cn_junior_chapter_expansion_v1_cn-junior-g7-proportion-equations_005,E,40,inverse_ratio_error,multiplicative_reasoning,这个选项通常来自inverse ratio error。
jianzisheng_cn_junior_chapter_expansion_v1_cn-junior-g7-proportion-equations_006,B,21,inverse_ratio_error,multiplicative_reasoning,这个选项通常来自inverse ratio error。
jianzisheng_cn_junior_chapter_expansion_v1_cn-junior-g7-proportion-equations_006,C,16,inverse_ratio_error,multiplicative_reasoning,这个选项通常来自inverse ratio error。
jianzisheng_cn_junior_chapter_expansion_v1_cn-junior-g7-proportion-equations_006,D,12,inverse_ratio_error,multiplicative_reasoning,这个选项通常来自inverse ratio error。
jianzisheng_cn_junior_chapter_expansion_v1_cn-junior-g7-proportion-equations_006,E,19,inverse_ratio_error,multiplicative_reasoning,这个选项通常来自inverse ratio error。
jianzisheng_cn_junior_chapter_expansion_v1_cn-junior-g7-proportion-equations_007,A,32,inverse_ratio_error,multiplicative_reasoning,这个选项通常来自inverse ratio error。
jianzisheng_cn_junior_chapter_expansion_v1_cn-junior-g7-proportion-equations_007,B,26,inverse_ratio_error,multiplicative_reasoning,这个选项通常来自inverse ratio error。
jianzisheng_cn_junior_chapter_expansion_v1_cn-junior-g7-proportion-equations_007,C,22,inverse_ratio_error,multiplicative_reasoning,这个选项通常来自inverse ratio error。
jianzisheng_cn_junior_chapter_expansion_v1_cn-junior-g7-proportion-equations_007,D,29,inverse_ratio_error,multiplicative_reasoning,这个选项通常来自inverse ratio error。
jianzisheng_cn_junior_chapter_expansion_v1_cn-junior-g7-proportion-equations_008,A,38,inverse_ratio_error,multiplicative_reasoning,这个选项通常来自inverse ratio error。
jianzisheng_cn_junior_chapter_expansion_v1_cn-junior-g7-proportion-equations_008,B,10,inverse_ratio_error,multiplicative_reasoning,这个选项通常来自inverse ratio error。
jianzisheng_cn_junior_chapter_expansion_v1_cn-junior-g7-proportion-equations_008,C,6,inverse_ratio_error,multiplicative_reasoning,这个选项通常来自inverse ratio error。
jianzisheng_cn_junior_chapter_expansion_v1_cn-junior-g7-proportion-equations_008,E,162,inverse_ratio_error,multiplicative_reasoning,这个选项通常来自inverse ratio error。
jianzisheng_cn_junior_chapter_expansion_v1_cn-junior-g7-proportion-equations_009,A,17,inverse_ratio_error,multiplicative_reasoning,这个选项通常来自inverse ratio error。
jianzisheng_cn_junior_chapter_expansion_v1_cn-junior-g7-proportion-equations_009,B,13,inverse_ratio_error,multiplicative_reasoning,这个选项通常来自inverse ratio error。
jianzisheng_cn_junior_chapter_expansion_v1_cn-junior-g7-proportion-equations_009,D,166.666667,inverse_ratio_error,multiplicative_reasoning,这个选项通常来自inverse ratio error。
jianzisheng_cn_junior_chapter_expansion_v1_cn-junior-g7-proportion-equations_009,E,53,inverse_ratio_error,multiplicative_reasoning,这个选项通常来自inverse ratio error。
jianzisheng_cn_junior_chapter_expansion_v1_cn-junior-g7-proportion-equations_010,A,29,inverse_ratio_error,multiplicative_reasoning,这个选项通常来自inverse ratio error。
jianzisheng_cn_junior_chapter_expansion_v1_cn-junior-g7-proportion-equations_010,C,13.5,inverse_ratio_error,multiplicative_reasoning,这个选项通常来自inverse ratio error。
jianzisheng_cn_junior_chapter_expansion_v1_cn-junior-g7-proportion-equations_010,D,22,inverse_ratio_error,multiplicative_reasoning,这个选项通常来自inverse ratio error。
jianzisheng_cn_junior_chapter_expansion_v1_cn-junior-g7-proportion-equations_010,E,26,inverse_ratio_error,multiplicative_reasoning,这个选项通常来自inverse ratio error。
jianzisheng_cn_junior_chapter_expansion_v1_cn-junior-g7-proportion-equations_011,B,22.4,inverse_ratio_error,multiplicative_reasoning,这个选项通常来自inverse ratio error。
jianzisheng_cn_junior_chapter_expansion_v1_cn-junior-g7-proportion-equations_011,C,33,inverse_ratio_error,multiplicative_reasoning,这个选项通常来自inverse ratio error。
jianzisheng_cn_junior_chapter_expansion_v1_cn-junior-g7-proportion-equations_011,D,37,inverse_ratio_error,multiplicative_reasoning,这个选项通常来自inverse ratio error。
jianzisheng_cn_junior_chapter_expansion_v1_cn-junior-g7-proportion-equations_011,E,40,inverse_ratio_error,multiplicative_reasoning,这个选项通常来自inverse ratio error。
jianzisheng_cn_junior_chapter_expansion_v1_cn-junior-g7-proportion-equations_012,A,8.333333,inverse_ratio_error,multiplicative_reasoning,这个选项通常来自inverse ratio error。
jianzisheng_cn_junior_chapter_expansion_v1_cn-junior-g7-proportion-equations_012,B,16,inverse_ratio_error,multiplicative_reasoning,这个选项通常来自inverse ratio error。
jianzisheng_cn_junior_chapter_expansion_v1_cn-junior-g7-proportion-equations_012,C,14,inverse_ratio_error,multiplicative_reasoning,这个选项通常来自inverse ratio error。
jianzisheng_cn_junior_chapter_expansion_v1_cn-junior-g7-proportion-equations_012,D,10,inverse_ratio_error,multiplicative_reasoning,这个选项通常来自inverse ratio error。
jianzisheng_cn_junior_chapter_expansion_v1_cn-junior-g7-proportion-equations_013,A,25,inverse_ratio_error,multiplicative_reasoning,这个选项通常来自inverse ratio error。
jianzisheng_cn_junior_chapter_expansion_v1_cn-junior-g7-proportion-equations_013,B,23,inverse_ratio_error,multiplicative_reasoning,这个选项通常来自inverse ratio error。
jianzisheng_cn_junior_chapter_expansion_v1_cn-junior-g7-proportion-equations_013,C,19,inverse_ratio_error,multiplicative_reasoning,这个选项通常来自inverse ratio error。
jianzisheng_cn_junior_chapter_expansion_v1_cn-junior-g7-proportion-equations_013,E,15.428571,inverse_ratio_error,multiplicative_reasoning,这个选项通常来自inverse ratio error。
jianzisheng_cn_junior_chapter_expansion_v1_cn-junior-g7-proportion-equations_014,A,34,inverse_ratio_error,multiplicative_reasoning,这个选项通常来自inverse ratio error。
jianzisheng_cn_junior_chapter_expansion_v1_cn-junior-g7-proportion-equations_014,B,30,inverse_ratio_error,multiplicative_reasoning,这个选项通常来自inverse ratio error。
jianzisheng_cn_junior_chapter_expansion_v1_cn-junior-g7-proportion-equations_014,D,24.5,inverse_ratio_error,multiplicative_reasoning,这个选项通常来自inverse ratio error。
jianzisheng_cn_junior_chapter_expansion_v1_cn-junior-g7-proportion-equations_014,E,36,inverse_ratio_error,multiplicative_reasoning,这个选项通常来自inverse ratio error。
jianzisheng_cn_junior_chapter_expansion_v1_cn-junior-g7-inequality-applications_001,B,13,inequality_direction_error,modeling,这个选项通常来自inequality direction error。
jianzisheng_cn_junior_chapter_expansion_v1_cn-junior-g7-inequality-applications_001,C,11,inequality_direction_error,modeling,这个选项通常来自inequality direction error。
jianzisheng_cn_junior_chapter_expansion_v1_cn-junior-g7-inequality-applications_001,D,14,inequality_direction_error,modeling,这个选项通常来自inequality direction error。
jianzisheng_cn_junior_chapter_expansion_v1_cn-junior-g7-inequality-applications_001,E,17,inequality_direction_error,modeling,这个选项通常来自inequality direction error。
jianzisheng_cn_junior_chapter_expansion_v1_cn-junior-g7-inequality-applications_002,A,6,inequality_direction_error,modeling,这个选项通常来自inequality direction error。
jianzisheng_cn_junior_chapter_expansion_v1_cn-junior-g7-inequality-applications_002,B,4,inequality_direction_error,modeling,这个选项通常来自inequality direction error。
jianzisheng_cn_junior_chapter_expansion_v1_cn-junior-g7-inequality-applications_002,C,7,inequality_direction_error,modeling,这个选项通常来自inequality direction error。
jianzisheng_cn_junior_chapter_expansion_v1_cn-junior-g7-inequality-applications_002,D,10,inequality_direction_error,modeling,这个选项通常来自inequality direction error。
jianzisheng_cn_junior_chapter_expansion_v1_cn-junior-g7-inequality-applications_003,A,5,inequality_direction_error,modeling,这个选项通常来自inequality direction error。
jianzisheng_cn_junior_chapter_expansion_v1_cn-junior-g7-inequality-applications_003,B,8,inequality_direction_error,modeling,这个选项通常来自inequality direction error。
jianzisheng_cn_junior_chapter_expansion_v1_cn-junior-g7-inequality-applications_003,C,11,inequality_direction_error,modeling,这个选项通常来自inequality direction error。
jianzisheng_cn_junior_chapter_expansion_v1_cn-junior-g7-inequality-applications_003,E,7,inequality_direction_error,modeling,这个选项通常来自inequality direction error。
jianzisheng_cn_junior_chapter_expansion_v1_cn-junior-g7-inequality-applications_004,A,9,inequality_direction_error,modeling,这个选项通常来自inequality direction error。
jianzisheng_cn_junior_chapter_expansion_v1_cn-junior-g7-inequality-applications_004,B,12,inequality_direction_error,modeling,这个选项通常来自inequality direction error。
jianzisheng_cn_junior_chapter_expansion_v1_cn-junior-g7-inequality-applications_004,D,8,inequality_direction_error,modeling,这个选项通常来自inequality direction error。
jianzisheng_cn_junior_chapter_expansion_v1_cn-junior-g7-inequality-applications_004,E,6,inequality_direction_error,modeling,这个选项通常来自inequality direction error。
jianzisheng_cn_junior_chapter_expansion_v1_cn-junior-g7-inequality-applications_005,A,13,inequality_direction_error,modeling,这个选项通常来自inequality direction error。
jianzisheng_cn_junior_chapter_expansion_v1_cn-junior-g7-inequality-applications_005,C,9,inequality_direction_error,modeling,这个选项通常来自inequality direction error。
jianzisheng_cn_junior_chapter_expansion_v1_cn-junior-g7-inequality-applications_005,D,7,inequality_direction_error,modeling,这个选项通常来自inequality direction error。
jianzisheng_cn_junior_chapter_expansion_v1_cn-junior-g7-inequality-applications_005,E,10,inequality_direction_error,modeling,这个选项通常来自inequality direction error。
jianzisheng_cn_junior_chapter_expansion_v1_cn-junior-g7-inequality-applications_006,B,10,inequality_direction_error,modeling,这个选项通常来自inequality direction error。
jianzisheng_cn_junior_chapter_expansion_v1_cn-junior-g7-inequality-applications_006,C,8,inequality_direction_error,modeling,这个选项通常来自inequality direction error。
jianzisheng_cn_junior_chapter_expansion_v1_cn-junior-g7-inequality-applications_006,D,11,inequality_direction_error,modeling,这个选项通常来自inequality direction error。
jianzisheng_cn_junior_chapter_expansion_v1_cn-junior-g7-inequality-applications_006,E,14,inequality_direction_error,modeling,这个选项通常来自inequality direction error。
jianzisheng_cn_junior_chapter_expansion_v1_cn-junior-g7-inequality-applications_007,A,11,inequality_direction_error,modeling,这个选项通常来自inequality direction error。
jianzisheng_cn_junior_chapter_expansion_v1_cn-junior-g7-inequality-applications_007,B,9,inequality_direction_error,modeling,这个选项通常来自inequality direction error。
jianzisheng_cn_junior_chapter_expansion_v1_cn-junior-g7-inequality-applications_007,C,12,inequality_direction_error,modeling,这个选项通常来自inequality direction error。
jianzisheng_cn_junior_chapter_expansion_v1_cn-junior-g7-inequality-applications_007,D,15,inequality_direction_error,modeling,这个选项通常来自inequality direction error。
jianzisheng_cn_junior_chapter_expansion_v1_cn-junior-g7-inequality-applications_008,A,10,inequality_direction_error,modeling,这个选项通常来自inequality direction error。
jianzisheng_cn_junior_chapter_expansion_v1_cn-junior-g7-inequality-applications_008,B,13,inequality_direction_error,modeling,这个选项通常来自inequality direction error。
jianzisheng_cn_junior_chapter_expansion_v1_cn-junior-g7-inequality-applications_008,C,16,inequality_direction_error,modeling,这个选项通常来自inequality direction error。
jianzisheng_cn_junior_chapter_expansion_v1_cn-junior-g7-inequality-applications_008,E,12,inequality_direction_error,modeling,这个选项通常来自inequality direction error。
jianzisheng_cn_junior_chapter_expansion_v1_cn-junior-g7-inequality-applications_009,A,14,inequality_direction_error,modeling,这个选项通常来自inequality direction error。
jianzisheng_cn_junior_chapter_expansion_v1_cn-junior-g7-inequality-applications_009,B,17,inequality_direction_error,modeling,这个选项通常来自inequality direction error。
jianzisheng_cn_junior_chapter_expansion_v1_cn-junior-g7-inequality-applications_009,D,13,inequality_direction_error,modeling,这个选项通常来自inequality direction error。
jianzisheng_cn_junior_chapter_expansion_v1_cn-junior-g7-inequality-applications_009,E,11,inequality_direction_error,modeling,这个选项通常来自inequality direction error。
jianzisheng_cn_junior_chapter_expansion_v1_cn-junior-g7-inequality-applications_010,A,10,inequality_direction_error,modeling,这个选项通常来自inequality direction error。
jianzisheng_cn_junior_chapter_expansion_v1_cn-junior-g7-inequality-applications_010,C,6,inequality_direction_error,modeling,这个选项通常来自inequality direction error。
jianzisheng_cn_junior_chapter_expansion_v1_cn-junior-g7-inequality-applications_010,D,4,inequality_direction_error,modeling,这个选项通常来自inequality direction error。
jianzisheng_cn_junior_chapter_expansion_v1_cn-junior-g7-inequality-applications_010,E,7,inequality_direction_error,modeling,这个选项通常来自inequality direction error。
jianzisheng_cn_junior_chapter_expansion_v1_cn-junior-g7-inequality-applications_011,B,7,inequality_direction_error,modeling,这个选项通常来自inequality direction error。
jianzisheng_cn_junior_chapter_expansion_v1_cn-junior-g7-inequality-applications_011,C,5,inequality_direction_error,modeling,这个选项通常来自inequality direction error。
jianzisheng_cn_junior_chapter_expansion_v1_cn-junior-g7-inequality-applications_011,D,8,inequality_direction_error,modeling,这个选项通常来自inequality direction error。
jianzisheng_cn_junior_chapter_expansion_v1_cn-junior-g7-inequality-applications_011,E,11,inequality_direction_error,modeling,这个选项通常来自inequality direction error。
jianzisheng_cn_junior_chapter_expansion_v1_cn-junior-g7-inequality-applications_012,A,8,inequality_direction_error,modeling,这个选项通常来自inequality direction error。
jianzisheng_cn_junior_chapter_expansion_v1_cn-junior-g7-inequality-applications_012,B,6,inequality_direction_error,modeling,这个选项通常来自inequality direction error。
jianzisheng_cn_junior_chapter_expansion_v1_cn-junior-g7-inequality-applications_012,C,9,inequality_direction_error,modeling,这个选项通常来自inequality direction error。
jianzisheng_cn_junior_chapter_expansion_v1_cn-junior-g7-inequality-applications_012,D,12,inequality_direction_error,modeling,这个选项通常来自inequality direction error。
jianzisheng_cn_junior_chapter_expansion_v1_cn-junior-g7-inequality-applications_013,A,7,inequality_direction_error,modeling,这个选项通常来自inequality direction error。
jianzisheng_cn_junior_chapter_expansion_v1_cn-junior-g7-inequality-applications_013,B,10,inequality_direction_error,modeling,这个选项通常来自inequality direction error。
jianzisheng_cn_junior_chapter_expansion_v1_cn-junior-g7-inequality-applications_013,C,13,inequality_direction_error,modeling,这个选项通常来自inequality direction error。
jianzisheng_cn_junior_chapter_expansion_v1_cn-junior-g7-inequality-applications_013,E,9,inequality_direction_error,modeling,这个选项通常来自inequality direction error。
jianzisheng_cn_junior_chapter_expansion_v1_cn-junior-g7-inequality-applications_014,A,11,inequality_direction_error,modeling,这个选项通常来自inequality direction error。
jianzisheng_cn_junior_chapter_expansion_v1_cn-junior-g7-inequality-applications_014,B,14,inequality_direction_error,modeling,这个选项通常来自inequality direction error。
jianzisheng_cn_junior_chapter_expansion_v1_cn-junior-g7-inequality-applications_014,D,10,inequality_direction_error,modeling,这个选项通常来自inequality direction error。
jianzisheng_cn_junior_chapter_expansion_v1_cn-junior-g7-inequality-applications_014,E,8,inequality_direction_error,modeling,这个选项通常来自inequality direction error。
jianzisheng_cn_junior_chapter_expansion_v1_cn-junior-g7-coordinate-plane_001,B,第一象限,coordinate_order_error,spatial_reasoning,这个选项通常来自coordinate order error。
jianzisheng_cn_junior_chapter_expansion_v1_cn-junior-g7-coordinate-plane_001,C,第三象限,coordinate_order_error,spatial_reasoning,这个选项通常来自coordinate order error。
jianzisheng_cn_junior_chapter_expansion_v1_cn-junior-g7-coordinate-plane_001,D,第四象限,coordinate_order_error,spatial_reasoning,这个选项通常来自coordinate order error。
jianzisheng_cn_junior_chapter_expansion_v1_cn-junior-g7-coordinate-plane_001,E,x轴上,coordinate_order_error,spatial_reasoning,这个选项通常来自coordinate order error。
jianzisheng_cn_junior_chapter_expansion_v1_cn-junior-g7-coordinate-plane_002,A,第一象限,coordinate_order_error,spatial_reasoning,这个选项通常来自coordinate order error。
jianzisheng_cn_junior_chapter_expansion_v1_cn-junior-g7-coordinate-plane_002,B,第二象限,coordinate_order_error,spatial_reasoning,这个选项通常来自coordinate order error。
jianzisheng_cn_junior_chapter_expansion_v1_cn-junior-g7-coordinate-plane_002,C,第四象限,coordinate_order_error,spatial_reasoning,这个选项通常来自coordinate order error。
jianzisheng_cn_junior_chapter_expansion_v1_cn-junior-g7-coordinate-plane_002,D,x轴上,coordinate_order_error,spatial_reasoning,这个选项通常来自coordinate order error。
jianzisheng_cn_junior_chapter_expansion_v1_cn-junior-g7-coordinate-plane_003,A,第二象限,coordinate_order_error,spatial_reasoning,这个选项通常来自coordinate order error。
jianzisheng_cn_junior_chapter_expansion_v1_cn-junior-g7-coordinate-plane_003,B,第三象限,coordinate_order_error,spatial_reasoning,这个选项通常来自coordinate order error。
jianzisheng_cn_junior_chapter_expansion_v1_cn-junior-g7-coordinate-plane_003,C,x轴上,coordinate_order_error,spatial_reasoning,这个选项通常来自coordinate order error。
jianzisheng_cn_junior_chapter_expansion_v1_cn-junior-g7-coordinate-plane_003,E,第一象限,coordinate_order_error,spatial_reasoning,这个选项通常来自coordinate order error。
jianzisheng_cn_junior_chapter_expansion_v1_cn-junior-g7-coordinate-plane_004,A,第三象限,coordinate_order_error,spatial_reasoning,这个选项通常来自coordinate order error。
jianzisheng_cn_junior_chapter_expansion_v1_cn-junior-g7-coordinate-plane_004,B,第四象限,coordinate_order_error,spatial_reasoning,这个选项通常来自coordinate order error。
jianzisheng_cn_junior_chapter_expansion_v1_cn-junior-g7-coordinate-plane_004,D,第一象限,coordinate_order_error,spatial_reasoning,这个选项通常来自coordinate order error。
jianzisheng_cn_junior_chapter_expansion_v1_cn-junior-g7-coordinate-plane_004,E,第二象限,coordinate_order_error,spatial_reasoning,这个选项通常来自coordinate order error。
jianzisheng_cn_junior_chapter_expansion_v1_cn-junior-g7-coordinate-plane_005,A,第四象限,coordinate_order_error,spatial_reasoning,这个选项通常来自coordinate order error。
jianzisheng_cn_junior_chapter_expansion_v1_cn-junior-g7-coordinate-plane_005,C,第一象限,coordinate_order_error,spatial_reasoning,这个选项通常来自coordinate order error。
jianzisheng_cn_junior_chapter_expansion_v1_cn-junior-g7-coordinate-plane_005,D,第二象限,coordinate_order_error,spatial_reasoning,这个选项通常来自coordinate order error。
jianzisheng_cn_junior_chapter_expansion_v1_cn-junior-g7-coordinate-plane_005,E,第三象限,coordinate_order_error,spatial_reasoning,这个选项通常来自coordinate order error。
jianzisheng_cn_junior_chapter_expansion_v1_cn-junior-g7-coordinate-plane_006,B,第二象限,coordinate_order_error,spatial_reasoning,这个选项通常来自coordinate order error。
jianzisheng_cn_junior_chapter_expansion_v1_cn-junior-g7-coordinate-plane_006,C,第三象限,coordinate_order_error,spatial_reasoning,这个选项通常来自coordinate order error。
jianzisheng_cn_junior_chapter_expansion_v1_cn-junior-g7-coordinate-plane_006,D,第四象限,coordinate_order_error,spatial_reasoning,这个选项通常来自coordinate order error。
jianzisheng_cn_junior_chapter_expansion_v1_cn-junior-g7-coordinate-plane_006,E,x轴上,coordinate_order_error,spatial_reasoning,这个选项通常来自coordinate order error。
jianzisheng_cn_junior_chapter_expansion_v1_cn-junior-g7-coordinate-plane_007,A,第一象限,coordinate_order_error,spatial_reasoning,这个选项通常来自coordinate order error。
jianzisheng_cn_junior_chapter_expansion_v1_cn-junior-g7-coordinate-plane_007,B,第三象限,coordinate_order_error,spatial_reasoning,这个选项通常来自coordinate order error。
jianzisheng_cn_junior_chapter_expansion_v1_cn-junior-g7-coordinate-plane_007,C,第四象限,coordinate_order_error,spatial_reasoning,这个选项通常来自coordinate order error。
jianzisheng_cn_junior_chapter_expansion_v1_cn-junior-g7-coordinate-plane_007,D,x轴上,coordinate_order_error,spatial_reasoning,这个选项通常来自coordinate order error。
jianzisheng_cn_junior_chapter_expansion_v1_cn-junior-g7-coordinate-plane_008,A,第二象限,coordinate_order_error,spatial_reasoning,这个选项通常来自coordinate order error。
jianzisheng_cn_junior_chapter_expansion_v1_cn-junior-g7-coordinate-plane_008,B,第四象限,coordinate_order_error,spatial_reasoning,这个选项通常来自coordinate order error。
jianzisheng_cn_junior_chapter_expansion_v1_cn-junior-g7-coordinate-plane_008,C,x轴上,coordinate_order_error,spatial_reasoning,这个选项通常来自coordinate order error。
jianzisheng_cn_junior_chapter_expansion_v1_cn-junior-g7-coordinate-plane_008,E,第一象限,coordinate_order_error,spatial_reasoning,这个选项通常来自coordinate order error。
jianzisheng_cn_junior_chapter_expansion_v1_cn-junior-g7-coordinate-plane_009,A,第三象限,coordinate_order_error,spatial_reasoning,这个选项通常来自coordinate order error。
jianzisheng_cn_junior_chapter_expansion_v1_cn-junior-g7-coordinate-plane_009,B,x轴上,coordinate_order_error,spatial_reasoning,这个选项通常来自coordinate order error。
jianzisheng_cn_junior_chapter_expansion_v1_cn-junior-g7-coordinate-plane_009,D,第一象限,coordinate_order_error,spatial_reasoning,这个选项通常来自coordinate order error。
jianzisheng_cn_junior_chapter_expansion_v1_cn-junior-g7-coordinate-plane_009,E,第二象限,coordinate_order_error,spatial_reasoning,这个选项通常来自coordinate order error。
jianzisheng_cn_junior_chapter_expansion_v1_cn-junior-g7-coordinate-plane_010,A,第四象限,coordinate_order_error,spatial_reasoning,这个选项通常来自coordinate order error。
jianzisheng_cn_junior_chapter_expansion_v1_cn-junior-g7-coordinate-plane_010,C,第一象限,coordinate_order_error,spatial_reasoning,这个选项通常来自coordinate order error。
jianzisheng_cn_junior_chapter_expansion_v1_cn-junior-g7-coordinate-plane_010,D,第二象限,coordinate_order_error,spatial_reasoning,这个选项通常来自coordinate order error。
jianzisheng_cn_junior_chapter_expansion_v1_cn-junior-g7-coordinate-plane_010,E,第三象限,coordinate_order_error,spatial_reasoning,这个选项通常来自coordinate order error。
jianzisheng_cn_junior_chapter_expansion_v1_cn-junior-g7-coordinate-plane_011,B,第一象限,coordinate_order_error,spatial_reasoning,这个选项通常来自coordinate order error。
jianzisheng_cn_junior_chapter_expansion_v1_cn-junior-g7-coordinate-plane_011,C,第二象限,coordinate_order_error,spatial_reasoning,这个选项通常来自coordinate order error。
jianzisheng_cn_junior_chapter_expansion_v1_cn-junior-g7-coordinate-plane_011,D,第三象限,coordinate_order_error,spatial_reasoning,这个选项通常来自coordinate order error。
jianzisheng_cn_junior_chapter_expansion_v1_cn-junior-g7-coordinate-plane_011,E,第四象限,coordinate_order_error,spatial_reasoning,这个选项通常来自coordinate order error。
jianzisheng_cn_junior_chapter_expansion_v1_cn-junior-g7-coordinate-plane_012,A,第二象限,coordinate_order_error,spatial_reasoning,这个选项通常来自coordinate order error。
jianzisheng_cn_junior_chapter_expansion_v1_cn-junior-g7-coordinate-plane_012,B,第三象限,coordinate_order_error,spatial_reasoning,这个选项通常来自coordinate order error。
jianzisheng_cn_junior_chapter_expansion_v1_cn-junior-g7-coordinate-plane_012,C,第四象限,coordinate_order_error,spatial_reasoning,这个选项通常来自coordinate order error。
jianzisheng_cn_junior_chapter_expansion_v1_cn-junior-g7-coordinate-plane_012,D,x轴上,coordinate_order_error,spatial_reasoning,这个选项通常来自coordinate order error。
jianzisheng_cn_junior_chapter_expansion_v1_cn-junior-g7-coordinate-plane_013,A,第三象限,coordinate_order_error,spatial_reasoning,这个选项通常来自coordinate order error。
jianzisheng_cn_junior_chapter_expansion_v1_cn-junior-g7-coordinate-plane_013,B,第四象限,coordinate_order_error,spatial_reasoning,这个选项通常来自coordinate order error。
jianzisheng_cn_junior_chapter_expansion_v1_cn-junior-g7-coordinate-plane_013,C,x轴上,coordinate_order_error,spatial_reasoning,这个选项通常来自coordinate order error。
jianzisheng_cn_junior_chapter_expansion_v1_cn-junior-g7-coordinate-plane_013,E,第一象限,coordinate_order_error,spatial_reasoning,这个选项通常来自coordinate order error。
jianzisheng_cn_junior_chapter_expansion_v1_cn-junior-g7-coordinate-plane_014,A,第四象限,coordinate_order_error,spatial_reasoning,这个选项通常来自coordinate order error。
jianzisheng_cn_junior_chapter_expansion_v1_cn-junior-g7-coordinate-plane_014,B,x轴上,coordinate_order_error,spatial_reasoning,这个选项通常来自coordinate order error。
jianzisheng_cn_junior_chapter_expansion_v1_cn-junior-g7-coordinate-plane_014,D,第一象限,coordinate_order_error,spatial_reasoning,这个选项通常来自coordinate order error。
jianzisheng_cn_junior_chapter_expansion_v1_cn-junior-g7-coordinate-plane_014,E,第二象限,coordinate_order_error,spatial_reasoning,这个选项通常来自coordinate order error。
jianzisheng_cn_junior_chapter_expansion_v1_cn-junior-g7-angle-equations_001,B,18,angle_sum_error,modeling,这个选项通常来自angle sum error。
jianzisheng_cn_junior_chapter_expansion_v1_cn-junior-g7-angle-equations_001,C,16,angle_sum_error,modeling,这个选项通常来自angle sum error。
jianzisheng_cn_junior_chapter_expansion_v1_cn-junior-g7-angle-equations_001,D,56,angle_sum_error,modeling,这个选项通常来自angle sum error。
jianzisheng_cn_junior_chapter_expansion_v1_cn-junior-g7-angle-equations_001,E,-17,angle_sum_error,modeling,这个选项通常来自angle sum error。
jianzisheng_cn_junior_chapter_expansion_v1_cn-junior-g7-angle-equations_002,A,19,angle_sum_error,modeling,这个选项通常来自angle sum error。
jianzisheng_cn_junior_chapter_expansion_v1_cn-junior-g7-angle-equations_002,B,17,angle_sum_error,modeling,这个选项通常来自angle sum error。
jianzisheng_cn_junior_chapter_expansion_v1_cn-junior-g7-angle-equations_002,C,42,angle_sum_error,modeling,这个选项通常来自angle sum error。
jianzisheng_cn_junior_chapter_expansion_v1_cn-junior-g7-angle-equations_002,D,-18,angle_sum_error,modeling,这个选项通常来自angle sum error。
jianzisheng_cn_junior_chapter_expansion_v1_cn-junior-g7-angle-equations_003,A,18,angle_sum_error,modeling,这个选项通常来自angle sum error。
jianzisheng_cn_junior_chapter_expansion_v1_cn-junior-g7-angle-equations_003,B,33,angle_sum_error,modeling,这个选项通常来自angle sum error。
jianzisheng_cn_junior_chapter_expansion_v1_cn-junior-g7-angle-equations_003,C,-19,angle_sum_error,modeling,这个选项通常来自angle sum error。
jianzisheng_cn_junior_chapter_expansion_v1_cn-junior-g7-angle-equations_003,E,20,angle_sum_error,modeling,这个选项通常来自angle sum error。
jianzisheng_cn_junior_chapter_expansion_v1_cn-junior-g7-angle-equations_004,A,28,angle_sum_error,modeling,这个选项通常来自angle sum error。
jianzisheng_cn_junior_chapter_expansion_v1_cn-junior-g7-angle-equations_004,B,-20,angle_sum_error,modeling,这个选项通常来自angle sum error。
jianzisheng_cn_junior_chapter_expansion_v1_cn-junior-g7-angle-equations_004,D,21,angle_sum_error,modeling,这个选项通常来自angle sum error。
jianzisheng_cn_junior_chapter_expansion_v1_cn-junior-g7-angle-equations_004,E,19,angle_sum_error,modeling,这个选项通常来自angle sum error。
jianzisheng_cn_junior_chapter_expansion_v1_cn-junior-g7-angle-equations_005,A,-21,angle_sum_error,modeling,这个选项通常来自angle sum error。
jianzisheng_cn_junior_chapter_expansion_v1_cn-junior-g7-angle-equations_005,C,22,angle_sum_error,modeling,这个选项通常来自angle sum error。
jianzisheng_cn_junior_chapter_expansion_v1_cn-junior-g7-angle-equations_005,D,20,angle_sum_error,modeling,这个选项通常来自angle sum error。
jianzisheng_cn_junior_chapter_expansion_v1_cn-junior-g7-angle-equations_005,E,23,angle_sum_error,modeling,这个选项通常来自angle sum error。
jianzisheng_cn_junior_chapter_expansion_v1_cn-junior-g7-angle-equations_006,B,23,angle_sum_error,modeling,这个选项通常来自angle sum error。
jianzisheng_cn_junior_chapter_expansion_v1_cn-junior-g7-angle-equations_006,C,21,angle_sum_error,modeling,这个选项通常来自angle sum error。
jianzisheng_cn_junior_chapter_expansion_v1_cn-junior-g7-angle-equations_006,D,82,angle_sum_error,modeling,这个选项通常来自angle sum error。
jianzisheng_cn_junior_chapter_expansion_v1_cn-junior-g7-angle-equations_006,E,-22,angle_sum_error,modeling,这个选项通常来自angle sum error。
jianzisheng_cn_junior_chapter_expansion_v1_cn-junior-g7-angle-equations_007,A,24,angle_sum_error,modeling,这个选项通常来自angle sum error。
jianzisheng_cn_junior_chapter_expansion_v1_cn-junior-g7-angle-equations_007,B,22,angle_sum_error,modeling,这个选项通常来自angle sum error。
jianzisheng_cn_junior_chapter_expansion_v1_cn-junior-g7-angle-equations_007,C,54,angle_sum_error,modeling,这个选项通常来自angle sum error。
jianzisheng_cn_junior_chapter_expansion_v1_cn-junior-g7-angle-equations_007,D,-23,angle_sum_error,modeling,这个选项通常来自angle sum error。
jianzisheng_cn_junior_chapter_expansion_v1_cn-junior-g7-angle-equations_008,A,23,angle_sum_error,modeling,这个选项通常来自angle sum error。
jianzisheng_cn_junior_chapter_expansion_v1_cn-junior-g7-angle-equations_008,B,40,angle_sum_error,modeling,这个选项通常来自angle sum error。
jianzisheng_cn_junior_chapter_expansion_v1_cn-junior-g7-angle-equations_008,C,-24,angle_sum_error,modeling,这个选项通常来自angle sum error。
jianzisheng_cn_junior_chapter_expansion_v1_cn-junior-g7-angle-equations_008,E,25,angle_sum_error,modeling,这个选项通常来自angle sum error。
jianzisheng_cn_junior_chapter_expansion_v1_cn-junior-g7-angle-equations_009,A,35,angle_sum_error,modeling,这个选项通常来自angle sum error。
jianzisheng_cn_junior_chapter_expansion_v1_cn-junior-g7-angle-equations_009,B,-25,angle_sum_error,modeling,这个选项通常来自angle sum error。
jianzisheng_cn_junior_chapter_expansion_v1_cn-junior-g7-angle-equations_009,D,26,angle_sum_error,modeling,这个选项通常来自angle sum error。
jianzisheng_cn_junior_chapter_expansion_v1_cn-junior-g7-angle-equations_009,E,24,angle_sum_error,modeling,这个选项通常来自angle sum error。
jianzisheng_cn_junior_chapter_expansion_v1_cn-junior-g7-angle-equations_010,A,-26,angle_sum_error,modeling,这个选项通常来自angle sum error。
jianzisheng_cn_junior_chapter_expansion_v1_cn-junior-g7-angle-equations_010,C,27,angle_sum_error,modeling,这个选项通常来自angle sum error。
jianzisheng_cn_junior_chapter_expansion_v1_cn-junior-g7-angle-equations_010,D,25,angle_sum_error,modeling,这个选项通常来自angle sum error。
jianzisheng_cn_junior_chapter_expansion_v1_cn-junior-g7-angle-equations_010,E,29,angle_sum_error,modeling,这个选项通常来自angle sum error。
jianzisheng_cn_junior_chapter_expansion_v1_cn-junior-g7-angle-equations_011,B,28,angle_sum_error,modeling,这个选项通常来自angle sum error。
jianzisheng_cn_junior_chapter_expansion_v1_cn-junior-g7-angle-equations_011,C,26,angle_sum_error,modeling,这个选项通常来自angle sum error。
jianzisheng_cn_junior_chapter_expansion_v1_cn-junior-g7-angle-equations_011,D,25,angle_sum_error,modeling,这个选项通常来自angle sum error。
jianzisheng_cn_junior_chapter_expansion_v1_cn-junior-g7-angle-equations_011,E,-27,angle_sum_error,modeling,这个选项通常来自angle sum error。
jianzisheng_cn_junior_chapter_expansion_v1_cn-junior-g7-angle-equations_012,A,11,angle_sum_error,modeling,这个选项通常来自angle sum error。
jianzisheng_cn_junior_chapter_expansion_v1_cn-junior-g7-angle-equations_012,B,9,angle_sum_error,modeling,这个选项通常来自angle sum error。
jianzisheng_cn_junior_chapter_expansion_v1_cn-junior-g7-angle-equations_012,C,86,angle_sum_error,modeling,这个选项通常来自angle sum error。
jianzisheng_cn_junior_chapter_expansion_v1_cn-junior-g7-angle-equations_012,D,-10,angle_sum_error,modeling,这个选项通常来自angle sum error。
jianzisheng_cn_junior_chapter_expansion_v1_cn-junior-g7-angle-equations_013,A,10,angle_sum_error,modeling,这个选项通常来自angle sum error。
jianzisheng_cn_junior_chapter_expansion_v1_cn-junior-g7-angle-equations_013,B,57,angle_sum_error,modeling,这个选项通常来自angle sum error。
jianzisheng_cn_junior_chapter_expansion_v1_cn-junior-g7-angle-equations_013,C,-11,angle_sum_error,modeling,这个选项通常来自angle sum error。
jianzisheng_cn_junior_chapter_expansion_v1_cn-junior-g7-angle-equations_013,E,12,angle_sum_error,modeling,这个选项通常来自angle sum error。
jianzisheng_cn_junior_chapter_expansion_v1_cn-junior-g7-angle-equations_014,A,43,angle_sum_error,modeling,这个选项通常来自angle sum error。
jianzisheng_cn_junior_chapter_expansion_v1_cn-junior-g7-angle-equations_014,B,-12,angle_sum_error,modeling,这个选项通常来自angle sum error。
jianzisheng_cn_junior_chapter_expansion_v1_cn-junior-g7-angle-equations_014,D,13,angle_sum_error,modeling,这个选项通常来自angle sum error。
jianzisheng_cn_junior_chapter_expansion_v1_cn-junior-g7-angle-equations_014,E,11,angle_sum_error,modeling,这个选项通常来自angle sum error。
jianzisheng_cn_junior_chapter_expansion_v1_cn-junior-g8-triangles_001,B,x>16,endpoint_inclusion_error,geometric_reasoning,这个选项通常来自endpoint inclusion error。
jianzisheng_cn_junior_chapter_expansion_v1_cn-junior-g8-triangles_001,C,x<16,endpoint_inclusion_error,geometric_reasoning,这个选项通常来自endpoint inclusion error。
jianzisheng_cn_junior_chapter_expansion_v1_cn-junior-g8-triangles_001,D,2≤x≤16,endpoint_inclusion_error,geometric_reasoning,这个选项通常来自endpoint inclusion error。
jianzisheng_cn_junior_chapter_expansion_v1_cn-junior-g8-triangles_001,E,x>2,endpoint_inclusion_error,geometric_reasoning,这个选项通常来自endpoint inclusion error。
jianzisheng_cn_junior_chapter_expansion_v1_cn-junior-g8-triangles_002,A,x>19,endpoint_inclusion_error,geometric_reasoning,这个选项通常来自endpoint inclusion error。
jianzisheng_cn_junior_chapter_expansion_v1_cn-junior-g8-triangles_002,B,x<19,endpoint_inclusion_error,geometric_reasoning,这个选项通常来自endpoint inclusion error。
jianzisheng_cn_junior_chapter_expansion_v1_cn-junior-g8-triangles_002,C,1≤x≤19,endpoint_inclusion_error,geometric_reasoning,这个选项通常来自endpoint inclusion error。
jianzisheng_cn_junior_chapter_expansion_v1_cn-junior-g8-triangles_002,D,x>1,endpoint_inclusion_error,geometric_reasoning,这个选项通常来自endpoint inclusion error。
jianzisheng_cn_junior_chapter_expansion_v1_cn-junior-g8-triangles_003,A,x<22,endpoint_inclusion_error,geometric_reasoning,这个选项通常来自endpoint inclusion error。
jianzisheng_cn_junior_chapter_expansion_v1_cn-junior-g8-triangles_003,B,0≤x≤22,endpoint_inclusion_error,geometric_reasoning,这个选项通常来自endpoint inclusion error。
jianzisheng_cn_junior_chapter_expansion_v1_cn-junior-g8-triangles_003,C,x>0,endpoint_inclusion_error,geometric_reasoning,这个选项通常来自endpoint inclusion error。
jianzisheng_cn_junior_chapter_expansion_v1_cn-junior-g8-triangles_003,E,x>22,endpoint_inclusion_error,geometric_reasoning,这个选项通常来自endpoint inclusion error。
jianzisheng_cn_junior_chapter_expansion_v1_cn-junior-g8-triangles_004,A,1≤x≤25,endpoint_inclusion_error,geometric_reasoning,这个选项通常来自endpoint inclusion error。
jianzisheng_cn_junior_chapter_expansion_v1_cn-junior-g8-triangles_004,B,x>1,endpoint_inclusion_error,geometric_reasoning,这个选项通常来自endpoint inclusion error。
jianzisheng_cn_junior_chapter_expansion_v1_cn-junior-g8-triangles_004,D,x>25,endpoint_inclusion_error,geometric_reasoning,这个选项通常来自endpoint inclusion error。
jianzisheng_cn_junior_chapter_expansion_v1_cn-junior-g8-triangles_004,E,x<25,endpoint_inclusion_error,geometric_reasoning,这个选项通常来自endpoint inclusion error。
jianzisheng_cn_junior_chapter_expansion_v1_cn-junior-g8-triangles_005,A,x>11,endpoint_inclusion_error,geometric_reasoning,这个选项通常来自endpoint inclusion error。
jianzisheng_cn_junior_chapter_expansion_v1_cn-junior-g8-triangles_005,C,x>19,endpoint_inclusion_error,geometric_reasoning,这个选项通常来自endpoint inclusion error。
jianzisheng_cn_junior_chapter_expansion_v1_cn-junior-g8-triangles_005,D,x<19,endpoint_inclusion_error,geometric_reasoning,这个选项通常来自endpoint inclusion error。
jianzisheng_cn_junior_chapter_expansion_v1_cn-junior-g8-triangles_005,E,11≤x≤19,endpoint_inclusion_error,geometric_reasoning,这个选项通常来自endpoint inclusion error。
jianzisheng_cn_junior_chapter_expansion_v1_cn-junior-g8-triangles_006,B,x>12,endpoint_inclusion_error,geometric_reasoning,这个选项通常来自endpoint inclusion error。
jianzisheng_cn_junior_chapter_expansion_v1_cn-junior-g8-triangles_006,C,x<12,endpoint_inclusion_error,geometric_reasoning,这个选项通常来自endpoint inclusion error。
jianzisheng_cn_junior_chapter_expansion_v1_cn-junior-g8-triangles_006,D,2≤x≤12,endpoint_inclusion_error,geometric_reasoning,这个选项通常来自endpoint inclusion error。
jianzisheng_cn_junior_chapter_expansion_v1_cn-junior-g8-triangles_006,E,x>2,endpoint_inclusion_error,geometric_reasoning,这个选项通常来自endpoint inclusion error。
jianzisheng_cn_junior_chapter_expansion_v1_cn-junior-g8-triangles_007,A,x>15,endpoint_inclusion_error,geometric_reasoning,这个选项通常来自endpoint inclusion error。
jianzisheng_cn_junior_chapter_expansion_v1_cn-junior-g8-triangles_007,B,x<15,endpoint_inclusion_error,geometric_reasoning,这个选项通常来自endpoint inclusion error。
jianzisheng_cn_junior_chapter_expansion_v1_cn-junior-g8-triangles_007,C,3≤x≤15,endpoint_inclusion_error,geometric_reasoning,这个选项通常来自endpoint inclusion error。
jianzisheng_cn_junior_chapter_expansion_v1_cn-junior-g8-triangles_007,D,x>3,endpoint_inclusion_error,geometric_reasoning,这个选项通常来自endpoint inclusion error。
jianzisheng_cn_junior_chapter_expansion_v1_cn-junior-g8-triangles_008,A,x<18,endpoint_inclusion_error,geometric_reasoning,这个选项通常来自endpoint inclusion error。
jianzisheng_cn_junior_chapter_expansion_v1_cn-junior-g8-triangles_008,B,4≤x≤18,endpoint_inclusion_error,geometric_reasoning,这个选项通常来自endpoint inclusion error。
jianzisheng_cn_junior_chapter_expansion_v1_cn-junior-g8-triangles_008,C,x>4,endpoint_inclusion_error,geometric_reasoning,这个选项通常来自endpoint inclusion error。
jianzisheng_cn_junior_chapter_expansion_v1_cn-junior-g8-triangles_008,E,x>18,endpoint_inclusion_error,geometric_reasoning,这个选项通常来自endpoint inclusion error。
jianzisheng_cn_junior_chapter_expansion_v1_cn-junior-g8-triangles_009,A,5≤x≤21,endpoint_inclusion_error,geometric_reasoning,这个选项通常来自endpoint inclusion error。
jianzisheng_cn_junior_chapter_expansion_v1_cn-junior-g8-triangles_009,B,x>5,endpoint_inclusion_error,geometric_reasoning,这个选项通常来自endpoint inclusion error。
jianzisheng_cn_junior_chapter_expansion_v1_cn-junior-g8-triangles_009,D,x>21,endpoint_inclusion_error,geometric_reasoning,这个选项通常来自endpoint inclusion error。
jianzisheng_cn_junior_chapter_expansion_v1_cn-junior-g8-triangles_009,E,x<21,endpoint_inclusion_error,geometric_reasoning,这个选项通常来自endpoint inclusion error。
jianzisheng_cn_junior_chapter_expansion_v1_cn-junior-g8-triangles_010,A,x>6,endpoint_inclusion_error,geometric_reasoning,这个选项通常来自endpoint inclusion error。
jianzisheng_cn_junior_chapter_expansion_v1_cn-junior-g8-triangles_010,C,x>24,endpoint_inclusion_error,geometric_reasoning,这个选项通常来自endpoint inclusion error。
jianzisheng_cn_junior_chapter_expansion_v1_cn-junior-g8-triangles_010,D,x<24,endpoint_inclusion_error,geometric_reasoning,这个选项通常来自endpoint inclusion error。
jianzisheng_cn_junior_chapter_expansion_v1_cn-junior-g8-triangles_010,E,6≤x≤24,endpoint_inclusion_error,geometric_reasoning,这个选项通常来自endpoint inclusion error。
jianzisheng_cn_junior_chapter_expansion_v1_cn-junior-g8-triangles_011,B,x>17,endpoint_inclusion_error,geometric_reasoning,这个选项通常来自endpoint inclusion error。
jianzisheng_cn_junior_chapter_expansion_v1_cn-junior-g8-triangles_011,C,x<17,endpoint_inclusion_error,geometric_reasoning,这个选项通常来自endpoint inclusion error。
jianzisheng_cn_junior_chapter_expansion_v1_cn-junior-g8-triangles_011,D,3≤x≤17,endpoint_inclusion_error,geometric_reasoning,这个选项通常来自endpoint inclusion error。
jianzisheng_cn_junior_chapter_expansion_v1_cn-junior-g8-triangles_011,E,x>3,endpoint_inclusion_error,geometric_reasoning,这个选项通常来自endpoint inclusion error。
jianzisheng_cn_junior_chapter_expansion_v1_cn-junior-g8-triangles_012,A,x>20,endpoint_inclusion_error,geometric_reasoning,这个选项通常来自endpoint inclusion error。
jianzisheng_cn_junior_chapter_expansion_v1_cn-junior-g8-triangles_012,B,x<20,endpoint_inclusion_error,geometric_reasoning,这个选项通常来自endpoint inclusion error。
jianzisheng_cn_junior_chapter_expansion_v1_cn-junior-g8-triangles_012,C,2≤x≤20,endpoint_inclusion_error,geometric_reasoning,这个选项通常来自endpoint inclusion error。
jianzisheng_cn_junior_chapter_expansion_v1_cn-junior-g8-triangles_012,D,x>2,endpoint_inclusion_error,geometric_reasoning,这个选项通常来自endpoint inclusion error。
jianzisheng_cn_junior_chapter_expansion_v1_cn-junior-g8-triangles_013,A,x<23,endpoint_inclusion_error,geometric_reasoning,这个选项通常来自endpoint inclusion error。
jianzisheng_cn_junior_chapter_expansion_v1_cn-junior-g8-triangles_013,B,1≤x≤23,endpoint_inclusion_error,geometric_reasoning,这个选项通常来自endpoint inclusion error。
jianzisheng_cn_junior_chapter_expansion_v1_cn-junior-g8-triangles_013,C,x>1,endpoint_inclusion_error,geometric_reasoning,这个选项通常来自endpoint inclusion error。
jianzisheng_cn_junior_chapter_expansion_v1_cn-junior-g8-triangles_013,E,x>23,endpoint_inclusion_error,geometric_reasoning,这个选项通常来自endpoint inclusion error。
jianzisheng_cn_junior_chapter_expansion_v1_cn-junior-g8-triangles_014,A,9≤x≤17,endpoint_inclusion_error,geometric_reasoning,这个选项通常来自endpoint inclusion error。
jianzisheng_cn_junior_chapter_expansion_v1_cn-junior-g8-triangles_014,B,x>9,endpoint_inclusion_error,geometric_reasoning,这个选项通常来自endpoint inclusion error。
jianzisheng_cn_junior_chapter_expansion_v1_cn-junior-g8-triangles_014,D,x>17,endpoint_inclusion_error,geometric_reasoning,这个选项通常来自endpoint inclusion error。
jianzisheng_cn_junior_chapter_expansion_v1_cn-junior-g8-triangles_014,E,x<17,endpoint_inclusion_error,geometric_reasoning,这个选项通常来自endpoint inclusion error。
jianzisheng_cn_junior_chapter_expansion_v1_cn-junior-g8-triangles_015,A,x>10,endpoint_inclusion_error,geometric_reasoning,这个选项通常来自endpoint inclusion error。
jianzisheng_cn_junior_chapter_expansion_v1_cn-junior-g8-triangles_015,C,x>20,endpoint_inclusion_error,geometric_reasoning,这个选项通常来自endpoint inclusion error。
jianzisheng_cn_junior_chapter_expansion_v1_cn-junior-g8-triangles_015,D,x<20,endpoint_inclusion_error,geometric_reasoning,这个选项通常来自endpoint inclusion error。
jianzisheng_cn_junior_chapter_expansion_v1_cn-junior-g8-triangles_015,E,10≤x≤20,endpoint_inclusion_error,geometric_reasoning,这个选项通常来自endpoint inclusion error。
jianzisheng_cn_junior_chapter_expansion_v1_cn-junior-g8-triangles_016,B,x>13,endpoint_inclusion_error,geometric_reasoning,这个选项通常来自endpoint inclusion error。
jianzisheng_cn_junior_chapter_expansion_v1_cn-junior-g8-triangles_016,C,x<13,endpoint_inclusion_error,geometric_reasoning,这个选项通常来自endpoint inclusion error。
jianzisheng_cn_junior_chapter_expansion_v1_cn-junior-g8-triangles_016,D,1≤x≤13,endpoint_inclusion_error,geometric_reasoning,这个选项通常来自endpoint inclusion error。
jianzisheng_cn_junior_chapter_expansion_v1_cn-junior-g8-triangles_016,E,x>1,endpoint_inclusion_error,geometric_reasoning,这个选项通常来自endpoint inclusion error。
jianzisheng_cn_junior_chapter_expansion_v1_cn-junior-g8-triangle-angles_001,B,95,angle_sum_error,geometric_reasoning,这个选项通常来自angle sum error。
jianzisheng_cn_junior_chapter_expansion_v1_cn-junior-g8-triangle-angles_001,C,140,angle_sum_error,geometric_reasoning,这个选项通常来自angle sum error。
jianzisheng_cn_junior_chapter_expansion_v1_cn-junior-g8-triangle-angles_001,D,125,angle_sum_error,geometric_reasoning,这个选项通常来自angle sum error。
jianzisheng_cn_junior_chapter_expansion_v1_cn-junior-g8-triangle-angles_001,E,90,angle_sum_error,geometric_reasoning,这个选项通常来自angle sum error。
jianzisheng_cn_junior_chapter_expansion_v1_cn-junior-g8-triangle-angles_002,A,99,angle_sum_error,geometric_reasoning,这个选项通常来自angle sum error。
jianzisheng_cn_junior_chapter_expansion_v1_cn-junior-g8-triangle-angles_002,B,139,angle_sum_error,geometric_reasoning,这个选项通常来自angle sum error。
jianzisheng_cn_junior_chapter_expansion_v1_cn-junior-g8-triangle-angles_002,C,122,angle_sum_error,geometric_reasoning,这个选项通常来自angle sum error。
jianzisheng_cn_junior_chapter_expansion_v1_cn-junior-g8-triangle-angles_002,D,91,angle_sum_error,geometric_reasoning,这个选项通常来自angle sum error。
jianzisheng_cn_junior_chapter_expansion_v1_cn-junior-g8-triangle-angles_003,A,138,angle_sum_error,geometric_reasoning,这个选项通常来自angle sum error。
jianzisheng_cn_junior_chapter_expansion_v1_cn-junior-g8-triangle-angles_003,B,119,angle_sum_error,geometric_reasoning,这个选项通常来自angle sum error。
jianzisheng_cn_junior_chapter_expansion_v1_cn-junior-g8-triangle-angles_003,C,87,angle_sum_error,geometric_reasoning,这个选项通常来自angle sum error。
jianzisheng_cn_junior_chapter_expansion_v1_cn-junior-g8-triangle-angles_003,E,103,angle_sum_error,geometric_reasoning,这个选项通常来自angle sum error。
jianzisheng_cn_junior_chapter_expansion_v1_cn-junior-g8-triangle-angles_004,A,116,angle_sum_error,geometric_reasoning,这个选项通常来自angle sum error。
jianzisheng_cn_junior_chapter_expansion_v1_cn-junior-g8-triangle-angles_004,B,83,angle_sum_error,geometric_reasoning,这个选项通常来自angle sum error。
jianzisheng_cn_junior_chapter_expansion_v1_cn-junior-g8-triangle-angles_004,D,107,angle_sum_error,geometric_reasoning,这个选项通常来自angle sum error。
jianzisheng_cn_junior_chapter_expansion_v1_cn-junior-g8-triangle-angles_004,E,137,angle_sum_error,geometric_reasoning,这个选项通常来自angle sum error。
jianzisheng_cn_junior_chapter_expansion_v1_cn-junior-g8-triangle-angles_005,A,79,angle_sum_error,geometric_reasoning,这个选项通常来自angle sum error。
jianzisheng_cn_junior_chapter_expansion_v1_cn-junior-g8-triangle-angles_005,C,111,angle_sum_error,geometric_reasoning,这个选项通常来自angle sum error。
jianzisheng_cn_junior_chapter_expansion_v1_cn-junior-g8-triangle-angles_005,D,136,angle_sum_error,geometric_reasoning,这个选项通常来自angle sum error。
jianzisheng_cn_junior_chapter_expansion_v1_cn-junior-g8-triangle-angles_005,E,113,angle_sum_error,geometric_reasoning,这个选项通常来自angle sum error。
jianzisheng_cn_junior_chapter_expansion_v1_cn-junior-g8-triangle-angles_006,B,115,angle_sum_error,geometric_reasoning,这个选项通常来自angle sum error。
jianzisheng_cn_junior_chapter_expansion_v1_cn-junior-g8-triangle-angles_006,C,135,angle_sum_error,geometric_reasoning,这个选项通常来自angle sum error。
jianzisheng_cn_junior_chapter_expansion_v1_cn-junior-g8-triangle-angles_006,D,110,angle_sum_error,geometric_reasoning,这个选项通常来自angle sum error。
jianzisheng_cn_junior_chapter_expansion_v1_cn-junior-g8-triangle-angles_006,E,75,angle_sum_error,geometric_reasoning,这个选项通常来自angle sum error。
jianzisheng_cn_junior_chapter_expansion_v1_cn-junior-g8-triangle-angles_007,A,119,angle_sum_error,geometric_reasoning,这个选项通常来自angle sum error。
jianzisheng_cn_junior_chapter_expansion_v1_cn-junior-g8-triangle-angles_007,B,134,angle_sum_error,geometric_reasoning,这个选项通常来自angle sum error。
jianzisheng_cn_junior_chapter_expansion_v1_cn-junior-g8-triangle-angles_007,C,107,angle_sum_error,geometric_reasoning,这个选项通常来自angle sum error。
jianzisheng_cn_junior_chapter_expansion_v1_cn-junior-g8-triangle-angles_007,D,71,angle_sum_error,geometric_reasoning,这个选项通常来自angle sum error。
jianzisheng_cn_junior_chapter_expansion_v1_cn-junior-g8-triangle-angles_008,A,133,angle_sum_error,geometric_reasoning,这个选项通常来自angle sum error。
jianzisheng_cn_junior_chapter_expansion_v1_cn-junior-g8-triangle-angles_008,B,104,angle_sum_error,geometric_reasoning,这个选项通常来自angle sum error。
jianzisheng_cn_junior_chapter_expansion_v1_cn-junior-g8-triangle-angles_008,C,67,angle_sum_error,geometric_reasoning,这个选项通常来自angle sum error。
jianzisheng_cn_junior_chapter_expansion_v1_cn-junior-g8-triangle-angles_008,E,123,angle_sum_error,geometric_reasoning,这个选项通常来自angle sum error。
jianzisheng_cn_junior_chapter_expansion_v1_cn-junior-g8-triangle-angles_009,A,101,angle_sum_error,geometric_reasoning,这个选项通常来自angle sum error。
jianzisheng_cn_junior_chapter_expansion_v1_cn-junior-g8-triangle-angles_009,B,63,angle_sum_error,geometric_reasoning,这个选项通常来自angle sum error。
jianzisheng_cn_junior_chapter_expansion_v1_cn-junior-g8-triangle-angles_009,D,127,angle_sum_error,geometric_reasoning,这个选项通常来自angle sum error。
jianzisheng_cn_junior_chapter_expansion_v1_cn-junior-g8-triangle-angles_009,E,132,angle_sum_error,geometric_reasoning,这个选项通常来自angle sum error。
jianzisheng_cn_junior_chapter_expansion_v1_cn-junior-g8-triangle-angles_010,A,54,angle_sum_error,geometric_reasoning,这个选项通常来自angle sum error。
jianzisheng_cn_junior_chapter_expansion_v1_cn-junior-g8-triangle-angles_010,C,131,angle_sum_error,geometric_reasoning,这个选项通常来自angle sum error。
jianzisheng_cn_junior_chapter_expansion_v1_cn-junior-g8-triangle-angles_010,D,98,angle_sum_error,geometric_reasoning,这个选项通常来自angle sum error。
jianzisheng_cn_junior_chapter_expansion_v1_cn-junior-g8-triangle-angles_010,E,59,angle_sum_error,geometric_reasoning,这个选项通常来自angle sum error。
jianzisheng_cn_junior_chapter_expansion_v1_cn-junior-g8-triangle-angles_011,B,135,angle_sum_error,geometric_reasoning,这个选项通常来自angle sum error。
jianzisheng_cn_junior_chapter_expansion_v1_cn-junior-g8-triangle-angles_011,C,130,angle_sum_error,geometric_reasoning,这个选项通常来自angle sum error。
jianzisheng_cn_junior_chapter_expansion_v1_cn-junior-g8-triangle-angles_011,D,95,angle_sum_error,geometric_reasoning,这个选项通常来自angle sum error。
jianzisheng_cn_junior_chapter_expansion_v1_cn-junior-g8-triangle-angles_011,E,55,angle_sum_error,geometric_reasoning,这个选项通常来自angle sum error。
jianzisheng_cn_junior_chapter_expansion_v1_cn-junior-g8-triangle-angles_012,A,139,angle_sum_error,geometric_reasoning,这个选项通常来自angle sum error。
jianzisheng_cn_junior_chapter_expansion_v1_cn-junior-g8-triangle-angles_012,B,129,angle_sum_error,geometric_reasoning,这个选项通常来自angle sum error。
jianzisheng_cn_junior_chapter_expansion_v1_cn-junior-g8-triangle-angles_012,C,92,angle_sum_error,geometric_reasoning,这个选项通常来自angle sum error。
jianzisheng_cn_junior_chapter_expansion_v1_cn-junior-g8-triangle-angles_012,D,51,angle_sum_error,geometric_reasoning,这个选项通常来自angle sum error。
jianzisheng_cn_junior_chapter_expansion_v1_cn-junior-g8-triangle-angles_013,A,128,angle_sum_error,geometric_reasoning,这个选项通常来自angle sum error。
jianzisheng_cn_junior_chapter_expansion_v1_cn-junior-g8-triangle-angles_013,B,139,angle_sum_error,geometric_reasoning,这个选项通常来自angle sum error。
jianzisheng_cn_junior_chapter_expansion_v1_cn-junior-g8-triangle-angles_013,C,97,angle_sum_error,geometric_reasoning,这个选项通常来自angle sum error。
jianzisheng_cn_junior_chapter_expansion_v1_cn-junior-g8-triangle-angles_013,E,93,angle_sum_error,geometric_reasoning,这个选项通常来自angle sum error。
jianzisheng_cn_junior_chapter_expansion_v1_cn-junior-g8-triangle-angles_014,A,136,angle_sum_error,geometric_reasoning,这个选项通常来自angle sum error。
jianzisheng_cn_junior_chapter_expansion_v1_cn-junior-g8-triangle-angles_014,B,93,angle_sum_error,geometric_reasoning,这个选项通常来自angle sum error。
jianzisheng_cn_junior_chapter_expansion_v1_cn-junior-g8-triangle-angles_014,D,97,angle_sum_error,geometric_reasoning,这个选项通常来自angle sum error。
jianzisheng_cn_junior_chapter_expansion_v1_cn-junior-g8-triangle-angles_014,E,127,angle_sum_error,geometric_reasoning,这个选项通常来自angle sum error。
jianzisheng_cn_junior_chapter_expansion_v1_cn-junior-g8-triangle-angles_015,A,89,angle_sum_error,geometric_reasoning,这个选项通常来自angle sum error。
jianzisheng_cn_junior_chapter_expansion_v1_cn-junior-g8-triangle-angles_015,C,101,angle_sum_error,geometric_reasoning,这个选项通常来自angle sum error。
jianzisheng_cn_junior_chapter_expansion_v1_cn-junior-g8-triangle-angles_015,D,126,angle_sum_error,geometric_reasoning,这个选项通常来自angle sum error。
jianzisheng_cn_junior_chapter_expansion_v1_cn-junior-g8-triangle-angles_015,E,133,angle_sum_error,geometric_reasoning,这个选项通常来自angle sum error。
jianzisheng_cn_junior_chapter_expansion_v1_cn-junior-g8-triangle-angles_016,B,105,angle_sum_error,geometric_reasoning,这个选项通常来自angle sum error。
jianzisheng_cn_junior_chapter_expansion_v1_cn-junior-g8-triangle-angles_016,C,125,angle_sum_error,geometric_reasoning,这个选项通常来自angle sum error。
jianzisheng_cn_junior_chapter_expansion_v1_cn-junior-g8-triangle-angles_016,D,130,angle_sum_error,geometric_reasoning,这个选项通常来自angle sum error。
jianzisheng_cn_junior_chapter_expansion_v1_cn-junior-g8-triangle-angles_016,E,85,angle_sum_error,geometric_reasoning,这个选项通常来自angle sum error。
jianzisheng_cn_junior_chapter_expansion_v1_cn-junior-g8-congruence_001,B,AAA,aaa_congruence_error,proof_reasoning,这个选项通常来自aaa congruence error。
jianzisheng_cn_junior_chapter_expansion_v1_cn-junior-g8-congruence_001,C,SSA,aaa_congruence_error,proof_reasoning,这个选项通常来自aaa congruence error。
jianzisheng_cn_junior_chapter_expansion_v1_cn-junior-g8-congruence_001,D,ASA,aaa_congruence_error,proof_reasoning,这个选项通常来自aaa congruence error。
jianzisheng_cn_junior_chapter_expansion_v1_cn-junior-g8-congruence_001,E,SAS+5,aaa_congruence_error,proof_reasoning,这个选项通常来自aaa congruence error。
jianzisheng_cn_junior_chapter_expansion_v1_cn-junior-g8-congruence_002,A,AAA,aaa_congruence_error,proof_reasoning,这个选项通常来自aaa congruence error。
jianzisheng_cn_junior_chapter_expansion_v1_cn-junior-g8-congruence_002,B,SSA,aaa_congruence_error,proof_reasoning,这个选项通常来自aaa congruence error。
jianzisheng_cn_junior_chapter_expansion_v1_cn-junior-g8-congruence_002,C,SAS,aaa_congruence_error,proof_reasoning,这个选项通常来自aaa congruence error。
jianzisheng_cn_junior_chapter_expansion_v1_cn-junior-g8-congruence_002,D,ASA+5,aaa_congruence_error,proof_reasoning,这个选项通常来自aaa congruence error。
jianzisheng_cn_junior_chapter_expansion_v1_cn-junior-g8-congruence_003,A,SSA,aaa_congruence_error,proof_reasoning,这个选项通常来自aaa congruence error。
jianzisheng_cn_junior_chapter_expansion_v1_cn-junior-g8-congruence_003,B,SAS,aaa_congruence_error,proof_reasoning,这个选项通常来自aaa congruence error。
jianzisheng_cn_junior_chapter_expansion_v1_cn-junior-g8-congruence_003,C,ASA,aaa_congruence_error,proof_reasoning,这个选项通常来自aaa congruence error。
jianzisheng_cn_junior_chapter_expansion_v1_cn-junior-g8-congruence_003,E,AAA,aaa_congruence_error,proof_reasoning,这个选项通常来自aaa congruence error。
jianzisheng_cn_junior_chapter_expansion_v1_cn-junior-g8-congruence_004,A,SAS,aaa_congruence_error,proof_reasoning,这个选项通常来自aaa congruence error。
jianzisheng_cn_junior_chapter_expansion_v1_cn-junior-g8-congruence_004,B,ASA,aaa_congruence_error,proof_reasoning,这个选项通常来自aaa congruence error。
jianzisheng_cn_junior_chapter_expansion_v1_cn-junior-g8-congruence_004,D,AAA,aaa_congruence_error,proof_reasoning,这个选项通常来自aaa congruence error。
jianzisheng_cn_junior_chapter_expansion_v1_cn-junior-g8-congruence_004,E,SSA,aaa_congruence_error,proof_reasoning,这个选项通常来自aaa congruence error。
jianzisheng_cn_junior_chapter_expansion_v1_cn-junior-g8-congruence_005,A,ASA,aaa_congruence_error,proof_reasoning,这个选项通常来自aaa congruence error。
jianzisheng_cn_junior_chapter_expansion_v1_cn-junior-g8-congruence_005,C,AAA,aaa_congruence_error,proof_reasoning,这个选项通常来自aaa congruence error。
jianzisheng_cn_junior_chapter_expansion_v1_cn-junior-g8-congruence_005,D,SSA,aaa_congruence_error,proof_reasoning,这个选项通常来自aaa congruence error。
jianzisheng_cn_junior_chapter_expansion_v1_cn-junior-g8-congruence_005,E,SAS,aaa_congruence_error,proof_reasoning,这个选项通常来自aaa congruence error。
jianzisheng_cn_junior_chapter_expansion_v1_cn-junior-g8-congruence_006,B,AAA,aaa_congruence_error,proof_reasoning,这个选项通常来自aaa congruence error。
jianzisheng_cn_junior_chapter_expansion_v1_cn-junior-g8-congruence_006,C,SSA,aaa_congruence_error,proof_reasoning,这个选项通常来自aaa congruence error。
jianzisheng_cn_junior_chapter_expansion_v1_cn-junior-g8-congruence_006,D,ASA,aaa_congruence_error,proof_reasoning,这个选项通常来自aaa congruence error。
jianzisheng_cn_junior_chapter_expansion_v1_cn-junior-g8-congruence_006,E,SAS+5,aaa_congruence_error,proof_reasoning,这个选项通常来自aaa congruence error。
jianzisheng_cn_junior_chapter_expansion_v1_cn-junior-g8-congruence_007,A,AAA,aaa_congruence_error,proof_reasoning,这个选项通常来自aaa congruence error。
jianzisheng_cn_junior_chapter_expansion_v1_cn-junior-g8-congruence_007,B,SSA,aaa_congruence_error,proof_reasoning,这个选项通常来自aaa congruence error。
jianzisheng_cn_junior_chapter_expansion_v1_cn-junior-g8-congruence_007,C,SAS,aaa_congruence_error,proof_reasoning,这个选项通常来自aaa congruence error。
jianzisheng_cn_junior_chapter_expansion_v1_cn-junior-g8-congruence_007,D,ASA+5,aaa_congruence_error,proof_reasoning,这个选项通常来自aaa congruence error。
jianzisheng_cn_junior_chapter_expansion_v1_cn-junior-g8-congruence_008,A,SSA,aaa_congruence_error,proof_reasoning,这个选项通常来自aaa congruence error。
jianzisheng_cn_junior_chapter_expansion_v1_cn-junior-g8-congruence_008,B,SAS,aaa_congruence_error,proof_reasoning,这个选项通常来自aaa congruence error。
jianzisheng_cn_junior_chapter_expansion_v1_cn-junior-g8-congruence_008,C,ASA,aaa_congruence_error,proof_reasoning,这个选项通常来自aaa congruence error。
jianzisheng_cn_junior_chapter_expansion_v1_cn-junior-g8-congruence_008,E,AAA,aaa_congruence_error,proof_reasoning,这个选项通常来自aaa congruence error。
jianzisheng_cn_junior_chapter_expansion_v1_cn-junior-g8-congruence_009,A,SAS,aaa_congruence_error,proof_reasoning,这个选项通常来自aaa congruence error。
jianzisheng_cn_junior_chapter_expansion_v1_cn-junior-g8-congruence_009,B,ASA,aaa_congruence_error,proof_reasoning,这个选项通常来自aaa congruence error。
jianzisheng_cn_junior_chapter_expansion_v1_cn-junior-g8-congruence_009,D,AAA,aaa_congruence_error,proof_reasoning,这个选项通常来自aaa congruence error。
jianzisheng_cn_junior_chapter_expansion_v1_cn-junior-g8-congruence_009,E,SSA,aaa_congruence_error,proof_reasoning,这个选项通常来自aaa congruence error。
jianzisheng_cn_junior_chapter_expansion_v1_cn-junior-g8-congruence_010,A,ASA,aaa_congruence_error,proof_reasoning,这个选项通常来自aaa congruence error。
jianzisheng_cn_junior_chapter_expansion_v1_cn-junior-g8-congruence_010,C,AAA,aaa_congruence_error,proof_reasoning,这个选项通常来自aaa congruence error。
jianzisheng_cn_junior_chapter_expansion_v1_cn-junior-g8-congruence_010,D,SSA,aaa_congruence_error,proof_reasoning,这个选项通常来自aaa congruence error。
jianzisheng_cn_junior_chapter_expansion_v1_cn-junior-g8-congruence_010,E,SAS,aaa_congruence_error,proof_reasoning,这个选项通常来自aaa congruence error。
jianzisheng_cn_junior_chapter_expansion_v1_cn-junior-g8-congruence_011,B,AAA,aaa_congruence_error,proof_reasoning,这个选项通常来自aaa congruence error。
jianzisheng_cn_junior_chapter_expansion_v1_cn-junior-g8-congruence_011,C,SSA,aaa_congruence_error,proof_reasoning,这个选项通常来自aaa congruence error。
jianzisheng_cn_junior_chapter_expansion_v1_cn-junior-g8-congruence_011,D,ASA,aaa_congruence_error,proof_reasoning,这个选项通常来自aaa congruence error。
jianzisheng_cn_junior_chapter_expansion_v1_cn-junior-g8-congruence_011,E,SAS+5,aaa_congruence_error,proof_reasoning,这个选项通常来自aaa congruence error。
jianzisheng_cn_junior_chapter_expansion_v1_cn-junior-g8-congruence_012,A,AAA,aaa_congruence_error,proof_reasoning,这个选项通常来自aaa congruence error。
jianzisheng_cn_junior_chapter_expansion_v1_cn-junior-g8-congruence_012,B,SSA,aaa_congruence_error,proof_reasoning,这个选项通常来自aaa congruence error。
jianzisheng_cn_junior_chapter_expansion_v1_cn-junior-g8-congruence_012,C,SAS,aaa_congruence_error,proof_reasoning,这个选项通常来自aaa congruence error。
jianzisheng_cn_junior_chapter_expansion_v1_cn-junior-g8-congruence_012,D,ASA+5,aaa_congruence_error,proof_reasoning,这个选项通常来自aaa congruence error。
jianzisheng_cn_junior_chapter_expansion_v1_cn-junior-g8-congruence_013,A,SSA,aaa_congruence_error,proof_reasoning,这个选项通常来自aaa congruence error。
jianzisheng_cn_junior_chapter_expansion_v1_cn-junior-g8-congruence_013,B,SAS,aaa_congruence_error,proof_reasoning,这个选项通常来自aaa congruence error。
jianzisheng_cn_junior_chapter_expansion_v1_cn-junior-g8-congruence_013,C,ASA,aaa_congruence_error,proof_reasoning,这个选项通常来自aaa congruence error。
jianzisheng_cn_junior_chapter_expansion_v1_cn-junior-g8-congruence_013,E,AAA,aaa_congruence_error,proof_reasoning,这个选项通常来自aaa congruence error。
jianzisheng_cn_junior_chapter_expansion_v1_cn-junior-g8-congruence_014,A,SAS,aaa_congruence_error,proof_reasoning,这个选项通常来自aaa congruence error。
jianzisheng_cn_junior_chapter_expansion_v1_cn-junior-g8-congruence_014,B,ASA,aaa_congruence_error,proof_reasoning,这个选项通常来自aaa congruence error。
jianzisheng_cn_junior_chapter_expansion_v1_cn-junior-g8-congruence_014,D,AAA,aaa_congruence_error,proof_reasoning,这个选项通常来自aaa congruence error。
jianzisheng_cn_junior_chapter_expansion_v1_cn-junior-g8-congruence_014,E,SSA,aaa_congruence_error,proof_reasoning,这个选项通常来自aaa congruence error。
jianzisheng_cn_junior_chapter_expansion_v1_cn-junior-g8-congruence_015,A,ASA,aaa_congruence_error,proof_reasoning,这个选项通常来自aaa congruence error。
jianzisheng_cn_junior_chapter_expansion_v1_cn-junior-g8-congruence_015,C,AAA,aaa_congruence_error,proof_reasoning,这个选项通常来自aaa congruence error。
jianzisheng_cn_junior_chapter_expansion_v1_cn-junior-g8-congruence_015,D,SSA,aaa_congruence_error,proof_reasoning,这个选项通常来自aaa congruence error。
jianzisheng_cn_junior_chapter_expansion_v1_cn-junior-g8-congruence_015,E,SAS,aaa_congruence_error,proof_reasoning,这个选项通常来自aaa congruence error。
jianzisheng_cn_junior_chapter_expansion_v1_cn-junior-g8-congruence_016,B,AAA,aaa_congruence_error,proof_reasoning,这个选项通常来自aaa congruence error。
jianzisheng_cn_junior_chapter_expansion_v1_cn-junior-g8-congruence_016,C,SSA,aaa_congruence_error,proof_reasoning,这个选项通常来自aaa congruence error。
jianzisheng_cn_junior_chapter_expansion_v1_cn-junior-g8-congruence_016,D,ASA,aaa_congruence_error,proof_reasoning,这个选项通常来自aaa congruence error。
jianzisheng_cn_junior_chapter_expansion_v1_cn-junior-g8-congruence_016,E,SAS+5,aaa_congruence_error,proof_reasoning,这个选项通常来自aaa congruence error。
jianzisheng_cn_junior_chapter_expansion_v1_cn-junior-g8-pythagorean_001,B,16,add_lengths_error,formula_selection,这个选项通常来自add lengths error。
jianzisheng_cn_junior_chapter_expansion_v1_cn-junior-g8-pythagorean_001,C,36,add_lengths_error,formula_selection,这个选项通常来自add lengths error。
jianzisheng_cn_junior_chapter_expansion_v1_cn-junior-g8-pythagorean_001,D,25,add_lengths_error,formula_selection,这个选项通常来自add lengths error。
jianzisheng_cn_junior_chapter_expansion_v1_cn-junior-g8-pythagorean_001,E,26,add_lengths_error,formula_selection,这个选项通常来自add lengths error。
jianzisheng_cn_junior_chapter_expansion_v1_cn-junior-g8-pythagorean_002,A,4,add_lengths_error,formula_selection,这个选项通常来自add lengths error。
jianzisheng_cn_junior_chapter_expansion_v1_cn-junior-g8-pythagorean_002,B,16,add_lengths_error,formula_selection,这个选项通常来自add lengths error。
jianzisheng_cn_junior_chapter_expansion_v1_cn-junior-g8-pythagorean_002,C,9,add_lengths_error,formula_selection,这个选项通常来自add lengths error。
jianzisheng_cn_junior_chapter_expansion_v1_cn-junior-g8-pythagorean_002,D,10,add_lengths_error,formula_selection,这个选项通常来自add lengths error。
jianzisheng_cn_junior_chapter_expansion_v1_cn-junior-g8-pythagorean_003,A,18,add_lengths_error,formula_selection,这个选项通常来自add lengths error。
jianzisheng_cn_junior_chapter_expansion_v1_cn-junior-g8-pythagorean_003,B,13,add_lengths_error,formula_selection,这个选项通常来自add lengths error。
jianzisheng_cn_junior_chapter_expansion_v1_cn-junior-g8-pythagorean_003,C,17,add_lengths_error,formula_selection,这个选项通常来自add lengths error。
jianzisheng_cn_junior_chapter_expansion_v1_cn-junior-g8-pythagorean_003,E,8,add_lengths_error,formula_selection,这个选项通常来自add lengths error。
jianzisheng_cn_junior_chapter_expansion_v1_cn-junior-g8-pythagorean_004,A,13,add_lengths_error,formula_selection,这个选项通常来自add lengths error。
jianzisheng_cn_junior_chapter_expansion_v1_cn-junior-g8-pythagorean_004,B,15,add_lengths_error,formula_selection,这个选项通常来自add lengths error。
jianzisheng_cn_junior_chapter_expansion_v1_cn-junior-g8-pythagorean_004,D,6,add_lengths_error,formula_selection,这个选项通常来自add lengths error。
jianzisheng_cn_junior_chapter_expansion_v1_cn-junior-g8-pythagorean_004,E,24,add_lengths_error,formula_selection,这个选项通常来自add lengths error。
jianzisheng_cn_junior_chapter_expansion_v1_cn-junior-g8-pythagorean_005,A,17,add_lengths_error,formula_selection,这个选项通常来自add lengths error。
jianzisheng_cn_junior_chapter_expansion_v1_cn-junior-g8-pythagorean_005,C,9,add_lengths_error,formula_selection,这个选项通常来自add lengths error。
jianzisheng_cn_junior_chapter_expansion_v1_cn-junior-g8-pythagorean_005,D,25,add_lengths_error,formula_selection,这个选项通常来自add lengths error。
jianzisheng_cn_junior_chapter_expansion_v1_cn-junior-g8-pythagorean_005,E,16,add_lengths_error,formula_selection,这个选项通常来自add lengths error。
jianzisheng_cn_junior_chapter_expansion_v1_cn-junior-g8-pythagorean_006,B,18,add_lengths_error,formula_selection,这个选项通常来自add lengths error。
jianzisheng_cn_junior_chapter_expansion_v1_cn-junior-g8-pythagorean_006,C,32,add_lengths_error,formula_selection,这个选项通常来自add lengths error。
jianzisheng_cn_junior_chapter_expansion_v1_cn-junior-g8-pythagorean_006,D,25,add_lengths_error,formula_selection,这个选项通常来自add lengths error。
jianzisheng_cn_junior_chapter_expansion_v1_cn-junior-g8-pythagorean_006,E,29,add_lengths_error,formula_selection,这个选项通常来自add lengths error。
jianzisheng_cn_junior_chapter_expansion_v1_cn-junior-g8-pythagorean_007,A,16,add_lengths_error,formula_selection,这个选项通常来自add lengths error。
jianzisheng_cn_junior_chapter_expansion_v1_cn-junior-g8-pythagorean_007,B,36,add_lengths_error,formula_selection,这个选项通常来自add lengths error。
jianzisheng_cn_junior_chapter_expansion_v1_cn-junior-g8-pythagorean_007,C,25,add_lengths_error,formula_selection,这个选项通常来自add lengths error。
jianzisheng_cn_junior_chapter_expansion_v1_cn-junior-g8-pythagorean_007,D,26,add_lengths_error,formula_selection,这个选项通常来自add lengths error。
jianzisheng_cn_junior_chapter_expansion_v1_cn-junior-g8-pythagorean_008,A,16,add_lengths_error,formula_selection,这个选项通常来自add lengths error。
jianzisheng_cn_junior_chapter_expansion_v1_cn-junior-g8-pythagorean_008,B,9,add_lengths_error,formula_selection,这个选项通常来自add lengths error。
jianzisheng_cn_junior_chapter_expansion_v1_cn-junior-g8-pythagorean_008,C,10,add_lengths_error,formula_selection,这个选项通常来自add lengths error。
jianzisheng_cn_junior_chapter_expansion_v1_cn-junior-g8-pythagorean_008,E,4,add_lengths_error,formula_selection,这个选项通常来自add lengths error。
jianzisheng_cn_junior_chapter_expansion_v1_cn-junior-g8-pythagorean_009,A,13,add_lengths_error,formula_selection,这个选项通常来自add lengths error。
jianzisheng_cn_junior_chapter_expansion_v1_cn-junior-g8-pythagorean_009,B,17,add_lengths_error,formula_selection,这个选项通常来自add lengths error。
jianzisheng_cn_junior_chapter_expansion_v1_cn-junior-g8-pythagorean_009,D,8,add_lengths_error,formula_selection,这个选项通常来自add lengths error。
jianzisheng_cn_junior_chapter_expansion_v1_cn-junior-g8-pythagorean_009,E,18,add_lengths_error,formula_selection,这个选项通常来自add lengths error。
jianzisheng_cn_junior_chapter_expansion_v1_cn-junior-g8-pythagorean_010,A,15,add_lengths_error,formula_selection,这个选项通常来自add lengths error。
jianzisheng_cn_junior_chapter_expansion_v1_cn-junior-g8-pythagorean_010,C,6,add_lengths_error,formula_selection,这个选项通常来自add lengths error。
jianzisheng_cn_junior_chapter_expansion_v1_cn-junior-g8-pythagorean_010,D,24,add_lengths_error,formula_selection,这个选项通常来自add lengths error。
jianzisheng_cn_junior_chapter_expansion_v1_cn-junior-g8-pythagorean_010,E,13,add_lengths_error,formula_selection,这个选项通常来自add lengths error。
jianzisheng_cn_junior_chapter_expansion_v1_cn-junior-g8-pythagorean_011,B,9,add_lengths_error,formula_selection,这个选项通常来自add lengths error。
jianzisheng_cn_junior_chapter_expansion_v1_cn-junior-g8-pythagorean_011,C,25,add_lengths_error,formula_selection,这个选项通常来自add lengths error。
jianzisheng_cn_junior_chapter_expansion_v1_cn-junior-g8-pythagorean_011,D,16,add_lengths_error,formula_selection,这个选项通常来自add lengths error。
jianzisheng_cn_junior_chapter_expansion_v1_cn-junior-g8-pythagorean_011,E,17,add_lengths_error,formula_selection,这个选项通常来自add lengths error。
jianzisheng_cn_junior_chapter_expansion_v1_cn-junior-g8-pythagorean_012,A,18,add_lengths_error,formula_selection,这个选项通常来自add lengths error。
jianzisheng_cn_junior_chapter_expansion_v1_cn-junior-g8-pythagorean_012,B,32,add_lengths_error,formula_selection,这个选项通常来自add lengths error。
jianzisheng_cn_junior_chapter_expansion_v1_cn-junior-g8-pythagorean_012,C,25,add_lengths_error,formula_selection,这个选项通常来自add lengths error。
jianzisheng_cn_junior_chapter_expansion_v1_cn-junior-g8-pythagorean_012,D,29,add_lengths_error,formula_selection,这个选项通常来自add lengths error。
jianzisheng_cn_junior_chapter_expansion_v1_cn-junior-g8-pythagorean_013,A,36,add_lengths_error,formula_selection,这个选项通常来自add lengths error。
jianzisheng_cn_junior_chapter_expansion_v1_cn-junior-g8-pythagorean_013,B,25,add_lengths_error,formula_selection,这个选项通常来自add lengths error。
jianzisheng_cn_junior_chapter_expansion_v1_cn-junior-g8-pythagorean_013,C,26,add_lengths_error,formula_selection,这个选项通常来自add lengths error。
jianzisheng_cn_junior_chapter_expansion_v1_cn-junior-g8-pythagorean_013,E,16,add_lengths_error,formula_selection,这个选项通常来自add lengths error。
jianzisheng_cn_junior_chapter_expansion_v1_cn-junior-g8-pythagorean_014,A,9,add_lengths_error,formula_selection,这个选项通常来自add lengths error。
jianzisheng_cn_junior_chapter_expansion_v1_cn-junior-g8-pythagorean_014,B,10,add_lengths_error,formula_selection,这个选项通常来自add lengths error。
jianzisheng_cn_junior_chapter_expansion_v1_cn-junior-g8-pythagorean_014,D,4,add_lengths_error,formula_selection,这个选项通常来自add lengths error。
jianzisheng_cn_junior_chapter_expansion_v1_cn-junior-g8-pythagorean_014,E,16,add_lengths_error,formula_selection,这个选项通常来自add lengths error。
jianzisheng_cn_junior_chapter_expansion_v1_cn-junior-g8-pythagorean_015,A,17,add_lengths_error,formula_selection,这个选项通常来自add lengths error。
jianzisheng_cn_junior_chapter_expansion_v1_cn-junior-g8-pythagorean_015,C,8,add_lengths_error,formula_selection,这个选项通常来自add lengths error。
jianzisheng_cn_junior_chapter_expansion_v1_cn-junior-g8-pythagorean_015,D,18,add_lengths_error,formula_selection,这个选项通常来自add lengths error。
jianzisheng_cn_junior_chapter_expansion_v1_cn-junior-g8-pythagorean_015,E,13,add_lengths_error,formula_selection,这个选项通常来自add lengths error。
jianzisheng_cn_junior_chapter_expansion_v1_cn-junior-g8-pythagorean_016,B,6,add_lengths_error,formula_selection,这个选项通常来自add lengths error。
jianzisheng_cn_junior_chapter_expansion_v1_cn-junior-g8-pythagorean_016,C,24,add_lengths_error,formula_selection,这个选项通常来自add lengths error。
jianzisheng_cn_junior_chapter_expansion_v1_cn-junior-g8-pythagorean_016,D,13,add_lengths_error,formula_selection,这个选项通常来自add lengths error。
jianzisheng_cn_junior_chapter_expansion_v1_cn-junior-g8-pythagorean_016,E,15,add_lengths_error,formula_selection,这个选项通常来自add lengths error。
jianzisheng_cn_junior_chapter_expansion_v1_cn-junior-g8-coordinate-geometry_001,B,"(-3,5)",coordinate_order_error,spatial_reasoning,这个选项通常来自coordinate order error。
jianzisheng_cn_junior_chapter_expansion_v1_cn-junior-g8-coordinate-geometry_001,C,"(1,7)",coordinate_order_error,spatial_reasoning,这个选项通常来自coordinate order error。
jianzisheng_cn_junior_chapter_expansion_v1_cn-junior-g8-coordinate-geometry_001,D,"(-2,8)",coordinate_order_error,spatial_reasoning,这个选项通常来自coordinate order error。
jianzisheng_cn_junior_chapter_expansion_v1_cn-junior-g8-coordinate-geometry_001,E,"(2,-1)",coordinate_order_error,spatial_reasoning,这个选项通常来自coordinate order error。
jianzisheng_cn_junior_chapter_expansion_v1_cn-junior-g8-coordinate-geometry_002,A,"(-3,-1)",coordinate_order_error,spatial_reasoning,这个选项通常来自coordinate order error。
jianzisheng_cn_junior_chapter_expansion_v1_cn-junior-g8-coordinate-geometry_002,B,"(3,-5)",coordinate_order_error,spatial_reasoning,这个选项通常来自coordinate order error。
jianzisheng_cn_junior_chapter_expansion_v1_cn-junior-g8-coordinate-geometry_002,C,"(2,0)",coordinate_order_error,spatial_reasoning,这个选项通常来自coordinate order error。
jianzisheng_cn_junior_chapter_expansion_v1_cn-junior-g8-coordinate-geometry_002,D,"(3,2)",coordinate_order_error,spatial_reasoning,这个选项通常来自coordinate order error。
jianzisheng_cn_junior_chapter_expansion_v1_cn-junior-g8-coordinate-geometry_003,A,"(-2,1)",coordinate_order_error,spatial_reasoning,这个选项通常来自coordinate order error。
jianzisheng_cn_junior_chapter_expansion_v1_cn-junior-g8-coordinate-geometry_003,B,"(-1,-4)",coordinate_order_error,spatial_reasoning,这个选项通常来自coordinate order error。
jianzisheng_cn_junior_chapter_expansion_v1_cn-junior-g8-coordinate-geometry_003,C,"(-3,-2)",coordinate_order_error,spatial_reasoning,这个选项通常来自coordinate order error。
jianzisheng_cn_junior_chapter_expansion_v1_cn-junior-g8-coordinate-geometry_003,E,"(4,-3)",coordinate_order_error,spatial_reasoning,这个选项通常来自coordinate order error。
jianzisheng_cn_junior_chapter_expansion_v1_cn-junior-g8-coordinate-geometry_004,A,"(3,-1)",coordinate_order_error,spatial_reasoning,这个选项通常来自coordinate order error。
jianzisheng_cn_junior_chapter_expansion_v1_cn-junior-g8-coordinate-geometry_004,B,"(-2,1)",coordinate_order_error,spatial_reasoning,这个选项通常来自coordinate order error。
jianzisheng_cn_junior_chapter_expansion_v1_cn-junior-g8-coordinate-geometry_004,D,"(4,2)",coordinate_order_error,spatial_reasoning,这个选项通常来自coordinate order error。
jianzisheng_cn_junior_chapter_expansion_v1_cn-junior-g8-coordinate-geometry_004,E,"(0,0)",coordinate_order_error,spatial_reasoning,这个选项通常来自coordinate order error。
jianzisheng_cn_junior_chapter_expansion_v1_cn-junior-g8-coordinate-geometry_005,A,"(-1,4)",coordinate_order_error,spatial_reasoning,这个选项通常来自coordinate order error。
jianzisheng_cn_junior_chapter_expansion_v1_cn-junior-g8-coordinate-geometry_005,C,"(4,7)",coordinate_order_error,spatial_reasoning,这个选项通常来自coordinate order error。
jianzisheng_cn_junior_chapter_expansion_v1_cn-junior-g8-coordinate-geometry_005,D,"(2,-1)",coordinate_order_error,spatial_reasoning,这个选项通常来自coordinate order error。
jianzisheng_cn_junior_chapter_expansion_v1_cn-junior-g8-coordinate-geometry_005,E,"(7,2)",coordinate_order_error,spatial_reasoning,这个选项通常来自coordinate order error。
jianzisheng_cn_junior_chapter_expansion_v1_cn-junior-g8-coordinate-geometry_006,B,"(0,0)",coordinate_order_error,spatial_reasoning,这个选项通常来自coordinate order error。
jianzisheng_cn_junior_chapter_expansion_v1_cn-junior-g8-coordinate-geometry_006,C,"(4,5)+3",coordinate_order_error,spatial_reasoning,这个选项通常来自coordinate order error。
jianzisheng_cn_junior_chapter_expansion_v1_cn-junior-g8-coordinate-geometry_006,D,"(4,5)+4",coordinate_order_error,spatial_reasoning,这个选项通常来自coordinate order error。
jianzisheng_cn_junior_chapter_expansion_v1_cn-junior-g8-coordinate-geometry_006,E,"(4,5)+5",coordinate_order_error,spatial_reasoning,这个选项通常来自coordinate order error。
jianzisheng_cn_junior_chapter_expansion_v1_cn-junior-g8-coordinate-geometry_007,A,"(4,-1)",coordinate_order_error,spatial_reasoning,这个选项通常来自coordinate order error。
jianzisheng_cn_junior_chapter_expansion_v1_cn-junior-g8-coordinate-geometry_007,B,"(6,-7)",coordinate_order_error,spatial_reasoning,这个选项通常来自coordinate order error。
jianzisheng_cn_junior_chapter_expansion_v1_cn-junior-g8-coordinate-geometry_007,C,"(8,-3)",coordinate_order_error,spatial_reasoning,这个选项通常来自coordinate order error。
jianzisheng_cn_junior_chapter_expansion_v1_cn-junior-g8-coordinate-geometry_007,D,"(1,3)",coordinate_order_error,spatial_reasoning,这个选项通常来自coordinate order error。
jianzisheng_cn_junior_chapter_expansion_v1_cn-junior-g8-coordinate-geometry_008,A,"(8,-1)",coordinate_order_error,spatial_reasoning,这个选项通常来自coordinate order error。
jianzisheng_cn_junior_chapter_expansion_v1_cn-junior-g8-coordinate-geometry_008,B,"(5,0)",coordinate_order_error,spatial_reasoning,这个选项通常来自coordinate order error。
jianzisheng_cn_junior_chapter_expansion_v1_cn-junior-g8-coordinate-geometry_008,C,"(2,-1)",coordinate_order_error,spatial_reasoning,这个选项通常来自coordinate order error。
jianzisheng_cn_junior_chapter_expansion_v1_cn-junior-g8-coordinate-geometry_008,E,"(4,-3)",coordinate_order_error,spatial_reasoning,这个选项通常来自coordinate order error。
jianzisheng_cn_junior_chapter_expansion_v1_cn-junior-g8-coordinate-geometry_009,A,"(-4,3)",coordinate_order_error,spatial_reasoning,这个选项通常来自coordinate order error。
jianzisheng_cn_junior_chapter_expansion_v1_cn-junior-g8-coordinate-geometry_009,B,"(3,2)",coordinate_order_error,spatial_reasoning,这个选项通常来自coordinate order error。
jianzisheng_cn_junior_chapter_expansion_v1_cn-junior-g8-coordinate-geometry_009,D,"(-9,2)",coordinate_order_error,spatial_reasoning,这个选项通常来自coordinate order error。
jianzisheng_cn_junior_chapter_expansion_v1_cn-junior-g8-coordinate-geometry_009,E,"(-3,-2)",coordinate_order_error,spatial_reasoning,这个选项通常来自coordinate order error。
jianzisheng_cn_junior_chapter_expansion_v1_cn-junior-g8-coordinate-geometry_010,A,"(-3,-2)",coordinate_order_error,spatial_reasoning,这个选项通常来自coordinate order error。
jianzisheng_cn_junior_chapter_expansion_v1_cn-junior-g8-coordinate-geometry_010,C,"(-2,0)",coordinate_order_error,spatial_reasoning,这个选项通常来自coordinate order error。
jianzisheng_cn_junior_chapter_expansion_v1_cn-junior-g8-coordinate-geometry_010,D,"(-8,4)",coordinate_order_error,spatial_reasoning,这个选项通常来自coordinate order error。
jianzisheng_cn_junior_chapter_expansion_v1_cn-junior-g8-coordinate-geometry_010,E,"(-7,-1)",coordinate_order_error,spatial_reasoning,这个选项通常来自coordinate order error。
jianzisheng_cn_junior_chapter_expansion_v1_cn-junior-g8-coordinate-geometry_011,B,"(-2,5)",coordinate_order_error,spatial_reasoning,这个选项通常来自coordinate order error。
jianzisheng_cn_junior_chapter_expansion_v1_cn-junior-g8-coordinate-geometry_011,C,"(-6,3)",coordinate_order_error,spatial_reasoning,这个选项通常来自coordinate order error。
jianzisheng_cn_junior_chapter_expansion_v1_cn-junior-g8-coordinate-geometry_011,D,"(-3,2)",coordinate_order_error,spatial_reasoning,这个选项通常来自coordinate order error。
jianzisheng_cn_junior_chapter_expansion_v1_cn-junior-g8-coordinate-geometry_011,E,"(-2,1)",coordinate_order_error,spatial_reasoning,这个选项通常来自coordinate order error。
jianzisheng_cn_junior_chapter_expansion_v1_cn-junior-g8-coordinate-geometry_012,A,"(-2,10)",coordinate_order_error,spatial_reasoning,这个选项通常来自coordinate order error。
jianzisheng_cn_junior_chapter_expansion_v1_cn-junior-g8-coordinate-geometry_012,B,"(-4,2)",coordinate_order_error,spatial_reasoning,这个选项通常来自coordinate order error。
jianzisheng_cn_junior_chapter_expansion_v1_cn-junior-g8-coordinate-geometry_012,C,"(1,5)",coordinate_order_error,spatial_reasoning,这个选项通常来自coordinate order error。
jianzisheng_cn_junior_chapter_expansion_v1_cn-junior-g8-coordinate-geometry_012,D,"(-1,4)",coordinate_order_error,spatial_reasoning,这个选项通常来自coordinate order error。
jianzisheng_cn_junior_chapter_expansion_v1_cn-junior-g8-coordinate-geometry_013,A,"(-2,-3)+3",coordinate_order_error,spatial_reasoning,这个选项通常来自coordinate order error。
jianzisheng_cn_junior_chapter_expansion_v1_cn-junior-g8-coordinate-geometry_013,B,"(-2,-3)+4",coordinate_order_error,spatial_reasoning,这个选项通常来自coordinate order error。
jianzisheng_cn_junior_chapter_expansion_v1_cn-junior-g8-coordinate-geometry_013,C,"(-2,-3)+5",coordinate_order_error,spatial_reasoning,这个选项通常来自coordinate order error。
jianzisheng_cn_junior_chapter_expansion_v1_cn-junior-g8-coordinate-geometry_013,E,"(0,0)",coordinate_order_error,spatial_reasoning,这个选项通常来自coordinate order error。
jianzisheng_cn_junior_chapter_expansion_v1_cn-junior-g8-coordinate-geometry_014,A,"(2,0)",coordinate_order_error,spatial_reasoning,这个选项通常来自coordinate order error。
jianzisheng_cn_junior_chapter_expansion_v1_cn-junior-g8-coordinate-geometry_014,B,"(1,3)",coordinate_order_error,spatial_reasoning,这个选项通常来自coordinate order error。
jianzisheng_cn_junior_chapter_expansion_v1_cn-junior-g8-coordinate-geometry_014,D,"(-2,2)",coordinate_order_error,spatial_reasoning,这个选项通常来自coordinate order error。
jianzisheng_cn_junior_chapter_expansion_v1_cn-junior-g8-coordinate-geometry_014,E,"(0,-4)",coordinate_order_error,spatial_reasoning,这个选项通常来自coordinate order error。
jianzisheng_cn_junior_chapter_expansion_v1_cn-junior-g8-coordinate-geometry_015,A,"(2,-1)",coordinate_order_error,spatial_reasoning,这个选项通常来自coordinate order error。
jianzisheng_cn_junior_chapter_expansion_v1_cn-junior-g8-coordinate-geometry_015,C,"(-2,0)",coordinate_order_error,spatial_reasoning,这个选项通常来自coordinate order error。
jianzisheng_cn_junior_chapter_expansion_v1_cn-junior-g8-coordinate-geometry_015,D,"(2,2)",coordinate_order_error,spatial_reasoning,这个选项通常来自coordinate order error。
jianzisheng_cn_junior_chapter_expansion_v1_cn-junior-g8-coordinate-geometry_015,E,"(-1,3)",coordinate_order_error,spatial_reasoning,这个选项通常来自coordinate order error。
jianzisheng_cn_junior_chapter_expansion_v1_cn-junior-g8-coordinate-geometry_016,B,"(-2,5)",coordinate_order_error,spatial_reasoning,这个选项通常来自coordinate order error。
jianzisheng_cn_junior_chapter_expansion_v1_cn-junior-g8-coordinate-geometry_016,C,"(4,1)",coordinate_order_error,spatial_reasoning,这个选项通常来自coordinate order error。
jianzisheng_cn_junior_chapter_expansion_v1_cn-junior-g8-coordinate-geometry_016,D,"(3,6)",coordinate_order_error,spatial_reasoning,这个选项通常来自coordinate order error。
jianzisheng_cn_junior_chapter_expansion_v1_cn-junior-g8-coordinate-geometry_016,E,"(3,2)",coordinate_order_error,spatial_reasoning,这个选项通常来自coordinate order error。
jianzisheng_cn_junior_chapter_expansion_v1_cn-junior-g8-linear-functions_001,B,8,operation_order_error,symbol_evaluation,这个选项通常来自operation order error。
jianzisheng_cn_junior_chapter_expansion_v1_cn-junior-g8-linear-functions_001,C,0,operation_order_error,symbol_evaluation,这个选项通常来自operation order error。
jianzisheng_cn_junior_chapter_expansion_v1_cn-junior-g8-linear-functions_001,D,7,operation_order_error,symbol_evaluation,这个选项通常来自operation order error。
jianzisheng_cn_junior_chapter_expansion_v1_cn-junior-g8-linear-functions_001,E,8,operation_order_error,symbol_evaluation,这个选项通常来自operation order error。
jianzisheng_cn_junior_chapter_expansion_v1_cn-junior-g8-linear-functions_002,A,3,operation_order_error,symbol_evaluation,这个选项通常来自operation order error。
jianzisheng_cn_junior_chapter_expansion_v1_cn-junior-g8-linear-functions_002,B,-3,operation_order_error,symbol_evaluation,这个选项通常来自operation order error。
jianzisheng_cn_junior_chapter_expansion_v1_cn-junior-g8-linear-functions_002,C,-1,operation_order_error,symbol_evaluation,这个选项通常来自operation order error。
jianzisheng_cn_junior_chapter_expansion_v1_cn-junior-g8-linear-functions_002,D,7,operation_order_error,symbol_evaluation,这个选项通常来自operation order error。
jianzisheng_cn_junior_chapter_expansion_v1_cn-junior-g8-linear-functions_003,A,-4,operation_order_error,symbol_evaluation,这个选项通常来自operation order error。
jianzisheng_cn_junior_chapter_expansion_v1_cn-junior-g8-linear-functions_003,B,-12,operation_order_error,symbol_evaluation,这个选项通常来自operation order error。
jianzisheng_cn_junior_chapter_expansion_v1_cn-junior-g8-linear-functions_003,C,-5,operation_order_error,symbol_evaluation,这个选项通常来自operation order error。
jianzisheng_cn_junior_chapter_expansion_v1_cn-junior-g8-linear-functions_003,E,-6,operation_order_error,symbol_evaluation,这个选项通常来自operation order error。
jianzisheng_cn_junior_chapter_expansion_v1_cn-junior-g8-linear-functions_004,A,4,operation_order_error,symbol_evaluation,这个选项通常来自operation order error。
jianzisheng_cn_junior_chapter_expansion_v1_cn-junior-g8-linear-functions_004,B,7,operation_order_error,symbol_evaluation,这个选项通常来自operation order error。
jianzisheng_cn_junior_chapter_expansion_v1_cn-junior-g8-linear-functions_004,D,1,operation_order_error,symbol_evaluation,这个选项通常来自operation order error。
jianzisheng_cn_junior_chapter_expansion_v1_cn-junior-g8-linear-functions_004,E,6,operation_order_error,symbol_evaluation,这个选项通常来自operation order error。
jianzisheng_cn_junior_chapter_expansion_v1_cn-junior-g8-linear-functions_005,A,15,operation_order_error,symbol_evaluation,这个选项通常来自operation order error。
jianzisheng_cn_junior_chapter_expansion_v1_cn-junior-g8-linear-functions_005,C,5,operation_order_error,symbol_evaluation,这个选项通常来自operation order error。
jianzisheng_cn_junior_chapter_expansion_v1_cn-junior-g8-linear-functions_005,D,12,operation_order_error,symbol_evaluation,这个选项通常来自operation order error。
jianzisheng_cn_junior_chapter_expansion_v1_cn-junior-g8-linear-functions_005,E,13,operation_order_error,symbol_evaluation,这个选项通常来自operation order error。
jianzisheng_cn_junior_chapter_expansion_v1_cn-junior-g8-linear-functions_006,B,9,operation_order_error,symbol_evaluation,这个选项通常来自operation order error。
jianzisheng_cn_junior_chapter_expansion_v1_cn-junior-g8-linear-functions_006,C,24,operation_order_error,symbol_evaluation,这个选项通常来自operation order error。
jianzisheng_cn_junior_chapter_expansion_v1_cn-junior-g8-linear-functions_006,D,24,operation_order_error,symbol_evaluation,这个选项通常来自operation order error。
jianzisheng_cn_junior_chapter_expansion_v1_cn-junior-g8-linear-functions_006,E,25,operation_order_error,symbol_evaluation,这个选项通常来自operation order error。
jianzisheng_cn_junior_chapter_expansion_v1_cn-junior-g8-linear-functions_007,A,13,operation_order_error,symbol_evaluation,这个选项通常来自operation order error。
jianzisheng_cn_junior_chapter_expansion_v1_cn-junior-g8-linear-functions_007,B,30,operation_order_error,symbol_evaluation,这个选项通常来自operation order error。
jianzisheng_cn_junior_chapter_expansion_v1_cn-junior-g8-linear-functions_007,C,37,operation_order_error,symbol_evaluation,这个选项通常来自operation order error。
jianzisheng_cn_junior_chapter_expansion_v1_cn-junior-g8-linear-functions_007,D,37,operation_order_error,symbol_evaluation,这个选项通常来自operation order error。
jianzisheng_cn_junior_chapter_expansion_v1_cn-junior-g8-linear-functions_008,A,6,operation_order_error,symbol_evaluation,这个选项通常来自operation order error。
jianzisheng_cn_junior_chapter_expansion_v1_cn-junior-g8-linear-functions_008,B,7,operation_order_error,symbol_evaluation,这个选项通常来自operation order error。
jianzisheng_cn_junior_chapter_expansion_v1_cn-junior-g8-linear-functions_008,C,15,operation_order_error,symbol_evaluation,这个选项通常来自operation order error。
jianzisheng_cn_junior_chapter_expansion_v1_cn-junior-g8-linear-functions_008,E,-1,operation_order_error,symbol_evaluation,这个选项通常来自operation order error。
jianzisheng_cn_junior_chapter_expansion_v1_cn-junior-g8-linear-functions_009,A,6,operation_order_error,symbol_evaluation,这个选项通常来自operation order error。
jianzisheng_cn_junior_chapter_expansion_v1_cn-junior-g8-linear-functions_009,B,13,operation_order_error,symbol_evaluation,这个选项通常来自operation order error。
jianzisheng_cn_junior_chapter_expansion_v1_cn-junior-g8-linear-functions_009,D,3,operation_order_error,symbol_evaluation,这个选项通常来自operation order error。
jianzisheng_cn_junior_chapter_expansion_v1_cn-junior-g8-linear-functions_009,E,2,operation_order_error,symbol_evaluation,这个选项通常来自operation order error。
jianzisheng_cn_junior_chapter_expansion_v1_cn-junior-g8-linear-functions_010,A,0,operation_order_error,symbol_evaluation,这个选项通常来自operation order error。
jianzisheng_cn_junior_chapter_expansion_v1_cn-junior-g8-linear-functions_010,C,-3,operation_order_error,symbol_evaluation,这个选项通常来自operation order error。
jianzisheng_cn_junior_chapter_expansion_v1_cn-junior-g8-linear-functions_010,D,0,operation_order_error,symbol_evaluation,这个选项通常来自operation order error。
jianzisheng_cn_junior_chapter_expansion_v1_cn-junior-g8-linear-functions_010,E,-1,operation_order_error,symbol_evaluation,这个选项通常来自operation order error。
jianzisheng_cn_junior_chapter_expansion_v1_cn-junior-g8-triangle-area_001,B,135,missing_half_factor,formula_selection,这个选项通常来自missing half factor。
jianzisheng_cn_junior_chapter_expansion_v1_cn-junior-g8-triangle-area_001,C,24,missing_half_factor,formula_selection,这个选项通常来自missing half factor。
jianzisheng_cn_junior_chapter_expansion_v1_cn-junior-g8-triangle-area_001,D,82.5,missing_half_factor,formula_selection,这个选项通常来自missing half factor。
jianzisheng_cn_junior_chapter_expansion_v1_cn-junior-g8-triangle-area_001,E,6,missing_half_factor,formula_selection,这个选项通常来自missing half factor。
jianzisheng_cn_junior_chapter_expansion_v1_cn-junior-g8-triangle-area_002,A,176,missing_half_factor,formula_selection,这个选项通常来自missing half factor。
jianzisheng_cn_junior_chapter_expansion_v1_cn-junior-g8-triangle-area_002,B,27,missing_half_factor,formula_selection,这个选项通常来自missing half factor。
jianzisheng_cn_junior_chapter_expansion_v1_cn-junior-g8-triangle-area_002,C,104,missing_half_factor,formula_selection,这个选项通常来自missing half factor。
jianzisheng_cn_junior_chapter_expansion_v1_cn-junior-g8-triangle-area_002,D,5,missing_half_factor,formula_selection,这个选项通常来自missing half factor。
jianzisheng_cn_junior_chapter_expansion_v1_cn-junior-g8-triangle-area_003,A,30,missing_half_factor,formula_selection,这个选项通常来自missing half factor。
jianzisheng_cn_junior_chapter_expansion_v1_cn-junior-g8-triangle-area_003,B,127.5,missing_half_factor,formula_selection,这个选项通常来自missing half factor。
jianzisheng_cn_junior_chapter_expansion_v1_cn-junior-g8-triangle-area_003,C,4,missing_half_factor,formula_selection,这个选项通常来自missing half factor。
jianzisheng_cn_junior_chapter_expansion_v1_cn-junior-g8-triangle-area_003,E,221,missing_half_factor,formula_selection,这个选项通常来自missing half factor。
jianzisheng_cn_junior_chapter_expansion_v1_cn-junior-g8-triangle-area_004,A,63,missing_half_factor,formula_selection,这个选项通常来自missing half factor。
jianzisheng_cn_junior_chapter_expansion_v1_cn-junior-g8-triangle-area_004,B,13,missing_half_factor,formula_selection,这个选项通常来自missing half factor。
jianzisheng_cn_junior_chapter_expansion_v1_cn-junior-g8-triangle-area_004,D,90,missing_half_factor,formula_selection,这个选项通常来自missing half factor。
jianzisheng_cn_junior_chapter_expansion_v1_cn-junior-g8-triangle-area_004,E,23,missing_half_factor,formula_selection,这个选项通常来自missing half factor。
jianzisheng_cn_junior_chapter_expansion_v1_cn-junior-g8-triangle-area_005,A,12,missing_half_factor,formula_selection,这个选项通常来自missing half factor。
jianzisheng_cn_junior_chapter_expansion_v1_cn-junior-g8-triangle-area_005,C,133,missing_half_factor,formula_selection,这个选项通常来自missing half factor。
jianzisheng_cn_junior_chapter_expansion_v1_cn-junior-g8-triangle-area_005,D,26,missing_half_factor,formula_selection,这个选项通常来自missing half factor。
jianzisheng_cn_junior_chapter_expansion_v1_cn-junior-g8-triangle-area_005,E,85.5,missing_half_factor,formula_selection,这个选项通常来自missing half factor。
jianzisheng_cn_junior_chapter_expansion_v1_cn-junior-g8-triangle-area_006,B,72,missing_half_factor,formula_selection,这个选项通常来自missing half factor。
jianzisheng_cn_junior_chapter_expansion_v1_cn-junior-g8-triangle-area_006,C,17,missing_half_factor,formula_selection,这个选项通常来自missing half factor。
jianzisheng_cn_junior_chapter_expansion_v1_cn-junior-g8-triangle-area_006,D,44,missing_half_factor,formula_selection,这个选项通常来自missing half factor。
jianzisheng_cn_junior_chapter_expansion_v1_cn-junior-g8-triangle-area_006,E,1,missing_half_factor,formula_selection,这个选项通常来自missing half factor。
jianzisheng_cn_junior_chapter_expansion_v1_cn-junior-g8-triangle-area_007,A,99,missing_half_factor,formula_selection,这个选项通常来自missing half factor。
jianzisheng_cn_junior_chapter_expansion_v1_cn-junior-g8-triangle-area_007,B,20,missing_half_factor,formula_selection,这个选项通常来自missing half factor。
jianzisheng_cn_junior_chapter_expansion_v1_cn-junior-g8-triangle-area_007,C,58.5,missing_half_factor,formula_selection,这个选项通常来自missing half factor。
jianzisheng_cn_junior_chapter_expansion_v1_cn-junior-g8-triangle-area_007,D,2,missing_half_factor,formula_selection,这个选项通常来自missing half factor。
jianzisheng_cn_junior_chapter_expansion_v1_cn-junior-g8-triangle-area_008,A,23,missing_half_factor,formula_selection,这个选项通常来自missing half factor。
jianzisheng_cn_junior_chapter_expansion_v1_cn-junior-g8-triangle-area_008,B,75,missing_half_factor,formula_selection,这个选项通常来自missing half factor。
jianzisheng_cn_junior_chapter_expansion_v1_cn-junior-g8-triangle-area_008,C,3,missing_half_factor,formula_selection,这个选项通常来自missing half factor。
jianzisheng_cn_junior_chapter_expansion_v1_cn-junior-g8-triangle-area_008,E,130,missing_half_factor,formula_selection,这个选项通常来自missing half factor。
jianzisheng_cn_junior_chapter_expansion_v1_cn-junior-g8-triangle-area_009,A,38.5,missing_half_factor,formula_selection,这个选项通常来自missing half factor。
jianzisheng_cn_junior_chapter_expansion_v1_cn-junior-g8-triangle-area_009,B,6,missing_half_factor,formula_selection,这个选项通常来自missing half factor。
jianzisheng_cn_junior_chapter_expansion_v1_cn-junior-g8-triangle-area_009,D,55,missing_half_factor,formula_selection,这个选项通常来自missing half factor。
jianzisheng_cn_junior_chapter_expansion_v1_cn-junior-g8-triangle-area_009,E,16,missing_half_factor,formula_selection,这个选项通常来自missing half factor。
jianzisheng_cn_junior_chapter_expansion_v1_cn-junior-g8-triangle-area_010,A,5,missing_half_factor,formula_selection,这个选项通常来自missing half factor。
jianzisheng_cn_junior_chapter_expansion_v1_cn-junior-g8-triangle-area_010,C,84,missing_half_factor,formula_selection,这个选项通常来自missing half factor。
jianzisheng_cn_junior_chapter_expansion_v1_cn-junior-g8-triangle-area_010,D,19,missing_half_factor,formula_selection,这个选项通常来自missing half factor。
jianzisheng_cn_junior_chapter_expansion_v1_cn-junior-g8-triangle-area_010,E,54,missing_half_factor,formula_selection,这个选项通常来自missing half factor。
jianzisheng_cn_junior_chapter_expansion_v1_cn-junior-g8-triangle-area_011,B,117,missing_half_factor,formula_selection,这个选项通常来自missing half factor。
jianzisheng_cn_junior_chapter_expansion_v1_cn-junior-g8-triangle-area_011,C,22,missing_half_factor,formula_selection,这个选项通常来自missing half factor。
jianzisheng_cn_junior_chapter_expansion_v1_cn-junior-g8-triangle-area_011,D,71.5,missing_half_factor,formula_selection,这个选项通常来自missing half factor。
jianzisheng_cn_junior_chapter_expansion_v1_cn-junior-g8-triangle-area_011,E,4,missing_half_factor,formula_selection,这个选项通常来自missing half factor。
jianzisheng_cn_junior_chapter_expansion_v1_cn-junior-g8-triangle-area_012,A,154,missing_half_factor,formula_selection,这个选项通常来自missing half factor。
jianzisheng_cn_junior_chapter_expansion_v1_cn-junior-g8-triangle-area_012,B,25,missing_half_factor,formula_selection,这个选项通常来自missing half factor。
jianzisheng_cn_junior_chapter_expansion_v1_cn-junior-g8-triangle-area_012,C,91,missing_half_factor,formula_selection,这个选项通常来自missing half factor。
jianzisheng_cn_junior_chapter_expansion_v1_cn-junior-g8-triangle-area_012,D,3,missing_half_factor,formula_selection,这个选项通常来自missing half factor。
jianzisheng_cn_junior_chapter_expansion_v1_cn-junior-g8-triangle-area_013,A,28,missing_half_factor,formula_selection,这个选项通常来自missing half factor。
jianzisheng_cn_junior_chapter_expansion_v1_cn-junior-g8-triangle-area_013,B,112.5,missing_half_factor,formula_selection,这个选项通常来自missing half factor。
jianzisheng_cn_junior_chapter_expansion_v1_cn-junior-g8-triangle-area_013,C,2,missing_half_factor,formula_selection,这个选项通常来自missing half factor。
jianzisheng_cn_junior_chapter_expansion_v1_cn-junior-g8-triangle-area_013,E,195,missing_half_factor,formula_selection,这个选项通常来自missing half factor。
jianzisheng_cn_junior_chapter_expansion_v1_cn-junior-g8-triangle-area_014,A,56,missing_half_factor,formula_selection,这个选项通常来自missing half factor。
jianzisheng_cn_junior_chapter_expansion_v1_cn-junior-g8-triangle-area_014,B,11,missing_half_factor,formula_selection,这个选项通常来自missing half factor。
jianzisheng_cn_junior_chapter_expansion_v1_cn-junior-g8-triangle-area_014,D,80,missing_half_factor,formula_selection,这个选项通常来自missing half factor。
jianzisheng_cn_junior_chapter_expansion_v1_cn-junior-g8-triangle-area_014,E,21,missing_half_factor,formula_selection,这个选项通常来自missing half factor。
jianzisheng_cn_junior_chapter_expansion_v1_cn-junior-g8-congruence-correspondence_001,B,14,corresponding_order_error,proof_reasoning,这个选项通常来自corresponding order error。
jianzisheng_cn_junior_chapter_expansion_v1_cn-junior-g8-congruence-correspondence_001,C,12,corresponding_order_error,proof_reasoning,这个选项通常来自corresponding order error。
jianzisheng_cn_junior_chapter_expansion_v1_cn-junior-g8-congruence-correspondence_001,D,26,corresponding_order_error,proof_reasoning,这个选项通常来自corresponding order error。
jianzisheng_cn_junior_chapter_expansion_v1_cn-junior-g8-congruence-correspondence_001,E,10,corresponding_order_error,proof_reasoning,这个选项通常来自corresponding order error。
jianzisheng_cn_junior_chapter_expansion_v1_cn-junior-g8-congruence-correspondence_002,A,15,corresponding_order_error,proof_reasoning,这个选项通常来自corresponding order error。
jianzisheng_cn_junior_chapter_expansion_v1_cn-junior-g8-congruence-correspondence_002,B,13,corresponding_order_error,proof_reasoning,这个选项通常来自corresponding order error。
jianzisheng_cn_junior_chapter_expansion_v1_cn-junior-g8-congruence-correspondence_002,C,28,corresponding_order_error,proof_reasoning,这个选项通常来自corresponding order error。
jianzisheng_cn_junior_chapter_expansion_v1_cn-junior-g8-congruence-correspondence_002,D,11,corresponding_order_error,proof_reasoning,这个选项通常来自corresponding order error。
jianzisheng_cn_junior_chapter_expansion_v1_cn-junior-g8-congruence-correspondence_003,A,14,corresponding_order_error,proof_reasoning,这个选项通常来自corresponding order error。
jianzisheng_cn_junior_chapter_expansion_v1_cn-junior-g8-congruence-correspondence_003,B,30,corresponding_order_error,proof_reasoning,这个选项通常来自corresponding order error。
jianzisheng_cn_junior_chapter_expansion_v1_cn-junior-g8-congruence-correspondence_003,C,12,corresponding_order_error,proof_reasoning,这个选项通常来自corresponding order error。
jianzisheng_cn_junior_chapter_expansion_v1_cn-junior-g8-congruence-correspondence_003,E,16,corresponding_order_error,proof_reasoning,这个选项通常来自corresponding order error。
jianzisheng_cn_junior_chapter_expansion_v1_cn-junior-g8-congruence-correspondence_004,A,32,corresponding_order_error,proof_reasoning,这个选项通常来自corresponding order error。
jianzisheng_cn_junior_chapter_expansion_v1_cn-junior-g8-congruence-correspondence_004,B,13,corresponding_order_error,proof_reasoning,这个选项通常来自corresponding order error。
jianzisheng_cn_junior_chapter_expansion_v1_cn-junior-g8-congruence-correspondence_004,D,17,corresponding_order_error,proof_reasoning,这个选项通常来自corresponding order error。
jianzisheng_cn_junior_chapter_expansion_v1_cn-junior-g8-congruence-correspondence_004,E,15,corresponding_order_error,proof_reasoning,这个选项通常来自corresponding order error。
jianzisheng_cn_junior_chapter_expansion_v1_cn-junior-g8-congruence-correspondence_005,A,14,corresponding_order_error,proof_reasoning,这个选项通常来自corresponding order error。
jianzisheng_cn_junior_chapter_expansion_v1_cn-junior-g8-congruence-correspondence_005,C,18,corresponding_order_error,proof_reasoning,这个选项通常来自corresponding order error。
jianzisheng_cn_junior_chapter_expansion_v1_cn-junior-g8-congruence-correspondence_005,D,16,corresponding_order_error,proof_reasoning,这个选项通常来自corresponding order error。
jianzisheng_cn_junior_chapter_expansion_v1_cn-junior-g8-congruence-correspondence_005,E,34,corresponding_order_error,proof_reasoning,这个选项通常来自corresponding order error。
jianzisheng_cn_junior_chapter_expansion_v1_cn-junior-g8-congruence-correspondence_006,B,19,corresponding_order_error,proof_reasoning,这个选项通常来自corresponding order error。
jianzisheng_cn_junior_chapter_expansion_v1_cn-junior-g8-congruence-correspondence_006,C,17,corresponding_order_error,proof_reasoning,这个选项通常来自corresponding order error。
jianzisheng_cn_junior_chapter_expansion_v1_cn-junior-g8-congruence-correspondence_006,D,36,corresponding_order_error,proof_reasoning,这个选项通常来自corresponding order error。
jianzisheng_cn_junior_chapter_expansion_v1_cn-junior-g8-congruence-correspondence_006,E,15,corresponding_order_error,proof_reasoning,这个选项通常来自corresponding order error。
jianzisheng_cn_junior_chapter_expansion_v1_cn-junior-g8-congruence-correspondence_007,A,20,corresponding_order_error,proof_reasoning,这个选项通常来自corresponding order error。
jianzisheng_cn_junior_chapter_expansion_v1_cn-junior-g8-congruence-correspondence_007,B,18,corresponding_order_error,proof_reasoning,这个选项通常来自corresponding order error。
jianzisheng_cn_junior_chapter_expansion_v1_cn-junior-g8-congruence-correspondence_007,C,38,corresponding_order_error,proof_reasoning,这个选项通常来自corresponding order error。
jianzisheng_cn_junior_chapter_expansion_v1_cn-junior-g8-congruence-correspondence_007,D,16,corresponding_order_error,proof_reasoning,这个选项通常来自corresponding order error。
jianzisheng_cn_junior_chapter_expansion_v1_cn-junior-g8-congruence-correspondence_008,A,19,corresponding_order_error,proof_reasoning,这个选项通常来自corresponding order error。
jianzisheng_cn_junior_chapter_expansion_v1_cn-junior-g8-congruence-correspondence_008,B,40,corresponding_order_error,proof_reasoning,这个选项通常来自corresponding order error。
jianzisheng_cn_junior_chapter_expansion_v1_cn-junior-g8-congruence-correspondence_008,C,17,corresponding_order_error,proof_reasoning,这个选项通常来自corresponding order error。
jianzisheng_cn_junior_chapter_expansion_v1_cn-junior-g8-congruence-correspondence_008,E,21,corresponding_order_error,proof_reasoning,这个选项通常来自corresponding order error。
jianzisheng_cn_junior_chapter_expansion_v1_cn-junior-g8-congruence-correspondence_009,A,12,corresponding_order_error,proof_reasoning,这个选项通常来自corresponding order error。
jianzisheng_cn_junior_chapter_expansion_v1_cn-junior-g8-congruence-correspondence_009,B,3,corresponding_order_error,proof_reasoning,这个选项通常来自corresponding order error。
jianzisheng_cn_junior_chapter_expansion_v1_cn-junior-g8-congruence-correspondence_009,D,7,corresponding_order_error,proof_reasoning,这个选项通常来自corresponding order error。
jianzisheng_cn_junior_chapter_expansion_v1_cn-junior-g8-congruence-correspondence_009,E,5,corresponding_order_error,proof_reasoning,这个选项通常来自corresponding order error。
jianzisheng_cn_junior_chapter_expansion_v1_cn-junior-g8-congruence-correspondence_010,A,4,corresponding_order_error,proof_reasoning,这个选项通常来自corresponding order error。
jianzisheng_cn_junior_chapter_expansion_v1_cn-junior-g8-congruence-correspondence_010,C,8,corresponding_order_error,proof_reasoning,这个选项通常来自corresponding order error。
jianzisheng_cn_junior_chapter_expansion_v1_cn-junior-g8-congruence-correspondence_010,D,6,corresponding_order_error,proof_reasoning,这个选项通常来自corresponding order error。
jianzisheng_cn_junior_chapter_expansion_v1_cn-junior-g8-congruence-correspondence_010,E,14,corresponding_order_error,proof_reasoning,这个选项通常来自corresponding order error。
jianzisheng_cn_junior_chapter_expansion_v1_cn-junior-g8-congruence-correspondence_011,B,9,corresponding_order_error,proof_reasoning,这个选项通常来自corresponding order error。
jianzisheng_cn_junior_chapter_expansion_v1_cn-junior-g8-congruence-correspondence_011,C,7,corresponding_order_error,proof_reasoning,这个选项通常来自corresponding order error。
jianzisheng_cn_junior_chapter_expansion_v1_cn-junior-g8-congruence-correspondence_011,D,16,corresponding_order_error,proof_reasoning,这个选项通常来自corresponding order error。
jianzisheng_cn_junior_chapter_expansion_v1_cn-junior-g8-congruence-correspondence_011,E,5,corresponding_order_error,proof_reasoning,这个选项通常来自corresponding order error。
jianzisheng_cn_junior_chapter_expansion_v1_cn-junior-g8-congruence-correspondence_012,A,10,corresponding_order_error,proof_reasoning,这个选项通常来自corresponding order error。
jianzisheng_cn_junior_chapter_expansion_v1_cn-junior-g8-congruence-correspondence_012,B,8,corresponding_order_error,proof_reasoning,这个选项通常来自corresponding order error。
jianzisheng_cn_junior_chapter_expansion_v1_cn-junior-g8-congruence-correspondence_012,C,18,corresponding_order_error,proof_reasoning,这个选项通常来自corresponding order error。
jianzisheng_cn_junior_chapter_expansion_v1_cn-junior-g8-congruence-correspondence_012,D,6,corresponding_order_error,proof_reasoning,这个选项通常来自corresponding order error。
jianzisheng_cn_junior_chapter_expansion_v1_cn-junior-g8-congruence-correspondence_013,A,9,corresponding_order_error,proof_reasoning,这个选项通常来自corresponding order error。
jianzisheng_cn_junior_chapter_expansion_v1_cn-junior-g8-congruence-correspondence_013,B,20,corresponding_order_error,proof_reasoning,这个选项通常来自corresponding order error。
jianzisheng_cn_junior_chapter_expansion_v1_cn-junior-g8-congruence-correspondence_013,C,7,corresponding_order_error,proof_reasoning,这个选项通常来自corresponding order error。
jianzisheng_cn_junior_chapter_expansion_v1_cn-junior-g8-congruence-correspondence_013,E,11,corresponding_order_error,proof_reasoning,这个选项通常来自corresponding order error。
jianzisheng_cn_junior_chapter_expansion_v1_cn-junior-g8-congruence-correspondence_014,A,22,corresponding_order_error,proof_reasoning,这个选项通常来自corresponding order error。
jianzisheng_cn_junior_chapter_expansion_v1_cn-junior-g8-congruence-correspondence_014,B,8,corresponding_order_error,proof_reasoning,这个选项通常来自corresponding order error。
jianzisheng_cn_junior_chapter_expansion_v1_cn-junior-g8-congruence-correspondence_014,D,12,corresponding_order_error,proof_reasoning,这个选项通常来自corresponding order error。
jianzisheng_cn_junior_chapter_expansion_v1_cn-junior-g8-congruence-correspondence_014,E,10,corresponding_order_error,proof_reasoning,这个选项通常来自corresponding order error。
jianzisheng_cn_junior_chapter_expansion_v1_cn-junior-g8-coordinate-distance_001,B,8,manhattan_distance_error,spatial_reasoning,这个选项通常来自manhattan distance error。
jianzisheng_cn_junior_chapter_expansion_v1_cn-junior-g8-coordinate-distance_001,C,18,manhattan_distance_error,spatial_reasoning,这个选项通常来自manhattan distance error。
jianzisheng_cn_junior_chapter_expansion_v1_cn-junior-g8-coordinate-distance_001,D,13,manhattan_distance_error,spatial_reasoning,这个选项通常来自manhattan distance error。
jianzisheng_cn_junior_chapter_expansion_v1_cn-junior-g8-coordinate-distance_001,E,17,manhattan_distance_error,spatial_reasoning,这个选项通常来自manhattan distance error。
jianzisheng_cn_junior_chapter_expansion_v1_cn-junior-g8-coordinate-distance_002,A,6,manhattan_distance_error,spatial_reasoning,这个选项通常来自manhattan distance error。
jianzisheng_cn_junior_chapter_expansion_v1_cn-junior-g8-coordinate-distance_002,B,24,manhattan_distance_error,spatial_reasoning,这个选项通常来自manhattan distance error。
jianzisheng_cn_junior_chapter_expansion_v1_cn-junior-g8-coordinate-distance_002,C,13,manhattan_distance_error,spatial_reasoning,这个选项通常来自manhattan distance error。
jianzisheng_cn_junior_chapter_expansion_v1_cn-junior-g8-coordinate-distance_002,D,15,manhattan_distance_error,spatial_reasoning,这个选项通常来自manhattan distance error。
jianzisheng_cn_junior_chapter_expansion_v1_cn-junior-g8-coordinate-distance_003,A,25,manhattan_distance_error,spatial_reasoning,这个选项通常来自manhattan distance error。
jianzisheng_cn_junior_chapter_expansion_v1_cn-junior-g8-coordinate-distance_003,B,16,manhattan_distance_error,spatial_reasoning,这个选项通常来自manhattan distance error。
jianzisheng_cn_junior_chapter_expansion_v1_cn-junior-g8-coordinate-distance_003,C,17,manhattan_distance_error,spatial_reasoning,这个选项通常来自manhattan distance error。
jianzisheng_cn_junior_chapter_expansion_v1_cn-junior-g8-coordinate-distance_003,E,9,manhattan_distance_error,spatial_reasoning,这个选项通常来自manhattan distance error。
jianzisheng_cn_junior_chapter_expansion_v1_cn-junior-g8-coordinate-distance_004,A,25,manhattan_distance_error,spatial_reasoning,这个选项通常来自manhattan distance error。
jianzisheng_cn_junior_chapter_expansion_v1_cn-junior-g8-coordinate-distance_004,B,29,manhattan_distance_error,spatial_reasoning,这个选项通常来自manhattan distance error。
jianzisheng_cn_junior_chapter_expansion_v1_cn-junior-g8-coordinate-distance_004,D,18,manhattan_distance_error,spatial_reasoning,这个选项通常来自manhattan distance error。
jianzisheng_cn_junior_chapter_expansion_v1_cn-junior-g8-coordinate-distance_004,E,32,manhattan_distance_error,spatial_reasoning,这个选项通常来自manhattan distance error。
jianzisheng_cn_junior_chapter_expansion_v1_cn-junior-g8-coordinate-distance_005,A,26,manhattan_distance_error,spatial_reasoning,这个选项通常来自manhattan distance error。
jianzisheng_cn_junior_chapter_expansion_v1_cn-junior-g8-coordinate-distance_005,C,16,manhattan_distance_error,spatial_reasoning,这个选项通常来自manhattan distance error。
jianzisheng_cn_junior_chapter_expansion_v1_cn-junior-g8-coordinate-distance_005,D,36,manhattan_distance_error,spatial_reasoning,这个选项通常来自manhattan distance error。
jianzisheng_cn_junior_chapter_expansion_v1_cn-junior-g8-coordinate-distance_005,E,25,manhattan_distance_error,spatial_reasoning,这个选项通常来自manhattan distance error。
jianzisheng_cn_junior_chapter_expansion_v1_cn-junior-g8-coordinate-distance_006,B,4,manhattan_distance_error,spatial_reasoning,这个选项通常来自manhattan distance error。
jianzisheng_cn_junior_chapter_expansion_v1_cn-junior-g8-coordinate-distance_006,C,16,manhattan_distance_error,spatial_reasoning,这个选项通常来自manhattan distance error。
jianzisheng_cn_junior_chapter_expansion_v1_cn-junior-g8-coordinate-distance_006,D,9,manhattan_distance_error,spatial_reasoning,这个选项通常来自manhattan distance error。
jianzisheng_cn_junior_chapter_expansion_v1_cn-junior-g8-coordinate-distance_006,E,10,manhattan_distance_error,spatial_reasoning,这个选项通常来自manhattan distance error。
jianzisheng_cn_junior_chapter_expansion_v1_cn-junior-g8-coordinate-distance_007,A,8,manhattan_distance_error,spatial_reasoning,这个选项通常来自manhattan distance error。
jianzisheng_cn_junior_chapter_expansion_v1_cn-junior-g8-coordinate-distance_007,B,18,manhattan_distance_error,spatial_reasoning,这个选项通常来自manhattan distance error。
jianzisheng_cn_junior_chapter_expansion_v1_cn-junior-g8-coordinate-distance_007,C,13,manhattan_distance_error,spatial_reasoning,这个选项通常来自manhattan distance error。
jianzisheng_cn_junior_chapter_expansion_v1_cn-junior-g8-coordinate-distance_007,D,17,manhattan_distance_error,spatial_reasoning,这个选项通常来自manhattan distance error。
jianzisheng_cn_junior_chapter_expansion_v1_cn-junior-g8-coordinate-distance_008,A,24,manhattan_distance_error,spatial_reasoning,这个选项通常来自manhattan distance error。
jianzisheng_cn_junior_chapter_expansion_v1_cn-junior-g8-coordinate-distance_008,B,13,manhattan_distance_error,spatial_reasoning,这个选项通常来自manhattan distance error。
jianzisheng_cn_junior_chapter_expansion_v1_cn-junior-g8-coordinate-distance_008,C,15,manhattan_distance_error,spatial_reasoning,这个选项通常来自manhattan distance error。
jianzisheng_cn_junior_chapter_expansion_v1_cn-junior-g8-coordinate-distance_008,E,6,manhattan_distance_error,spatial_reasoning,这个选项通常来自manhattan distance error。
jianzisheng_cn_junior_chapter_expansion_v1_cn-junior-g8-coordinate-distance_009,A,16,manhattan_distance_error,spatial_reasoning,这个选项通常来自manhattan distance error。
jianzisheng_cn_junior_chapter_expansion_v1_cn-junior-g8-coordinate-distance_009,B,17,manhattan_distance_error,spatial_reasoning,这个选项通常来自manhattan distance error。
jianzisheng_cn_junior_chapter_expansion_v1_cn-junior-g8-coordinate-distance_009,D,9,manhattan_distance_error,spatial_reasoning,这个选项通常来自manhattan distance error。
jianzisheng_cn_junior_chapter_expansion_v1_cn-junior-g8-coordinate-distance_009,E,25,manhattan_distance_error,spatial_reasoning,这个选项通常来自manhattan distance error。
jianzisheng_cn_junior_chapter_expansion_v1_cn-junior-g8-coordinate-distance_010,A,29,manhattan_distance_error,spatial_reasoning,这个选项通常来自manhattan distance error。
jianzisheng_cn_junior_chapter_expansion_v1_cn-junior-g8-coordinate-distance_010,C,18,manhattan_distance_error,spatial_reasoning,这个选项通常来自manhattan distance error。
jianzisheng_cn_junior_chapter_expansion_v1_cn-junior-g8-coordinate-distance_010,D,32,manhattan_distance_error,spatial_reasoning,这个选项通常来自manhattan distance error。
jianzisheng_cn_junior_chapter_expansion_v1_cn-junior-g8-coordinate-distance_010,E,25,manhattan_distance_error,spatial_reasoning,这个选项通常来自manhattan distance error。
jianzisheng_cn_junior_chapter_expansion_v1_cn-junior-g8-coordinate-distance_011,B,16,manhattan_distance_error,spatial_reasoning,这个选项通常来自manhattan distance error。
jianzisheng_cn_junior_chapter_expansion_v1_cn-junior-g8-coordinate-distance_011,C,36,manhattan_distance_error,spatial_reasoning,这个选项通常来自manhattan distance error。
jianzisheng_cn_junior_chapter_expansion_v1_cn-junior-g8-coordinate-distance_011,D,25,manhattan_distance_error,spatial_reasoning,这个选项通常来自manhattan distance error。
jianzisheng_cn_junior_chapter_expansion_v1_cn-junior-g8-coordinate-distance_011,E,26,manhattan_distance_error,spatial_reasoning,这个选项通常来自manhattan distance error。
jianzisheng_cn_junior_chapter_expansion_v1_cn-junior-g8-coordinate-distance_012,A,4,manhattan_distance_error,spatial_reasoning,这个选项通常来自manhattan distance error。
jianzisheng_cn_junior_chapter_expansion_v1_cn-junior-g8-coordinate-distance_012,B,16,manhattan_distance_error,spatial_reasoning,这个选项通常来自manhattan distance error。
jianzisheng_cn_junior_chapter_expansion_v1_cn-junior-g8-coordinate-distance_012,C,9,manhattan_distance_error,spatial_reasoning,这个选项通常来自manhattan distance error。
jianzisheng_cn_junior_chapter_expansion_v1_cn-junior-g8-coordinate-distance_012,D,10,manhattan_distance_error,spatial_reasoning,这个选项通常来自manhattan distance error。
jianzisheng_cn_junior_chapter_expansion_v1_cn-junior-g8-coordinate-distance_013,A,18,manhattan_distance_error,spatial_reasoning,这个选项通常来自manhattan distance error。
jianzisheng_cn_junior_chapter_expansion_v1_cn-junior-g8-coordinate-distance_013,B,13,manhattan_distance_error,spatial_reasoning,这个选项通常来自manhattan distance error。
jianzisheng_cn_junior_chapter_expansion_v1_cn-junior-g8-coordinate-distance_013,C,17,manhattan_distance_error,spatial_reasoning,这个选项通常来自manhattan distance error。
jianzisheng_cn_junior_chapter_expansion_v1_cn-junior-g8-coordinate-distance_013,E,8,manhattan_distance_error,spatial_reasoning,这个选项通常来自manhattan distance error。
jianzisheng_cn_junior_chapter_expansion_v1_cn-junior-g8-coordinate-distance_014,A,13,manhattan_distance_error,spatial_reasoning,这个选项通常来自manhattan distance error。
jianzisheng_cn_junior_chapter_expansion_v1_cn-junior-g8-coordinate-distance_014,B,15,manhattan_distance_error,spatial_reasoning,这个选项通常来自manhattan distance error。
jianzisheng_cn_junior_chapter_expansion_v1_cn-junior-g8-coordinate-distance_014,D,6,manhattan_distance_error,spatial_reasoning,这个选项通常来自manhattan distance error。
jianzisheng_cn_junior_chapter_expansion_v1_cn-junior-g8-coordinate-distance_014,E,24,manhattan_distance_error,spatial_reasoning,这个选项通常来自manhattan distance error。
jianzisheng_cn_junior_chapter_expansion_v1_cn-junior-g8-linear-slope_001,B,10,rise_run_confusion,multiplicative_reasoning,这个选项通常来自rise run confusion。
jianzisheng_cn_junior_chapter_expansion_v1_cn-junior-g8-linear-slope_001,C,5,rise_run_confusion,multiplicative_reasoning,这个选项通常来自rise run confusion。
jianzisheng_cn_junior_chapter_expansion_v1_cn-junior-g8-linear-slope_001,D,3,rise_run_confusion,multiplicative_reasoning,这个选项通常来自rise run confusion。
jianzisheng_cn_junior_chapter_expansion_v1_cn-junior-g8-linear-slope_001,E,-2,rise_run_confusion,multiplicative_reasoning,这个选项通常来自rise run confusion。
jianzisheng_cn_junior_chapter_expansion_v1_cn-junior-g8-linear-slope_002,A,6,rise_run_confusion,multiplicative_reasoning,这个选项通常来自rise run confusion。
jianzisheng_cn_junior_chapter_expansion_v1_cn-junior-g8-linear-slope_002,B,2,rise_run_confusion,multiplicative_reasoning,这个选项通常来自rise run confusion。
jianzisheng_cn_junior_chapter_expansion_v1_cn-junior-g8-linear-slope_002,C,4,rise_run_confusion,multiplicative_reasoning,这个选项通常来自rise run confusion。
jianzisheng_cn_junior_chapter_expansion_v1_cn-junior-g8-linear-slope_002,D,-3,rise_run_confusion,multiplicative_reasoning,这个选项通常来自rise run confusion。
jianzisheng_cn_junior_chapter_expansion_v1_cn-junior-g8-linear-slope_003,A,3,rise_run_confusion,multiplicative_reasoning,这个选项通常来自rise run confusion。
jianzisheng_cn_junior_chapter_expansion_v1_cn-junior-g8-linear-slope_003,B,5,rise_run_confusion,multiplicative_reasoning,这个选项通常来自rise run confusion。
jianzisheng_cn_junior_chapter_expansion_v1_cn-junior-g8-linear-slope_003,C,-4,rise_run_confusion,multiplicative_reasoning,这个选项通常来自rise run confusion。
jianzisheng_cn_junior_chapter_expansion_v1_cn-junior-g8-linear-slope_003,E,12,rise_run_confusion,multiplicative_reasoning,这个选项通常来自rise run confusion。
jianzisheng_cn_junior_chapter_expansion_v1_cn-junior-g8-linear-slope_004,A,-1,rise_run_confusion,multiplicative_reasoning,这个选项通常来自rise run confusion。
jianzisheng_cn_junior_chapter_expansion_v1_cn-junior-g8-linear-slope_004,B,2,rise_run_confusion,multiplicative_reasoning,这个选项通常来自rise run confusion。
jianzisheng_cn_junior_chapter_expansion_v1_cn-junior-g8-linear-slope_004,D,-8,rise_run_confusion,multiplicative_reasoning,这个选项通常来自rise run confusion。
jianzisheng_cn_junior_chapter_expansion_v1_cn-junior-g8-linear-slope_004,E,4,rise_run_confusion,multiplicative_reasoning,这个选项通常来自rise run confusion。
jianzisheng_cn_junior_chapter_expansion_v1_cn-junior-g8-linear-slope_005,A,1,rise_run_confusion,multiplicative_reasoning,这个选项通常来自rise run confusion。
jianzisheng_cn_junior_chapter_expansion_v1_cn-junior-g8-linear-slope_005,C,-5,rise_run_confusion,multiplicative_reasoning,这个选项通常来自rise run confusion。
jianzisheng_cn_junior_chapter_expansion_v1_cn-junior-g8-linear-slope_005,D,5,rise_run_confusion,multiplicative_reasoning,这个选项通常来自rise run confusion。
jianzisheng_cn_junior_chapter_expansion_v1_cn-junior-g8-linear-slope_005,E,0,rise_run_confusion,multiplicative_reasoning,这个选项通常来自rise run confusion。
jianzisheng_cn_junior_chapter_expansion_v1_cn-junior-g8-linear-slope_006,B,4,rise_run_confusion,multiplicative_reasoning,这个选项通常来自rise run confusion。
jianzisheng_cn_junior_chapter_expansion_v1_cn-junior-g8-linear-slope_006,C,3,rise_run_confusion,multiplicative_reasoning,这个选项通常来自rise run confusion。
jianzisheng_cn_junior_chapter_expansion_v1_cn-junior-g8-linear-slope_006,D,-2,rise_run_confusion,multiplicative_reasoning,这个选项通常来自rise run confusion。
jianzisheng_cn_junior_chapter_expansion_v1_cn-junior-g8-linear-slope_006,E,7,rise_run_confusion,multiplicative_reasoning,这个选项通常来自rise run confusion。
jianzisheng_cn_junior_chapter_expansion_v1_cn-junior-g8-linear-slope_007,A,9,rise_run_confusion,multiplicative_reasoning,这个选项通常来自rise run confusion。
jianzisheng_cn_junior_chapter_expansion_v1_cn-junior-g8-linear-slope_007,B,4,rise_run_confusion,multiplicative_reasoning,这个选项通常来自rise run confusion。
jianzisheng_cn_junior_chapter_expansion_v1_cn-junior-g8-linear-slope_007,C,-3,rise_run_confusion,multiplicative_reasoning,这个选项通常来自rise run confusion。
jianzisheng_cn_junior_chapter_expansion_v1_cn-junior-g8-linear-slope_007,D,8,rise_run_confusion,multiplicative_reasoning,这个选项通常来自rise run confusion。
jianzisheng_cn_junior_chapter_expansion_v1_cn-junior-g8-linear-slope_008,A,5,rise_run_confusion,multiplicative_reasoning,这个选项通常来自rise run confusion。
jianzisheng_cn_junior_chapter_expansion_v1_cn-junior-g8-linear-slope_008,B,-4,rise_run_confusion,multiplicative_reasoning,这个选项通常来自rise run confusion。
jianzisheng_cn_junior_chapter_expansion_v1_cn-junior-g8-linear-slope_008,C,9,rise_run_confusion,multiplicative_reasoning,这个选项通常来自rise run confusion。
jianzisheng_cn_junior_chapter_expansion_v1_cn-junior-g8-linear-slope_008,E,16,rise_run_confusion,multiplicative_reasoning,这个选项通常来自rise run confusion。
jianzisheng_cn_junior_chapter_expansion_v1_cn-junior-g8-linear-slope_009,A,-1,rise_run_confusion,multiplicative_reasoning,这个选项通常来自rise run confusion。
jianzisheng_cn_junior_chapter_expansion_v1_cn-junior-g8-linear-slope_009,B,2,rise_run_confusion,multiplicative_reasoning,这个选项通常来自rise run confusion。
jianzisheng_cn_junior_chapter_expansion_v1_cn-junior-g8-linear-slope_009,D,-10,rise_run_confusion,multiplicative_reasoning,这个选项通常来自rise run confusion。
jianzisheng_cn_junior_chapter_expansion_v1_cn-junior-g8-linear-slope_009,E,5,rise_run_confusion,multiplicative_reasoning,这个选项通常来自rise run confusion。
jianzisheng_cn_junior_chapter_expansion_v1_cn-junior-g8-linear-slope_010,A,1,rise_run_confusion,multiplicative_reasoning,这个选项通常来自rise run confusion。
jianzisheng_cn_junior_chapter_expansion_v1_cn-junior-g8-linear-slope_010,C,-2,rise_run_confusion,multiplicative_reasoning,这个选项通常来自rise run confusion。
jianzisheng_cn_junior_chapter_expansion_v1_cn-junior-g8-linear-slope_010,D,2,rise_run_confusion,multiplicative_reasoning,这个选项通常来自rise run confusion。
jianzisheng_cn_junior_chapter_expansion_v1_cn-junior-g8-linear-slope_010,E,0,rise_run_confusion,multiplicative_reasoning,这个选项通常来自rise run confusion。
jianzisheng_cn_junior_chapter_expansion_v1_cn-junior-g8-linear-slope_011,B,6,rise_run_confusion,multiplicative_reasoning,这个选项通常来自rise run confusion。
jianzisheng_cn_junior_chapter_expansion_v1_cn-junior-g8-linear-slope_011,C,3,rise_run_confusion,multiplicative_reasoning,这个选项通常来自rise run confusion。
jianzisheng_cn_junior_chapter_expansion_v1_cn-junior-g8-linear-slope_011,D,-2,rise_run_confusion,multiplicative_reasoning,这个选项通常来自rise run confusion。
jianzisheng_cn_junior_chapter_expansion_v1_cn-junior-g8-linear-slope_011,E,7,rise_run_confusion,multiplicative_reasoning,这个选项通常来自rise run confusion。
jianzisheng_cn_junior_chapter_expansion_v1_cn-junior-g8-linear-slope_012,A,12,rise_run_confusion,multiplicative_reasoning,这个选项通常来自rise run confusion。
jianzisheng_cn_junior_chapter_expansion_v1_cn-junior-g8-linear-slope_012,B,4,rise_run_confusion,multiplicative_reasoning,这个选项通常来自rise run confusion。
jianzisheng_cn_junior_chapter_expansion_v1_cn-junior-g8-linear-slope_012,C,-3,rise_run_confusion,multiplicative_reasoning,这个选项通常来自rise run confusion。
jianzisheng_cn_junior_chapter_expansion_v1_cn-junior-g8-linear-slope_012,D,8,rise_run_confusion,multiplicative_reasoning,这个选项通常来自rise run confusion。
jianzisheng_cn_junior_chapter_expansion_v1_cn-junior-g8-linear-slope_013,A,5,rise_run_confusion,multiplicative_reasoning,这个选项通常来自rise run confusion。
jianzisheng_cn_junior_chapter_expansion_v1_cn-junior-g8-linear-slope_013,B,-4,rise_run_confusion,multiplicative_reasoning,这个选项通常来自rise run confusion。
jianzisheng_cn_junior_chapter_expansion_v1_cn-junior-g8-linear-slope_013,C,9,rise_run_confusion,multiplicative_reasoning,这个选项通常来自rise run confusion。
jianzisheng_cn_junior_chapter_expansion_v1_cn-junior-g8-linear-slope_013,E,20,rise_run_confusion,multiplicative_reasoning,这个选项通常来自rise run confusion。
jianzisheng_cn_junior_chapter_expansion_v1_cn-junior-g8-linear-slope_014,A,-1,rise_run_confusion,multiplicative_reasoning,这个选项通常来自rise run confusion。
jianzisheng_cn_junior_chapter_expansion_v1_cn-junior-g8-linear-slope_014,B,3,rise_run_confusion,multiplicative_reasoning,这个选项通常来自rise run confusion。
jianzisheng_cn_junior_chapter_expansion_v1_cn-junior-g8-linear-slope_014,D,-4,rise_run_confusion,multiplicative_reasoning,这个选项通常来自rise run confusion。
jianzisheng_cn_junior_chapter_expansion_v1_cn-junior-g8-linear-slope_014,E,2,rise_run_confusion,multiplicative_reasoning,这个选项通常来自rise run confusion。
jianzisheng_cn_junior_chapter_expansion_v1_cn-junior-g8-linear-modeling_001,B,31,rate_total_confusion,modeling,这个选项通常来自rate total confusion。
jianzisheng_cn_junior_chapter_expansion_v1_cn-junior-g8-linear-modeling_001,C,90,rate_total_confusion,modeling,这个选项通常来自rate total confusion。
jianzisheng_cn_junior_chapter_expansion_v1_cn-junior-g8-linear-modeling_001,D,129,rate_total_confusion,modeling,这个选项通常来自rate total confusion。
jianzisheng_cn_junior_chapter_expansion_v1_cn-junior-g8-linear-modeling_001,E,111,rate_total_confusion,modeling,这个选项通常来自rate total confusion。
jianzisheng_cn_junior_chapter_expansion_v1_cn-junior-g8-linear-modeling_002,A,26,rate_total_confusion,modeling,这个选项通常来自rate total confusion。
jianzisheng_cn_junior_chapter_expansion_v1_cn-junior-g8-linear-modeling_002,B,22,rate_total_confusion,modeling,这个选项通常来自rate total confusion。
jianzisheng_cn_junior_chapter_expansion_v1_cn-junior-g8-linear-modeling_002,C,145,rate_total_confusion,modeling,这个选项通常来自rate total confusion。
jianzisheng_cn_junior_chapter_expansion_v1_cn-junior-g8-linear-modeling_002,D,37,rate_total_confusion,modeling,这个选项通常来自rate total confusion。
jianzisheng_cn_junior_chapter_expansion_v1_cn-junior-g8-linear-modeling_003,A,9,rate_total_confusion,modeling,这个选项通常来自rate total confusion。
jianzisheng_cn_junior_chapter_expansion_v1_cn-junior-g8-linear-modeling_003,B,45,rate_total_confusion,modeling,这个选项通常来自rate total confusion。
jianzisheng_cn_junior_chapter_expansion_v1_cn-junior-g8-linear-modeling_003,C,26,rate_total_confusion,modeling,这个选项通常来自rate total confusion。
jianzisheng_cn_junior_chapter_expansion_v1_cn-junior-g8-linear-modeling_003,E,20,rate_total_confusion,modeling,这个选项通常来自rate total confusion。
jianzisheng_cn_junior_chapter_expansion_v1_cn-junior-g8-linear-modeling_004,A,64,rate_total_confusion,modeling,这个选项通常来自rate total confusion。
jianzisheng_cn_junior_chapter_expansion_v1_cn-junior-g8-linear-modeling_004,B,35,rate_total_confusion,modeling,这个选项通常来自rate total confusion。
jianzisheng_cn_junior_chapter_expansion_v1_cn-junior-g8-linear-modeling_004,D,23,rate_total_confusion,modeling,这个选项通常来自rate total confusion。
jianzisheng_cn_junior_chapter_expansion_v1_cn-junior-g8-linear-modeling_004,E,16,rate_total_confusion,modeling,这个选项通常来自rate total confusion。
jianzisheng_cn_junior_chapter_expansion_v1_cn-junior-g8-linear-modeling_005,A,46,rate_total_confusion,modeling,这个选项通常来自rate total confusion。
jianzisheng_cn_junior_chapter_expansion_v1_cn-junior-g8-linear-modeling_005,C,26,rate_total_confusion,modeling,这个选项通常来自rate total confusion。
jianzisheng_cn_junior_chapter_expansion_v1_cn-junior-g8-linear-modeling_005,D,25,rate_total_confusion,modeling,这个选项通常来自rate total confusion。
jianzisheng_cn_junior_chapter_expansion_v1_cn-junior-g8-linear-modeling_005,E,85,rate_total_confusion,modeling,这个选项通常来自rate total confusion。
jianzisheng_cn_junior_chapter_expansion_v1_cn-junior-g8-linear-modeling_006,B,29,rate_total_confusion,modeling,这个选项通常来自rate total confusion。
jianzisheng_cn_junior_chapter_expansion_v1_cn-junior-g8-linear-modeling_006,C,36,rate_total_confusion,modeling,这个选项通常来自rate total confusion。
jianzisheng_cn_junior_chapter_expansion_v1_cn-junior-g8-linear-modeling_006,D,108,rate_total_confusion,modeling,这个选项通常来自rate total confusion。
jianzisheng_cn_junior_chapter_expansion_v1_cn-junior-g8-linear-modeling_006,E,59,rate_total_confusion,modeling,这个选项通常来自rate total confusion。
jianzisheng_cn_junior_chapter_expansion_v1_cn-junior-g8-linear-modeling_007,A,32,rate_total_confusion,modeling,这个选项通常来自rate total confusion。
jianzisheng_cn_junior_chapter_expansion_v1_cn-junior-g8-linear-modeling_007,B,49,rate_total_confusion,modeling,这个选项通常来自rate total confusion。
jianzisheng_cn_junior_chapter_expansion_v1_cn-junior-g8-linear-modeling_007,C,133,rate_total_confusion,modeling,这个选项通常来自rate total confusion。
jianzisheng_cn_junior_chapter_expansion_v1_cn-junior-g8-linear-modeling_007,D,74,rate_total_confusion,modeling,这个选项通常来自rate total confusion。
jianzisheng_cn_junior_chapter_expansion_v1_cn-junior-g8-linear-modeling_008,A,64,rate_total_confusion,modeling,这个选项通常来自rate total confusion。
jianzisheng_cn_junior_chapter_expansion_v1_cn-junior-g8-linear-modeling_008,B,160,rate_total_confusion,modeling,这个选项通常来自rate total confusion。
jianzisheng_cn_junior_chapter_expansion_v1_cn-junior-g8-linear-modeling_008,C,91,rate_total_confusion,modeling,这个选项通常来自rate total confusion。
jianzisheng_cn_junior_chapter_expansion_v1_cn-junior-g8-linear-modeling_008,E,35,rate_total_confusion,modeling,这个选项通常来自rate total confusion。
jianzisheng_cn_junior_chapter_expansion_v1_cn-junior-g8-linear-modeling_009,A,189,rate_total_confusion,modeling,这个选项通常来自rate total confusion。
jianzisheng_cn_junior_chapter_expansion_v1_cn-junior-g8-linear-modeling_009,B,110,rate_total_confusion,modeling,这个选项通常来自rate total confusion。
jianzisheng_cn_junior_chapter_expansion_v1_cn-junior-g8-linear-modeling_009,D,38,rate_total_confusion,modeling,这个选项通常来自rate total confusion。
jianzisheng_cn_junior_chapter_expansion_v1_cn-junior-g8-linear-modeling_009,E,81,rate_total_confusion,modeling,这个选项通常来自rate total confusion。
jianzisheng_cn_junior_chapter_expansion_v1_cn-junior-g8-linear-modeling_010,A,43,rate_total_confusion,modeling,这个选项通常来自rate total confusion。
jianzisheng_cn_junior_chapter_expansion_v1_cn-junior-g8-linear-modeling_010,C,33,rate_total_confusion,modeling,这个选项通常来自rate total confusion。
jianzisheng_cn_junior_chapter_expansion_v1_cn-junior-g8-linear-modeling_010,D,20,rate_total_confusion,modeling,这个选项通常来自rate total confusion。
jianzisheng_cn_junior_chapter_expansion_v1_cn-junior-g8-linear-modeling_010,E,212,rate_total_confusion,modeling,这个选项通常来自rate total confusion。
jianzisheng_cn_junior_chapter_expansion_v1_cn-junior-g8-linear-modeling_011,B,36,rate_total_confusion,modeling,这个选项通常来自rate total confusion。
jianzisheng_cn_junior_chapter_expansion_v1_cn-junior-g8-linear-modeling_011,C,33,rate_total_confusion,modeling,这个选项通常来自rate total confusion。
jianzisheng_cn_junior_chapter_expansion_v1_cn-junior-g8-linear-modeling_011,D,245,rate_total_confusion,modeling,这个选项通常来自rate total confusion。
jianzisheng_cn_junior_chapter_expansion_v1_cn-junior-g8-linear-modeling_011,E,58,rate_total_confusion,modeling,这个选项通常来自rate total confusion。
jianzisheng_cn_junior_chapter_expansion_v1_cn-junior-g8-linear-modeling_012,A,30,rate_total_confusion,modeling,这个选项通常来自rate total confusion。
jianzisheng_cn_junior_chapter_expansion_v1_cn-junior-g8-linear-modeling_012,B,12,rate_total_confusion,modeling,这个选项通常来自rate total confusion。
jianzisheng_cn_junior_chapter_expansion_v1_cn-junior-g8-linear-modeling_012,C,73,rate_total_confusion,modeling,这个选项通常来自rate total confusion。
jianzisheng_cn_junior_chapter_expansion_v1_cn-junior-g8-linear-modeling_012,D,39,rate_total_confusion,modeling,这个选项通常来自rate total confusion。
jianzisheng_cn_junior_chapter_expansion_v1_cn-junior-g8-linear-modeling_013,A,20,rate_total_confusion,modeling,这个选项通常来自rate total confusion。
jianzisheng_cn_junior_chapter_expansion_v1_cn-junior-g8-linear-modeling_013,B,101,rate_total_confusion,modeling,这个选项通常来自rate total confusion。
jianzisheng_cn_junior_chapter_expansion_v1_cn-junior-g8-linear-modeling_013,C,49,rate_total_confusion,modeling,这个选项通常来自rate total confusion。
jianzisheng_cn_junior_chapter_expansion_v1_cn-junior-g8-linear-modeling_013,E,33,rate_total_confusion,modeling,这个选项通常来自rate total confusion。
jianzisheng_cn_junior_chapter_expansion_v1_cn-junior-g8-linear-modeling_014,A,31,rate_total_confusion,modeling,这个选项通常来自rate total confusion。
jianzisheng_cn_junior_chapter_expansion_v1_cn-junior-g8-linear-modeling_014,B,41,rate_total_confusion,modeling,这个选项通常来自rate total confusion。
jianzisheng_cn_junior_chapter_expansion_v1_cn-junior-g8-linear-modeling_014,D,16,rate_total_confusion,modeling,这个选项通常来自rate total confusion。
jianzisheng_cn_junior_chapter_expansion_v1_cn-junior-g8-linear-modeling_014,E,30,rate_total_confusion,modeling,这个选项通常来自rate total confusion。
jianzisheng_cn_junior_chapter_expansion_v1_cn-junior-g8-similarity_001,B,24,additive_scaling_error,multiplicative_reasoning,这个选项通常来自additive scaling error。
jianzisheng_cn_junior_chapter_expansion_v1_cn-junior-g8-similarity_001,C,14,additive_scaling_error,multiplicative_reasoning,这个选项通常来自additive scaling error。
jianzisheng_cn_junior_chapter_expansion_v1_cn-junior-g8-similarity_001,D,2,additive_scaling_error,multiplicative_reasoning,这个选项通常来自additive scaling error。
jianzisheng_cn_junior_chapter_expansion_v1_cn-junior-g8-similarity_001,E,48,additive_scaling_error,multiplicative_reasoning,这个选项通常来自additive scaling error。
jianzisheng_cn_junior_chapter_expansion_v1_cn-junior-g8-similarity_002,A,19,additive_scaling_error,multiplicative_reasoning,这个选项通常来自additive scaling error。
jianzisheng_cn_junior_chapter_expansion_v1_cn-junior-g8-similarity_002,B,13,additive_scaling_error,multiplicative_reasoning,这个选项通常来自additive scaling error。
jianzisheng_cn_junior_chapter_expansion_v1_cn-junior-g8-similarity_002,C,6,additive_scaling_error,multiplicative_reasoning,这个选项通常来自additive scaling error。
jianzisheng_cn_junior_chapter_expansion_v1_cn-junior-g8-similarity_002,D,26,additive_scaling_error,multiplicative_reasoning,这个选项通常来自additive scaling error。
jianzisheng_cn_junior_chapter_expansion_v1_cn-junior-g8-similarity_003,A,7,additive_scaling_error,multiplicative_reasoning,这个选项通常来自additive scaling error。
jianzisheng_cn_junior_chapter_expansion_v1_cn-junior-g8-similarity_003,B,1,additive_scaling_error,multiplicative_reasoning,这个选项通常来自additive scaling error。
jianzisheng_cn_junior_chapter_expansion_v1_cn-junior-g8-similarity_003,C,17,additive_scaling_error,multiplicative_reasoning,这个选项通常来自additive scaling error。
jianzisheng_cn_junior_chapter_expansion_v1_cn-junior-g8-similarity_003,E,19,additive_scaling_error,multiplicative_reasoning,这个选项通常来自additive scaling error。
jianzisheng_cn_junior_chapter_expansion_v1_cn-junior-g8-similarity_004,A,2,additive_scaling_error,multiplicative_reasoning,这个选项通常来自additive scaling error。
jianzisheng_cn_junior_chapter_expansion_v1_cn-junior-g8-similarity_004,B,29,additive_scaling_error,multiplicative_reasoning,这个选项通常来自additive scaling error。
jianzisheng_cn_junior_chapter_expansion_v1_cn-junior-g8-similarity_004,D,30,additive_scaling_error,multiplicative_reasoning,这个选项通常来自additive scaling error。
jianzisheng_cn_junior_chapter_expansion_v1_cn-junior-g8-similarity_004,E,10,additive_scaling_error,multiplicative_reasoning,这个选项通常来自additive scaling error。
jianzisheng_cn_junior_chapter_expansion_v1_cn-junior-g8-similarity_005,A,47,additive_scaling_error,multiplicative_reasoning,这个选项通常来自additive scaling error。
jianzisheng_cn_junior_chapter_expansion_v1_cn-junior-g8-similarity_005,C,43,additive_scaling_error,multiplicative_reasoning,这个选项通常来自additive scaling error。
jianzisheng_cn_junior_chapter_expansion_v1_cn-junior-g8-similarity_005,D,13,additive_scaling_error,multiplicative_reasoning,这个选项通常来自additive scaling error。
jianzisheng_cn_junior_chapter_expansion_v1_cn-junior-g8-similarity_005,E,2,additive_scaling_error,multiplicative_reasoning,这个选项通常来自additive scaling error。
jianzisheng_cn_junior_chapter_expansion_v1_cn-junior-g8-similarity_006,B,26,additive_scaling_error,multiplicative_reasoning,这个选项通常来自additive scaling error。
jianzisheng_cn_junior_chapter_expansion_v1_cn-junior-g8-similarity_006,C,12,additive_scaling_error,multiplicative_reasoning,这个选项通常来自additive scaling error。
jianzisheng_cn_junior_chapter_expansion_v1_cn-junior-g8-similarity_006,D,5,additive_scaling_error,multiplicative_reasoning,这个选项通常来自additive scaling error。
jianzisheng_cn_junior_chapter_expansion_v1_cn-junior-g8-similarity_006,E,28,additive_scaling_error,multiplicative_reasoning,这个选项通常来自additive scaling error。
jianzisheng_cn_junior_chapter_expansion_v1_cn-junior-g8-similarity_007,A,39,additive_scaling_error,multiplicative_reasoning,这个选项通常来自additive scaling error。
jianzisheng_cn_junior_chapter_expansion_v1_cn-junior-g8-similarity_007,B,15,additive_scaling_error,multiplicative_reasoning,这个选项通常来自additive scaling error。
jianzisheng_cn_junior_chapter_expansion_v1_cn-junior-g8-similarity_007,C,4,additive_scaling_error,multiplicative_reasoning,这个选项通常来自additive scaling error。
jianzisheng_cn_junior_chapter_expansion_v1_cn-junior-g8-similarity_007,D,45,additive_scaling_error,multiplicative_reasoning,这个选项通常来自additive scaling error。
jianzisheng_cn_junior_chapter_expansion_v1_cn-junior-g8-similarity_008,A,9,additive_scaling_error,multiplicative_reasoning,这个选项通常来自additive scaling error。
jianzisheng_cn_junior_chapter_expansion_v1_cn-junior-g8-similarity_008,B,1,additive_scaling_error,multiplicative_reasoning,这个选项通常来自additive scaling error。
jianzisheng_cn_junior_chapter_expansion_v1_cn-junior-g8-similarity_008,C,23,additive_scaling_error,multiplicative_reasoning,这个选项通常来自additive scaling error。
jianzisheng_cn_junior_chapter_expansion_v1_cn-junior-g8-similarity_008,E,17,additive_scaling_error,multiplicative_reasoning,这个选项通常来自additive scaling error。
jianzisheng_cn_junior_chapter_expansion_v1_cn-junior-g8-similarity_009,A,1,additive_scaling_error,multiplicative_reasoning,这个选项通常来自additive scaling error。
jianzisheng_cn_junior_chapter_expansion_v1_cn-junior-g8-similarity_009,B,39,additive_scaling_error,multiplicative_reasoning,这个选项通常来自additive scaling error。
jianzisheng_cn_junior_chapter_expansion_v1_cn-junior-g8-similarity_009,D,27,additive_scaling_error,multiplicative_reasoning,这个选项通常来自additive scaling error。
jianzisheng_cn_junior_chapter_expansion_v1_cn-junior-g8-similarity_009,E,12,additive_scaling_error,multiplicative_reasoning,这个选项通常来自additive scaling error。
jianzisheng_cn_junior_chapter_expansion_v1_cn-junior-g8-similarity_010,A,23,additive_scaling_error,multiplicative_reasoning,这个选项通常来自additive scaling error。
jianzisheng_cn_junior_chapter_expansion_v1_cn-junior-g8-similarity_010,C,19,additive_scaling_error,multiplicative_reasoning,这个选项通常来自additive scaling error。
jianzisheng_cn_junior_chapter_expansion_v1_cn-junior-g8-similarity_010,D,11,additive_scaling_error,multiplicative_reasoning,这个选项通常来自additive scaling error。
jianzisheng_cn_junior_chapter_expansion_v1_cn-junior-g8-similarity_010,E,5,additive_scaling_error,multiplicative_reasoning,这个选项通常来自additive scaling error。
jianzisheng_cn_junior_chapter_expansion_v1_cn-junior-g8-similarity_011,B,29,additive_scaling_error,multiplicative_reasoning,这个选项通常来自additive scaling error。
jianzisheng_cn_junior_chapter_expansion_v1_cn-junior-g8-similarity_011,C,14,additive_scaling_error,multiplicative_reasoning,这个选项通常来自additive scaling error。
jianzisheng_cn_junior_chapter_expansion_v1_cn-junior-g8-similarity_011,D,4,additive_scaling_error,multiplicative_reasoning,这个选项通常来自additive scaling error。
jianzisheng_cn_junior_chapter_expansion_v1_cn-junior-g8-similarity_011,E,39,additive_scaling_error,multiplicative_reasoning,这个选项通常来自additive scaling error。
jianzisheng_cn_junior_chapter_expansion_v1_cn-junior-g8-similarity_012,A,32,additive_scaling_error,multiplicative_reasoning,这个选项通常来自additive scaling error。
jianzisheng_cn_junior_chapter_expansion_v1_cn-junior-g8-similarity_012,B,8,additive_scaling_error,multiplicative_reasoning,这个选项通常来自additive scaling error。
jianzisheng_cn_junior_chapter_expansion_v1_cn-junior-g8-similarity_012,C,1,additive_scaling_error,multiplicative_reasoning,这个选项通常来自additive scaling error。
jianzisheng_cn_junior_chapter_expansion_v1_cn-junior-g8-similarity_012,D,23,additive_scaling_error,multiplicative_reasoning,这个选项通常来自additive scaling error。
jianzisheng_cn_junior_chapter_expansion_v1_cn-junior-g8-similarity_013,A,11,additive_scaling_error,multiplicative_reasoning,这个选项通常来自additive scaling error。
jianzisheng_cn_junior_chapter_expansion_v1_cn-junior-g8-similarity_013,B,1,additive_scaling_error,multiplicative_reasoning,这个选项通常来自additive scaling error。
jianzisheng_cn_junior_chapter_expansion_v1_cn-junior-g8-similarity_013,C,38,additive_scaling_error,multiplicative_reasoning,这个选项通常来自additive scaling error。
jianzisheng_cn_junior_chapter_expansion_v1_cn-junior-g8-similarity_013,E,46,additive_scaling_error,multiplicative_reasoning,这个选项通常来自additive scaling error。
jianzisheng_cn_junior_chapter_expansion_v1_cn-junior-g8-similarity_014,A,4,additive_scaling_error,multiplicative_reasoning,这个选项通常来自additive scaling error。
jianzisheng_cn_junior_chapter_expansion_v1_cn-junior-g8-similarity_014,B,25,additive_scaling_error,multiplicative_reasoning,这个选项通常来自additive scaling error。
jianzisheng_cn_junior_chapter_expansion_v1_cn-junior-g8-similarity_014,D,26,additive_scaling_error,multiplicative_reasoning,这个选项通常来自additive scaling error。
jianzisheng_cn_junior_chapter_expansion_v1_cn-junior-g8-similarity_014,E,10,additive_scaling_error,multiplicative_reasoning,这个选项通常来自additive scaling error。
jianzisheng_cn_junior_chapter_expansion_v1_cn-junior-g8-parallel-angles_001,B,112,supplementary_vs_equal_error,geometric_reasoning,这个选项通常来自supplementary vs equal error。
jianzisheng_cn_junior_chapter_expansion_v1_cn-junior-g8-parallel-angles_001,C,78,supplementary_vs_equal_error,geometric_reasoning,这个选项通常来自supplementary vs equal error。
jianzisheng_cn_junior_chapter_expansion_v1_cn-junior-g8-parallel-angles_001,D,58,supplementary_vs_equal_error,geometric_reasoning,这个选项通常来自supplementary vs equal error。
jianzisheng_cn_junior_chapter_expansion_v1_cn-junior-g8-parallel-angles_001,E,73,supplementary_vs_equal_error,geometric_reasoning,这个选项通常来自supplementary vs equal error。
jianzisheng_cn_junior_chapter_expansion_v1_cn-junior-g8-parallel-angles_002,A,57,supplementary_vs_equal_error,geometric_reasoning,这个选项通常来自supplementary vs equal error。
jianzisheng_cn_junior_chapter_expansion_v1_cn-junior-g8-parallel-angles_002,B,133,supplementary_vs_equal_error,geometric_reasoning,这个选项通常来自supplementary vs equal error。
jianzisheng_cn_junior_chapter_expansion_v1_cn-junior-g8-parallel-angles_002,C,113,supplementary_vs_equal_error,geometric_reasoning,这个选项通常来自supplementary vs equal error。
jianzisheng_cn_junior_chapter_expansion_v1_cn-junior-g8-parallel-angles_002,D,128,supplementary_vs_equal_error,geometric_reasoning,这个选项通常来自supplementary vs equal error。
jianzisheng_cn_junior_chapter_expansion_v1_cn-junior-g8-parallel-angles_003,A,56,supplementary_vs_equal_error,geometric_reasoning,这个选项通常来自supplementary vs equal error。
jianzisheng_cn_junior_chapter_expansion_v1_cn-junior-g8-parallel-angles_003,B,36,supplementary_vs_equal_error,geometric_reasoning,这个选项通常来自supplementary vs equal error。
jianzisheng_cn_junior_chapter_expansion_v1_cn-junior-g8-parallel-angles_003,C,51,supplementary_vs_equal_error,geometric_reasoning,这个选项通常来自supplementary vs equal error。
jianzisheng_cn_junior_chapter_expansion_v1_cn-junior-g8-parallel-angles_003,E,134,supplementary_vs_equal_error,geometric_reasoning,这个选项通常来自supplementary vs equal error。
jianzisheng_cn_junior_chapter_expansion_v1_cn-junior-g8-parallel-angles_004,A,25,supplementary_vs_equal_error,geometric_reasoning,这个选项通常来自supplementary vs equal error。
jianzisheng_cn_junior_chapter_expansion_v1_cn-junior-g8-parallel-angles_004,B,40,supplementary_vs_equal_error,geometric_reasoning,这个选项通常来自supplementary vs equal error。
jianzisheng_cn_junior_chapter_expansion_v1_cn-junior-g8-parallel-angles_004,D,145,supplementary_vs_equal_error,geometric_reasoning,这个选项通常来自supplementary vs equal error。
jianzisheng_cn_junior_chapter_expansion_v1_cn-junior-g8-parallel-angles_004,E,45,supplementary_vs_equal_error,geometric_reasoning,这个选项通常来自supplementary vs equal error。
jianzisheng_cn_junior_chapter_expansion_v1_cn-junior-g8-parallel-angles_005,A,139,supplementary_vs_equal_error,geometric_reasoning,这个选项通常来自supplementary vs equal error。
jianzisheng_cn_junior_chapter_expansion_v1_cn-junior-g8-parallel-angles_005,C,46,supplementary_vs_equal_error,geometric_reasoning,这个选项通常来自supplementary vs equal error。
jianzisheng_cn_junior_chapter_expansion_v1_cn-junior-g8-parallel-angles_005,D,144,supplementary_vs_equal_error,geometric_reasoning,这个选项通常来自supplementary vs equal error。
jianzisheng_cn_junior_chapter_expansion_v1_cn-junior-g8-parallel-angles_005,E,124,supplementary_vs_equal_error,geometric_reasoning,这个选项通常来自supplementary vs equal error。
jianzisheng_cn_junior_chapter_expansion_v1_cn-junior-g8-parallel-angles_006,B,123,supplementary_vs_equal_error,geometric_reasoning,这个选项通常来自supplementary vs equal error。
jianzisheng_cn_junior_chapter_expansion_v1_cn-junior-g8-parallel-angles_006,C,67,supplementary_vs_equal_error,geometric_reasoning,这个选项通常来自supplementary vs equal error。
jianzisheng_cn_junior_chapter_expansion_v1_cn-junior-g8-parallel-angles_006,D,47,supplementary_vs_equal_error,geometric_reasoning,这个选项通常来自supplementary vs equal error。
jianzisheng_cn_junior_chapter_expansion_v1_cn-junior-g8-parallel-angles_006,E,62,supplementary_vs_equal_error,geometric_reasoning,这个选项通常来自supplementary vs equal error。
jianzisheng_cn_junior_chapter_expansion_v1_cn-junior-g8-parallel-angles_007,A,68,supplementary_vs_equal_error,geometric_reasoning,这个选项通常来自supplementary vs equal error。
jianzisheng_cn_junior_chapter_expansion_v1_cn-junior-g8-parallel-angles_007,B,122,supplementary_vs_equal_error,geometric_reasoning,这个选项通常来自supplementary vs equal error。
jianzisheng_cn_junior_chapter_expansion_v1_cn-junior-g8-parallel-angles_007,C,102,supplementary_vs_equal_error,geometric_reasoning,这个选项通常来自supplementary vs equal error。
jianzisheng_cn_junior_chapter_expansion_v1_cn-junior-g8-parallel-angles_007,D,117,supplementary_vs_equal_error,geometric_reasoning,这个选项通常来自supplementary vs equal error。
jianzisheng_cn_junior_chapter_expansion_v1_cn-junior-g8-parallel-angles_008,A,89,supplementary_vs_equal_error,geometric_reasoning,这个选项通常来自supplementary vs equal error。
jianzisheng_cn_junior_chapter_expansion_v1_cn-junior-g8-parallel-angles_008,B,69,supplementary_vs_equal_error,geometric_reasoning,这个选项通常来自supplementary vs equal error。
jianzisheng_cn_junior_chapter_expansion_v1_cn-junior-g8-parallel-angles_008,C,84,supplementary_vs_equal_error,geometric_reasoning,这个选项通常来自supplementary vs equal error。
jianzisheng_cn_junior_chapter_expansion_v1_cn-junior-g8-parallel-angles_008,E,101,supplementary_vs_equal_error,geometric_reasoning,这个选项通常来自supplementary vs equal error。
jianzisheng_cn_junior_chapter_expansion_v1_cn-junior-g8-parallel-angles_009,A,94,supplementary_vs_equal_error,geometric_reasoning,这个选项通常来自supplementary vs equal error。
jianzisheng_cn_junior_chapter_expansion_v1_cn-junior-g8-parallel-angles_009,B,95,supplementary_vs_equal_error,geometric_reasoning,这个选项通常来自supplementary vs equal error。
jianzisheng_cn_junior_chapter_expansion_v1_cn-junior-g8-parallel-angles_009,D,100,supplementary_vs_equal_error,geometric_reasoning,这个选项通常来自supplementary vs equal error。
jianzisheng_cn_junior_chapter_expansion_v1_cn-junior-g8-parallel-angles_009,E,80,supplementary_vs_equal_error,geometric_reasoning,这个选项通常来自supplementary vs equal error。
jianzisheng_cn_junior_chapter_expansion_v1_cn-junior-g8-parallel-angles_010,A,106,supplementary_vs_equal_error,geometric_reasoning,这个选项通常来自supplementary vs equal error。
jianzisheng_cn_junior_chapter_expansion_v1_cn-junior-g8-parallel-angles_010,C,79,supplementary_vs_equal_error,geometric_reasoning,这个选项通常来自supplementary vs equal error。
jianzisheng_cn_junior_chapter_expansion_v1_cn-junior-g8-parallel-angles_010,D,111,supplementary_vs_equal_error,geometric_reasoning,这个选项通常来自supplementary vs equal error。
jianzisheng_cn_junior_chapter_expansion_v1_cn-junior-g8-parallel-angles_010,E,91,supplementary_vs_equal_error,geometric_reasoning,这个选项通常来自supplementary vs equal error。
jianzisheng_cn_junior_chapter_expansion_v1_cn-junior-g8-parallel-angles_011,B,112,supplementary_vs_equal_error,geometric_reasoning,这个选项通常来自supplementary vs equal error。
jianzisheng_cn_junior_chapter_expansion_v1_cn-junior-g8-parallel-angles_011,C,78,supplementary_vs_equal_error,geometric_reasoning,这个选项通常来自supplementary vs equal error。
jianzisheng_cn_junior_chapter_expansion_v1_cn-junior-g8-parallel-angles_011,D,58,supplementary_vs_equal_error,geometric_reasoning,这个选项通常来自supplementary vs equal error。
jianzisheng_cn_junior_chapter_expansion_v1_cn-junior-g8-parallel-angles_011,E,73,supplementary_vs_equal_error,geometric_reasoning,这个选项通常来自supplementary vs equal error。
jianzisheng_cn_junior_chapter_expansion_v1_cn-junior-g8-parallel-angles_012,A,57,supplementary_vs_equal_error,geometric_reasoning,这个选项通常来自supplementary vs equal error。
jianzisheng_cn_junior_chapter_expansion_v1_cn-junior-g8-parallel-angles_012,B,133,supplementary_vs_equal_error,geometric_reasoning,这个选项通常来自supplementary vs equal error。
jianzisheng_cn_junior_chapter_expansion_v1_cn-junior-g8-parallel-angles_012,C,113,supplementary_vs_equal_error,geometric_reasoning,这个选项通常来自supplementary vs equal error。
jianzisheng_cn_junior_chapter_expansion_v1_cn-junior-g8-parallel-angles_012,D,128,supplementary_vs_equal_error,geometric_reasoning,这个选项通常来自supplementary vs equal error。
jianzisheng_cn_junior_chapter_expansion_v1_cn-junior-g8-parallel-angles_013,A,56,supplementary_vs_equal_error,geometric_reasoning,这个选项通常来自supplementary vs equal error。
jianzisheng_cn_junior_chapter_expansion_v1_cn-junior-g8-parallel-angles_013,B,36,supplementary_vs_equal_error,geometric_reasoning,这个选项通常来自supplementary vs equal error。
jianzisheng_cn_junior_chapter_expansion_v1_cn-junior-g8-parallel-angles_013,C,51,supplementary_vs_equal_error,geometric_reasoning,这个选项通常来自supplementary vs equal error。
jianzisheng_cn_junior_chapter_expansion_v1_cn-junior-g8-parallel-angles_013,E,134,supplementary_vs_equal_error,geometric_reasoning,这个选项通常来自supplementary vs equal error。
jianzisheng_cn_junior_chapter_expansion_v1_cn-junior-g8-parallel-angles_014,A,25,supplementary_vs_equal_error,geometric_reasoning,这个选项通常来自supplementary vs equal error。
jianzisheng_cn_junior_chapter_expansion_v1_cn-junior-g8-parallel-angles_014,B,40,supplementary_vs_equal_error,geometric_reasoning,这个选项通常来自supplementary vs equal error。
jianzisheng_cn_junior_chapter_expansion_v1_cn-junior-g8-parallel-angles_014,D,145,supplementary_vs_equal_error,geometric_reasoning,这个选项通常来自supplementary vs equal error。
jianzisheng_cn_junior_chapter_expansion_v1_cn-junior-g8-parallel-angles_014,E,45,supplementary_vs_equal_error,geometric_reasoning,这个选项通常来自supplementary vs equal error。
jianzisheng_cn_junior_chapter_expansion_v1_cn-junior-g8-linear-inverse_001,B,12,inverse_operations_error,inverse_operations,这个选项通常来自inverse operations error。
jianzisheng_cn_junior_chapter_expansion_v1_cn-junior-g8-linear-inverse_001,C,99,inverse_operations_error,inverse_operations,这个选项通常来自inverse operations error。
jianzisheng_cn_junior_chapter_expansion_v1_cn-junior-g8-linear-inverse_001,D,14,inverse_operations_error,inverse_operations,这个选项通常来自inverse operations error。
jianzisheng_cn_junior_chapter_expansion_v1_cn-junior-g8-linear-inverse_001,E,16,inverse_operations_error,inverse_operations,这个选项通常来自inverse operations error。
jianzisheng_cn_junior_chapter_expansion_v1_cn-junior-g8-linear-inverse_002,A,11,inverse_operations_error,inverse_operations,这个选项通常来自inverse operations error。
jianzisheng_cn_junior_chapter_expansion_v1_cn-junior-g8-linear-inverse_002,B,8,inverse_operations_error,inverse_operations,这个选项通常来自inverse operations error。
jianzisheng_cn_junior_chapter_expansion_v1_cn-junior-g8-linear-inverse_002,C,5,inverse_operations_error,inverse_operations,这个选项通常来自inverse operations error。
jianzisheng_cn_junior_chapter_expansion_v1_cn-junior-g8-linear-inverse_002,D,18,inverse_operations_error,inverse_operations,这个选项通常来自inverse operations error。
jianzisheng_cn_junior_chapter_expansion_v1_cn-junior-g8-linear-inverse_003,A,15,inverse_operations_error,inverse_operations,这个选项通常来自inverse operations error。
jianzisheng_cn_junior_chapter_expansion_v1_cn-junior-g8-linear-inverse_003,B,6,inverse_operations_error,inverse_operations,这个选项通常来自inverse operations error。
jianzisheng_cn_junior_chapter_expansion_v1_cn-junior-g8-linear-inverse_003,C,10,inverse_operations_error,inverse_operations,这个选项通常来自inverse operations error。
jianzisheng_cn_junior_chapter_expansion_v1_cn-junior-g8-linear-inverse_003,E,10,inverse_operations_error,inverse_operations,这个选项通常来自inverse operations error。
jianzisheng_cn_junior_chapter_expansion_v1_cn-junior-g8-linear-inverse_004,A,7,inverse_operations_error,inverse_operations,这个选项通常来自inverse operations error。
jianzisheng_cn_junior_chapter_expansion_v1_cn-junior-g8-linear-inverse_004,B,14,inverse_operations_error,inverse_operations,这个选项通常来自inverse operations error。
jianzisheng_cn_junior_chapter_expansion_v1_cn-junior-g8-linear-inverse_004,D,10,inverse_operations_error,inverse_operations,这个选项通常来自inverse operations error。
jianzisheng_cn_junior_chapter_expansion_v1_cn-junior-g8-linear-inverse_004,E,24,inverse_operations_error,inverse_operations,这个选项通常来自inverse operations error。
jianzisheng_cn_junior_chapter_expansion_v1_cn-junior-g8-linear-inverse_005,A,14,inverse_operations_error,inverse_operations,这个选项通常来自inverse operations error。
jianzisheng_cn_junior_chapter_expansion_v1_cn-junior-g8-linear-inverse_005,C,10,inverse_operations_error,inverse_operations,这个选项通常来自inverse operations error。
jianzisheng_cn_junior_chapter_expansion_v1_cn-junior-g8-linear-inverse_005,D,35,inverse_operations_error,inverse_operations,这个选项通常来自inverse operations error。
jianzisheng_cn_junior_chapter_expansion_v1_cn-junior-g8-linear-inverse_005,E,8,inverse_operations_error,inverse_operations,这个选项通常来自inverse operations error。
jianzisheng_cn_junior_chapter_expansion_v1_cn-junior-g8-linear-inverse_006,B,11,inverse_operations_error,inverse_operations,这个选项通常来自inverse operations error。
jianzisheng_cn_junior_chapter_expansion_v1_cn-junior-g8-linear-inverse_006,C,48,inverse_operations_error,inverse_operations,这个选项通常来自inverse operations error。
jianzisheng_cn_junior_chapter_expansion_v1_cn-junior-g8-linear-inverse_006,D,9,inverse_operations_error,inverse_operations,这个选项通常来自inverse operations error。
jianzisheng_cn_junior_chapter_expansion_v1_cn-junior-g8-linear-inverse_006,E,14,inverse_operations_error,inverse_operations,这个选项通常来自inverse operations error。
jianzisheng_cn_junior_chapter_expansion_v1_cn-junior-g8-linear-inverse_007,A,12,inverse_operations_error,inverse_operations,这个选项通常来自inverse operations error。
jianzisheng_cn_junior_chapter_expansion_v1_cn-junior-g8-linear-inverse_007,B,63,inverse_operations_error,inverse_operations,这个选项通常来自inverse operations error。
jianzisheng_cn_junior_chapter_expansion_v1_cn-junior-g8-linear-inverse_007,C,10,inverse_operations_error,inverse_operations,这个选项通常来自inverse operations error。
jianzisheng_cn_junior_chapter_expansion_v1_cn-junior-g8-linear-inverse_007,D,14,inverse_operations_error,inverse_operations,这个选项通常来自inverse operations error。
jianzisheng_cn_junior_chapter_expansion_v1_cn-junior-g8-linear-inverse_008,A,80,inverse_operations_error,inverse_operations,这个选项通常来自inverse operations error。
jianzisheng_cn_junior_chapter_expansion_v1_cn-junior-g8-linear-inverse_008,B,11,inverse_operations_error,inverse_operations,这个选项通常来自inverse operations error。
jianzisheng_cn_junior_chapter_expansion_v1_cn-junior-g8-linear-inverse_008,C,15,inverse_operations_error,inverse_operations,这个选项通常来自inverse operations error。
jianzisheng_cn_junior_chapter_expansion_v1_cn-junior-g8-linear-inverse_008,E,13,inverse_operations_error,inverse_operations,这个选项通常来自inverse operations error。
jianzisheng_cn_junior_chapter_expansion_v1_cn-junior-g8-linear-inverse_009,A,12,inverse_operations_error,inverse_operations,这个选项通常来自inverse operations error。
jianzisheng_cn_junior_chapter_expansion_v1_cn-junior-g8-linear-inverse_009,B,16,inverse_operations_error,inverse_operations,这个选项通常来自inverse operations error。
jianzisheng_cn_junior_chapter_expansion_v1_cn-junior-g8-linear-inverse_009,D,13,inverse_operations_error,inverse_operations,这个选项通常来自inverse operations error。
jianzisheng_cn_junior_chapter_expansion_v1_cn-junior-g8-linear-inverse_009,E,99,inverse_operations_error,inverse_operations,这个选项通常来自inverse operations error。
jianzisheng_cn_junior_chapter_expansion_v1_cn-junior-g8-linear-inverse_010,A,26,inverse_operations_error,inverse_operations,这个选项通常来自inverse operations error。
jianzisheng_cn_junior_chapter_expansion_v1_cn-junior-g8-linear-inverse_010,C,15,inverse_operations_error,inverse_operations,这个选项通常来自inverse operations error。
jianzisheng_cn_junior_chapter_expansion_v1_cn-junior-g8-linear-inverse_010,D,8,inverse_operations_error,inverse_operations,这个选项通常来自inverse operations error。
jianzisheng_cn_junior_chapter_expansion_v1_cn-junior-g8-linear-inverse_010,E,5,inverse_operations_error,inverse_operations,这个选项通常来自inverse operations error。
jianzisheng_cn_junior_chapter_expansion_v1_cn-junior-g8-linear-inverse_011,B,13,inverse_operations_error,inverse_operations,这个选项通常来自inverse operations error。
jianzisheng_cn_junior_chapter_expansion_v1_cn-junior-g8-linear-inverse_011,C,15,inverse_operations_error,inverse_operations,这个选项通常来自inverse operations error。
jianzisheng_cn_junior_chapter_expansion_v1_cn-junior-g8-linear-inverse_011,D,6,inverse_operations_error,inverse_operations,这个选项通常来自inverse operations error。
jianzisheng_cn_junior_chapter_expansion_v1_cn-junior-g8-linear-inverse_011,E,20,inverse_operations_error,inverse_operations,这个选项通常来自inverse operations error。
jianzisheng_cn_junior_chapter_expansion_v1_cn-junior-g8-linear-inverse_012,A,8,inverse_operations_error,inverse_operations,这个选项通常来自inverse operations error。
jianzisheng_cn_junior_chapter_expansion_v1_cn-junior-g8-linear-inverse_012,B,24,inverse_operations_error,inverse_operations,这个选项通常来自inverse operations error。
jianzisheng_cn_junior_chapter_expansion_v1_cn-junior-g8-linear-inverse_012,C,7,inverse_operations_error,inverse_operations,这个选项通常来自inverse operations error。
jianzisheng_cn_junior_chapter_expansion_v1_cn-junior-g8-linear-inverse_012,D,9,inverse_operations_error,inverse_operations,这个选项通常来自inverse operations error。
jianzisheng_cn_junior_chapter_expansion_v1_cn-junior-g8-linear-inverse_013,A,35,inverse_operations_error,inverse_operations,这个选项通常来自inverse operations error。
jianzisheng_cn_junior_chapter_expansion_v1_cn-junior-g8-linear-inverse_013,B,10,inverse_operations_error,inverse_operations,这个选项通常来自inverse operations error。
jianzisheng_cn_junior_chapter_expansion_v1_cn-junior-g8-linear-inverse_013,C,12,inverse_operations_error,inverse_operations,这个选项通常来自inverse operations error。
jianzisheng_cn_junior_chapter_expansion_v1_cn-junior-g8-linear-inverse_013,E,8,inverse_operations_error,inverse_operations,这个选项通常来自inverse operations error。
jianzisheng_cn_junior_chapter_expansion_v1_cn-junior-g8-linear-inverse_014,A,11,inverse_operations_error,inverse_operations,这个选项通常来自inverse operations error。
jianzisheng_cn_junior_chapter_expansion_v1_cn-junior-g8-linear-inverse_014,B,13,inverse_operations_error,inverse_operations,这个选项通常来自inverse operations error。
jianzisheng_cn_junior_chapter_expansion_v1_cn-junior-g8-linear-inverse_014,D,9,inverse_operations_error,inverse_operations,这个选项通常来自inverse operations error。
jianzisheng_cn_junior_chapter_expansion_v1_cn-junior-g8-linear-inverse_014,E,48,inverse_operations_error,inverse_operations,这个选项通常来自inverse operations error。
jianzisheng_cn_junior_chapter_expansion_v1_cn-junior-g8-linear-intercept_001,B,22,parameter_substitution_error,symbolic_fluency,这个选项通常来自parameter substitution error。
jianzisheng_cn_junior_chapter_expansion_v1_cn-junior-g8-linear-intercept_001,C,7,parameter_substitution_error,symbolic_fluency,这个选项通常来自parameter substitution error。
jianzisheng_cn_junior_chapter_expansion_v1_cn-junior-g8-linear-intercept_001,D,4,parameter_substitution_error,symbolic_fluency,这个选项通常来自parameter substitution error。
jianzisheng_cn_junior_chapter_expansion_v1_cn-junior-g8-linear-intercept_001,E,-2,parameter_substitution_error,symbolic_fluency,这个选项通常来自parameter substitution error。
jianzisheng_cn_junior_chapter_expansion_v1_cn-junior-g8-linear-intercept_002,A,-7,parameter_substitution_error,symbolic_fluency,这个选项通常来自parameter substitution error。
jianzisheng_cn_junior_chapter_expansion_v1_cn-junior-g8-linear-intercept_002,B,1,parameter_substitution_error,symbolic_fluency,这个选项通常来自parameter substitution error。
jianzisheng_cn_junior_chapter_expansion_v1_cn-junior-g8-linear-intercept_002,C,8,parameter_substitution_error,symbolic_fluency,这个选项通常来自parameter substitution error。
jianzisheng_cn_junior_chapter_expansion_v1_cn-junior-g8-linear-intercept_002,D,-5,parameter_substitution_error,symbolic_fluency,这个选项通常来自parameter substitution error。
jianzisheng_cn_junior_chapter_expansion_v1_cn-junior-g8-linear-intercept_003,A,-8,parameter_substitution_error,symbolic_fluency,这个选项通常来自parameter substitution error。
jianzisheng_cn_junior_chapter_expansion_v1_cn-junior-g8-linear-intercept_003,B,-1,parameter_substitution_error,symbolic_fluency,这个选项通常来自parameter substitution error。
jianzisheng_cn_junior_chapter_expansion_v1_cn-junior-g8-linear-intercept_003,C,5,parameter_substitution_error,symbolic_fluency,这个选项通常来自parameter substitution error。
jianzisheng_cn_junior_chapter_expansion_v1_cn-junior-g8-linear-intercept_003,E,-13,parameter_substitution_error,symbolic_fluency,这个选项通常来自parameter substitution error。
jianzisheng_cn_junior_chapter_expansion_v1_cn-junior-g8-linear-intercept_004,A,2,parameter_substitution_error,symbolic_fluency,这个选项通常来自parameter substitution error。
jianzisheng_cn_junior_chapter_expansion_v1_cn-junior-g8-linear-intercept_004,B,3,parameter_substitution_error,symbolic_fluency,这个选项通常来自parameter substitution error。
jianzisheng_cn_junior_chapter_expansion_v1_cn-junior-g8-linear-intercept_004,D,-5,parameter_substitution_error,symbolic_fluency,这个选项通常来自parameter substitution error。
jianzisheng_cn_junior_chapter_expansion_v1_cn-junior-g8-linear-intercept_004,E,2,parameter_substitution_error,symbolic_fluency,这个选项通常来自parameter substitution error。
jianzisheng_cn_junior_chapter_expansion_v1_cn-junior-g8-linear-intercept_005,A,6,parameter_substitution_error,symbolic_fluency,这个选项通常来自parameter substitution error。
jianzisheng_cn_junior_chapter_expansion_v1_cn-junior-g8-linear-intercept_005,C,-3,parameter_substitution_error,symbolic_fluency,这个选项通常来自parameter substitution error。
jianzisheng_cn_junior_chapter_expansion_v1_cn-junior-g8-linear-intercept_005,D,-2,parameter_substitution_error,symbolic_fluency,这个选项通常来自parameter substitution error。
jianzisheng_cn_junior_chapter_expansion_v1_cn-junior-g8-linear-intercept_005,E,-1,parameter_substitution_error,symbolic_fluency,这个选项通常来自parameter substitution error。
jianzisheng_cn_junior_chapter_expansion_v1_cn-junior-g8-linear-intercept_006,B,12,parameter_substitution_error,symbolic_fluency,这个选项通常来自parameter substitution error。
jianzisheng_cn_junior_chapter_expansion_v1_cn-junior-g8-linear-intercept_006,C,6,parameter_substitution_error,symbolic_fluency,这个选项通常来自parameter substitution error。
jianzisheng_cn_junior_chapter_expansion_v1_cn-junior-g8-linear-intercept_006,D,-4,parameter_substitution_error,symbolic_fluency,这个选项通常来自parameter substitution error。
jianzisheng_cn_junior_chapter_expansion_v1_cn-junior-g8-linear-intercept_006,E,9,parameter_substitution_error,symbolic_fluency,这个选项通常来自parameter substitution error。
jianzisheng_cn_junior_chapter_expansion_v1_cn-junior-g8-linear-intercept_007,A,12,parameter_substitution_error,symbolic_fluency,这个选项通常来自parameter substitution error。
jianzisheng_cn_junior_chapter_expansion_v1_cn-junior-g8-linear-intercept_007,B,0,parameter_substitution_error,symbolic_fluency,这个选项通常来自parameter substitution error。
jianzisheng_cn_junior_chapter_expansion_v1_cn-junior-g8-linear-intercept_007,C,-3,parameter_substitution_error,symbolic_fluency,这个选项通常来自parameter substitution error。
jianzisheng_cn_junior_chapter_expansion_v1_cn-junior-g8-linear-intercept_007,D,6,parameter_substitution_error,symbolic_fluency,这个选项通常来自parameter substitution error。
jianzisheng_cn_junior_chapter_expansion_v1_cn-junior-g8-linear-intercept_008,A,9,parameter_substitution_error,symbolic_fluency,这个选项通常来自parameter substitution error。
jianzisheng_cn_junior_chapter_expansion_v1_cn-junior-g8-linear-intercept_008,B,1,parameter_substitution_error,symbolic_fluency,这个选项通常来自parameter substitution error。
jianzisheng_cn_junior_chapter_expansion_v1_cn-junior-g8-linear-intercept_008,C,3,parameter_substitution_error,symbolic_fluency,这个选项通常来自parameter substitution error。
jianzisheng_cn_junior_chapter_expansion_v1_cn-junior-g8-linear-intercept_008,E,29,parameter_substitution_error,symbolic_fluency,这个选项通常来自parameter substitution error。
jianzisheng_cn_junior_chapter_expansion_v1_cn-junior-g8-linear-intercept_009,A,-3,parameter_substitution_error,symbolic_fluency,这个选项通常来自parameter substitution error。
jianzisheng_cn_junior_chapter_expansion_v1_cn-junior-g8-linear-intercept_009,B,5,parameter_substitution_error,symbolic_fluency,这个选项通常来自parameter substitution error。
jianzisheng_cn_junior_chapter_expansion_v1_cn-junior-g8-linear-intercept_009,D,-30,parameter_substitution_error,symbolic_fluency,这个选项通常来自parameter substitution error。
jianzisheng_cn_junior_chapter_expansion_v1_cn-junior-g8-linear-intercept_009,E,-20,parameter_substitution_error,symbolic_fluency,这个选项通常来自parameter substitution error。
jianzisheng_cn_junior_chapter_expansion_v1_cn-junior-g8-linear-intercept_010,A,-3,parameter_substitution_error,symbolic_fluency,这个选项通常来自parameter substitution error。
jianzisheng_cn_junior_chapter_expansion_v1_cn-junior-g8-linear-intercept_010,C,11,parameter_substitution_error,symbolic_fluency,这个选项通常来自parameter substitution error。
jianzisheng_cn_junior_chapter_expansion_v1_cn-junior-g8-linear-intercept_010,D,9,parameter_substitution_error,symbolic_fluency,这个选项通常来自parameter substitution error。
jianzisheng_cn_junior_chapter_expansion_v1_cn-junior-g8-linear-intercept_010,E,1,parameter_substitution_error,symbolic_fluency,这个选项通常来自parameter substitution error。
jianzisheng_cn_junior_chapter_expansion_v1_cn-junior-g8-linear-intercept_011,B,2,parameter_substitution_error,symbolic_fluency,这个选项通常来自parameter substitution error。
jianzisheng_cn_junior_chapter_expansion_v1_cn-junior-g8-linear-intercept_011,C,5,parameter_substitution_error,symbolic_fluency,这个选项通常来自parameter substitution error。
jianzisheng_cn_junior_chapter_expansion_v1_cn-junior-g8-linear-intercept_011,D,8,parameter_substitution_error,symbolic_fluency,这个选项通常来自parameter substitution error。
jianzisheng_cn_junior_chapter_expansion_v1_cn-junior-g8-linear-intercept_011,E,-6,parameter_substitution_error,symbolic_fluency,这个选项通常来自parameter substitution error。
jianzisheng_cn_junior_chapter_expansion_v1_cn-junior-g8-linear-intercept_012,A,-1,parameter_substitution_error,symbolic_fluency,这个选项通常来自parameter substitution error。
jianzisheng_cn_junior_chapter_expansion_v1_cn-junior-g8-linear-intercept_012,B,4,parameter_substitution_error,symbolic_fluency,这个选项通常来自parameter substitution error。
jianzisheng_cn_junior_chapter_expansion_v1_cn-junior-g8-linear-intercept_012,C,0,parameter_substitution_error,symbolic_fluency,这个选项通常来自parameter substitution error。
jianzisheng_cn_junior_chapter_expansion_v1_cn-junior-g8-linear-intercept_012,D,1,parameter_substitution_error,symbolic_fluency,这个选项通常来自parameter substitution error。
jianzisheng_cn_junior_chapter_expansion_v1_cn-junior-g8-linear-intercept_013,A,2,parameter_substitution_error,symbolic_fluency,这个选项通常来自parameter substitution error。
jianzisheng_cn_junior_chapter_expansion_v1_cn-junior-g8-linear-intercept_013,B,3,parameter_substitution_error,symbolic_fluency,这个选项通常来自parameter substitution error。
jianzisheng_cn_junior_chapter_expansion_v1_cn-junior-g8-linear-intercept_013,C,1,parameter_substitution_error,symbolic_fluency,这个选项通常来自parameter substitution error。
jianzisheng_cn_junior_chapter_expansion_v1_cn-junior-g8-linear-intercept_013,E,7,parameter_substitution_error,symbolic_fluency,这个选项通常来自parameter substitution error。
jianzisheng_cn_junior_chapter_expansion_v1_cn-junior-g8-linear-intercept_014,A,-1,parameter_substitution_error,symbolic_fluency,这个选项通常来自parameter substitution error。
jianzisheng_cn_junior_chapter_expansion_v1_cn-junior-g8-linear-intercept_014,B,-2,parameter_substitution_error,symbolic_fluency,这个选项通常来自parameter substitution error。
jianzisheng_cn_junior_chapter_expansion_v1_cn-junior-g8-linear-intercept_014,D,-10,parameter_substitution_error,symbolic_fluency,这个选项通常来自parameter substitution error。
jianzisheng_cn_junior_chapter_expansion_v1_cn-junior-g8-linear-intercept_014,E,-6,parameter_substitution_error,symbolic_fluency,这个选项通常来自parameter substitution error。
jianzisheng_cn_junior_chapter_expansion_v1_cn-junior-g8-linear-intersection_001,B,9,intercept_difference_error,symbolic_fluency,这个选项通常来自intercept difference error。
jianzisheng_cn_junior_chapter_expansion_v1_cn-junior-g8-linear-intersection_001,C,4,intercept_difference_error,symbolic_fluency,这个选项通常来自intercept difference error。
jianzisheng_cn_junior_chapter_expansion_v1_cn-junior-g8-linear-intersection_001,D,-3,intercept_difference_error,symbolic_fluency,这个选项通常来自intercept difference error。
jianzisheng_cn_junior_chapter_expansion_v1_cn-junior-g8-linear-intersection_001,E,8,intercept_difference_error,symbolic_fluency,这个选项通常来自intercept difference error。
jianzisheng_cn_junior_chapter_expansion_v1_cn-junior-g8-linear-intersection_002,A,12,intercept_difference_error,symbolic_fluency,这个选项通常来自intercept difference error。
jianzisheng_cn_junior_chapter_expansion_v1_cn-junior-g8-linear-intersection_002,B,3,intercept_difference_error,symbolic_fluency,这个选项通常来自intercept difference error。
jianzisheng_cn_junior_chapter_expansion_v1_cn-junior-g8-linear-intersection_002,C,5,intercept_difference_error,symbolic_fluency,这个选项通常来自intercept difference error。
jianzisheng_cn_junior_chapter_expansion_v1_cn-junior-g8-linear-intersection_002,D,-4,intercept_difference_error,symbolic_fluency,这个选项通常来自intercept difference error。
jianzisheng_cn_junior_chapter_expansion_v1_cn-junior-g8-linear-intersection_003,A,3,intercept_difference_error,symbolic_fluency,这个选项通常来自intercept difference error。
jianzisheng_cn_junior_chapter_expansion_v1_cn-junior-g8-linear-intersection_003,B,6,intercept_difference_error,symbolic_fluency,这个选项通常来自intercept difference error。
jianzisheng_cn_junior_chapter_expansion_v1_cn-junior-g8-linear-intersection_003,C,-5,intercept_difference_error,symbolic_fluency,这个选项通常来自intercept difference error。
jianzisheng_cn_junior_chapter_expansion_v1_cn-junior-g8-linear-intersection_003,E,15,intercept_difference_error,symbolic_fluency,这个选项通常来自intercept difference error。
jianzisheng_cn_junior_chapter_expansion_v1_cn-junior-g8-linear-intersection_004,A,7,intercept_difference_error,symbolic_fluency,这个选项通常来自intercept difference error。
jianzisheng_cn_junior_chapter_expansion_v1_cn-junior-g8-linear-intersection_004,B,-6,intercept_difference_error,symbolic_fluency,这个选项通常来自intercept difference error。
jianzisheng_cn_junior_chapter_expansion_v1_cn-junior-g8-linear-intersection_004,D,-18,intercept_difference_error,symbolic_fluency,这个选项通常来自intercept difference error。
jianzisheng_cn_junior_chapter_expansion_v1_cn-junior-g8-linear-intersection_004,E,-3,intercept_difference_error,symbolic_fluency,这个选项通常来自intercept difference error。
jianzisheng_cn_junior_chapter_expansion_v1_cn-junior-g8-linear-intersection_005,A,-7,intercept_difference_error,symbolic_fluency,这个选项通常来自intercept difference error。
jianzisheng_cn_junior_chapter_expansion_v1_cn-junior-g8-linear-intersection_005,C,-21,intercept_difference_error,symbolic_fluency,这个选项通常来自intercept difference error。
jianzisheng_cn_junior_chapter_expansion_v1_cn-junior-g8-linear-intersection_005,D,-3,intercept_difference_error,symbolic_fluency,这个选项通常来自intercept difference error。
jianzisheng_cn_junior_chapter_expansion_v1_cn-junior-g8-linear-intersection_005,E,8,intercept_difference_error,symbolic_fluency,这个选项通常来自intercept difference error。
jianzisheng_cn_junior_chapter_expansion_v1_cn-junior-g8-linear-intersection_006,B,6,intercept_difference_error,symbolic_fluency,这个选项通常来自intercept difference error。
jianzisheng_cn_junior_chapter_expansion_v1_cn-junior-g8-linear-intersection_006,C,3,intercept_difference_error,symbolic_fluency,这个选项通常来自intercept difference error。
jianzisheng_cn_junior_chapter_expansion_v1_cn-junior-g8-linear-intersection_006,D,-2,intercept_difference_error,symbolic_fluency,这个选项通常来自intercept difference error。
jianzisheng_cn_junior_chapter_expansion_v1_cn-junior-g8-linear-intersection_006,E,7,intercept_difference_error,symbolic_fluency,这个选项通常来自intercept difference error。
jianzisheng_cn_junior_chapter_expansion_v1_cn-junior-g8-linear-intersection_007,A,9,intercept_difference_error,symbolic_fluency,这个选项通常来自intercept difference error。
jianzisheng_cn_junior_chapter_expansion_v1_cn-junior-g8-linear-intersection_007,B,4,intercept_difference_error,symbolic_fluency,这个选项通常来自intercept difference error。
jianzisheng_cn_junior_chapter_expansion_v1_cn-junior-g8-linear-intersection_007,C,-3,intercept_difference_error,symbolic_fluency,这个选项通常来自intercept difference error。
jianzisheng_cn_junior_chapter_expansion_v1_cn-junior-g8-linear-intersection_007,D,8,intercept_difference_error,symbolic_fluency,这个选项通常来自intercept difference error。
jianzisheng_cn_junior_chapter_expansion_v1_cn-junior-g8-linear-intersection_008,A,3,intercept_difference_error,symbolic_fluency,这个选项通常来自intercept difference error。
jianzisheng_cn_junior_chapter_expansion_v1_cn-junior-g8-linear-intersection_008,B,5,intercept_difference_error,symbolic_fluency,这个选项通常来自intercept difference error。
jianzisheng_cn_junior_chapter_expansion_v1_cn-junior-g8-linear-intersection_008,C,-4,intercept_difference_error,symbolic_fluency,这个选项通常来自intercept difference error。
jianzisheng_cn_junior_chapter_expansion_v1_cn-junior-g8-linear-intersection_008,E,12,intercept_difference_error,symbolic_fluency,这个选项通常来自intercept difference error。
jianzisheng_cn_junior_chapter_expansion_v1_cn-junior-g8-linear-intersection_009,A,6,intercept_difference_error,symbolic_fluency,这个选项通常来自intercept difference error。
jianzisheng_cn_junior_chapter_expansion_v1_cn-junior-g8-linear-intersection_009,B,-5,intercept_difference_error,symbolic_fluency,这个选项通常来自intercept difference error。
jianzisheng_cn_junior_chapter_expansion_v1_cn-junior-g8-linear-intersection_009,D,-15,intercept_difference_error,symbolic_fluency,这个选项通常来自intercept difference error。
jianzisheng_cn_junior_chapter_expansion_v1_cn-junior-g8-linear-intersection_009,E,-3,intercept_difference_error,symbolic_fluency,这个选项通常来自intercept difference error。
jianzisheng_cn_junior_chapter_expansion_v1_cn-junior-g8-linear-intersection_010,A,-6,intercept_difference_error,symbolic_fluency,这个选项通常来自intercept difference error。
jianzisheng_cn_junior_chapter_expansion_v1_cn-junior-g8-linear-intersection_010,C,-18,intercept_difference_error,symbolic_fluency,这个选项通常来自intercept difference error。
jianzisheng_cn_junior_chapter_expansion_v1_cn-junior-g8-linear-intersection_010,D,-3,intercept_difference_error,symbolic_fluency,这个选项通常来自intercept difference error。
jianzisheng_cn_junior_chapter_expansion_v1_cn-junior-g8-linear-intersection_010,E,7,intercept_difference_error,symbolic_fluency,这个选项通常来自intercept difference error。
jianzisheng_cn_junior_chapter_expansion_v1_cn-junior-g8-linear-intersection_011,B,21,intercept_difference_error,symbolic_fluency,这个选项通常来自intercept difference error。
jianzisheng_cn_junior_chapter_expansion_v1_cn-junior-g8-linear-intersection_011,C,3,intercept_difference_error,symbolic_fluency,这个选项通常来自intercept difference error。
jianzisheng_cn_junior_chapter_expansion_v1_cn-junior-g8-linear-intersection_011,D,8,intercept_difference_error,symbolic_fluency,这个选项通常来自intercept difference error。
jianzisheng_cn_junior_chapter_expansion_v1_cn-junior-g8-linear-intersection_011,E,-7,intercept_difference_error,symbolic_fluency,这个选项通常来自intercept difference error。
jianzisheng_cn_junior_chapter_expansion_v1_cn-junior-g8-linear-intersection_012,A,6,intercept_difference_error,symbolic_fluency,这个选项通常来自intercept difference error。
jianzisheng_cn_junior_chapter_expansion_v1_cn-junior-g8-linear-intersection_012,B,3,intercept_difference_error,symbolic_fluency,这个选项通常来自intercept difference error。
jianzisheng_cn_junior_chapter_expansion_v1_cn-junior-g8-linear-intersection_012,C,-2,intercept_difference_error,symbolic_fluency,这个选项通常来自intercept difference error。
jianzisheng_cn_junior_chapter_expansion_v1_cn-junior-g8-linear-intersection_012,D,7,intercept_difference_error,symbolic_fluency,这个选项通常来自intercept difference error。
jianzisheng_cn_junior_chapter_expansion_v1_cn-junior-g8-linear-intersection_013,A,4,intercept_difference_error,symbolic_fluency,这个选项通常来自intercept difference error。
jianzisheng_cn_junior_chapter_expansion_v1_cn-junior-g8-linear-intersection_013,B,-3,intercept_difference_error,symbolic_fluency,这个选项通常来自intercept difference error。
jianzisheng_cn_junior_chapter_expansion_v1_cn-junior-g8-linear-intersection_013,C,8,intercept_difference_error,symbolic_fluency,这个选项通常来自intercept difference error。
jianzisheng_cn_junior_chapter_expansion_v1_cn-junior-g8-linear-intersection_013,E,9,intercept_difference_error,symbolic_fluency,这个选项通常来自intercept difference error。
jianzisheng_cn_junior_chapter_expansion_v1_cn-junior-g8-linear-intersection_014,A,5,intercept_difference_error,symbolic_fluency,这个选项通常来自intercept difference error。
jianzisheng_cn_junior_chapter_expansion_v1_cn-junior-g8-linear-intersection_014,B,-4,intercept_difference_error,symbolic_fluency,这个选项通常来自intercept difference error。
jianzisheng_cn_junior_chapter_expansion_v1_cn-junior-g8-linear-intersection_014,D,-12,intercept_difference_error,symbolic_fluency,这个选项通常来自intercept difference error。
jianzisheng_cn_junior_chapter_expansion_v1_cn-junior-g8-linear-intersection_014,E,-3,intercept_difference_error,symbolic_fluency,这个选项通常来自intercept difference error。
jianzisheng_cn_junior_chapter_expansion_v1_cn-junior-g8-coordinate-midpoint_001,B,"(6,12)",sum_not_average_error,spatial_reasoning,这个选项通常来自sum not average error。
jianzisheng_cn_junior_chapter_expansion_v1_cn-junior-g8-coordinate-midpoint_001,C,"(-1,12)",sum_not_average_error,spatial_reasoning,这个选项通常来自sum not average error。
jianzisheng_cn_junior_chapter_expansion_v1_cn-junior-g8-coordinate-midpoint_001,D,"(7,0)",sum_not_average_error,spatial_reasoning,这个选项通常来自sum not average error。
jianzisheng_cn_junior_chapter_expansion_v1_cn-junior-g8-coordinate-midpoint_001,E,"(4,6)",sum_not_average_error,spatial_reasoning,这个选项通常来自sum not average error。
jianzisheng_cn_junior_chapter_expansion_v1_cn-junior-g8-coordinate-midpoint_002,A,"(10,10)",sum_not_average_error,spatial_reasoning,这个选项通常来自sum not average error。
jianzisheng_cn_junior_chapter_expansion_v1_cn-junior-g8-coordinate-midpoint_002,B,"(0,8)",sum_not_average_error,spatial_reasoning,这个选项通常来自sum not average error。
jianzisheng_cn_junior_chapter_expansion_v1_cn-junior-g8-coordinate-midpoint_002,C,"(10,2)",sum_not_average_error,spatial_reasoning,这个选项通常来自sum not average error。
jianzisheng_cn_junior_chapter_expansion_v1_cn-junior-g8-coordinate-midpoint_002,D,"(5,3)",sum_not_average_error,spatial_reasoning,这个选项通常来自sum not average error。
jianzisheng_cn_junior_chapter_expansion_v1_cn-junior-g8-coordinate-midpoint_003,A,"(1,12)",sum_not_average_error,spatial_reasoning,这个选项通常来自sum not average error。
jianzisheng_cn_junior_chapter_expansion_v1_cn-junior-g8-coordinate-midpoint_003,B,"(13,4)",sum_not_average_error,spatial_reasoning,这个选项通常来自sum not average error。
jianzisheng_cn_junior_chapter_expansion_v1_cn-junior-g8-coordinate-midpoint_003,C,"(6,4)",sum_not_average_error,spatial_reasoning,这个选项通常来自sum not average error。
jianzisheng_cn_junior_chapter_expansion_v1_cn-junior-g8-coordinate-midpoint_003,E,"(14,16)",sum_not_average_error,spatial_reasoning,这个选项通常来自sum not average error。
jianzisheng_cn_junior_chapter_expansion_v1_cn-junior-g8-coordinate-midpoint_004,A,"(-4,-4)",sum_not_average_error,spatial_reasoning,这个选项通常来自sum not average error。
jianzisheng_cn_junior_chapter_expansion_v1_cn-junior-g8-coordinate-midpoint_004,B,"(2,5)",sum_not_average_error,spatial_reasoning,这个选项通常来自sum not average error。
jianzisheng_cn_junior_chapter_expansion_v1_cn-junior-g8-coordinate-midpoint_004,D,"(-12,2)",sum_not_average_error,spatial_reasoning,这个选项通常来自sum not average error。
jianzisheng_cn_junior_chapter_expansion_v1_cn-junior-g8-coordinate-midpoint_004,E,"(-8,6)",sum_not_average_error,spatial_reasoning,这个选项通常来自sum not average error。
jianzisheng_cn_junior_chapter_expansion_v1_cn-junior-g8-coordinate-midpoint_005,A,"(3,6)",sum_not_average_error,spatial_reasoning,这个选项通常来自sum not average error。
jianzisheng_cn_junior_chapter_expansion_v1_cn-junior-g8-coordinate-midpoint_005,C,"(-8,8)",sum_not_average_error,spatial_reasoning,这个选项通常来自sum not average error。
jianzisheng_cn_junior_chapter_expansion_v1_cn-junior-g8-coordinate-midpoint_005,D,"(-7,10)",sum_not_average_error,spatial_reasoning,这个选项通常来自sum not average error。
jianzisheng_cn_junior_chapter_expansion_v1_cn-junior-g8-coordinate-midpoint_005,E,"(-1,-2)",sum_not_average_error,spatial_reasoning,这个选项通常来自sum not average error。
jianzisheng_cn_junior_chapter_expansion_v1_cn-junior-g8-coordinate-midpoint_006,B,"(-4,6)",sum_not_average_error,spatial_reasoning,这个选项通常来自sum not average error。
jianzisheng_cn_junior_chapter_expansion_v1_cn-junior-g8-coordinate-midpoint_006,C,"(-6,6)",sum_not_average_error,spatial_reasoning,这个选项通常来自sum not average error。
jianzisheng_cn_junior_chapter_expansion_v1_cn-junior-g8-coordinate-midpoint_006,D,"(2,0)",sum_not_average_error,spatial_reasoning,这个选项通常来自sum not average error。
jianzisheng_cn_junior_chapter_expansion_v1_cn-junior-g8-coordinate-midpoint_006,E,"(4,3)",sum_not_average_error,spatial_reasoning,这个选项通常来自sum not average error。
jianzisheng_cn_junior_chapter_expansion_v1_cn-junior-g8-coordinate-midpoint_007,A,"(0,12)",sum_not_average_error,spatial_reasoning,这个选项通常来自sum not average error。
jianzisheng_cn_junior_chapter_expansion_v1_cn-junior-g8-coordinate-midpoint_007,B,"(-5,10)",sum_not_average_error,spatial_reasoning,这个选项通常来自sum not average error。
jianzisheng_cn_junior_chapter_expansion_v1_cn-junior-g8-coordinate-midpoint_007,C,"(5,2)",sum_not_average_error,spatial_reasoning,这个选项通常来自sum not average error。
jianzisheng_cn_junior_chapter_expansion_v1_cn-junior-g8-coordinate-midpoint_007,D,"(5,4)",sum_not_average_error,spatial_reasoning,这个选项通常来自sum not average error。
jianzisheng_cn_junior_chapter_expansion_v1_cn-junior-g8-coordinate-midpoint_008,A,"(-4,14)",sum_not_average_error,spatial_reasoning,这个选项通常来自sum not average error。
jianzisheng_cn_junior_chapter_expansion_v1_cn-junior-g8-coordinate-midpoint_008,B,"(8,4)",sum_not_average_error,spatial_reasoning,这个选项通常来自sum not average error。
jianzisheng_cn_junior_chapter_expansion_v1_cn-junior-g8-coordinate-midpoint_008,C,"(6,5)",sum_not_average_error,spatial_reasoning,这个选项通常来自sum not average error。
jianzisheng_cn_junior_chapter_expansion_v1_cn-junior-g8-coordinate-midpoint_008,E,"(4,18)",sum_not_average_error,spatial_reasoning,这个选项通常来自sum not average error。
jianzisheng_cn_junior_chapter_expansion_v1_cn-junior-g8-coordinate-midpoint_009,A,"(1,-4)",sum_not_average_error,spatial_reasoning,这个选项通常来自sum not average error。
jianzisheng_cn_junior_chapter_expansion_v1_cn-junior-g8-coordinate-midpoint_009,B,"(2,6)",sum_not_average_error,spatial_reasoning,这个选项通常来自sum not average error。
jianzisheng_cn_junior_chapter_expansion_v1_cn-junior-g8-coordinate-midpoint_009,D,"(-2,4)",sum_not_average_error,spatial_reasoning,这个选项通常来自sum not average error。
jianzisheng_cn_junior_chapter_expansion_v1_cn-junior-g8-coordinate-midpoint_009,E,"(-3,8)",sum_not_average_error,spatial_reasoning,这个选项通常来自sum not average error。
jianzisheng_cn_junior_chapter_expansion_v1_cn-junior-g8-coordinate-midpoint_010,A,"(3,3)",sum_not_average_error,spatial_reasoning,这个选项通常来自sum not average error。
jianzisheng_cn_junior_chapter_expansion_v1_cn-junior-g8-coordinate-midpoint_010,C,"(2,2)",sum_not_average_error,spatial_reasoning,这个选项通常来自sum not average error。
jianzisheng_cn_junior_chapter_expansion_v1_cn-junior-g8-coordinate-midpoint_010,D,"(-2,4)",sum_not_average_error,spatial_reasoning,这个选项通常来自sum not average error。
jianzisheng_cn_junior_chapter_expansion_v1_cn-junior-g8-coordinate-midpoint_010,E,"(4,-2)",sum_not_average_error,spatial_reasoning,这个选项通常来自sum not average error。
jianzisheng_cn_junior_chapter_expansion_v1_cn-junior-g8-coordinate-midpoint_011,B,"(6,8)",sum_not_average_error,spatial_reasoning,这个选项通常来自sum not average error。
jianzisheng_cn_junior_chapter_expansion_v1_cn-junior-g8-coordinate-midpoint_011,C,"(-1,8)",sum_not_average_error,spatial_reasoning,这个选项通常来自sum not average error。
jianzisheng_cn_junior_chapter_expansion_v1_cn-junior-g8-coordinate-midpoint_011,D,"(7,0)",sum_not_average_error,spatial_reasoning,这个选项通常来自sum not average error。
jianzisheng_cn_junior_chapter_expansion_v1_cn-junior-g8-coordinate-midpoint_011,E,"(4,4)",sum_not_average_error,spatial_reasoning,这个选项通常来自sum not average error。
jianzisheng_cn_junior_chapter_expansion_v1_cn-junior-g8-coordinate-midpoint_012,A,"(10,14)",sum_not_average_error,spatial_reasoning,这个选项通常来自sum not average error。
jianzisheng_cn_junior_chapter_expansion_v1_cn-junior-g8-coordinate-midpoint_012,B,"(0,12)",sum_not_average_error,spatial_reasoning,这个选项通常来自sum not average error。
jianzisheng_cn_junior_chapter_expansion_v1_cn-junior-g8-coordinate-midpoint_012,C,"(10,2)",sum_not_average_error,spatial_reasoning,这个选项通常来自sum not average error。
jianzisheng_cn_junior_chapter_expansion_v1_cn-junior-g8-coordinate-midpoint_012,D,"(5,5)",sum_not_average_error,spatial_reasoning,这个选项通常来自sum not average error。
jianzisheng_cn_junior_chapter_expansion_v1_cn-junior-g8-coordinate-midpoint_013,A,"(1,16)",sum_not_average_error,spatial_reasoning,这个选项通常来自sum not average error。
jianzisheng_cn_junior_chapter_expansion_v1_cn-junior-g8-coordinate-midpoint_013,B,"(13,4)",sum_not_average_error,spatial_reasoning,这个选项通常来自sum not average error。
jianzisheng_cn_junior_chapter_expansion_v1_cn-junior-g8-coordinate-midpoint_013,C,"(6,6)",sum_not_average_error,spatial_reasoning,这个选项通常来自sum not average error。
jianzisheng_cn_junior_chapter_expansion_v1_cn-junior-g8-coordinate-midpoint_013,E,"(14,20)",sum_not_average_error,spatial_reasoning,这个选项通常来自sum not average error。
jianzisheng_cn_junior_chapter_expansion_v1_cn-junior-g8-coordinate-midpoint_014,A,"(-4,-4)",sum_not_average_error,spatial_reasoning,这个选项通常来自sum not average error。
jianzisheng_cn_junior_chapter_expansion_v1_cn-junior-g8-coordinate-midpoint_014,B,"(2,3)",sum_not_average_error,spatial_reasoning,这个选项通常来自sum not average error。
jianzisheng_cn_junior_chapter_expansion_v1_cn-junior-g8-coordinate-midpoint_014,D,"(-12,-2)",sum_not_average_error,spatial_reasoning,这个选项通常来自sum not average error。
jianzisheng_cn_junior_chapter_expansion_v1_cn-junior-g8-coordinate-midpoint_014,E,"(-8,2)",sum_not_average_error,spatial_reasoning,这个选项通常来自sum not average error。
jianzisheng_cn_junior_chapter_expansion_v1_cn-junior-g8-similarity-missing-side_001,B,24,additive_scaling_error,multiplicative_reasoning,这个选项通常来自additive scaling error。
jianzisheng_cn_junior_chapter_expansion_v1_cn-junior-g8-similarity-missing-side_001,C,14,additive_scaling_error,multiplicative_reasoning,这个选项通常来自additive scaling error。
jianzisheng_cn_junior_chapter_expansion_v1_cn-junior-g8-similarity-missing-side_001,D,2,additive_scaling_error,multiplicative_reasoning,这个选项通常来自additive scaling error。
jianzisheng_cn_junior_chapter_expansion_v1_cn-junior-g8-similarity-missing-side_001,E,48,additive_scaling_error,multiplicative_reasoning,这个选项通常来自additive scaling error。
jianzisheng_cn_junior_chapter_expansion_v1_cn-junior-g8-similarity-missing-side_002,A,19,additive_scaling_error,multiplicative_reasoning,这个选项通常来自additive scaling error。
jianzisheng_cn_junior_chapter_expansion_v1_cn-junior-g8-similarity-missing-side_002,B,13,additive_scaling_error,multiplicative_reasoning,这个选项通常来自additive scaling error。
jianzisheng_cn_junior_chapter_expansion_v1_cn-junior-g8-similarity-missing-side_002,C,6,additive_scaling_error,multiplicative_reasoning,这个选项通常来自additive scaling error。
jianzisheng_cn_junior_chapter_expansion_v1_cn-junior-g8-similarity-missing-side_002,D,26,additive_scaling_error,multiplicative_reasoning,这个选项通常来自additive scaling error。
jianzisheng_cn_junior_chapter_expansion_v1_cn-junior-g8-similarity-missing-side_003,A,7,additive_scaling_error,multiplicative_reasoning,这个选项通常来自additive scaling error。
jianzisheng_cn_junior_chapter_expansion_v1_cn-junior-g8-similarity-missing-side_003,B,1,additive_scaling_error,multiplicative_reasoning,这个选项通常来自additive scaling error。
jianzisheng_cn_junior_chapter_expansion_v1_cn-junior-g8-similarity-missing-side_003,C,17,additive_scaling_error,multiplicative_reasoning,这个选项通常来自additive scaling error。
jianzisheng_cn_junior_chapter_expansion_v1_cn-junior-g8-similarity-missing-side_003,E,19,additive_scaling_error,multiplicative_reasoning,这个选项通常来自additive scaling error。
jianzisheng_cn_junior_chapter_expansion_v1_cn-junior-g8-similarity-missing-side_004,A,2,additive_scaling_error,multiplicative_reasoning,这个选项通常来自additive scaling error。
jianzisheng_cn_junior_chapter_expansion_v1_cn-junior-g8-similarity-missing-side_004,B,29,additive_scaling_error,multiplicative_reasoning,这个选项通常来自additive scaling error。
jianzisheng_cn_junior_chapter_expansion_v1_cn-junior-g8-similarity-missing-side_004,D,30,additive_scaling_error,multiplicative_reasoning,这个选项通常来自additive scaling error。
jianzisheng_cn_junior_chapter_expansion_v1_cn-junior-g8-similarity-missing-side_004,E,10,additive_scaling_error,multiplicative_reasoning,这个选项通常来自additive scaling error。
jianzisheng_cn_junior_chapter_expansion_v1_cn-junior-g8-similarity-missing-side_005,A,47,additive_scaling_error,multiplicative_reasoning,这个选项通常来自additive scaling error。
jianzisheng_cn_junior_chapter_expansion_v1_cn-junior-g8-similarity-missing-side_005,C,43,additive_scaling_error,multiplicative_reasoning,这个选项通常来自additive scaling error。
jianzisheng_cn_junior_chapter_expansion_v1_cn-junior-g8-similarity-missing-side_005,D,13,additive_scaling_error,multiplicative_reasoning,这个选项通常来自additive scaling error。
jianzisheng_cn_junior_chapter_expansion_v1_cn-junior-g8-similarity-missing-side_005,E,2,additive_scaling_error,multiplicative_reasoning,这个选项通常来自additive scaling error。
jianzisheng_cn_junior_chapter_expansion_v1_cn-junior-g8-similarity-missing-side_006,B,26,additive_scaling_error,multiplicative_reasoning,这个选项通常来自additive scaling error。
jianzisheng_cn_junior_chapter_expansion_v1_cn-junior-g8-similarity-missing-side_006,C,12,additive_scaling_error,multiplicative_reasoning,这个选项通常来自additive scaling error。
jianzisheng_cn_junior_chapter_expansion_v1_cn-junior-g8-similarity-missing-side_006,D,5,additive_scaling_error,multiplicative_reasoning,这个选项通常来自additive scaling error。
jianzisheng_cn_junior_chapter_expansion_v1_cn-junior-g8-similarity-missing-side_006,E,28,additive_scaling_error,multiplicative_reasoning,这个选项通常来自additive scaling error。
jianzisheng_cn_junior_chapter_expansion_v1_cn-junior-g8-similarity-missing-side_007,A,39,additive_scaling_error,multiplicative_reasoning,这个选项通常来自additive scaling error。
jianzisheng_cn_junior_chapter_expansion_v1_cn-junior-g8-similarity-missing-side_007,B,15,additive_scaling_error,multiplicative_reasoning,这个选项通常来自additive scaling error。
jianzisheng_cn_junior_chapter_expansion_v1_cn-junior-g8-similarity-missing-side_007,C,4,additive_scaling_error,multiplicative_reasoning,这个选项通常来自additive scaling error。
jianzisheng_cn_junior_chapter_expansion_v1_cn-junior-g8-similarity-missing-side_007,D,45,additive_scaling_error,multiplicative_reasoning,这个选项通常来自additive scaling error。
jianzisheng_cn_junior_chapter_expansion_v1_cn-junior-g8-similarity-missing-side_008,A,9,additive_scaling_error,multiplicative_reasoning,这个选项通常来自additive scaling error。
jianzisheng_cn_junior_chapter_expansion_v1_cn-junior-g8-similarity-missing-side_008,B,1,additive_scaling_error,multiplicative_reasoning,这个选项通常来自additive scaling error。
jianzisheng_cn_junior_chapter_expansion_v1_cn-junior-g8-similarity-missing-side_008,C,23,additive_scaling_error,multiplicative_reasoning,这个选项通常来自additive scaling error。
jianzisheng_cn_junior_chapter_expansion_v1_cn-junior-g8-similarity-missing-side_008,E,17,additive_scaling_error,multiplicative_reasoning,这个选项通常来自additive scaling error。
jianzisheng_cn_junior_chapter_expansion_v1_cn-junior-g8-similarity-missing-side_009,A,1,additive_scaling_error,multiplicative_reasoning,这个选项通常来自additive scaling error。
jianzisheng_cn_junior_chapter_expansion_v1_cn-junior-g8-similarity-missing-side_009,B,39,additive_scaling_error,multiplicative_reasoning,这个选项通常来自additive scaling error。
jianzisheng_cn_junior_chapter_expansion_v1_cn-junior-g8-similarity-missing-side_009,D,27,additive_scaling_error,multiplicative_reasoning,这个选项通常来自additive scaling error。
jianzisheng_cn_junior_chapter_expansion_v1_cn-junior-g8-similarity-missing-side_009,E,12,additive_scaling_error,multiplicative_reasoning,这个选项通常来自additive scaling error。
jianzisheng_cn_junior_chapter_expansion_v1_cn-junior-g8-similarity-missing-side_010,A,23,additive_scaling_error,multiplicative_reasoning,这个选项通常来自additive scaling error。
jianzisheng_cn_junior_chapter_expansion_v1_cn-junior-g8-similarity-missing-side_010,C,19,additive_scaling_error,multiplicative_reasoning,这个选项通常来自additive scaling error。
jianzisheng_cn_junior_chapter_expansion_v1_cn-junior-g8-similarity-missing-side_010,D,11,additive_scaling_error,multiplicative_reasoning,这个选项通常来自additive scaling error。
jianzisheng_cn_junior_chapter_expansion_v1_cn-junior-g8-similarity-missing-side_010,E,5,additive_scaling_error,multiplicative_reasoning,这个选项通常来自additive scaling error。
jianzisheng_cn_junior_chapter_expansion_v1_cn-junior-g8-similarity-missing-side_011,B,29,additive_scaling_error,multiplicative_reasoning,这个选项通常来自additive scaling error。
jianzisheng_cn_junior_chapter_expansion_v1_cn-junior-g8-similarity-missing-side_011,C,14,additive_scaling_error,multiplicative_reasoning,这个选项通常来自additive scaling error。
jianzisheng_cn_junior_chapter_expansion_v1_cn-junior-g8-similarity-missing-side_011,D,4,additive_scaling_error,multiplicative_reasoning,这个选项通常来自additive scaling error。
jianzisheng_cn_junior_chapter_expansion_v1_cn-junior-g8-similarity-missing-side_011,E,39,additive_scaling_error,multiplicative_reasoning,这个选项通常来自additive scaling error。
jianzisheng_cn_junior_chapter_expansion_v1_cn-junior-g8-similarity-missing-side_012,A,32,additive_scaling_error,multiplicative_reasoning,这个选项通常来自additive scaling error。
jianzisheng_cn_junior_chapter_expansion_v1_cn-junior-g8-similarity-missing-side_012,B,8,additive_scaling_error,multiplicative_reasoning,这个选项通常来自additive scaling error。
jianzisheng_cn_junior_chapter_expansion_v1_cn-junior-g8-similarity-missing-side_012,C,1,additive_scaling_error,multiplicative_reasoning,这个选项通常来自additive scaling error。
jianzisheng_cn_junior_chapter_expansion_v1_cn-junior-g8-similarity-missing-side_012,D,23,additive_scaling_error,multiplicative_reasoning,这个选项通常来自additive scaling error。
jianzisheng_cn_junior_chapter_expansion_v1_cn-junior-g8-similarity-missing-side_013,A,11,additive_scaling_error,multiplicative_reasoning,这个选项通常来自additive scaling error。
jianzisheng_cn_junior_chapter_expansion_v1_cn-junior-g8-similarity-missing-side_013,B,1,additive_scaling_error,multiplicative_reasoning,这个选项通常来自additive scaling error。
jianzisheng_cn_junior_chapter_expansion_v1_cn-junior-g8-similarity-missing-side_013,C,38,additive_scaling_error,multiplicative_reasoning,这个选项通常来自additive scaling error。
jianzisheng_cn_junior_chapter_expansion_v1_cn-junior-g8-similarity-missing-side_013,E,46,additive_scaling_error,multiplicative_reasoning,这个选项通常来自additive scaling error。
jianzisheng_cn_junior_chapter_expansion_v1_cn-junior-g8-similarity-missing-side_014,A,4,additive_scaling_error,multiplicative_reasoning,这个选项通常来自additive scaling error。
jianzisheng_cn_junior_chapter_expansion_v1_cn-junior-g8-similarity-missing-side_014,B,25,additive_scaling_error,multiplicative_reasoning,这个选项通常来自additive scaling error。
jianzisheng_cn_junior_chapter_expansion_v1_cn-junior-g8-similarity-missing-side_014,D,26,additive_scaling_error,multiplicative_reasoning,这个选项通常来自additive scaling error。
jianzisheng_cn_junior_chapter_expansion_v1_cn-junior-g8-similarity-missing-side_014,E,10,additive_scaling_error,multiplicative_reasoning,这个选项通常来自additive scaling error。
jianzisheng_cn_junior_chapter_expansion_v1_cn-junior-g8-two-step-angles_001,B,112,skip_triangle_sum_error,geometric_reasoning,这个选项通常来自skip triangle sum error。
jianzisheng_cn_junior_chapter_expansion_v1_cn-junior-g8-two-step-angles_001,C,78,skip_triangle_sum_error,geometric_reasoning,这个选项通常来自skip triangle sum error。
jianzisheng_cn_junior_chapter_expansion_v1_cn-junior-g8-two-step-angles_001,D,58,skip_triangle_sum_error,geometric_reasoning,这个选项通常来自skip triangle sum error。
jianzisheng_cn_junior_chapter_expansion_v1_cn-junior-g8-two-step-angles_001,E,73,skip_triangle_sum_error,geometric_reasoning,这个选项通常来自skip triangle sum error。
jianzisheng_cn_junior_chapter_expansion_v1_cn-junior-g8-two-step-angles_002,A,57,skip_triangle_sum_error,geometric_reasoning,这个选项通常来自skip triangle sum error。
jianzisheng_cn_junior_chapter_expansion_v1_cn-junior-g8-two-step-angles_002,B,133,skip_triangle_sum_error,geometric_reasoning,这个选项通常来自skip triangle sum error。
jianzisheng_cn_junior_chapter_expansion_v1_cn-junior-g8-two-step-angles_002,C,113,skip_triangle_sum_error,geometric_reasoning,这个选项通常来自skip triangle sum error。
jianzisheng_cn_junior_chapter_expansion_v1_cn-junior-g8-two-step-angles_002,D,128,skip_triangle_sum_error,geometric_reasoning,这个选项通常来自skip triangle sum error。
jianzisheng_cn_junior_chapter_expansion_v1_cn-junior-g8-two-step-angles_003,A,56,skip_triangle_sum_error,geometric_reasoning,这个选项通常来自skip triangle sum error。
jianzisheng_cn_junior_chapter_expansion_v1_cn-junior-g8-two-step-angles_003,B,36,skip_triangle_sum_error,geometric_reasoning,这个选项通常来自skip triangle sum error。
jianzisheng_cn_junior_chapter_expansion_v1_cn-junior-g8-two-step-angles_003,C,51,skip_triangle_sum_error,geometric_reasoning,这个选项通常来自skip triangle sum error。
jianzisheng_cn_junior_chapter_expansion_v1_cn-junior-g8-two-step-angles_003,E,134,skip_triangle_sum_error,geometric_reasoning,这个选项通常来自skip triangle sum error。
jianzisheng_cn_junior_chapter_expansion_v1_cn-junior-g8-two-step-angles_004,A,25,skip_triangle_sum_error,geometric_reasoning,这个选项通常来自skip triangle sum error。
jianzisheng_cn_junior_chapter_expansion_v1_cn-junior-g8-two-step-angles_004,B,40,skip_triangle_sum_error,geometric_reasoning,这个选项通常来自skip triangle sum error。
jianzisheng_cn_junior_chapter_expansion_v1_cn-junior-g8-two-step-angles_004,D,145,skip_triangle_sum_error,geometric_reasoning,这个选项通常来自skip triangle sum error。
jianzisheng_cn_junior_chapter_expansion_v1_cn-junior-g8-two-step-angles_004,E,45,skip_triangle_sum_error,geometric_reasoning,这个选项通常来自skip triangle sum error。
jianzisheng_cn_junior_chapter_expansion_v1_cn-junior-g8-two-step-angles_005,A,139,skip_triangle_sum_error,geometric_reasoning,这个选项通常来自skip triangle sum error。
jianzisheng_cn_junior_chapter_expansion_v1_cn-junior-g8-two-step-angles_005,C,46,skip_triangle_sum_error,geometric_reasoning,这个选项通常来自skip triangle sum error。
jianzisheng_cn_junior_chapter_expansion_v1_cn-junior-g8-two-step-angles_005,D,144,skip_triangle_sum_error,geometric_reasoning,这个选项通常来自skip triangle sum error。
jianzisheng_cn_junior_chapter_expansion_v1_cn-junior-g8-two-step-angles_005,E,124,skip_triangle_sum_error,geometric_reasoning,这个选项通常来自skip triangle sum error。
jianzisheng_cn_junior_chapter_expansion_v1_cn-junior-g8-two-step-angles_006,B,123,skip_triangle_sum_error,geometric_reasoning,这个选项通常来自skip triangle sum error。
jianzisheng_cn_junior_chapter_expansion_v1_cn-junior-g8-two-step-angles_006,C,67,skip_triangle_sum_error,geometric_reasoning,这个选项通常来自skip triangle sum error。
jianzisheng_cn_junior_chapter_expansion_v1_cn-junior-g8-two-step-angles_006,D,47,skip_triangle_sum_error,geometric_reasoning,这个选项通常来自skip triangle sum error。
jianzisheng_cn_junior_chapter_expansion_v1_cn-junior-g8-two-step-angles_006,E,62,skip_triangle_sum_error,geometric_reasoning,这个选项通常来自skip triangle sum error。
jianzisheng_cn_junior_chapter_expansion_v1_cn-junior-g8-two-step-angles_007,A,68,skip_triangle_sum_error,geometric_reasoning,这个选项通常来自skip triangle sum error。
jianzisheng_cn_junior_chapter_expansion_v1_cn-junior-g8-two-step-angles_007,B,122,skip_triangle_sum_error,geometric_reasoning,这个选项通常来自skip triangle sum error。
jianzisheng_cn_junior_chapter_expansion_v1_cn-junior-g8-two-step-angles_007,C,102,skip_triangle_sum_error,geometric_reasoning,这个选项通常来自skip triangle sum error。
jianzisheng_cn_junior_chapter_expansion_v1_cn-junior-g8-two-step-angles_007,D,117,skip_triangle_sum_error,geometric_reasoning,这个选项通常来自skip triangle sum error。
jianzisheng_cn_junior_chapter_expansion_v1_cn-junior-g8-two-step-angles_008,A,89,skip_triangle_sum_error,geometric_reasoning,这个选项通常来自skip triangle sum error。
jianzisheng_cn_junior_chapter_expansion_v1_cn-junior-g8-two-step-angles_008,B,69,skip_triangle_sum_error,geometric_reasoning,这个选项通常来自skip triangle sum error。
jianzisheng_cn_junior_chapter_expansion_v1_cn-junior-g8-two-step-angles_008,C,84,skip_triangle_sum_error,geometric_reasoning,这个选项通常来自skip triangle sum error。
jianzisheng_cn_junior_chapter_expansion_v1_cn-junior-g8-two-step-angles_008,E,101,skip_triangle_sum_error,geometric_reasoning,这个选项通常来自skip triangle sum error。
jianzisheng_cn_junior_chapter_expansion_v1_cn-junior-g8-two-step-angles_009,A,94,skip_triangle_sum_error,geometric_reasoning,这个选项通常来自skip triangle sum error。
jianzisheng_cn_junior_chapter_expansion_v1_cn-junior-g8-two-step-angles_009,B,95,skip_triangle_sum_error,geometric_reasoning,这个选项通常来自skip triangle sum error。
jianzisheng_cn_junior_chapter_expansion_v1_cn-junior-g8-two-step-angles_009,D,100,skip_triangle_sum_error,geometric_reasoning,这个选项通常来自skip triangle sum error。
jianzisheng_cn_junior_chapter_expansion_v1_cn-junior-g8-two-step-angles_009,E,80,skip_triangle_sum_error,geometric_reasoning,这个选项通常来自skip triangle sum error。
jianzisheng_cn_junior_chapter_expansion_v1_cn-junior-g8-two-step-angles_010,A,106,skip_triangle_sum_error,geometric_reasoning,这个选项通常来自skip triangle sum error。
jianzisheng_cn_junior_chapter_expansion_v1_cn-junior-g8-two-step-angles_010,C,79,skip_triangle_sum_error,geometric_reasoning,这个选项通常来自skip triangle sum error。
jianzisheng_cn_junior_chapter_expansion_v1_cn-junior-g8-two-step-angles_010,D,111,skip_triangle_sum_error,geometric_reasoning,这个选项通常来自skip triangle sum error。
jianzisheng_cn_junior_chapter_expansion_v1_cn-junior-g8-two-step-angles_010,E,91,skip_triangle_sum_error,geometric_reasoning,这个选项通常来自skip triangle sum error。
jianzisheng_cn_junior_chapter_expansion_v1_cn-junior-g8-two-step-angles_011,B,112,skip_triangle_sum_error,geometric_reasoning,这个选项通常来自skip triangle sum error。
jianzisheng_cn_junior_chapter_expansion_v1_cn-junior-g8-two-step-angles_011,C,78,skip_triangle_sum_error,geometric_reasoning,这个选项通常来自skip triangle sum error。
jianzisheng_cn_junior_chapter_expansion_v1_cn-junior-g8-two-step-angles_011,D,58,skip_triangle_sum_error,geometric_reasoning,这个选项通常来自skip triangle sum error。
jianzisheng_cn_junior_chapter_expansion_v1_cn-junior-g8-two-step-angles_011,E,73,skip_triangle_sum_error,geometric_reasoning,这个选项通常来自skip triangle sum error。
jianzisheng_cn_junior_chapter_expansion_v1_cn-junior-g8-two-step-angles_012,A,57,skip_triangle_sum_error,geometric_reasoning,这个选项通常来自skip triangle sum error。
jianzisheng_cn_junior_chapter_expansion_v1_cn-junior-g8-two-step-angles_012,B,133,skip_triangle_sum_error,geometric_reasoning,这个选项通常来自skip triangle sum error。
jianzisheng_cn_junior_chapter_expansion_v1_cn-junior-g8-two-step-angles_012,C,113,skip_triangle_sum_error,geometric_reasoning,这个选项通常来自skip triangle sum error。
jianzisheng_cn_junior_chapter_expansion_v1_cn-junior-g8-two-step-angles_012,D,128,skip_triangle_sum_error,geometric_reasoning,这个选项通常来自skip triangle sum error。
jianzisheng_cn_junior_chapter_expansion_v1_cn-junior-g8-two-step-angles_013,A,56,skip_triangle_sum_error,geometric_reasoning,这个选项通常来自skip triangle sum error。
jianzisheng_cn_junior_chapter_expansion_v1_cn-junior-g8-two-step-angles_013,B,36,skip_triangle_sum_error,geometric_reasoning,这个选项通常来自skip triangle sum error。
jianzisheng_cn_junior_chapter_expansion_v1_cn-junior-g8-two-step-angles_013,C,51,skip_triangle_sum_error,geometric_reasoning,这个选项通常来自skip triangle sum error。
jianzisheng_cn_junior_chapter_expansion_v1_cn-junior-g8-two-step-angles_013,E,134,skip_triangle_sum_error,geometric_reasoning,这个选项通常来自skip triangle sum error。
jianzisheng_cn_junior_chapter_expansion_v1_cn-junior-g8-two-step-angles_014,A,25,skip_triangle_sum_error,geometric_reasoning,这个选项通常来自skip triangle sum error。
jianzisheng_cn_junior_chapter_expansion_v1_cn-junior-g8-two-step-angles_014,B,40,skip_triangle_sum_error,geometric_reasoning,这个选项通常来自skip triangle sum error。
jianzisheng_cn_junior_chapter_expansion_v1_cn-junior-g8-two-step-angles_014,D,145,skip_triangle_sum_error,geometric_reasoning,这个选项通常来自skip triangle sum error。
jianzisheng_cn_junior_chapter_expansion_v1_cn-junior-g8-two-step-angles_014,E,45,skip_triangle_sum_error,geometric_reasoning,这个选项通常来自skip triangle sum error。
jianzisheng_cn_junior_chapter_expansion_v1_cn-junior-g8-point-on-line_001,B,是,substitution_error,input_output_mapping,这个选项通常来自substitution error。
jianzisheng_cn_junior_chapter_expansion_v1_cn-junior-g8-point-on-line_001,C,无法判断,substitution_error,input_output_mapping,这个选项通常来自substitution error。
jianzisheng_cn_junior_chapter_expansion_v1_cn-junior-g8-point-on-line_001,D,只看横坐标即可,substitution_error,input_output_mapping,这个选项通常来自substitution error。
jianzisheng_cn_junior_chapter_expansion_v1_cn-junior-g8-point-on-line_001,E,只看纵坐标即可,substitution_error,input_output_mapping,这个选项通常来自substitution error。
jianzisheng_cn_junior_chapter_expansion_v1_cn-junior-g8-point-on-line_002,A,否,substitution_error,input_output_mapping,这个选项通常来自substitution error。
jianzisheng_cn_junior_chapter_expansion_v1_cn-junior-g8-point-on-line_002,B,无法判断,substitution_error,input_output_mapping,这个选项通常来自substitution error。
jianzisheng_cn_junior_chapter_expansion_v1_cn-junior-g8-point-on-line_002,C,只看横坐标即可,substitution_error,input_output_mapping,这个选项通常来自substitution error。
jianzisheng_cn_junior_chapter_expansion_v1_cn-junior-g8-point-on-line_002,D,只看纵坐标即可,substitution_error,input_output_mapping,这个选项通常来自substitution error。
jianzisheng_cn_junior_chapter_expansion_v1_cn-junior-g8-point-on-line_003,A,无法判断,substitution_error,input_output_mapping,这个选项通常来自substitution error。
jianzisheng_cn_junior_chapter_expansion_v1_cn-junior-g8-point-on-line_003,B,只看横坐标即可,substitution_error,input_output_mapping,这个选项通常来自substitution error。
jianzisheng_cn_junior_chapter_expansion_v1_cn-junior-g8-point-on-line_003,C,只看纵坐标即可,substitution_error,input_output_mapping,这个选项通常来自substitution error。
jianzisheng_cn_junior_chapter_expansion_v1_cn-junior-g8-point-on-line_003,E,是,substitution_error,input_output_mapping,这个选项通常来自substitution error。
jianzisheng_cn_junior_chapter_expansion_v1_cn-junior-g8-point-on-line_004,A,只看横坐标即可,substitution_error,input_output_mapping,这个选项通常来自substitution error。
jianzisheng_cn_junior_chapter_expansion_v1_cn-junior-g8-point-on-line_004,B,只看纵坐标即可,substitution_error,input_output_mapping,这个选项通常来自substitution error。
jianzisheng_cn_junior_chapter_expansion_v1_cn-junior-g8-point-on-line_004,D,否,substitution_error,input_output_mapping,这个选项通常来自substitution error。
jianzisheng_cn_junior_chapter_expansion_v1_cn-junior-g8-point-on-line_004,E,无法判断,substitution_error,input_output_mapping,这个选项通常来自substitution error。
jianzisheng_cn_junior_chapter_expansion_v1_cn-junior-g8-point-on-line_005,A,只看纵坐标即可,substitution_error,input_output_mapping,这个选项通常来自substitution error。
jianzisheng_cn_junior_chapter_expansion_v1_cn-junior-g8-point-on-line_005,C,是,substitution_error,input_output_mapping,这个选项通常来自substitution error。
jianzisheng_cn_junior_chapter_expansion_v1_cn-junior-g8-point-on-line_005,D,无法判断,substitution_error,input_output_mapping,这个选项通常来自substitution error。
jianzisheng_cn_junior_chapter_expansion_v1_cn-junior-g8-point-on-line_005,E,只看横坐标即可,substitution_error,input_output_mapping,这个选项通常来自substitution error。
jianzisheng_cn_junior_chapter_expansion_v1_cn-junior-g8-point-on-line_006,B,否,substitution_error,input_output_mapping,这个选项通常来自substitution error。
jianzisheng_cn_junior_chapter_expansion_v1_cn-junior-g8-point-on-line_006,C,无法判断,substitution_error,input_output_mapping,这个选项通常来自substitution error。
jianzisheng_cn_junior_chapter_expansion_v1_cn-junior-g8-point-on-line_006,D,只看横坐标即可,substitution_error,input_output_mapping,这个选项通常来自substitution error。
jianzisheng_cn_junior_chapter_expansion_v1_cn-junior-g8-point-on-line_006,E,只看纵坐标即可,substitution_error,input_output_mapping,这个选项通常来自substitution error。
jianzisheng_cn_junior_chapter_expansion_v1_cn-junior-g8-point-on-line_007,A,是,substitution_error,input_output_mapping,这个选项通常来自substitution error。
jianzisheng_cn_junior_chapter_expansion_v1_cn-junior-g8-point-on-line_007,B,无法判断,substitution_error,input_output_mapping,这个选项通常来自substitution error。
jianzisheng_cn_junior_chapter_expansion_v1_cn-junior-g8-point-on-line_007,C,只看横坐标即可,substitution_error,input_output_mapping,这个选项通常来自substitution error。
jianzisheng_cn_junior_chapter_expansion_v1_cn-junior-g8-point-on-line_007,D,只看纵坐标即可,substitution_error,input_output_mapping,这个选项通常来自substitution error。
jianzisheng_cn_junior_chapter_expansion_v1_cn-junior-g8-point-on-line_008,A,无法判断,substitution_error,input_output_mapping,这个选项通常来自substitution error。
jianzisheng_cn_junior_chapter_expansion_v1_cn-junior-g8-point-on-line_008,B,只看横坐标即可,substitution_error,input_output_mapping,这个选项通常来自substitution error。
jianzisheng_cn_junior_chapter_expansion_v1_cn-junior-g8-point-on-line_008,C,只看纵坐标即可,substitution_error,input_output_mapping,这个选项通常来自substitution error。
jianzisheng_cn_junior_chapter_expansion_v1_cn-junior-g8-point-on-line_008,E,否,substitution_error,input_output_mapping,这个选项通常来自substitution error。
jianzisheng_cn_junior_chapter_expansion_v1_cn-junior-g8-point-on-line_009,A,只看横坐标即可,substitution_error,input_output_mapping,这个选项通常来自substitution error。
jianzisheng_cn_junior_chapter_expansion_v1_cn-junior-g8-point-on-line_009,B,只看纵坐标即可,substitution_error,input_output_mapping,这个选项通常来自substitution error。
jianzisheng_cn_junior_chapter_expansion_v1_cn-junior-g8-point-on-line_009,D,是,substitution_error,input_output_mapping,这个选项通常来自substitution error。
jianzisheng_cn_junior_chapter_expansion_v1_cn-junior-g8-point-on-line_009,E,无法判断,substitution_error,input_output_mapping,这个选项通常来自substitution error。
jianzisheng_cn_junior_chapter_expansion_v1_cn-junior-g8-point-on-line_010,A,只看纵坐标即可,substitution_error,input_output_mapping,这个选项通常来自substitution error。
jianzisheng_cn_junior_chapter_expansion_v1_cn-junior-g8-point-on-line_010,C,否,substitution_error,input_output_mapping,这个选项通常来自substitution error。
jianzisheng_cn_junior_chapter_expansion_v1_cn-junior-g8-point-on-line_010,D,无法判断,substitution_error,input_output_mapping,这个选项通常来自substitution error。
jianzisheng_cn_junior_chapter_expansion_v1_cn-junior-g8-point-on-line_010,E,只看横坐标即可,substitution_error,input_output_mapping,这个选项通常来自substitution error。
jianzisheng_cn_junior_chapter_expansion_v1_cn-junior-g8-point-on-line_011,B,是,substitution_error,input_output_mapping,这个选项通常来自substitution error。
jianzisheng_cn_junior_chapter_expansion_v1_cn-junior-g8-point-on-line_011,C,无法判断,substitution_error,input_output_mapping,这个选项通常来自substitution error。
jianzisheng_cn_junior_chapter_expansion_v1_cn-junior-g8-point-on-line_011,D,只看横坐标即可,substitution_error,input_output_mapping,这个选项通常来自substitution error。
jianzisheng_cn_junior_chapter_expansion_v1_cn-junior-g8-point-on-line_011,E,只看纵坐标即可,substitution_error,input_output_mapping,这个选项通常来自substitution error。
jianzisheng_cn_junior_chapter_expansion_v1_cn-junior-g8-point-on-line_012,A,否,substitution_error,input_output_mapping,这个选项通常来自substitution error。
jianzisheng_cn_junior_chapter_expansion_v1_cn-junior-g8-point-on-line_012,B,无法判断,substitution_error,input_output_mapping,这个选项通常来自substitution error。
jianzisheng_cn_junior_chapter_expansion_v1_cn-junior-g8-point-on-line_012,C,只看横坐标即可,substitution_error,input_output_mapping,这个选项通常来自substitution error。
jianzisheng_cn_junior_chapter_expansion_v1_cn-junior-g8-point-on-line_012,D,只看纵坐标即可,substitution_error,input_output_mapping,这个选项通常来自substitution error。
jianzisheng_cn_junior_chapter_expansion_v1_cn-junior-g8-point-on-line_013,A,无法判断,substitution_error,input_output_mapping,这个选项通常来自substitution error。
jianzisheng_cn_junior_chapter_expansion_v1_cn-junior-g8-point-on-line_013,B,只看横坐标即可,substitution_error,input_output_mapping,这个选项通常来自substitution error。
jianzisheng_cn_junior_chapter_expansion_v1_cn-junior-g8-point-on-line_013,C,只看纵坐标即可,substitution_error,input_output_mapping,这个选项通常来自substitution error。
jianzisheng_cn_junior_chapter_expansion_v1_cn-junior-g8-point-on-line_013,E,是,substitution_error,input_output_mapping,这个选项通常来自substitution error。
jianzisheng_cn_junior_chapter_expansion_v1_cn-junior-g8-point-on-line_014,A,只看横坐标即可,substitution_error,input_output_mapping,这个选项通常来自substitution error。
jianzisheng_cn_junior_chapter_expansion_v1_cn-junior-g8-point-on-line_014,B,只看纵坐标即可,substitution_error,input_output_mapping,这个选项通常来自substitution error。
jianzisheng_cn_junior_chapter_expansion_v1_cn-junior-g8-point-on-line_014,D,否,substitution_error,input_output_mapping,这个选项通常来自substitution error。
jianzisheng_cn_junior_chapter_expansion_v1_cn-junior-g8-point-on-line_014,E,无法判断,substitution_error,input_output_mapping,这个选项通常来自substitution error。
jianzisheng_cn_junior_chapter_expansion_v1_cn-junior-g8-linear-modeling-inverse_001,B,12,missing_initial_value,modeling,这个选项通常来自missing initial value。
jianzisheng_cn_junior_chapter_expansion_v1_cn-junior-g8-linear-modeling-inverse_001,C,99,missing_initial_value,modeling,这个选项通常来自missing initial value。
jianzisheng_cn_junior_chapter_expansion_v1_cn-junior-g8-linear-modeling-inverse_001,D,14,missing_initial_value,modeling,这个选项通常来自missing initial value。
jianzisheng_cn_junior_chapter_expansion_v1_cn-junior-g8-linear-modeling-inverse_001,E,16,missing_initial_value,modeling,这个选项通常来自missing initial value。
jianzisheng_cn_junior_chapter_expansion_v1_cn-junior-g8-linear-modeling-inverse_002,A,11,missing_initial_value,modeling,这个选项通常来自missing initial value。
jianzisheng_cn_junior_chapter_expansion_v1_cn-junior-g8-linear-modeling-inverse_002,B,8,missing_initial_value,modeling,这个选项通常来自missing initial value。
jianzisheng_cn_junior_chapter_expansion_v1_cn-junior-g8-linear-modeling-inverse_002,C,5,missing_initial_value,modeling,这个选项通常来自missing initial value。
jianzisheng_cn_junior_chapter_expansion_v1_cn-junior-g8-linear-modeling-inverse_002,D,18,missing_initial_value,modeling,这个选项通常来自missing initial value。
jianzisheng_cn_junior_chapter_expansion_v1_cn-junior-g8-linear-modeling-inverse_003,A,15,missing_initial_value,modeling,这个选项通常来自missing initial value。
jianzisheng_cn_junior_chapter_expansion_v1_cn-junior-g8-linear-modeling-inverse_003,B,6,missing_initial_value,modeling,这个选项通常来自missing initial value。
jianzisheng_cn_junior_chapter_expansion_v1_cn-junior-g8-linear-modeling-inverse_003,C,10,missing_initial_value,modeling,这个选项通常来自missing initial value。
jianzisheng_cn_junior_chapter_expansion_v1_cn-junior-g8-linear-modeling-inverse_003,E,10,missing_initial_value,modeling,这个选项通常来自missing initial value。
jianzisheng_cn_junior_chapter_expansion_v1_cn-junior-g8-linear-modeling-inverse_004,A,7,missing_initial_value,modeling,这个选项通常来自missing initial value。
jianzisheng_cn_junior_chapter_expansion_v1_cn-junior-g8-linear-modeling-inverse_004,B,14,missing_initial_value,modeling,这个选项通常来自missing initial value。
jianzisheng_cn_junior_chapter_expansion_v1_cn-junior-g8-linear-modeling-inverse_004,D,10,missing_initial_value,modeling,这个选项通常来自missing initial value。
jianzisheng_cn_junior_chapter_expansion_v1_cn-junior-g8-linear-modeling-inverse_004,E,24,missing_initial_value,modeling,这个选项通常来自missing initial value。
jianzisheng_cn_junior_chapter_expansion_v1_cn-junior-g8-linear-modeling-inverse_005,A,14,missing_initial_value,modeling,这个选项通常来自missing initial value。
jianzisheng_cn_junior_chapter_expansion_v1_cn-junior-g8-linear-modeling-inverse_005,C,10,missing_initial_value,modeling,这个选项通常来自missing initial value。
jianzisheng_cn_junior_chapter_expansion_v1_cn-junior-g8-linear-modeling-inverse_005,D,35,missing_initial_value,modeling,这个选项通常来自missing initial value。
jianzisheng_cn_junior_chapter_expansion_v1_cn-junior-g8-linear-modeling-inverse_005,E,8,missing_initial_value,modeling,这个选项通常来自missing initial value。
jianzisheng_cn_junior_chapter_expansion_v1_cn-junior-g8-linear-modeling-inverse_006,B,11,missing_initial_value,modeling,这个选项通常来自missing initial value。
jianzisheng_cn_junior_chapter_expansion_v1_cn-junior-g8-linear-modeling-inverse_006,C,48,missing_initial_value,modeling,这个选项通常来自missing initial value。
jianzisheng_cn_junior_chapter_expansion_v1_cn-junior-g8-linear-modeling-inverse_006,D,9,missing_initial_value,modeling,这个选项通常来自missing initial value。
jianzisheng_cn_junior_chapter_expansion_v1_cn-junior-g8-linear-modeling-inverse_006,E,14,missing_initial_value,modeling,这个选项通常来自missing initial value。
jianzisheng_cn_junior_chapter_expansion_v1_cn-junior-g8-linear-modeling-inverse_007,A,12,missing_initial_value,modeling,这个选项通常来自missing initial value。
jianzisheng_cn_junior_chapter_expansion_v1_cn-junior-g8-linear-modeling-inverse_007,B,63,missing_initial_value,modeling,这个选项通常来自missing initial value。
jianzisheng_cn_junior_chapter_expansion_v1_cn-junior-g8-linear-modeling-inverse_007,C,10,missing_initial_value,modeling,这个选项通常来自missing initial value。
jianzisheng_cn_junior_chapter_expansion_v1_cn-junior-g8-linear-modeling-inverse_007,D,14,missing_initial_value,modeling,这个选项通常来自missing initial value。
jianzisheng_cn_junior_chapter_expansion_v1_cn-junior-g8-linear-modeling-inverse_008,A,80,missing_initial_value,modeling,这个选项通常来自missing initial value。
jianzisheng_cn_junior_chapter_expansion_v1_cn-junior-g8-linear-modeling-inverse_008,B,11,missing_initial_value,modeling,这个选项通常来自missing initial value。
jianzisheng_cn_junior_chapter_expansion_v1_cn-junior-g8-linear-modeling-inverse_008,C,15,missing_initial_value,modeling,这个选项通常来自missing initial value。
jianzisheng_cn_junior_chapter_expansion_v1_cn-junior-g8-linear-modeling-inverse_008,E,13,missing_initial_value,modeling,这个选项通常来自missing initial value。
jianzisheng_cn_junior_chapter_expansion_v1_cn-junior-g8-linear-modeling-inverse_009,A,12,missing_initial_value,modeling,这个选项通常来自missing initial value。
jianzisheng_cn_junior_chapter_expansion_v1_cn-junior-g8-linear-modeling-inverse_009,B,16,missing_initial_value,modeling,这个选项通常来自missing initial value。
jianzisheng_cn_junior_chapter_expansion_v1_cn-junior-g8-linear-modeling-inverse_009,D,13,missing_initial_value,modeling,这个选项通常来自missing initial value。
jianzisheng_cn_junior_chapter_expansion_v1_cn-junior-g8-linear-modeling-inverse_009,E,99,missing_initial_value,modeling,这个选项通常来自missing initial value。
jianzisheng_cn_junior_chapter_expansion_v1_cn-junior-g8-linear-modeling-inverse_010,A,26,missing_initial_value,modeling,这个选项通常来自missing initial value。
jianzisheng_cn_junior_chapter_expansion_v1_cn-junior-g8-linear-modeling-inverse_010,C,15,missing_initial_value,modeling,这个选项通常来自missing initial value。
jianzisheng_cn_junior_chapter_expansion_v1_cn-junior-g8-linear-modeling-inverse_010,D,8,missing_initial_value,modeling,这个选项通常来自missing initial value。
jianzisheng_cn_junior_chapter_expansion_v1_cn-junior-g8-linear-modeling-inverse_010,E,5,missing_initial_value,modeling,这个选项通常来自missing initial value。
jianzisheng_cn_junior_chapter_expansion_v1_cn-junior-g8-linear-modeling-inverse_011,B,13,missing_initial_value,modeling,这个选项通常来自missing initial value。
jianzisheng_cn_junior_chapter_expansion_v1_cn-junior-g8-linear-modeling-inverse_011,C,15,missing_initial_value,modeling,这个选项通常来自missing initial value。
jianzisheng_cn_junior_chapter_expansion_v1_cn-junior-g8-linear-modeling-inverse_011,D,6,missing_initial_value,modeling,这个选项通常来自missing initial value。
jianzisheng_cn_junior_chapter_expansion_v1_cn-junior-g8-linear-modeling-inverse_011,E,20,missing_initial_value,modeling,这个选项通常来自missing initial value。
jianzisheng_cn_junior_chapter_expansion_v1_cn-junior-g8-linear-modeling-inverse_012,A,8,missing_initial_value,modeling,这个选项通常来自missing initial value。
jianzisheng_cn_junior_chapter_expansion_v1_cn-junior-g8-linear-modeling-inverse_012,B,24,missing_initial_value,modeling,这个选项通常来自missing initial value。
jianzisheng_cn_junior_chapter_expansion_v1_cn-junior-g8-linear-modeling-inverse_012,C,7,missing_initial_value,modeling,这个选项通常来自missing initial value。
jianzisheng_cn_junior_chapter_expansion_v1_cn-junior-g8-linear-modeling-inverse_012,D,9,missing_initial_value,modeling,这个选项通常来自missing initial value。
jianzisheng_cn_junior_chapter_expansion_v1_cn-junior-g8-linear-modeling-inverse_013,A,35,missing_initial_value,modeling,这个选项通常来自missing initial value。
jianzisheng_cn_junior_chapter_expansion_v1_cn-junior-g8-linear-modeling-inverse_013,B,10,missing_initial_value,modeling,这个选项通常来自missing initial value。
jianzisheng_cn_junior_chapter_expansion_v1_cn-junior-g8-linear-modeling-inverse_013,C,12,missing_initial_value,modeling,这个选项通常来自missing initial value。
jianzisheng_cn_junior_chapter_expansion_v1_cn-junior-g8-linear-modeling-inverse_013,E,8,missing_initial_value,modeling,这个选项通常来自missing initial value。
jianzisheng_cn_junior_chapter_expansion_v1_cn-junior-g8-linear-modeling-inverse_014,A,11,missing_initial_value,modeling,这个选项通常来自missing initial value。
jianzisheng_cn_junior_chapter_expansion_v1_cn-junior-g8-linear-modeling-inverse_014,B,13,missing_initial_value,modeling,这个选项通常来自missing initial value。
jianzisheng_cn_junior_chapter_expansion_v1_cn-junior-g8-linear-modeling-inverse_014,D,9,missing_initial_value,modeling,这个选项通常来自missing initial value。
jianzisheng_cn_junior_chapter_expansion_v1_cn-junior-g8-linear-modeling-inverse_014,E,48,missing_initial_value,modeling,这个选项通常来自missing initial value。
jianzisheng_cn_junior_chapter_expansion_v1_cn-junior-g8-coordinate-area_001,B,135,missing_half_factor,spatial_reasoning,这个选项通常来自missing half factor。
jianzisheng_cn_junior_chapter_expansion_v1_cn-junior-g8-coordinate-area_001,C,24,missing_half_factor,spatial_reasoning,这个选项通常来自missing half factor。
jianzisheng_cn_junior_chapter_expansion_v1_cn-junior-g8-coordinate-area_001,D,82.5,missing_half_factor,spatial_reasoning,这个选项通常来自missing half factor。
jianzisheng_cn_junior_chapter_expansion_v1_cn-junior-g8-coordinate-area_001,E,6,missing_half_factor,spatial_reasoning,这个选项通常来自missing half factor。
jianzisheng_cn_junior_chapter_expansion_v1_cn-junior-g8-coordinate-area_002,A,176,missing_half_factor,spatial_reasoning,这个选项通常来自missing half factor。
jianzisheng_cn_junior_chapter_expansion_v1_cn-junior-g8-coordinate-area_002,B,27,missing_half_factor,spatial_reasoning,这个选项通常来自missing half factor。
jianzisheng_cn_junior_chapter_expansion_v1_cn-junior-g8-coordinate-area_002,C,104,missing_half_factor,spatial_reasoning,这个选项通常来自missing half factor。
jianzisheng_cn_junior_chapter_expansion_v1_cn-junior-g8-coordinate-area_002,D,5,missing_half_factor,spatial_reasoning,这个选项通常来自missing half factor。
jianzisheng_cn_junior_chapter_expansion_v1_cn-junior-g8-coordinate-area_003,A,30,missing_half_factor,spatial_reasoning,这个选项通常来自missing half factor。
jianzisheng_cn_junior_chapter_expansion_v1_cn-junior-g8-coordinate-area_003,B,127.5,missing_half_factor,spatial_reasoning,这个选项通常来自missing half factor。
jianzisheng_cn_junior_chapter_expansion_v1_cn-junior-g8-coordinate-area_003,C,4,missing_half_factor,spatial_reasoning,这个选项通常来自missing half factor。
jianzisheng_cn_junior_chapter_expansion_v1_cn-junior-g8-coordinate-area_003,E,221,missing_half_factor,spatial_reasoning,这个选项通常来自missing half factor。
jianzisheng_cn_junior_chapter_expansion_v1_cn-junior-g8-coordinate-area_004,A,63,missing_half_factor,spatial_reasoning,这个选项通常来自missing half factor。
jianzisheng_cn_junior_chapter_expansion_v1_cn-junior-g8-coordinate-area_004,B,13,missing_half_factor,spatial_reasoning,这个选项通常来自missing half factor。
jianzisheng_cn_junior_chapter_expansion_v1_cn-junior-g8-coordinate-area_004,D,90,missing_half_factor,spatial_reasoning,这个选项通常来自missing half factor。
jianzisheng_cn_junior_chapter_expansion_v1_cn-junior-g8-coordinate-area_004,E,23,missing_half_factor,spatial_reasoning,这个选项通常来自missing half factor。
jianzisheng_cn_junior_chapter_expansion_v1_cn-junior-g8-coordinate-area_005,A,12,missing_half_factor,spatial_reasoning,这个选项通常来自missing half factor。
jianzisheng_cn_junior_chapter_expansion_v1_cn-junior-g8-coordinate-area_005,C,133,missing_half_factor,spatial_reasoning,这个选项通常来自missing half factor。
jianzisheng_cn_junior_chapter_expansion_v1_cn-junior-g8-coordinate-area_005,D,26,missing_half_factor,spatial_reasoning,这个选项通常来自missing half factor。
jianzisheng_cn_junior_chapter_expansion_v1_cn-junior-g8-coordinate-area_005,E,85.5,missing_half_factor,spatial_reasoning,这个选项通常来自missing half factor。
jianzisheng_cn_junior_chapter_expansion_v1_cn-junior-g8-coordinate-area_006,B,72,missing_half_factor,spatial_reasoning,这个选项通常来自missing half factor。
jianzisheng_cn_junior_chapter_expansion_v1_cn-junior-g8-coordinate-area_006,C,17,missing_half_factor,spatial_reasoning,这个选项通常来自missing half factor。
jianzisheng_cn_junior_chapter_expansion_v1_cn-junior-g8-coordinate-area_006,D,44,missing_half_factor,spatial_reasoning,这个选项通常来自missing half factor。
jianzisheng_cn_junior_chapter_expansion_v1_cn-junior-g8-coordinate-area_006,E,1,missing_half_factor,spatial_reasoning,这个选项通常来自missing half factor。
jianzisheng_cn_junior_chapter_expansion_v1_cn-junior-g8-coordinate-area_007,A,99,missing_half_factor,spatial_reasoning,这个选项通常来自missing half factor。
jianzisheng_cn_junior_chapter_expansion_v1_cn-junior-g8-coordinate-area_007,B,20,missing_half_factor,spatial_reasoning,这个选项通常来自missing half factor。
jianzisheng_cn_junior_chapter_expansion_v1_cn-junior-g8-coordinate-area_007,C,58.5,missing_half_factor,spatial_reasoning,这个选项通常来自missing half factor。
jianzisheng_cn_junior_chapter_expansion_v1_cn-junior-g8-coordinate-area_007,D,2,missing_half_factor,spatial_reasoning,这个选项通常来自missing half factor。
jianzisheng_cn_junior_chapter_expansion_v1_cn-junior-g8-coordinate-area_008,A,23,missing_half_factor,spatial_reasoning,这个选项通常来自missing half factor。
jianzisheng_cn_junior_chapter_expansion_v1_cn-junior-g8-coordinate-area_008,B,75,missing_half_factor,spatial_reasoning,这个选项通常来自missing half factor。
jianzisheng_cn_junior_chapter_expansion_v1_cn-junior-g8-coordinate-area_008,C,3,missing_half_factor,spatial_reasoning,这个选项通常来自missing half factor。
jianzisheng_cn_junior_chapter_expansion_v1_cn-junior-g8-coordinate-area_008,E,130,missing_half_factor,spatial_reasoning,这个选项通常来自missing half factor。
jianzisheng_cn_junior_chapter_expansion_v1_cn-junior-g8-coordinate-area_009,A,38.5,missing_half_factor,spatial_reasoning,这个选项通常来自missing half factor。
jianzisheng_cn_junior_chapter_expansion_v1_cn-junior-g8-coordinate-area_009,B,6,missing_half_factor,spatial_reasoning,这个选项通常来自missing half factor。
jianzisheng_cn_junior_chapter_expansion_v1_cn-junior-g8-coordinate-area_009,D,55,missing_half_factor,spatial_reasoning,这个选项通常来自missing half factor。
jianzisheng_cn_junior_chapter_expansion_v1_cn-junior-g8-coordinate-area_009,E,16,missing_half_factor,spatial_reasoning,这个选项通常来自missing half factor。
jianzisheng_cn_junior_chapter_expansion_v1_cn-junior-g8-coordinate-area_010,A,5,missing_half_factor,spatial_reasoning,这个选项通常来自missing half factor。
jianzisheng_cn_junior_chapter_expansion_v1_cn-junior-g8-coordinate-area_010,C,84,missing_half_factor,spatial_reasoning,这个选项通常来自missing half factor。
jianzisheng_cn_junior_chapter_expansion_v1_cn-junior-g8-coordinate-area_010,D,19,missing_half_factor,spatial_reasoning,这个选项通常来自missing half factor。
jianzisheng_cn_junior_chapter_expansion_v1_cn-junior-g8-coordinate-area_010,E,54,missing_half_factor,spatial_reasoning,这个选项通常来自missing half factor。
jianzisheng_cn_junior_chapter_expansion_v1_cn-junior-g8-coordinate-area_011,B,117,missing_half_factor,spatial_reasoning,这个选项通常来自missing half factor。
jianzisheng_cn_junior_chapter_expansion_v1_cn-junior-g8-coordinate-area_011,C,22,missing_half_factor,spatial_reasoning,这个选项通常来自missing half factor。
jianzisheng_cn_junior_chapter_expansion_v1_cn-junior-g8-coordinate-area_011,D,71.5,missing_half_factor,spatial_reasoning,这个选项通常来自missing half factor。
jianzisheng_cn_junior_chapter_expansion_v1_cn-junior-g8-coordinate-area_011,E,4,missing_half_factor,spatial_reasoning,这个选项通常来自missing half factor。
jianzisheng_cn_junior_chapter_expansion_v1_cn-junior-g8-coordinate-area_012,A,154,missing_half_factor,spatial_reasoning,这个选项通常来自missing half factor。
jianzisheng_cn_junior_chapter_expansion_v1_cn-junior-g8-coordinate-area_012,B,25,missing_half_factor,spatial_reasoning,这个选项通常来自missing half factor。
jianzisheng_cn_junior_chapter_expansion_v1_cn-junior-g8-coordinate-area_012,C,91,missing_half_factor,spatial_reasoning,这个选项通常来自missing half factor。
jianzisheng_cn_junior_chapter_expansion_v1_cn-junior-g8-coordinate-area_012,D,3,missing_half_factor,spatial_reasoning,这个选项通常来自missing half factor。
jianzisheng_cn_junior_chapter_expansion_v1_cn-junior-g8-coordinate-area_013,A,28,missing_half_factor,spatial_reasoning,这个选项通常来自missing half factor。
jianzisheng_cn_junior_chapter_expansion_v1_cn-junior-g8-coordinate-area_013,B,112.5,missing_half_factor,spatial_reasoning,这个选项通常来自missing half factor。
jianzisheng_cn_junior_chapter_expansion_v1_cn-junior-g8-coordinate-area_013,C,2,missing_half_factor,spatial_reasoning,这个选项通常来自missing half factor。
jianzisheng_cn_junior_chapter_expansion_v1_cn-junior-g8-coordinate-area_013,E,195,missing_half_factor,spatial_reasoning,这个选项通常来自missing half factor。
jianzisheng_cn_junior_chapter_expansion_v1_cn-junior-g8-coordinate-area_014,A,56,missing_half_factor,spatial_reasoning,这个选项通常来自missing half factor。
jianzisheng_cn_junior_chapter_expansion_v1_cn-junior-g8-coordinate-area_014,B,11,missing_half_factor,spatial_reasoning,这个选项通常来自missing half factor。
jianzisheng_cn_junior_chapter_expansion_v1_cn-junior-g8-coordinate-area_014,D,80,missing_half_factor,spatial_reasoning,这个选项通常来自missing half factor。
jianzisheng_cn_junior_chapter_expansion_v1_cn-junior-g8-coordinate-area_014,E,21,missing_half_factor,spatial_reasoning,这个选项通常来自missing half factor。
jianzisheng_cn_junior_chapter_expansion_v1_cn-junior-g8-pythagorean-converse_001,B,是,largest_side_error,formula_selection,这个选项通常来自largest side error。
jianzisheng_cn_junior_chapter_expansion_v1_cn-junior-g8-pythagorean-converse_001,C,无法判断,largest_side_error,formula_selection,这个选项通常来自largest side error。
jianzisheng_cn_junior_chapter_expansion_v1_cn-junior-g8-pythagorean-converse_001,D,只看最长边即可,largest_side_error,formula_selection,这个选项通常来自largest side error。
jianzisheng_cn_junior_chapter_expansion_v1_cn-junior-g8-pythagorean-converse_001,E,只看两短边之和即可,largest_side_error,formula_selection,这个选项通常来自largest side error。
jianzisheng_cn_junior_chapter_expansion_v1_cn-junior-g8-pythagorean-converse_002,A,是,largest_side_error,formula_selection,这个选项通常来自largest side error。
jianzisheng_cn_junior_chapter_expansion_v1_cn-junior-g8-pythagorean-converse_002,B,无法判断,largest_side_error,formula_selection,这个选项通常来自largest side error。
jianzisheng_cn_junior_chapter_expansion_v1_cn-junior-g8-pythagorean-converse_002,C,只看最长边即可,largest_side_error,formula_selection,这个选项通常来自largest side error。
jianzisheng_cn_junior_chapter_expansion_v1_cn-junior-g8-pythagorean-converse_002,D,只看两短边之和即可,largest_side_error,formula_selection,这个选项通常来自largest side error。
jianzisheng_cn_junior_chapter_expansion_v1_cn-junior-g8-pythagorean-converse_003,A,无法判断,largest_side_error,formula_selection,这个选项通常来自largest side error。
jianzisheng_cn_junior_chapter_expansion_v1_cn-junior-g8-pythagorean-converse_003,B,只看最长边即可,largest_side_error,formula_selection,这个选项通常来自largest side error。
jianzisheng_cn_junior_chapter_expansion_v1_cn-junior-g8-pythagorean-converse_003,C,只看两短边之和即可,largest_side_error,formula_selection,这个选项通常来自largest side error。
jianzisheng_cn_junior_chapter_expansion_v1_cn-junior-g8-pythagorean-converse_003,E,否,largest_side_error,formula_selection,这个选项通常来自largest side error。
jianzisheng_cn_junior_chapter_expansion_v1_cn-junior-g8-pythagorean-converse_004,A,只看最长边即可,largest_side_error,formula_selection,这个选项通常来自largest side error。
jianzisheng_cn_junior_chapter_expansion_v1_cn-junior-g8-pythagorean-converse_004,B,只看两短边之和即可,largest_side_error,formula_selection,这个选项通常来自largest side error。
jianzisheng_cn_junior_chapter_expansion_v1_cn-junior-g8-pythagorean-converse_004,D,否,largest_side_error,formula_selection,这个选项通常来自largest side error。
jianzisheng_cn_junior_chapter_expansion_v1_cn-junior-g8-pythagorean-converse_004,E,无法判断,largest_side_error,formula_selection,这个选项通常来自largest side error。
jianzisheng_cn_junior_chapter_expansion_v1_cn-junior-g8-pythagorean-converse_005,A,只看两短边之和即可,largest_side_error,formula_selection,这个选项通常来自largest side error。
jianzisheng_cn_junior_chapter_expansion_v1_cn-junior-g8-pythagorean-converse_005,C,否,largest_side_error,formula_selection,这个选项通常来自largest side error。
jianzisheng_cn_junior_chapter_expansion_v1_cn-junior-g8-pythagorean-converse_005,D,无法判断,largest_side_error,formula_selection,这个选项通常来自largest side error。
jianzisheng_cn_junior_chapter_expansion_v1_cn-junior-g8-pythagorean-converse_005,E,只看最长边即可,largest_side_error,formula_selection,这个选项通常来自largest side error。
jianzisheng_cn_junior_chapter_expansion_v1_cn-junior-g8-pythagorean-converse_006,B,是,largest_side_error,formula_selection,这个选项通常来自largest side error。
jianzisheng_cn_junior_chapter_expansion_v1_cn-junior-g8-pythagorean-converse_006,C,无法判断,largest_side_error,formula_selection,这个选项通常来自largest side error。
jianzisheng_cn_junior_chapter_expansion_v1_cn-junior-g8-pythagorean-converse_006,D,只看最长边即可,largest_side_error,formula_selection,这个选项通常来自largest side error。
jianzisheng_cn_junior_chapter_expansion_v1_cn-junior-g8-pythagorean-converse_006,E,只看两短边之和即可,largest_side_error,formula_selection,这个选项通常来自largest side error。
jianzisheng_cn_junior_chapter_expansion_v1_cn-junior-g8-pythagorean-converse_007,A,是,largest_side_error,formula_selection,这个选项通常来自largest side error。
jianzisheng_cn_junior_chapter_expansion_v1_cn-junior-g8-pythagorean-converse_007,B,无法判断,largest_side_error,formula_selection,这个选项通常来自largest side error。
jianzisheng_cn_junior_chapter_expansion_v1_cn-junior-g8-pythagorean-converse_007,C,只看最长边即可,largest_side_error,formula_selection,这个选项通常来自largest side error。
jianzisheng_cn_junior_chapter_expansion_v1_cn-junior-g8-pythagorean-converse_007,D,只看两短边之和即可,largest_side_error,formula_selection,这个选项通常来自largest side error。
jianzisheng_cn_junior_chapter_expansion_v1_cn-junior-g8-pythagorean-converse_008,A,无法判断,largest_side_error,formula_selection,这个选项通常来自largest side error。
jianzisheng_cn_junior_chapter_expansion_v1_cn-junior-g8-pythagorean-converse_008,B,只看最长边即可,largest_side_error,formula_selection,这个选项通常来自largest side error。
jianzisheng_cn_junior_chapter_expansion_v1_cn-junior-g8-pythagorean-converse_008,C,只看两短边之和即可,largest_side_error,formula_selection,这个选项通常来自largest side error。
jianzisheng_cn_junior_chapter_expansion_v1_cn-junior-g8-pythagorean-converse_008,E,否,largest_side_error,formula_selection,这个选项通常来自largest side error。
jianzisheng_cn_junior_chapter_expansion_v1_cn-junior-g8-pythagorean-converse_009,A,只看最长边即可,largest_side_error,formula_selection,这个选项通常来自largest side error。
jianzisheng_cn_junior_chapter_expansion_v1_cn-junior-g8-pythagorean-converse_009,B,只看两短边之和即可,largest_side_error,formula_selection,这个选项通常来自largest side error。
jianzisheng_cn_junior_chapter_expansion_v1_cn-junior-g8-pythagorean-converse_009,D,否,largest_side_error,formula_selection,这个选项通常来自largest side error。
jianzisheng_cn_junior_chapter_expansion_v1_cn-junior-g8-pythagorean-converse_009,E,无法判断,largest_side_error,formula_selection,这个选项通常来自largest side error。
jianzisheng_cn_junior_chapter_expansion_v1_cn-junior-g8-pythagorean-converse_010,A,只看两短边之和即可,largest_side_error,formula_selection,这个选项通常来自largest side error。
jianzisheng_cn_junior_chapter_expansion_v1_cn-junior-g8-pythagorean-converse_010,C,否,largest_side_error,formula_selection,这个选项通常来自largest side error。
jianzisheng_cn_junior_chapter_expansion_v1_cn-junior-g8-pythagorean-converse_010,D,无法判断,largest_side_error,formula_selection,这个选项通常来自largest side error。
jianzisheng_cn_junior_chapter_expansion_v1_cn-junior-g8-pythagorean-converse_010,E,只看最长边即可,largest_side_error,formula_selection,这个选项通常来自largest side error。
jianzisheng_cn_junior_chapter_expansion_v1_cn-junior-g8-pythagorean-converse_011,B,是,largest_side_error,formula_selection,这个选项通常来自largest side error。
jianzisheng_cn_junior_chapter_expansion_v1_cn-junior-g8-pythagorean-converse_011,C,无法判断,largest_side_error,formula_selection,这个选项通常来自largest side error。
jianzisheng_cn_junior_chapter_expansion_v1_cn-junior-g8-pythagorean-converse_011,D,只看最长边即可,largest_side_error,formula_selection,这个选项通常来自largest side error。
jianzisheng_cn_junior_chapter_expansion_v1_cn-junior-g8-pythagorean-converse_011,E,只看两短边之和即可,largest_side_error,formula_selection,这个选项通常来自largest side error。
jianzisheng_cn_junior_chapter_expansion_v1_cn-junior-g8-pythagorean-converse_012,A,是,largest_side_error,formula_selection,这个选项通常来自largest side error。
jianzisheng_cn_junior_chapter_expansion_v1_cn-junior-g8-pythagorean-converse_012,B,无法判断,largest_side_error,formula_selection,这个选项通常来自largest side error。
jianzisheng_cn_junior_chapter_expansion_v1_cn-junior-g8-pythagorean-converse_012,C,只看最长边即可,largest_side_error,formula_selection,这个选项通常来自largest side error。
jianzisheng_cn_junior_chapter_expansion_v1_cn-junior-g8-pythagorean-converse_012,D,只看两短边之和即可,largest_side_error,formula_selection,这个选项通常来自largest side error。
jianzisheng_cn_junior_chapter_expansion_v1_cn-junior-g8-pythagorean-converse_013,A,无法判断,largest_side_error,formula_selection,这个选项通常来自largest side error。
jianzisheng_cn_junior_chapter_expansion_v1_cn-junior-g8-pythagorean-converse_013,B,只看最长边即可,largest_side_error,formula_selection,这个选项通常来自largest side error。
jianzisheng_cn_junior_chapter_expansion_v1_cn-junior-g8-pythagorean-converse_013,C,只看两短边之和即可,largest_side_error,formula_selection,这个选项通常来自largest side error。
jianzisheng_cn_junior_chapter_expansion_v1_cn-junior-g8-pythagorean-converse_013,E,否,largest_side_error,formula_selection,这个选项通常来自largest side error。
jianzisheng_cn_junior_chapter_expansion_v1_cn-junior-g8-pythagorean-converse_014,A,只看最长边即可,largest_side_error,formula_selection,这个选项通常来自largest side error。
jianzisheng_cn_junior_chapter_expansion_v1_cn-junior-g8-pythagorean-converse_014,B,只看两短边之和即可,largest_side_error,formula_selection,这个选项通常来自largest side error。
jianzisheng_cn_junior_chapter_expansion_v1_cn-junior-g8-pythagorean-converse_014,D,否,largest_side_error,formula_selection,这个选项通常来自largest side error。
jianzisheng_cn_junior_chapter_expansion_v1_cn-junior-g8-pythagorean-converse_014,E,无法判断,largest_side_error,formula_selection,这个选项通常来自largest side error。
jianzisheng_cn_junior_chapter_expansion_v1_cn-junior-g9-quadratic-axis_001,B,-3,sign_error,formula_selection,这个选项通常来自sign error。
jianzisheng_cn_junior_chapter_expansion_v1_cn-junior-g9-quadratic-axis_001,C,1,sign_error,formula_selection,这个选项通常来自sign error。
jianzisheng_cn_junior_chapter_expansion_v1_cn-junior-g9-quadratic-axis_001,D,-4,sign_error,formula_selection,这个选项通常来自sign error。
jianzisheng_cn_junior_chapter_expansion_v1_cn-junior-g9-quadratic-axis_001,E,5,sign_error,formula_selection,这个选项通常来自sign error。
jianzisheng_cn_junior_chapter_expansion_v1_cn-junior-g9-quadratic-axis_002,A,-2,sign_error,formula_selection,这个选项通常来自sign error。
jianzisheng_cn_junior_chapter_expansion_v1_cn-junior-g9-quadratic-axis_002,B,1,sign_error,formula_selection,这个选项通常来自sign error。
jianzisheng_cn_junior_chapter_expansion_v1_cn-junior-g9-quadratic-axis_002,C,3,sign_error,formula_selection,这个选项通常来自sign error。
jianzisheng_cn_junior_chapter_expansion_v1_cn-junior-g9-quadratic-axis_002,D,2,sign_error,formula_selection,这个选项通常来自sign error。
jianzisheng_cn_junior_chapter_expansion_v1_cn-junior-g9-quadratic-axis_003,A,0,sign_error,formula_selection,这个选项通常来自sign error。
jianzisheng_cn_junior_chapter_expansion_v1_cn-junior-g9-quadratic-axis_003,B,3,sign_error,formula_selection,这个选项通常来自sign error。
jianzisheng_cn_junior_chapter_expansion_v1_cn-junior-g9-quadratic-axis_003,C,4,sign_error,formula_selection,这个选项通常来自sign error。
jianzisheng_cn_junior_chapter_expansion_v1_cn-junior-g9-quadratic-axis_003,E,1,sign_error,formula_selection,这个选项通常来自sign error。
jianzisheng_cn_junior_chapter_expansion_v1_cn-junior-g9-quadratic-axis_004,A,-1,sign_error,formula_selection,这个选项通常来自sign error。
jianzisheng_cn_junior_chapter_expansion_v1_cn-junior-g9-quadratic-axis_004,B,6,sign_error,formula_selection,这个选项通常来自sign error。
jianzisheng_cn_junior_chapter_expansion_v1_cn-junior-g9-quadratic-axis_004,D,0,sign_error,formula_selection,这个选项通常来自sign error。
jianzisheng_cn_junior_chapter_expansion_v1_cn-junior-g9-quadratic-axis_004,E,2,sign_error,formula_selection,这个选项通常来自sign error。
jianzisheng_cn_junior_chapter_expansion_v1_cn-junior-g9-quadratic-axis_005,A,8,sign_error,formula_selection,这个选项通常来自sign error。
jianzisheng_cn_junior_chapter_expansion_v1_cn-junior-g9-quadratic-axis_005,C,1,sign_error,formula_selection,这个选项通常来自sign error。
jianzisheng_cn_junior_chapter_expansion_v1_cn-junior-g9-quadratic-axis_005,D,4,sign_error,formula_selection,这个选项通常来自sign error。
jianzisheng_cn_junior_chapter_expansion_v1_cn-junior-g9-quadratic-axis_005,E,-3,sign_error,formula_selection,这个选项通常来自sign error。
jianzisheng_cn_junior_chapter_expansion_v1_cn-junior-g9-quadratic-axis_006,B,2,sign_error,formula_selection,这个选项通常来自sign error。
jianzisheng_cn_junior_chapter_expansion_v1_cn-junior-g9-quadratic-axis_006,C,1,sign_error,formula_selection,这个选项通常来自sign error。
jianzisheng_cn_junior_chapter_expansion_v1_cn-junior-g9-quadratic-axis_006,D,6,sign_error,formula_selection,这个选项通常来自sign error。
jianzisheng_cn_junior_chapter_expansion_v1_cn-junior-g9-quadratic-axis_006,E,-5,sign_error,formula_selection,这个选项通常来自sign error。
jianzisheng_cn_junior_chapter_expansion_v1_cn-junior-g9-quadratic-axis_007,A,3,sign_error,formula_selection,这个选项通常来自sign error。
jianzisheng_cn_junior_chapter_expansion_v1_cn-junior-g9-quadratic-axis_007,B,1,sign_error,formula_selection,这个选项通常来自sign error。
jianzisheng_cn_junior_chapter_expansion_v1_cn-junior-g9-quadratic-axis_007,C,-5,sign_error,formula_selection,这个选项通常来自sign error。
jianzisheng_cn_junior_chapter_expansion_v1_cn-junior-g9-quadratic-axis_007,D,6,sign_error,formula_selection,这个选项通常来自sign error。
jianzisheng_cn_junior_chapter_expansion_v1_cn-junior-g9-quadratic-axis_008,A,1,sign_error,formula_selection,这个选项通常来自sign error。
jianzisheng_cn_junior_chapter_expansion_v1_cn-junior-g9-quadratic-axis_008,B,4,sign_error,formula_selection,这个选项通常来自sign error。
jianzisheng_cn_junior_chapter_expansion_v1_cn-junior-g9-quadratic-axis_008,C,1,sign_error,formula_selection,这个选项通常来自sign error。
jianzisheng_cn_junior_chapter_expansion_v1_cn-junior-g9-quadratic-axis_008,E,-3,sign_error,formula_selection,这个选项通常来自sign error。
jianzisheng_cn_junior_chapter_expansion_v1_cn-junior-g9-quadratic-axis_009,A,2,sign_error,formula_selection,这个选项通常来自sign error。
jianzisheng_cn_junior_chapter_expansion_v1_cn-junior-g9-quadratic-axis_009,B,3,sign_error,formula_selection,这个选项通常来自sign error。
jianzisheng_cn_junior_chapter_expansion_v1_cn-junior-g9-quadratic-axis_009,D,1,sign_error,formula_selection,这个选项通常来自sign error。
jianzisheng_cn_junior_chapter_expansion_v1_cn-junior-g9-quadratic-axis_009,E,-1,sign_error,formula_selection,这个选项通常来自sign error。
jianzisheng_cn_junior_chapter_expansion_v1_cn-junior-g9-quadratic-axis_010,A,5,sign_error,formula_selection,这个选项通常来自sign error。
jianzisheng_cn_junior_chapter_expansion_v1_cn-junior-g9-quadratic-axis_010,C,-1,sign_error,formula_selection,这个选项通常来自sign error。
jianzisheng_cn_junior_chapter_expansion_v1_cn-junior-g9-quadratic-axis_010,D,1,sign_error,formula_selection,这个选项通常来自sign error。
jianzisheng_cn_junior_chapter_expansion_v1_cn-junior-g9-quadratic-axis_010,E,4,sign_error,formula_selection,这个选项通常来自sign error。
jianzisheng_cn_junior_chapter_expansion_v1_cn-junior-g9-quadratic-axis_011,B,0,sign_error,formula_selection,这个选项通常来自sign error。
jianzisheng_cn_junior_chapter_expansion_v1_cn-junior-g9-quadratic-axis_011,C,1,sign_error,formula_selection,这个选项通常来自sign error。
jianzisheng_cn_junior_chapter_expansion_v1_cn-junior-g9-quadratic-axis_011,D,3,sign_error,formula_selection,这个选项通常来自sign error。
jianzisheng_cn_junior_chapter_expansion_v1_cn-junior-g9-quadratic-axis_011,E,-2,sign_error,formula_selection,这个选项通常来自sign error。
jianzisheng_cn_junior_chapter_expansion_v1_cn-junior-g9-quadratic-axis_012,A,1,sign_error,formula_selection,这个选项通常来自sign error。
jianzisheng_cn_junior_chapter_expansion_v1_cn-junior-g9-quadratic-axis_012,B,5,sign_error,formula_selection,这个选项通常来自sign error。
jianzisheng_cn_junior_chapter_expansion_v1_cn-junior-g9-quadratic-axis_012,C,-4,sign_error,formula_selection,这个选项通常来自sign error。
jianzisheng_cn_junior_chapter_expansion_v1_cn-junior-g9-quadratic-axis_012,D,9,sign_error,formula_selection,这个选项通常来自sign error。
jianzisheng_cn_junior_chapter_expansion_v1_cn-junior-g9-quadratic-axis_013,A,1,sign_error,formula_selection,这个选项通常来自sign error。
jianzisheng_cn_junior_chapter_expansion_v1_cn-junior-g9-quadratic-axis_013,B,7,sign_error,formula_selection,这个选项通常来自sign error。
jianzisheng_cn_junior_chapter_expansion_v1_cn-junior-g9-quadratic-axis_013,C,-6,sign_error,formula_selection,这个选项通常来自sign error。
jianzisheng_cn_junior_chapter_expansion_v1_cn-junior-g9-quadratic-axis_013,E,2,sign_error,formula_selection,这个选项通常来自sign error。
jianzisheng_cn_junior_chapter_expansion_v1_cn-junior-g9-quadratic-axis_014,A,-4,sign_error,formula_selection,这个选项通常来自sign error。
jianzisheng_cn_junior_chapter_expansion_v1_cn-junior-g9-quadratic-axis_014,B,5,sign_error,formula_selection,这个选项通常来自sign error。
jianzisheng_cn_junior_chapter_expansion_v1_cn-junior-g9-quadratic-axis_014,D,3,sign_error,formula_selection,这个选项通常来自sign error。
jianzisheng_cn_junior_chapter_expansion_v1_cn-junior-g9-quadratic-axis_014,E,1,sign_error,formula_selection,这个选项通常来自sign error。
jianzisheng_cn_junior_chapter_expansion_v1_cn-junior-g9-quadratic-roots_001,B,3或-2,sign_error,factor_structure,这个选项通常来自sign error。
jianzisheng_cn_junior_chapter_expansion_v1_cn-junior-g9-quadratic-roots_001,C,-1,sign_error,factor_structure,这个选项通常来自sign error。
jianzisheng_cn_junior_chapter_expansion_v1_cn-junior-g9-quadratic-roots_001,D,-6,sign_error,factor_structure,这个选项通常来自sign error。
jianzisheng_cn_junior_chapter_expansion_v1_cn-junior-g9-quadratic-roots_001,E,-2或3,sign_error,factor_structure,这个选项通常来自sign error。
jianzisheng_cn_junior_chapter_expansion_v1_cn-junior-g9-quadratic-roots_002,A,2或-4,sign_error,factor_structure,这个选项通常来自sign error。
jianzisheng_cn_junior_chapter_expansion_v1_cn-junior-g9-quadratic-roots_002,B,2,sign_error,factor_structure,这个选项通常来自sign error。
jianzisheng_cn_junior_chapter_expansion_v1_cn-junior-g9-quadratic-roots_002,C,-8,sign_error,factor_structure,这个选项通常来自sign error。
jianzisheng_cn_junior_chapter_expansion_v1_cn-junior-g9-quadratic-roots_002,D,-1或5,sign_error,factor_structure,这个选项通常来自sign error。
jianzisheng_cn_junior_chapter_expansion_v1_cn-junior-g9-quadratic-roots_003,A,5,sign_error,factor_structure,这个选项通常来自sign error。
jianzisheng_cn_junior_chapter_expansion_v1_cn-junior-g9-quadratic-roots_003,B,-6,sign_error,factor_structure,这个选项通常来自sign error。
jianzisheng_cn_junior_chapter_expansion_v1_cn-junior-g9-quadratic-roots_003,C,0或7,sign_error,factor_structure,这个选项通常来自sign error。
jianzisheng_cn_junior_chapter_expansion_v1_cn-junior-g9-quadratic-roots_003,E,1或-6,sign_error,factor_structure,这个选项通常来自sign error。
jianzisheng_cn_junior_chapter_expansion_v1_cn-junior-g9-quadratic-roots_004,A,0,sign_error,factor_structure,这个选项通常来自sign error。
jianzisheng_cn_junior_chapter_expansion_v1_cn-junior-g9-quadratic-roots_004,B,1或4,sign_error,factor_structure,这个选项通常来自sign error。
jianzisheng_cn_junior_chapter_expansion_v1_cn-junior-g9-quadratic-roots_004,D,0或-3,sign_error,factor_structure,这个选项通常来自sign error。
jianzisheng_cn_junior_chapter_expansion_v1_cn-junior-g9-quadratic-roots_004,E,3,sign_error,factor_structure,这个选项通常来自sign error。
jianzisheng_cn_junior_chapter_expansion_v1_cn-junior-g9-quadratic-roots_005,A,2或6,sign_error,factor_structure,这个选项通常来自sign error。
jianzisheng_cn_junior_chapter_expansion_v1_cn-junior-g9-quadratic-roots_005,C,-1或-5,sign_error,factor_structure,这个选项通常来自sign error。
jianzisheng_cn_junior_chapter_expansion_v1_cn-junior-g9-quadratic-roots_005,D,6,sign_error,factor_structure,这个选项通常来自sign error。
jianzisheng_cn_junior_chapter_expansion_v1_cn-junior-g9-quadratic-roots_005,E,5,sign_error,factor_structure,这个选项通常来自sign error。
jianzisheng_cn_junior_chapter_expansion_v1_cn-junior-g9-quadratic-roots_006,B,-2或-7,sign_error,factor_structure,这个选项通常来自sign error。
jianzisheng_cn_junior_chapter_expansion_v1_cn-junior-g9-quadratic-roots_006,C,9,sign_error,factor_structure,这个选项通常来自sign error。
jianzisheng_cn_junior_chapter_expansion_v1_cn-junior-g9-quadratic-roots_006,D,14,sign_error,factor_structure,这个选项通常来自sign error。
jianzisheng_cn_junior_chapter_expansion_v1_cn-junior-g9-quadratic-roots_006,E,3或8,sign_error,factor_structure,这个选项通常来自sign error。
jianzisheng_cn_junior_chapter_expansion_v1_cn-junior-g9-quadratic-roots_007,A,-3或-9,sign_error,factor_structure,这个选项通常来自sign error。
jianzisheng_cn_junior_chapter_expansion_v1_cn-junior-g9-quadratic-roots_007,B,12,sign_error,factor_structure,这个选项通常来自sign error。
jianzisheng_cn_junior_chapter_expansion_v1_cn-junior-g9-quadratic-roots_007,C,27,sign_error,factor_structure,这个选项通常来自sign error。
jianzisheng_cn_junior_chapter_expansion_v1_cn-junior-g9-quadratic-roots_007,D,4或10,sign_error,factor_structure,这个选项通常来自sign error。
jianzisheng_cn_junior_chapter_expansion_v1_cn-junior-g9-quadratic-roots_008,A,1,sign_error,factor_structure,这个选项通常来自sign error。
jianzisheng_cn_junior_chapter_expansion_v1_cn-junior-g9-quadratic-roots_008,B,-12,sign_error,factor_structure,这个选项通常来自sign error。
jianzisheng_cn_junior_chapter_expansion_v1_cn-junior-g9-quadratic-roots_008,C,-2或5,sign_error,factor_structure,这个选项通常来自sign error。
jianzisheng_cn_junior_chapter_expansion_v1_cn-junior-g9-quadratic-roots_008,E,3或-4,sign_error,factor_structure,这个选项通常来自sign error。
jianzisheng_cn_junior_chapter_expansion_v1_cn-junior-g9-quadratic-roots_009,A,-2,sign_error,factor_structure,这个选项通常来自sign error。
jianzisheng_cn_junior_chapter_expansion_v1_cn-junior-g9-quadratic-roots_009,B,-1或2,sign_error,factor_structure,这个选项通常来自sign error。
jianzisheng_cn_junior_chapter_expansion_v1_cn-junior-g9-quadratic-roots_009,D,2或-1,sign_error,factor_structure,这个选项通常来自sign error。
jianzisheng_cn_junior_chapter_expansion_v1_cn-junior-g9-quadratic-roots_009,E,-1,sign_error,factor_structure,这个选项通常来自sign error。
jianzisheng_cn_junior_chapter_expansion_v1_cn-junior-g9-quadratic-roots_010,A,0或4,sign_error,factor_structure,这个选项通常来自sign error。
jianzisheng_cn_junior_chapter_expansion_v1_cn-junior-g9-quadratic-roots_010,C,1或-3,sign_error,factor_structure,这个选项通常来自sign error。
jianzisheng_cn_junior_chapter_expansion_v1_cn-junior-g9-quadratic-roots_010,D,2,sign_error,factor_structure,这个选项通常来自sign error。
jianzisheng_cn_junior_chapter_expansion_v1_cn-junior-g9-quadratic-roots_010,E,-3,sign_error,factor_structure,这个选项通常来自sign error。
jianzisheng_cn_junior_chapter_expansion_v1_cn-junior-g9-quadratic-roots_011,B,0或-5,sign_error,factor_structure,这个选项通常来自sign error。
jianzisheng_cn_junior_chapter_expansion_v1_cn-junior-g9-quadratic-roots_011,C,5,sign_error,factor_structure,这个选项通常来自sign error。
jianzisheng_cn_junior_chapter_expansion_v1_cn-junior-g9-quadratic-roots_011,D,0,sign_error,factor_structure,这个选项通常来自sign error。
jianzisheng_cn_junior_chapter_expansion_v1_cn-junior-g9-quadratic-roots_011,E,1或6,sign_error,factor_structure,这个选项通常来自sign error。
jianzisheng_cn_junior_chapter_expansion_v1_cn-junior-g9-quadratic-roots_012,A,-1或-7,sign_error,factor_structure,这个选项通常来自sign error。
jianzisheng_cn_junior_chapter_expansion_v1_cn-junior-g9-quadratic-roots_012,B,8,sign_error,factor_structure,这个选项通常来自sign error。
jianzisheng_cn_junior_chapter_expansion_v1_cn-junior-g9-quadratic-roots_012,C,7,sign_error,factor_structure,这个选项通常来自sign error。
jianzisheng_cn_junior_chapter_expansion_v1_cn-junior-g9-quadratic-roots_012,D,2或8,sign_error,factor_structure,这个选项通常来自sign error。
jianzisheng_cn_junior_chapter_expansion_v1_cn-junior-g9-quadratic-roots_013,A,11,sign_error,factor_structure,这个选项通常来自sign error。
jianzisheng_cn_junior_chapter_expansion_v1_cn-junior-g9-quadratic-roots_013,B,18,sign_error,factor_structure,这个选项通常来自sign error。
jianzisheng_cn_junior_chapter_expansion_v1_cn-junior-g9-quadratic-roots_013,C,3或10,sign_error,factor_structure,这个选项通常来自sign error。
jianzisheng_cn_junior_chapter_expansion_v1_cn-junior-g9-quadratic-roots_013,E,-2或-9,sign_error,factor_structure,这个选项通常来自sign error。
jianzisheng_cn_junior_chapter_expansion_v1_cn-junior-g9-quadratic-roots_014,A,18,sign_error,factor_structure,这个选项通常来自sign error。
jianzisheng_cn_junior_chapter_expansion_v1_cn-junior-g9-quadratic-roots_014,B,4或7,sign_error,factor_structure,这个选项通常来自sign error。
jianzisheng_cn_junior_chapter_expansion_v1_cn-junior-g9-quadratic-roots_014,D,-3或-6,sign_error,factor_structure,这个选项通常来自sign error。
jianzisheng_cn_junior_chapter_expansion_v1_cn-junior-g9-quadratic-roots_014,E,9,sign_error,factor_structure,这个选项通常来自sign error。
jianzisheng_cn_junior_chapter_expansion_v1_cn-junior-g9-circle-inscribed-angle_001,B,130,central_inscribed_confusion,geometric_reasoning,这个选项通常来自central inscribed confusion。
jianzisheng_cn_junior_chapter_expansion_v1_cn-junior-g9-circle-inscribed-angle_001,C,50,central_inscribed_confusion,geometric_reasoning,这个选项通常来自central inscribed confusion。
jianzisheng_cn_junior_chapter_expansion_v1_cn-junior-g9-circle-inscribed-angle_001,D,75,central_inscribed_confusion,geometric_reasoning,这个选项通常来自central inscribed confusion。
jianzisheng_cn_junior_chapter_expansion_v1_cn-junior-g9-circle-inscribed-angle_001,E,55,central_inscribed_confusion,geometric_reasoning,这个选项通常来自central inscribed confusion。
jianzisheng_cn_junior_chapter_expansion_v1_cn-junior-g9-circle-inscribed-angle_002,A,140,central_inscribed_confusion,geometric_reasoning,这个选项通常来自central inscribed confusion。
jianzisheng_cn_junior_chapter_expansion_v1_cn-junior-g9-circle-inscribed-angle_002,B,40,central_inscribed_confusion,geometric_reasoning,这个选项通常来自central inscribed confusion。
jianzisheng_cn_junior_chapter_expansion_v1_cn-junior-g9-circle-inscribed-angle_002,C,80,central_inscribed_confusion,geometric_reasoning,这个选项通常来自central inscribed confusion。
jianzisheng_cn_junior_chapter_expansion_v1_cn-junior-g9-circle-inscribed-angle_002,D,60,central_inscribed_confusion,geometric_reasoning,这个选项通常来自central inscribed confusion。
jianzisheng_cn_junior_chapter_expansion_v1_cn-junior-g9-circle-inscribed-angle_003,A,30,central_inscribed_confusion,geometric_reasoning,这个选项通常来自central inscribed confusion。
jianzisheng_cn_junior_chapter_expansion_v1_cn-junior-g9-circle-inscribed-angle_003,B,85,central_inscribed_confusion,geometric_reasoning,这个选项通常来自central inscribed confusion。
jianzisheng_cn_junior_chapter_expansion_v1_cn-junior-g9-circle-inscribed-angle_003,C,65,central_inscribed_confusion,geometric_reasoning,这个选项通常来自central inscribed confusion。
jianzisheng_cn_junior_chapter_expansion_v1_cn-junior-g9-circle-inscribed-angle_003,E,150,central_inscribed_confusion,geometric_reasoning,这个选项通常来自central inscribed confusion。
jianzisheng_cn_junior_chapter_expansion_v1_cn-junior-g9-circle-inscribed-angle_004,A,90,central_inscribed_confusion,geometric_reasoning,这个选项通常来自central inscribed confusion。
jianzisheng_cn_junior_chapter_expansion_v1_cn-junior-g9-circle-inscribed-angle_004,B,70,central_inscribed_confusion,geometric_reasoning,这个选项通常来自central inscribed confusion。
jianzisheng_cn_junior_chapter_expansion_v1_cn-junior-g9-circle-inscribed-angle_004,D,160,central_inscribed_confusion,geometric_reasoning,这个选项通常来自central inscribed confusion。
jianzisheng_cn_junior_chapter_expansion_v1_cn-junior-g9-circle-inscribed-angle_004,E,20,central_inscribed_confusion,geometric_reasoning,这个选项通常来自central inscribed confusion。
jianzisheng_cn_junior_chapter_expansion_v1_cn-junior-g9-circle-inscribed-angle_005,A,75,central_inscribed_confusion,geometric_reasoning,这个选项通常来自central inscribed confusion。
jianzisheng_cn_junior_chapter_expansion_v1_cn-junior-g9-circle-inscribed-angle_005,C,170,central_inscribed_confusion,geometric_reasoning,这个选项通常来自central inscribed confusion。
jianzisheng_cn_junior_chapter_expansion_v1_cn-junior-g9-circle-inscribed-angle_005,D,10,central_inscribed_confusion,geometric_reasoning,这个选项通常来自central inscribed confusion。
jianzisheng_cn_junior_chapter_expansion_v1_cn-junior-g9-circle-inscribed-angle_005,E,95,central_inscribed_confusion,geometric_reasoning,这个选项通常来自central inscribed confusion。
jianzisheng_cn_junior_chapter_expansion_v1_cn-junior-g9-circle-inscribed-angle_006,B,180,central_inscribed_confusion,geometric_reasoning,这个选项通常来自central inscribed confusion。
jianzisheng_cn_junior_chapter_expansion_v1_cn-junior-g9-circle-inscribed-angle_006,C,0,central_inscribed_confusion,geometric_reasoning,这个选项通常来自central inscribed confusion。
jianzisheng_cn_junior_chapter_expansion_v1_cn-junior-g9-circle-inscribed-angle_006,D,100,central_inscribed_confusion,geometric_reasoning,这个选项通常来自central inscribed confusion。
jianzisheng_cn_junior_chapter_expansion_v1_cn-junior-g9-circle-inscribed-angle_006,E,80,central_inscribed_confusion,geometric_reasoning,这个选项通常来自central inscribed confusion。
jianzisheng_cn_junior_chapter_expansion_v1_cn-junior-g9-circle-inscribed-angle_007,A,190,central_inscribed_confusion,geometric_reasoning,这个选项通常来自central inscribed confusion。
jianzisheng_cn_junior_chapter_expansion_v1_cn-junior-g9-circle-inscribed-angle_007,B,-10,central_inscribed_confusion,geometric_reasoning,这个选项通常来自central inscribed confusion。
jianzisheng_cn_junior_chapter_expansion_v1_cn-junior-g9-circle-inscribed-angle_007,C,105,central_inscribed_confusion,geometric_reasoning,这个选项通常来自central inscribed confusion。
jianzisheng_cn_junior_chapter_expansion_v1_cn-junior-g9-circle-inscribed-angle_007,D,85,central_inscribed_confusion,geometric_reasoning,这个选项通常来自central inscribed confusion。
jianzisheng_cn_junior_chapter_expansion_v1_cn-junior-g9-circle-inscribed-angle_008,A,-20,central_inscribed_confusion,geometric_reasoning,这个选项通常来自central inscribed confusion。
jianzisheng_cn_junior_chapter_expansion_v1_cn-junior-g9-circle-inscribed-angle_008,B,110,central_inscribed_confusion,geometric_reasoning,这个选项通常来自central inscribed confusion。
jianzisheng_cn_junior_chapter_expansion_v1_cn-junior-g9-circle-inscribed-angle_008,C,90,central_inscribed_confusion,geometric_reasoning,这个选项通常来自central inscribed confusion。
jianzisheng_cn_junior_chapter_expansion_v1_cn-junior-g9-circle-inscribed-angle_008,E,200,central_inscribed_confusion,geometric_reasoning,这个选项通常来自central inscribed confusion。
jianzisheng_cn_junior_chapter_expansion_v1_cn-junior-g9-circle-inscribed-angle_009,A,115,central_inscribed_confusion,geometric_reasoning,这个选项通常来自central inscribed confusion。
jianzisheng_cn_junior_chapter_expansion_v1_cn-junior-g9-circle-inscribed-angle_009,B,95,central_inscribed_confusion,geometric_reasoning,这个选项通常来自central inscribed confusion。
jianzisheng_cn_junior_chapter_expansion_v1_cn-junior-g9-circle-inscribed-angle_009,D,210,central_inscribed_confusion,geometric_reasoning,这个选项通常来自central inscribed confusion。
jianzisheng_cn_junior_chapter_expansion_v1_cn-junior-g9-circle-inscribed-angle_009,E,-30,central_inscribed_confusion,geometric_reasoning,这个选项通常来自central inscribed confusion。
jianzisheng_cn_junior_chapter_expansion_v1_cn-junior-g9-circle-inscribed-angle_010,A,100,central_inscribed_confusion,geometric_reasoning,这个选项通常来自central inscribed confusion。
jianzisheng_cn_junior_chapter_expansion_v1_cn-junior-g9-circle-inscribed-angle_010,C,220,central_inscribed_confusion,geometric_reasoning,这个选项通常来自central inscribed confusion。
jianzisheng_cn_junior_chapter_expansion_v1_cn-junior-g9-circle-inscribed-angle_010,D,-40,central_inscribed_confusion,geometric_reasoning,这个选项通常来自central inscribed confusion。
jianzisheng_cn_junior_chapter_expansion_v1_cn-junior-g9-circle-inscribed-angle_010,E,120,central_inscribed_confusion,geometric_reasoning,这个选项通常来自central inscribed confusion。
jianzisheng_cn_junior_chapter_expansion_v1_cn-junior-g9-circle-inscribed-angle_011,B,230,central_inscribed_confusion,geometric_reasoning,这个选项通常来自central inscribed confusion。
jianzisheng_cn_junior_chapter_expansion_v1_cn-junior-g9-circle-inscribed-angle_011,C,-50,central_inscribed_confusion,geometric_reasoning,这个选项通常来自central inscribed confusion。
jianzisheng_cn_junior_chapter_expansion_v1_cn-junior-g9-circle-inscribed-angle_011,D,125,central_inscribed_confusion,geometric_reasoning,这个选项通常来自central inscribed confusion。
jianzisheng_cn_junior_chapter_expansion_v1_cn-junior-g9-circle-inscribed-angle_011,E,105,central_inscribed_confusion,geometric_reasoning,这个选项通常来自central inscribed confusion。
jianzisheng_cn_junior_chapter_expansion_v1_cn-junior-g9-circle-inscribed-angle_012,A,240,central_inscribed_confusion,geometric_reasoning,这个选项通常来自central inscribed confusion。
jianzisheng_cn_junior_chapter_expansion_v1_cn-junior-g9-circle-inscribed-angle_012,B,-60,central_inscribed_confusion,geometric_reasoning,这个选项通常来自central inscribed confusion。
jianzisheng_cn_junior_chapter_expansion_v1_cn-junior-g9-circle-inscribed-angle_012,C,130,central_inscribed_confusion,geometric_reasoning,这个选项通常来自central inscribed confusion。
jianzisheng_cn_junior_chapter_expansion_v1_cn-junior-g9-circle-inscribed-angle_012,D,110,central_inscribed_confusion,geometric_reasoning,这个选项通常来自central inscribed confusion。
jianzisheng_cn_junior_chapter_expansion_v1_cn-junior-g9-circle-inscribed-angle_013,A,-70,central_inscribed_confusion,geometric_reasoning,这个选项通常来自central inscribed confusion。
jianzisheng_cn_junior_chapter_expansion_v1_cn-junior-g9-circle-inscribed-angle_013,B,135,central_inscribed_confusion,geometric_reasoning,这个选项通常来自central inscribed confusion。
jianzisheng_cn_junior_chapter_expansion_v1_cn-junior-g9-circle-inscribed-angle_013,C,115,central_inscribed_confusion,geometric_reasoning,这个选项通常来自central inscribed confusion。
jianzisheng_cn_junior_chapter_expansion_v1_cn-junior-g9-circle-inscribed-angle_013,E,250,central_inscribed_confusion,geometric_reasoning,这个选项通常来自central inscribed confusion。
jianzisheng_cn_junior_chapter_expansion_v1_cn-junior-g9-circle-inscribed-angle_014,A,140,central_inscribed_confusion,geometric_reasoning,这个选项通常来自central inscribed confusion。
jianzisheng_cn_junior_chapter_expansion_v1_cn-junior-g9-circle-inscribed-angle_014,B,120,central_inscribed_confusion,geometric_reasoning,这个选项通常来自central inscribed confusion。
jianzisheng_cn_junior_chapter_expansion_v1_cn-junior-g9-circle-inscribed-angle_014,D,260,central_inscribed_confusion,geometric_reasoning,这个选项通常来自central inscribed confusion。
jianzisheng_cn_junior_chapter_expansion_v1_cn-junior-g9-circle-inscribed-angle_014,E,-80,central_inscribed_confusion,geometric_reasoning,这个选项通常来自central inscribed confusion。
jianzisheng_cn_junior_chapter_expansion_v1_cn-junior-g9-circle-area_001,B,20π,circumference_area_confusion,formula_selection,这个选项通常来自circumference area confusion。
jianzisheng_cn_junior_chapter_expansion_v1_cn-junior-g9-circle-area_001,C,10π,circumference_area_confusion,formula_selection,这个选项通常来自circumference area confusion。
jianzisheng_cn_junior_chapter_expansion_v1_cn-junior-g9-circle-area_001,D,200π,circumference_area_confusion,formula_selection,这个选项通常来自circumference area confusion。
jianzisheng_cn_junior_chapter_expansion_v1_cn-junior-g9-circle-area_001,E,100,circumference_area_confusion,formula_selection,这个选项通常来自circumference area confusion。
jianzisheng_cn_junior_chapter_expansion_v1_cn-junior-g9-circle-area_002,A,22π,circumference_area_confusion,formula_selection,这个选项通常来自circumference area confusion。
jianzisheng_cn_junior_chapter_expansion_v1_cn-junior-g9-circle-area_002,B,11π,circumference_area_confusion,formula_selection,这个选项通常来自circumference area confusion。
jianzisheng_cn_junior_chapter_expansion_v1_cn-junior-g9-circle-area_002,C,242π,circumference_area_confusion,formula_selection,这个选项通常来自circumference area confusion。
jianzisheng_cn_junior_chapter_expansion_v1_cn-junior-g9-circle-area_002,D,121,circumference_area_confusion,formula_selection,这个选项通常来自circumference area confusion。
jianzisheng_cn_junior_chapter_expansion_v1_cn-junior-g9-circle-area_003,A,12π,circumference_area_confusion,formula_selection,这个选项通常来自circumference area confusion。
jianzisheng_cn_junior_chapter_expansion_v1_cn-junior-g9-circle-area_003,B,288π,circumference_area_confusion,formula_selection,这个选项通常来自circumference area confusion。
jianzisheng_cn_junior_chapter_expansion_v1_cn-junior-g9-circle-area_003,C,144,circumference_area_confusion,formula_selection,这个选项通常来自circumference area confusion。
jianzisheng_cn_junior_chapter_expansion_v1_cn-junior-g9-circle-area_003,E,24π,circumference_area_confusion,formula_selection,这个选项通常来自circumference area confusion。
jianzisheng_cn_junior_chapter_expansion_v1_cn-junior-g9-circle-area_004,A,18π,circumference_area_confusion,formula_selection,这个选项通常来自circumference area confusion。
jianzisheng_cn_junior_chapter_expansion_v1_cn-junior-g9-circle-area_004,B,9,circumference_area_confusion,formula_selection,这个选项通常来自circumference area confusion。
jianzisheng_cn_junior_chapter_expansion_v1_cn-junior-g9-circle-area_004,D,6π,circumference_area_confusion,formula_selection,这个选项通常来自circumference area confusion。
jianzisheng_cn_junior_chapter_expansion_v1_cn-junior-g9-circle-area_004,E,3π,circumference_area_confusion,formula_selection,这个选项通常来自circumference area confusion。
jianzisheng_cn_junior_chapter_expansion_v1_cn-junior-g9-circle-area_005,A,16,circumference_area_confusion,formula_selection,这个选项通常来自circumference area confusion。
jianzisheng_cn_junior_chapter_expansion_v1_cn-junior-g9-circle-area_005,C,8π,circumference_area_confusion,formula_selection,这个选项通常来自circumference area confusion。
jianzisheng_cn_junior_chapter_expansion_v1_cn-junior-g9-circle-area_005,D,4π,circumference_area_confusion,formula_selection,这个选项通常来自circumference area confusion。
jianzisheng_cn_junior_chapter_expansion_v1_cn-junior-g9-circle-area_005,E,32π,circumference_area_confusion,formula_selection,这个选项通常来自circumference area confusion。
jianzisheng_cn_junior_chapter_expansion_v1_cn-junior-g9-circle-area_006,B,10π,circumference_area_confusion,formula_selection,这个选项通常来自circumference area confusion。
jianzisheng_cn_junior_chapter_expansion_v1_cn-junior-g9-circle-area_006,C,5π,circumference_area_confusion,formula_selection,这个选项通常来自circumference area confusion。
jianzisheng_cn_junior_chapter_expansion_v1_cn-junior-g9-circle-area_006,D,50π,circumference_area_confusion,formula_selection,这个选项通常来自circumference area confusion。
jianzisheng_cn_junior_chapter_expansion_v1_cn-junior-g9-circle-area_006,E,25,circumference_area_confusion,formula_selection,这个选项通常来自circumference area confusion。
jianzisheng_cn_junior_chapter_expansion_v1_cn-junior-g9-circle-area_007,A,12π,circumference_area_confusion,formula_selection,这个选项通常来自circumference area confusion。
jianzisheng_cn_junior_chapter_expansion_v1_cn-junior-g9-circle-area_007,B,6π,circumference_area_confusion,formula_selection,这个选项通常来自circumference area confusion。
jianzisheng_cn_junior_chapter_expansion_v1_cn-junior-g9-circle-area_007,C,72π,circumference_area_confusion,formula_selection,这个选项通常来自circumference area confusion。
jianzisheng_cn_junior_chapter_expansion_v1_cn-junior-g9-circle-area_007,D,36,circumference_area_confusion,formula_selection,这个选项通常来自circumference area confusion。
jianzisheng_cn_junior_chapter_expansion_v1_cn-junior-g9-circle-area_008,A,7π,circumference_area_confusion,formula_selection,这个选项通常来自circumference area confusion。
jianzisheng_cn_junior_chapter_expansion_v1_cn-junior-g9-circle-area_008,B,98π,circumference_area_confusion,formula_selection,这个选项通常来自circumference area confusion。
jianzisheng_cn_junior_chapter_expansion_v1_cn-junior-g9-circle-area_008,C,49,circumference_area_confusion,formula_selection,这个选项通常来自circumference area confusion。
jianzisheng_cn_junior_chapter_expansion_v1_cn-junior-g9-circle-area_008,E,14π,circumference_area_confusion,formula_selection,这个选项通常来自circumference area confusion。
jianzisheng_cn_junior_chapter_expansion_v1_cn-junior-g9-circle-area_009,A,128π,circumference_area_confusion,formula_selection,这个选项通常来自circumference area confusion。
jianzisheng_cn_junior_chapter_expansion_v1_cn-junior-g9-circle-area_009,B,64,circumference_area_confusion,formula_selection,这个选项通常来自circumference area confusion。
jianzisheng_cn_junior_chapter_expansion_v1_cn-junior-g9-circle-area_009,D,16π,circumference_area_confusion,formula_selection,这个选项通常来自circumference area confusion。
jianzisheng_cn_junior_chapter_expansion_v1_cn-junior-g9-circle-area_009,E,8π,circumference_area_confusion,formula_selection,这个选项通常来自circumference area confusion。
jianzisheng_cn_junior_chapter_expansion_v1_cn-junior-g9-circle-area_010,A,81,circumference_area_confusion,formula_selection,这个选项通常来自circumference area confusion。
jianzisheng_cn_junior_chapter_expansion_v1_cn-junior-g9-circle-area_010,C,18π,circumference_area_confusion,formula_selection,这个选项通常来自circumference area confusion。
jianzisheng_cn_junior_chapter_expansion_v1_cn-junior-g9-circle-area_010,D,9π,circumference_area_confusion,formula_selection,这个选项通常来自circumference area confusion。
jianzisheng_cn_junior_chapter_expansion_v1_cn-junior-g9-circle-area_010,E,162π,circumference_area_confusion,formula_selection,这个选项通常来自circumference area confusion。
jianzisheng_cn_junior_chapter_expansion_v1_cn-junior-g9-circle-area_011,B,20π,circumference_area_confusion,formula_selection,这个选项通常来自circumference area confusion。
jianzisheng_cn_junior_chapter_expansion_v1_cn-junior-g9-circle-area_011,C,10π,circumference_area_confusion,formula_selection,这个选项通常来自circumference area confusion。
jianzisheng_cn_junior_chapter_expansion_v1_cn-junior-g9-circle-area_011,D,200π,circumference_area_confusion,formula_selection,这个选项通常来自circumference area confusion。
jianzisheng_cn_junior_chapter_expansion_v1_cn-junior-g9-circle-area_011,E,100,circumference_area_confusion,formula_selection,这个选项通常来自circumference area confusion。
jianzisheng_cn_junior_chapter_expansion_v1_cn-junior-g9-circle-area_012,A,22π,circumference_area_confusion,formula_selection,这个选项通常来自circumference area confusion。
jianzisheng_cn_junior_chapter_expansion_v1_cn-junior-g9-circle-area_012,B,11π,circumference_area_confusion,formula_selection,这个选项通常来自circumference area confusion。
jianzisheng_cn_junior_chapter_expansion_v1_cn-junior-g9-circle-area_012,C,242π,circumference_area_confusion,formula_selection,这个选项通常来自circumference area confusion。
jianzisheng_cn_junior_chapter_expansion_v1_cn-junior-g9-circle-area_012,D,121,circumference_area_confusion,formula_selection,这个选项通常来自circumference area confusion。
jianzisheng_cn_junior_chapter_expansion_v1_cn-junior-g9-circle-area_013,A,12π,circumference_area_confusion,formula_selection,这个选项通常来自circumference area confusion。
jianzisheng_cn_junior_chapter_expansion_v1_cn-junior-g9-circle-area_013,B,288π,circumference_area_confusion,formula_selection,这个选项通常来自circumference area confusion。
jianzisheng_cn_junior_chapter_expansion_v1_cn-junior-g9-circle-area_013,C,144,circumference_area_confusion,formula_selection,这个选项通常来自circumference area confusion。
jianzisheng_cn_junior_chapter_expansion_v1_cn-junior-g9-circle-area_013,E,24π,circumference_area_confusion,formula_selection,这个选项通常来自circumference area confusion。
jianzisheng_cn_junior_chapter_expansion_v1_cn-junior-g9-circle-area_014,A,18π,circumference_area_confusion,formula_selection,这个选项通常来自circumference area confusion。
jianzisheng_cn_junior_chapter_expansion_v1_cn-junior-g9-circle-area_014,B,9,circumference_area_confusion,formula_selection,这个选项通常来自circumference area confusion。
jianzisheng_cn_junior_chapter_expansion_v1_cn-junior-g9-circle-area_014,D,6π,circumference_area_confusion,formula_selection,这个选项通常来自circumference area confusion。
jianzisheng_cn_junior_chapter_expansion_v1_cn-junior-g9-circle-area_014,E,3π,circumference_area_confusion,formula_selection,这个选项通常来自circumference area confusion。
jianzisheng_cn_junior_chapter_expansion_v1_cn-junior-g9-probability-basic_001,B,4/5,part_over_other_part_error,operation_selection,这个选项通常来自part over other part error。
jianzisheng_cn_junior_chapter_expansion_v1_cn-junior-g9-probability-basic_001,C,2/8,part_over_other_part_error,operation_selection,这个选项通常来自part over other part error。
jianzisheng_cn_junior_chapter_expansion_v1_cn-junior-g9-probability-basic_001,D,1,part_over_other_part_error,operation_selection,这个选项通常来自part over other part error。
jianzisheng_cn_junior_chapter_expansion_v1_cn-junior-g9-probability-basic_001,E,3/10,part_over_other_part_error,operation_selection,这个选项通常来自part over other part error。
jianzisheng_cn_junior_chapter_expansion_v1_cn-junior-g9-probability-basic_002,A,10/13,part_over_other_part_error,operation_selection,这个选项通常来自part over other part error。
jianzisheng_cn_junior_chapter_expansion_v1_cn-junior-g9-probability-basic_002,B,3/10,part_over_other_part_error,operation_selection,这个选项通常来自part over other part error。
jianzisheng_cn_junior_chapter_expansion_v1_cn-junior-g9-probability-basic_002,C,1,part_over_other_part_error,operation_selection,这个选项通常来自part over other part error。
jianzisheng_cn_junior_chapter_expansion_v1_cn-junior-g9-probability-basic_002,D,4/13,part_over_other_part_error,operation_selection,这个选项通常来自part over other part error。
jianzisheng_cn_junior_chapter_expansion_v1_cn-junior-g9-probability-basic_003,A,4/3,part_over_other_part_error,operation_selection,这个选项通常来自part over other part error。
jianzisheng_cn_junior_chapter_expansion_v1_cn-junior-g9-probability-basic_003,B,1,part_over_other_part_error,operation_selection,这个选项通常来自part over other part error。
jianzisheng_cn_junior_chapter_expansion_v1_cn-junior-g9-probability-basic_003,C,5/7,part_over_other_part_error,operation_selection,这个选项通常来自part over other part error。
jianzisheng_cn_junior_chapter_expansion_v1_cn-junior-g9-probability-basic_003,E,3/7,part_over_other_part_error,operation_selection,这个选项通常来自part over other part error。
jianzisheng_cn_junior_chapter_expansion_v1_cn-junior-g9-probability-basic_004,A,3/5,part_over_other_part_error,operation_selection,这个选项通常来自part over other part error。
jianzisheng_cn_junior_chapter_expansion_v1_cn-junior-g9-probability-basic_004,B,6/2,part_over_other_part_error,operation_selection,这个选项通常来自part over other part error。
jianzisheng_cn_junior_chapter_expansion_v1_cn-junior-g9-probability-basic_004,D,5/5,part_over_other_part_error,operation_selection,这个选项通常来自part over other part error。
jianzisheng_cn_junior_chapter_expansion_v1_cn-junior-g9-probability-basic_004,E,1,part_over_other_part_error,operation_selection,这个选项通常来自part over other part error。
jianzisheng_cn_junior_chapter_expansion_v1_cn-junior-g9-probability-basic_005,A,11/13,part_over_other_part_error,operation_selection,这个选项通常来自part over other part error。
jianzisheng_cn_junior_chapter_expansion_v1_cn-junior-g9-probability-basic_005,C,7/13,part_over_other_part_error,operation_selection,这个选项通常来自part over other part error。
jianzisheng_cn_junior_chapter_expansion_v1_cn-junior-g9-probability-basic_005,D,6/7,part_over_other_part_error,operation_selection,这个选项通常来自part over other part error。
jianzisheng_cn_junior_chapter_expansion_v1_cn-junior-g9-probability-basic_005,E,1,part_over_other_part_error,operation_selection,这个选项通常来自part over other part error。
jianzisheng_cn_junior_chapter_expansion_v1_cn-junior-g9-probability-basic_006,B,9/16,part_over_other_part_error,operation_selection,这个选项通常来自part over other part error。
jianzisheng_cn_junior_chapter_expansion_v1_cn-junior-g9-probability-basic_006,C,7/9,part_over_other_part_error,operation_selection,这个选项通常来自part over other part error。
jianzisheng_cn_junior_chapter_expansion_v1_cn-junior-g9-probability-basic_006,D,1,part_over_other_part_error,operation_selection,这个选项通常来自part over other part error。
jianzisheng_cn_junior_chapter_expansion_v1_cn-junior-g9-probability-basic_006,E,1/2,part_over_other_part_error,operation_selection,这个选项通常来自part over other part error。
jianzisheng_cn_junior_chapter_expansion_v1_cn-junior-g9-probability-basic_007,A,11/19,part_over_other_part_error,operation_selection,这个选项通常来自part over other part error。
jianzisheng_cn_junior_chapter_expansion_v1_cn-junior-g9-probability-basic_007,B,8/11,part_over_other_part_error,operation_selection,这个选项通常来自part over other part error。
jianzisheng_cn_junior_chapter_expansion_v1_cn-junior-g9-probability-basic_007,C,1,part_over_other_part_error,operation_selection,这个选项通常来自part over other part error。
jianzisheng_cn_junior_chapter_expansion_v1_cn-junior-g9-probability-basic_007,D,9/19,part_over_other_part_error,operation_selection,这个选项通常来自part over other part error。
jianzisheng_cn_junior_chapter_expansion_v1_cn-junior-g9-probability-basic_008,A,2/4,part_over_other_part_error,operation_selection,这个选项通常来自part over other part error。
jianzisheng_cn_junior_chapter_expansion_v1_cn-junior-g9-probability-basic_008,B,1,part_over_other_part_error,operation_selection,这个选项通常来自part over other part error。
jianzisheng_cn_junior_chapter_expansion_v1_cn-junior-g9-probability-basic_008,C,1/2,part_over_other_part_error,operation_selection,这个选项通常来自part over other part error。
jianzisheng_cn_junior_chapter_expansion_v1_cn-junior-g9-probability-basic_008,E,2/3,part_over_other_part_error,operation_selection,这个选项通常来自part over other part error。
jianzisheng_cn_junior_chapter_expansion_v1_cn-junior-g9-probability-basic_009,A,1,part_over_other_part_error,operation_selection,这个选项通常来自part over other part error。
jianzisheng_cn_junior_chapter_expansion_v1_cn-junior-g9-probability-basic_009,B,4/9,part_over_other_part_error,operation_selection,这个选项通常来自part over other part error。
jianzisheng_cn_junior_chapter_expansion_v1_cn-junior-g9-probability-basic_009,D,2/3,part_over_other_part_error,operation_selection,这个选项通常来自part over other part error。
jianzisheng_cn_junior_chapter_expansion_v1_cn-junior-g9-probability-basic_009,E,3/6,part_over_other_part_error,operation_selection,这个选项通常来自part over other part error。
jianzisheng_cn_junior_chapter_expansion_v1_cn-junior-g9-probability-basic_010,A,5/12,part_over_other_part_error,operation_selection,这个选项通常来自part over other part error。
jianzisheng_cn_junior_chapter_expansion_v1_cn-junior-g9-probability-basic_010,C,2/3,part_over_other_part_error,operation_selection,这个选项通常来自part over other part error。
jianzisheng_cn_junior_chapter_expansion_v1_cn-junior-g9-probability-basic_010,D,4/8,part_over_other_part_error,operation_selection,这个选项通常来自part over other part error。
jianzisheng_cn_junior_chapter_expansion_v1_cn-junior-g9-probability-basic_010,E,1,part_over_other_part_error,operation_selection,这个选项通常来自part over other part error。
jianzisheng_cn_junior_chapter_expansion_v1_cn-junior-g9-probability-basic_011,B,2/3,part_over_other_part_error,operation_selection,这个选项通常来自part over other part error。
jianzisheng_cn_junior_chapter_expansion_v1_cn-junior-g9-probability-basic_011,C,5/10,part_over_other_part_error,operation_selection,这个选项通常来自part over other part error。
jianzisheng_cn_junior_chapter_expansion_v1_cn-junior-g9-probability-basic_011,D,1,part_over_other_part_error,operation_selection,这个选项通常来自part over other part error。
jianzisheng_cn_junior_chapter_expansion_v1_cn-junior-g9-probability-basic_011,E,2/5,part_over_other_part_error,operation_selection,这个选项通常来自part over other part error。
jianzisheng_cn_junior_chapter_expansion_v1_cn-junior-g9-probability-basic_012,A,1/3,part_over_other_part_error,operation_selection,这个选项通常来自part over other part error。
jianzisheng_cn_junior_chapter_expansion_v1_cn-junior-g9-probability-basic_012,B,6/3,part_over_other_part_error,operation_selection,这个选项通常来自part over other part error。
jianzisheng_cn_junior_chapter_expansion_v1_cn-junior-g9-probability-basic_012,C,1,part_over_other_part_error,operation_selection,这个选项通常来自part over other part error。
jianzisheng_cn_junior_chapter_expansion_v1_cn-junior-g9-probability-basic_012,D,7/9,part_over_other_part_error,operation_selection,这个选项通常来自part over other part error。
jianzisheng_cn_junior_chapter_expansion_v1_cn-junior-g9-probability-basic_013,A,7/5,part_over_other_part_error,operation_selection,这个选项通常来自part over other part error。
jianzisheng_cn_junior_chapter_expansion_v1_cn-junior-g9-probability-basic_013,B,1,part_over_other_part_error,operation_selection,这个选项通常来自part over other part error。
jianzisheng_cn_junior_chapter_expansion_v1_cn-junior-g9-probability-basic_013,C,2/3,part_over_other_part_error,operation_selection,这个选项通常来自part over other part error。
jianzisheng_cn_junior_chapter_expansion_v1_cn-junior-g9-probability-basic_013,E,5/12,part_over_other_part_error,operation_selection,这个选项通常来自part over other part error。
jianzisheng_cn_junior_chapter_expansion_v1_cn-junior-g9-probability-basic_014,A,1,part_over_other_part_error,operation_selection,这个选项通常来自part over other part error。
jianzisheng_cn_junior_chapter_expansion_v1_cn-junior-g9-probability-basic_014,B,3/5,part_over_other_part_error,operation_selection,这个选项通常来自part over other part error。
jianzisheng_cn_junior_chapter_expansion_v1_cn-junior-g9-probability-basic_014,D,7/15,part_over_other_part_error,operation_selection,这个选项通常来自part over other part error。
jianzisheng_cn_junior_chapter_expansion_v1_cn-junior-g9-probability-basic_014,E,8/7,part_over_other_part_error,operation_selection,这个选项通常来自part over other part error。
jianzisheng_cn_junior_chapter_expansion_v1_cn-junior-g9-statistics-mean_001,B,14,median_mean_confusion,fluency_precision,这个选项通常来自median mean confusion。
jianzisheng_cn_junior_chapter_expansion_v1_cn-junior-g9-statistics-mean_001,C,12,median_mean_confusion,fluency_precision,这个选项通常来自median mean confusion。
jianzisheng_cn_junior_chapter_expansion_v1_cn-junior-g9-statistics-mean_001,D,26,median_mean_confusion,fluency_precision,这个选项通常来自median mean confusion。
jianzisheng_cn_junior_chapter_expansion_v1_cn-junior-g9-statistics-mean_001,E,18,median_mean_confusion,fluency_precision,这个选项通常来自median mean confusion。
jianzisheng_cn_junior_chapter_expansion_v1_cn-junior-g9-statistics-mean_002,A,7,median_mean_confusion,fluency_precision,这个选项通常来自median mean confusion。
jianzisheng_cn_junior_chapter_expansion_v1_cn-junior-g9-statistics-mean_002,B,5,median_mean_confusion,fluency_precision,这个选项通常来自median mean confusion。
jianzisheng_cn_junior_chapter_expansion_v1_cn-junior-g9-statistics-mean_002,C,12,median_mean_confusion,fluency_precision,这个选项通常来自median mean confusion。
jianzisheng_cn_junior_chapter_expansion_v1_cn-junior-g9-statistics-mean_002,D,11,median_mean_confusion,fluency_precision,这个选项通常来自median mean confusion。
jianzisheng_cn_junior_chapter_expansion_v1_cn-junior-g9-statistics-mean_003,A,6,median_mean_confusion,fluency_precision,这个选项通常来自median mean confusion。
jianzisheng_cn_junior_chapter_expansion_v1_cn-junior-g9-statistics-mean_003,B,14,median_mean_confusion,fluency_precision,这个选项通常来自median mean confusion。
jianzisheng_cn_junior_chapter_expansion_v1_cn-junior-g9-statistics-mean_003,C,12,median_mean_confusion,fluency_precision,这个选项通常来自median mean confusion。
jianzisheng_cn_junior_chapter_expansion_v1_cn-junior-g9-statistics-mean_003,E,8,median_mean_confusion,fluency_precision,这个选项通常来自median mean confusion。
jianzisheng_cn_junior_chapter_expansion_v1_cn-junior-g9-statistics-mean_004,A,16,median_mean_confusion,fluency_precision,这个选项通常来自median mean confusion。
jianzisheng_cn_junior_chapter_expansion_v1_cn-junior-g9-statistics-mean_004,B,13,median_mean_confusion,fluency_precision,这个选项通常来自median mean confusion。
jianzisheng_cn_junior_chapter_expansion_v1_cn-junior-g9-statistics-mean_004,D,9,median_mean_confusion,fluency_precision,这个选项通常来自median mean confusion。
jianzisheng_cn_junior_chapter_expansion_v1_cn-junior-g9-statistics-mean_004,E,7,median_mean_confusion,fluency_precision,这个选项通常来自median mean confusion。
jianzisheng_cn_junior_chapter_expansion_v1_cn-junior-g9-statistics-mean_005,A,14,median_mean_confusion,fluency_precision,这个选项通常来自median mean confusion。
jianzisheng_cn_junior_chapter_expansion_v1_cn-junior-g9-statistics-mean_005,C,10,median_mean_confusion,fluency_precision,这个选项通常来自median mean confusion。
jianzisheng_cn_junior_chapter_expansion_v1_cn-junior-g9-statistics-mean_005,D,8,median_mean_confusion,fluency_precision,这个选项通常来自median mean confusion。
jianzisheng_cn_junior_chapter_expansion_v1_cn-junior-g9-statistics-mean_005,E,18,median_mean_confusion,fluency_precision,这个选项通常来自median mean confusion。
jianzisheng_cn_junior_chapter_expansion_v1_cn-junior-g9-statistics-mean_006,B,11,median_mean_confusion,fluency_precision,这个选项通常来自median mean confusion。
jianzisheng_cn_junior_chapter_expansion_v1_cn-junior-g9-statistics-mean_006,C,9,median_mean_confusion,fluency_precision,这个选项通常来自median mean confusion。
jianzisheng_cn_junior_chapter_expansion_v1_cn-junior-g9-statistics-mean_006,D,20,median_mean_confusion,fluency_precision,这个选项通常来自median mean confusion。
jianzisheng_cn_junior_chapter_expansion_v1_cn-junior-g9-statistics-mean_006,E,15,median_mean_confusion,fluency_precision,这个选项通常来自median mean confusion。
jianzisheng_cn_junior_chapter_expansion_v1_cn-junior-g9-statistics-mean_007,A,12,median_mean_confusion,fluency_precision,这个选项通常来自median mean confusion。
jianzisheng_cn_junior_chapter_expansion_v1_cn-junior-g9-statistics-mean_007,B,10,median_mean_confusion,fluency_precision,这个选项通常来自median mean confusion。
jianzisheng_cn_junior_chapter_expansion_v1_cn-junior-g9-statistics-mean_007,C,22,median_mean_confusion,fluency_precision,这个选项通常来自median mean confusion。
jianzisheng_cn_junior_chapter_expansion_v1_cn-junior-g9-statistics-mean_007,D,16,median_mean_confusion,fluency_precision,这个选项通常来自median mean confusion。
jianzisheng_cn_junior_chapter_expansion_v1_cn-junior-g9-statistics-mean_008,A,11,median_mean_confusion,fluency_precision,这个选项通常来自median mean confusion。
jianzisheng_cn_junior_chapter_expansion_v1_cn-junior-g9-statistics-mean_008,B,24,median_mean_confusion,fluency_precision,这个选项通常来自median mean confusion。
jianzisheng_cn_junior_chapter_expansion_v1_cn-junior-g9-statistics-mean_008,C,17,median_mean_confusion,fluency_precision,这个选项通常来自median mean confusion。
jianzisheng_cn_junior_chapter_expansion_v1_cn-junior-g9-statistics-mean_008,E,13,median_mean_confusion,fluency_precision,这个选项通常来自median mean confusion。
jianzisheng_cn_junior_chapter_expansion_v1_cn-junior-g9-statistics-mean_009,A,26,median_mean_confusion,fluency_precision,这个选项通常来自median mean confusion。
jianzisheng_cn_junior_chapter_expansion_v1_cn-junior-g9-statistics-mean_009,B,18,median_mean_confusion,fluency_precision,这个选项通常来自median mean confusion。
jianzisheng_cn_junior_chapter_expansion_v1_cn-junior-g9-statistics-mean_009,D,14,median_mean_confusion,fluency_precision,这个选项通常来自median mean confusion。
jianzisheng_cn_junior_chapter_expansion_v1_cn-junior-g9-statistics-mean_009,E,12,median_mean_confusion,fluency_precision,这个选项通常来自median mean confusion。
jianzisheng_cn_junior_chapter_expansion_v1_cn-junior-g9-statistics-mean_010,A,11,median_mean_confusion,fluency_precision,这个选项通常来自median mean confusion。
jianzisheng_cn_junior_chapter_expansion_v1_cn-junior-g9-statistics-mean_010,C,7,median_mean_confusion,fluency_precision,这个选项通常来自median mean confusion。
jianzisheng_cn_junior_chapter_expansion_v1_cn-junior-g9-statistics-mean_010,D,5,median_mean_confusion,fluency_precision,这个选项通常来自median mean confusion。
jianzisheng_cn_junior_chapter_expansion_v1_cn-junior-g9-statistics-mean_010,E,12,median_mean_confusion,fluency_precision,这个选项通常来自median mean confusion。
jianzisheng_cn_junior_chapter_expansion_v1_cn-junior-g9-statistics-mean_011,B,8,median_mean_confusion,fluency_precision,这个选项通常来自median mean confusion。
jianzisheng_cn_junior_chapter_expansion_v1_cn-junior-g9-statistics-mean_011,C,6,median_mean_confusion,fluency_precision,这个选项通常来自median mean confusion。
jianzisheng_cn_junior_chapter_expansion_v1_cn-junior-g9-statistics-mean_011,D,14,median_mean_confusion,fluency_precision,这个选项通常来自median mean confusion。
jianzisheng_cn_junior_chapter_expansion_v1_cn-junior-g9-statistics-mean_011,E,12,median_mean_confusion,fluency_precision,这个选项通常来自median mean confusion。
jianzisheng_cn_junior_chapter_expansion_v1_cn-junior-g9-statistics-mean_012,A,9,median_mean_confusion,fluency_precision,这个选项通常来自median mean confusion。
jianzisheng_cn_junior_chapter_expansion_v1_cn-junior-g9-statistics-mean_012,B,7,median_mean_confusion,fluency_precision,这个选项通常来自median mean confusion。
jianzisheng_cn_junior_chapter_expansion_v1_cn-junior-g9-statistics-mean_012,C,16,median_mean_confusion,fluency_precision,这个选项通常来自median mean confusion。
jianzisheng_cn_junior_chapter_expansion_v1_cn-junior-g9-statistics-mean_012,D,13,median_mean_confusion,fluency_precision,这个选项通常来自median mean confusion。
jianzisheng_cn_junior_chapter_expansion_v1_cn-junior-g9-statistics-mean_013,A,8,median_mean_confusion,fluency_precision,这个选项通常来自median mean confusion。
jianzisheng_cn_junior_chapter_expansion_v1_cn-junior-g9-statistics-mean_013,B,18,median_mean_confusion,fluency_precision,这个选项通常来自median mean confusion。
jianzisheng_cn_junior_chapter_expansion_v1_cn-junior-g9-statistics-mean_013,C,14,median_mean_confusion,fluency_precision,这个选项通常来自median mean confusion。
jianzisheng_cn_junior_chapter_expansion_v1_cn-junior-g9-statistics-mean_013,E,10,median_mean_confusion,fluency_precision,这个选项通常来自median mean confusion。
jianzisheng_cn_junior_chapter_expansion_v1_cn-junior-g9-statistics-mean_014,A,20,median_mean_confusion,fluency_precision,这个选项通常来自median mean confusion。
jianzisheng_cn_junior_chapter_expansion_v1_cn-junior-g9-statistics-mean_014,B,15,median_mean_confusion,fluency_precision,这个选项通常来自median mean confusion。
jianzisheng_cn_junior_chapter_expansion_v1_cn-junior-g9-statistics-mean_014,D,11,median_mean_confusion,fluency_precision,这个选项通常来自median mean confusion。
jianzisheng_cn_junior_chapter_expansion_v1_cn-junior-g9-statistics-mean_014,E,9,median_mean_confusion,fluency_precision,这个选项通常来自median mean confusion。
jianzisheng_cn_junior_chapter_expansion_v1_cn-junior-g9-quadratic-minimum_001,B,-3,vertex_coordinate_confusion,structure_recognition,这个选项通常来自vertex coordinate confusion。
jianzisheng_cn_junior_chapter_expansion_v1_cn-junior-g9-quadratic-minimum_001,C,1,vertex_coordinate_confusion,structure_recognition,这个选项通常来自vertex coordinate confusion。
jianzisheng_cn_junior_chapter_expansion_v1_cn-junior-g9-quadratic-minimum_001,D,-4,vertex_coordinate_confusion,structure_recognition,这个选项通常来自vertex coordinate confusion。
jianzisheng_cn_junior_chapter_expansion_v1_cn-junior-g9-quadratic-minimum_001,E,5,vertex_coordinate_confusion,structure_recognition,这个选项通常来自vertex coordinate confusion。
jianzisheng_cn_junior_chapter_expansion_v1_cn-junior-g9-quadratic-minimum_002,A,-2,vertex_coordinate_confusion,structure_recognition,这个选项通常来自vertex coordinate confusion。
jianzisheng_cn_junior_chapter_expansion_v1_cn-junior-g9-quadratic-minimum_002,B,1,vertex_coordinate_confusion,structure_recognition,这个选项通常来自vertex coordinate confusion。
jianzisheng_cn_junior_chapter_expansion_v1_cn-junior-g9-quadratic-minimum_002,C,3,vertex_coordinate_confusion,structure_recognition,这个选项通常来自vertex coordinate confusion。
jianzisheng_cn_junior_chapter_expansion_v1_cn-junior-g9-quadratic-minimum_002,D,2,vertex_coordinate_confusion,structure_recognition,这个选项通常来自vertex coordinate confusion。
jianzisheng_cn_junior_chapter_expansion_v1_cn-junior-g9-quadratic-minimum_003,A,0,vertex_coordinate_confusion,structure_recognition,这个选项通常来自vertex coordinate confusion。
jianzisheng_cn_junior_chapter_expansion_v1_cn-junior-g9-quadratic-minimum_003,B,3,vertex_coordinate_confusion,structure_recognition,这个选项通常来自vertex coordinate confusion。
jianzisheng_cn_junior_chapter_expansion_v1_cn-junior-g9-quadratic-minimum_003,C,4,vertex_coordinate_confusion,structure_recognition,这个选项通常来自vertex coordinate confusion。
jianzisheng_cn_junior_chapter_expansion_v1_cn-junior-g9-quadratic-minimum_003,E,1,vertex_coordinate_confusion,structure_recognition,这个选项通常来自vertex coordinate confusion。
jianzisheng_cn_junior_chapter_expansion_v1_cn-junior-g9-quadratic-minimum_004,A,-1,vertex_coordinate_confusion,structure_recognition,这个选项通常来自vertex coordinate confusion。
jianzisheng_cn_junior_chapter_expansion_v1_cn-junior-g9-quadratic-minimum_004,B,6,vertex_coordinate_confusion,structure_recognition,这个选项通常来自vertex coordinate confusion。
jianzisheng_cn_junior_chapter_expansion_v1_cn-junior-g9-quadratic-minimum_004,D,0,vertex_coordinate_confusion,structure_recognition,这个选项通常来自vertex coordinate confusion。
jianzisheng_cn_junior_chapter_expansion_v1_cn-junior-g9-quadratic-minimum_004,E,2,vertex_coordinate_confusion,structure_recognition,这个选项通常来自vertex coordinate confusion。
jianzisheng_cn_junior_chapter_expansion_v1_cn-junior-g9-quadratic-minimum_005,A,8,vertex_coordinate_confusion,structure_recognition,这个选项通常来自vertex coordinate confusion。
jianzisheng_cn_junior_chapter_expansion_v1_cn-junior-g9-quadratic-minimum_005,C,1,vertex_coordinate_confusion,structure_recognition,这个选项通常来自vertex coordinate confusion。
jianzisheng_cn_junior_chapter_expansion_v1_cn-junior-g9-quadratic-minimum_005,D,4,vertex_coordinate_confusion,structure_recognition,这个选项通常来自vertex coordinate confusion。
jianzisheng_cn_junior_chapter_expansion_v1_cn-junior-g9-quadratic-minimum_005,E,-3,vertex_coordinate_confusion,structure_recognition,这个选项通常来自vertex coordinate confusion。
jianzisheng_cn_junior_chapter_expansion_v1_cn-junior-g9-quadratic-minimum_006,B,2,vertex_coordinate_confusion,structure_recognition,这个选项通常来自vertex coordinate confusion。
jianzisheng_cn_junior_chapter_expansion_v1_cn-junior-g9-quadratic-minimum_006,C,1,vertex_coordinate_confusion,structure_recognition,这个选项通常来自vertex coordinate confusion。
jianzisheng_cn_junior_chapter_expansion_v1_cn-junior-g9-quadratic-minimum_006,D,6,vertex_coordinate_confusion,structure_recognition,这个选项通常来自vertex coordinate confusion。
jianzisheng_cn_junior_chapter_expansion_v1_cn-junior-g9-quadratic-minimum_006,E,-5,vertex_coordinate_confusion,structure_recognition,这个选项通常来自vertex coordinate confusion。
jianzisheng_cn_junior_chapter_expansion_v1_cn-junior-g9-quadratic-minimum_007,A,3,vertex_coordinate_confusion,structure_recognition,这个选项通常来自vertex coordinate confusion。
jianzisheng_cn_junior_chapter_expansion_v1_cn-junior-g9-quadratic-minimum_007,B,1,vertex_coordinate_confusion,structure_recognition,这个选项通常来自vertex coordinate confusion。
jianzisheng_cn_junior_chapter_expansion_v1_cn-junior-g9-quadratic-minimum_007,C,-5,vertex_coordinate_confusion,structure_recognition,这个选项通常来自vertex coordinate confusion。
jianzisheng_cn_junior_chapter_expansion_v1_cn-junior-g9-quadratic-minimum_007,D,6,vertex_coordinate_confusion,structure_recognition,这个选项通常来自vertex coordinate confusion。
jianzisheng_cn_junior_chapter_expansion_v1_cn-junior-g9-quadratic-minimum_008,A,1,vertex_coordinate_confusion,structure_recognition,这个选项通常来自vertex coordinate confusion。
jianzisheng_cn_junior_chapter_expansion_v1_cn-junior-g9-quadratic-minimum_008,B,4,vertex_coordinate_confusion,structure_recognition,这个选项通常来自vertex coordinate confusion。
jianzisheng_cn_junior_chapter_expansion_v1_cn-junior-g9-quadratic-minimum_008,C,1,vertex_coordinate_confusion,structure_recognition,这个选项通常来自vertex coordinate confusion。
jianzisheng_cn_junior_chapter_expansion_v1_cn-junior-g9-quadratic-minimum_008,E,-3,vertex_coordinate_confusion,structure_recognition,这个选项通常来自vertex coordinate confusion。
jianzisheng_cn_junior_chapter_expansion_v1_cn-junior-g9-quadratic-minimum_009,A,2,vertex_coordinate_confusion,structure_recognition,这个选项通常来自vertex coordinate confusion。
jianzisheng_cn_junior_chapter_expansion_v1_cn-junior-g9-quadratic-minimum_009,B,3,vertex_coordinate_confusion,structure_recognition,这个选项通常来自vertex coordinate confusion。
jianzisheng_cn_junior_chapter_expansion_v1_cn-junior-g9-quadratic-minimum_009,D,1,vertex_coordinate_confusion,structure_recognition,这个选项通常来自vertex coordinate confusion。
jianzisheng_cn_junior_chapter_expansion_v1_cn-junior-g9-quadratic-minimum_009,E,-1,vertex_coordinate_confusion,structure_recognition,这个选项通常来自vertex coordinate confusion。
jianzisheng_cn_junior_chapter_expansion_v1_cn-junior-g9-quadratic-minimum_010,A,5,vertex_coordinate_confusion,structure_recognition,这个选项通常来自vertex coordinate confusion。
jianzisheng_cn_junior_chapter_expansion_v1_cn-junior-g9-quadratic-minimum_010,C,-1,vertex_coordinate_confusion,structure_recognition,这个选项通常来自vertex coordinate confusion。
jianzisheng_cn_junior_chapter_expansion_v1_cn-junior-g9-quadratic-minimum_010,D,1,vertex_coordinate_confusion,structure_recognition,这个选项通常来自vertex coordinate confusion。
jianzisheng_cn_junior_chapter_expansion_v1_cn-junior-g9-quadratic-minimum_010,E,4,vertex_coordinate_confusion,structure_recognition,这个选项通常来自vertex coordinate confusion。
jianzisheng_cn_junior_chapter_expansion_v1_cn-junior-g9-quadratic-minimum_011,B,0,vertex_coordinate_confusion,structure_recognition,这个选项通常来自vertex coordinate confusion。
jianzisheng_cn_junior_chapter_expansion_v1_cn-junior-g9-quadratic-minimum_011,C,1,vertex_coordinate_confusion,structure_recognition,这个选项通常来自vertex coordinate confusion。
jianzisheng_cn_junior_chapter_expansion_v1_cn-junior-g9-quadratic-minimum_011,D,3,vertex_coordinate_confusion,structure_recognition,这个选项通常来自vertex coordinate confusion。
jianzisheng_cn_junior_chapter_expansion_v1_cn-junior-g9-quadratic-minimum_011,E,-2,vertex_coordinate_confusion,structure_recognition,这个选项通常来自vertex coordinate confusion。
jianzisheng_cn_junior_chapter_expansion_v1_cn-junior-g9-quadratic-minimum_012,A,1,vertex_coordinate_confusion,structure_recognition,这个选项通常来自vertex coordinate confusion。
jianzisheng_cn_junior_chapter_expansion_v1_cn-junior-g9-quadratic-minimum_012,B,5,vertex_coordinate_confusion,structure_recognition,这个选项通常来自vertex coordinate confusion。
jianzisheng_cn_junior_chapter_expansion_v1_cn-junior-g9-quadratic-minimum_012,C,-4,vertex_coordinate_confusion,structure_recognition,这个选项通常来自vertex coordinate confusion。
jianzisheng_cn_junior_chapter_expansion_v1_cn-junior-g9-quadratic-minimum_012,D,9,vertex_coordinate_confusion,structure_recognition,这个选项通常来自vertex coordinate confusion。
jianzisheng_cn_junior_chapter_expansion_v1_cn-junior-g9-quadratic-minimum_013,A,1,vertex_coordinate_confusion,structure_recognition,这个选项通常来自vertex coordinate confusion。
jianzisheng_cn_junior_chapter_expansion_v1_cn-junior-g9-quadratic-minimum_013,B,7,vertex_coordinate_confusion,structure_recognition,这个选项通常来自vertex coordinate confusion。
jianzisheng_cn_junior_chapter_expansion_v1_cn-junior-g9-quadratic-minimum_013,C,-6,vertex_coordinate_confusion,structure_recognition,这个选项通常来自vertex coordinate confusion。
jianzisheng_cn_junior_chapter_expansion_v1_cn-junior-g9-quadratic-minimum_013,E,2,vertex_coordinate_confusion,structure_recognition,这个选项通常来自vertex coordinate confusion。
jianzisheng_cn_junior_chapter_expansion_v1_cn-junior-g9-quadratic-minimum_014,A,-4,vertex_coordinate_confusion,structure_recognition,这个选项通常来自vertex coordinate confusion。
jianzisheng_cn_junior_chapter_expansion_v1_cn-junior-g9-quadratic-minimum_014,B,5,vertex_coordinate_confusion,structure_recognition,这个选项通常来自vertex coordinate confusion。
jianzisheng_cn_junior_chapter_expansion_v1_cn-junior-g9-quadratic-minimum_014,D,3,vertex_coordinate_confusion,structure_recognition,这个选项通常来自vertex coordinate confusion。
jianzisheng_cn_junior_chapter_expansion_v1_cn-junior-g9-quadratic-minimum_014,E,1,vertex_coordinate_confusion,structure_recognition,这个选项通常来自vertex coordinate confusion。
jianzisheng_cn_junior_chapter_expansion_v1_cn-junior-g9-quadratic-translation_001,B,向左3个单位，向下2个单位,horizontal_shift_sign_error,spatial_reasoning,这个选项通常来自horizontal shift sign error。
jianzisheng_cn_junior_chapter_expansion_v1_cn-junior-g9-quadratic-translation_001,C,向右3个单位，向上2个单位,horizontal_shift_sign_error,spatial_reasoning,这个选项通常来自horizontal shift sign error。
jianzisheng_cn_junior_chapter_expansion_v1_cn-junior-g9-quadratic-translation_001,D,只向右3个单位,horizontal_shift_sign_error,spatial_reasoning,这个选项通常来自horizontal shift sign error。
jianzisheng_cn_junior_chapter_expansion_v1_cn-junior-g9-quadratic-translation_001,E,只向上2个单位,horizontal_shift_sign_error,spatial_reasoning,这个选项通常来自horizontal shift sign error。
jianzisheng_cn_junior_chapter_expansion_v1_cn-junior-g9-quadratic-translation_002,A,向左4个单位，向上0个单位,horizontal_shift_sign_error,spatial_reasoning,这个选项通常来自horizontal shift sign error。
jianzisheng_cn_junior_chapter_expansion_v1_cn-junior-g9-quadratic-translation_002,B,向右4个单位，向下0个单位,horizontal_shift_sign_error,spatial_reasoning,这个选项通常来自horizontal shift sign error。
jianzisheng_cn_junior_chapter_expansion_v1_cn-junior-g9-quadratic-translation_002,C,只向右4个单位,horizontal_shift_sign_error,spatial_reasoning,这个选项通常来自horizontal shift sign error。
jianzisheng_cn_junior_chapter_expansion_v1_cn-junior-g9-quadratic-translation_002,D,只向上0个单位,horizontal_shift_sign_error,spatial_reasoning,这个选项通常来自horizontal shift sign error。
jianzisheng_cn_junior_chapter_expansion_v1_cn-junior-g9-quadratic-translation_003,A,向左4个单位，向下2个单位,horizontal_shift_sign_error,spatial_reasoning,这个选项通常来自horizontal shift sign error。
jianzisheng_cn_junior_chapter_expansion_v1_cn-junior-g9-quadratic-translation_003,B,只向右4个单位,horizontal_shift_sign_error,spatial_reasoning,这个选项通常来自horizontal shift sign error。
jianzisheng_cn_junior_chapter_expansion_v1_cn-junior-g9-quadratic-translation_003,C,只向上2个单位,horizontal_shift_sign_error,spatial_reasoning,这个选项通常来自horizontal shift sign error。
jianzisheng_cn_junior_chapter_expansion_v1_cn-junior-g9-quadratic-translation_003,E,向右4个单位，向上2个单位,horizontal_shift_sign_error,spatial_reasoning,这个选项通常来自horizontal shift sign error。
jianzisheng_cn_junior_chapter_expansion_v1_cn-junior-g9-quadratic-translation_004,A,只向右3个单位,horizontal_shift_sign_error,spatial_reasoning,这个选项通常来自horizontal shift sign error。
jianzisheng_cn_junior_chapter_expansion_v1_cn-junior-g9-quadratic-translation_004,B,只向上4个单位,horizontal_shift_sign_error,spatial_reasoning,这个选项通常来自horizontal shift sign error。
jianzisheng_cn_junior_chapter_expansion_v1_cn-junior-g9-quadratic-translation_004,D,向右3个单位，向上4个单位,horizontal_shift_sign_error,spatial_reasoning,这个选项通常来自horizontal shift sign error。
jianzisheng_cn_junior_chapter_expansion_v1_cn-junior-g9-quadratic-translation_004,E,向左3个单位，向下4个单位,horizontal_shift_sign_error,spatial_reasoning,这个选项通常来自horizontal shift sign error。
jianzisheng_cn_junior_chapter_expansion_v1_cn-junior-g9-quadratic-translation_005,A,只向上5个单位,horizontal_shift_sign_error,spatial_reasoning,这个选项通常来自horizontal shift sign error。
jianzisheng_cn_junior_chapter_expansion_v1_cn-junior-g9-quadratic-translation_005,C,向右2个单位，向下5个单位,horizontal_shift_sign_error,spatial_reasoning,这个选项通常来自horizontal shift sign error。
jianzisheng_cn_junior_chapter_expansion_v1_cn-junior-g9-quadratic-translation_005,D,向左2个单位，向上5个单位,horizontal_shift_sign_error,spatial_reasoning,这个选项通常来自horizontal shift sign error。
jianzisheng_cn_junior_chapter_expansion_v1_cn-junior-g9-quadratic-translation_005,E,只向右2个单位,horizontal_shift_sign_error,spatial_reasoning,这个选项通常来自horizontal shift sign error。
jianzisheng_cn_junior_chapter_expansion_v1_cn-junior-g9-quadratic-translation_006,B,向右1个单位，向下3个单位,horizontal_shift_sign_error,spatial_reasoning,这个选项通常来自horizontal shift sign error。
jianzisheng_cn_junior_chapter_expansion_v1_cn-junior-g9-quadratic-translation_006,C,向左1个单位，向上3个单位,horizontal_shift_sign_error,spatial_reasoning,这个选项通常来自horizontal shift sign error。
jianzisheng_cn_junior_chapter_expansion_v1_cn-junior-g9-quadratic-translation_006,D,只向右1个单位,horizontal_shift_sign_error,spatial_reasoning,这个选项通常来自horizontal shift sign error。
jianzisheng_cn_junior_chapter_expansion_v1_cn-junior-g9-quadratic-translation_006,E,只向上3个单位,horizontal_shift_sign_error,spatial_reasoning,这个选项通常来自horizontal shift sign error。
jianzisheng_cn_junior_chapter_expansion_v1_cn-junior-g9-quadratic-translation_007,A,向左0个单位，向下1个单位,horizontal_shift_sign_error,spatial_reasoning,这个选项通常来自horizontal shift sign error。
jianzisheng_cn_junior_chapter_expansion_v1_cn-junior-g9-quadratic-translation_007,B,向右0个单位，向上1个单位,horizontal_shift_sign_error,spatial_reasoning,这个选项通常来自horizontal shift sign error。
jianzisheng_cn_junior_chapter_expansion_v1_cn-junior-g9-quadratic-translation_007,C,只向右0个单位,horizontal_shift_sign_error,spatial_reasoning,这个选项通常来自horizontal shift sign error。
jianzisheng_cn_junior_chapter_expansion_v1_cn-junior-g9-quadratic-translation_007,D,只向上1个单位,horizontal_shift_sign_error,spatial_reasoning,这个选项通常来自horizontal shift sign error。
jianzisheng_cn_junior_chapter_expansion_v1_cn-junior-g9-quadratic-translation_008,A,向右1个单位，向下1个单位,horizontal_shift_sign_error,spatial_reasoning,这个选项通常来自horizontal shift sign error。
jianzisheng_cn_junior_chapter_expansion_v1_cn-junior-g9-quadratic-translation_008,B,只向右1个单位,horizontal_shift_sign_error,spatial_reasoning,这个选项通常来自horizontal shift sign error。
jianzisheng_cn_junior_chapter_expansion_v1_cn-junior-g9-quadratic-translation_008,C,只向上1个单位,horizontal_shift_sign_error,spatial_reasoning,这个选项通常来自horizontal shift sign error。
jianzisheng_cn_junior_chapter_expansion_v1_cn-junior-g9-quadratic-translation_008,E,向左1个单位，向上1个单位,horizontal_shift_sign_error,spatial_reasoning,这个选项通常来自horizontal shift sign error。
jianzisheng_cn_junior_chapter_expansion_v1_cn-junior-g9-quadratic-translation_009,A,只向右2个单位,horizontal_shift_sign_error,spatial_reasoning,这个选项通常来自horizontal shift sign error。
jianzisheng_cn_junior_chapter_expansion_v1_cn-junior-g9-quadratic-translation_009,B,只向上3个单位,horizontal_shift_sign_error,spatial_reasoning,这个选项通常来自horizontal shift sign error。
jianzisheng_cn_junior_chapter_expansion_v1_cn-junior-g9-quadratic-translation_009,D,向左2个单位，向上3个单位,horizontal_shift_sign_error,spatial_reasoning,这个选项通常来自horizontal shift sign error。
jianzisheng_cn_junior_chapter_expansion_v1_cn-junior-g9-quadratic-translation_009,E,向右2个单位，向下3个单位,horizontal_shift_sign_error,spatial_reasoning,这个选项通常来自horizontal shift sign error。
jianzisheng_cn_junior_chapter_expansion_v1_cn-junior-g9-quadratic-translation_010,A,只向上5个单位,horizontal_shift_sign_error,spatial_reasoning,这个选项通常来自horizontal shift sign error。
jianzisheng_cn_junior_chapter_expansion_v1_cn-junior-g9-quadratic-translation_010,C,向左3个单位，向上5个单位,horizontal_shift_sign_error,spatial_reasoning,这个选项通常来自horizontal shift sign error。
jianzisheng_cn_junior_chapter_expansion_v1_cn-junior-g9-quadratic-translation_010,D,向右3个单位，向下5个单位,horizontal_shift_sign_error,spatial_reasoning,这个选项通常来自horizontal shift sign error。
jianzisheng_cn_junior_chapter_expansion_v1_cn-junior-g9-quadratic-translation_010,E,只向右3个单位,horizontal_shift_sign_error,spatial_reasoning,这个选项通常来自horizontal shift sign error。
jianzisheng_cn_junior_chapter_expansion_v1_cn-junior-g9-quadratic-translation_011,B,向左4个单位，向下4个单位,horizontal_shift_sign_error,spatial_reasoning,这个选项通常来自horizontal shift sign error。
jianzisheng_cn_junior_chapter_expansion_v1_cn-junior-g9-quadratic-translation_011,C,向右4个单位，向上4个单位,horizontal_shift_sign_error,spatial_reasoning,这个选项通常来自horizontal shift sign error。
jianzisheng_cn_junior_chapter_expansion_v1_cn-junior-g9-quadratic-translation_011,D,只向右4个单位,horizontal_shift_sign_error,spatial_reasoning,这个选项通常来自horizontal shift sign error。
jianzisheng_cn_junior_chapter_expansion_v1_cn-junior-g9-quadratic-translation_011,E,只向上4个单位,horizontal_shift_sign_error,spatial_reasoning,这个选项通常来自horizontal shift sign error。
jianzisheng_cn_junior_chapter_expansion_v1_cn-junior-g9-quadratic-translation_012,A,向右4个单位，向下2个单位,horizontal_shift_sign_error,spatial_reasoning,这个选项通常来自horizontal shift sign error。
jianzisheng_cn_junior_chapter_expansion_v1_cn-junior-g9-quadratic-translation_012,B,向左4个单位，向上2个单位,horizontal_shift_sign_error,spatial_reasoning,这个选项通常来自horizontal shift sign error。
jianzisheng_cn_junior_chapter_expansion_v1_cn-junior-g9-quadratic-translation_012,C,只向右4个单位,horizontal_shift_sign_error,spatial_reasoning,这个选项通常来自horizontal shift sign error。
jianzisheng_cn_junior_chapter_expansion_v1_cn-junior-g9-quadratic-translation_012,D,只向上2个单位,horizontal_shift_sign_error,spatial_reasoning,这个选项通常来自horizontal shift sign error。
jianzisheng_cn_junior_chapter_expansion_v1_cn-junior-g9-quadratic-translation_013,A,向左3个单位，向下0个单位,horizontal_shift_sign_error,spatial_reasoning,这个选项通常来自horizontal shift sign error。
jianzisheng_cn_junior_chapter_expansion_v1_cn-junior-g9-quadratic-translation_013,B,只向右3个单位,horizontal_shift_sign_error,spatial_reasoning,这个选项通常来自horizontal shift sign error。
jianzisheng_cn_junior_chapter_expansion_v1_cn-junior-g9-quadratic-translation_013,C,只向上0个单位,horizontal_shift_sign_error,spatial_reasoning,这个选项通常来自horizontal shift sign error。
jianzisheng_cn_junior_chapter_expansion_v1_cn-junior-g9-quadratic-translation_013,E,向右3个单位，向上0个单位,horizontal_shift_sign_error,spatial_reasoning,这个选项通常来自horizontal shift sign error。
jianzisheng_cn_junior_chapter_expansion_v1_cn-junior-g9-quadratic-translation_014,A,只向右2个单位,horizontal_shift_sign_error,spatial_reasoning,这个选项通常来自horizontal shift sign error。
jianzisheng_cn_junior_chapter_expansion_v1_cn-junior-g9-quadratic-translation_014,B,只向上2个单位,horizontal_shift_sign_error,spatial_reasoning,这个选项通常来自horizontal shift sign error。
jianzisheng_cn_junior_chapter_expansion_v1_cn-junior-g9-quadratic-translation_014,D,向右2个单位，向上2个单位,horizontal_shift_sign_error,spatial_reasoning,这个选项通常来自horizontal shift sign error。
jianzisheng_cn_junior_chapter_expansion_v1_cn-junior-g9-quadratic-translation_014,E,向左2个单位，向下2个单位,horizontal_shift_sign_error,spatial_reasoning,这个选项通常来自horizontal shift sign error。
jianzisheng_cn_junior_chapter_expansion_v1_cn-junior-g9-similarity-area-ratio_001,B,4:8,linear_area_ratio_error,multiplicative_reasoning,这个选项通常来自linear area ratio error。
jianzisheng_cn_junior_chapter_expansion_v1_cn-junior-g9-similarity-area-ratio_001,C,8:4,linear_area_ratio_error,multiplicative_reasoning,这个选项通常来自linear area ratio error。
jianzisheng_cn_junior_chapter_expansion_v1_cn-junior-g9-similarity-area-ratio_001,D,8:16,linear_area_ratio_error,multiplicative_reasoning,这个选项通常来自linear area ratio error。
jianzisheng_cn_junior_chapter_expansion_v1_cn-junior-g9-similarity-area-ratio_001,E,12:8,linear_area_ratio_error,multiplicative_reasoning,这个选项通常来自linear area ratio error。
jianzisheng_cn_junior_chapter_expansion_v1_cn-junior-g9-similarity-area-ratio_002,A,5:6,linear_area_ratio_error,multiplicative_reasoning,这个选项通常来自linear area ratio error。
jianzisheng_cn_junior_chapter_expansion_v1_cn-junior-g9-similarity-area-ratio_002,B,6:5,linear_area_ratio_error,multiplicative_reasoning,这个选项通常来自linear area ratio error。
jianzisheng_cn_junior_chapter_expansion_v1_cn-junior-g9-similarity-area-ratio_002,C,10:12,linear_area_ratio_error,multiplicative_reasoning,这个选项通常来自linear area ratio error。
jianzisheng_cn_junior_chapter_expansion_v1_cn-junior-g9-similarity-area-ratio_002,D,11:6,linear_area_ratio_error,multiplicative_reasoning,这个选项通常来自linear area ratio error。
jianzisheng_cn_junior_chapter_expansion_v1_cn-junior-g9-similarity-area-ratio_003,A,8:6,linear_area_ratio_error,multiplicative_reasoning,这个选项通常来自linear area ratio error。
jianzisheng_cn_junior_chapter_expansion_v1_cn-junior-g9-similarity-area-ratio_003,B,12:16,linear_area_ratio_error,multiplicative_reasoning,这个选项通常来自linear area ratio error。
jianzisheng_cn_junior_chapter_expansion_v1_cn-junior-g9-similarity-area-ratio_003,C,14:8,linear_area_ratio_error,multiplicative_reasoning,这个选项通常来自linear area ratio error。
jianzisheng_cn_junior_chapter_expansion_v1_cn-junior-g9-similarity-area-ratio_003,E,6:8,linear_area_ratio_error,multiplicative_reasoning,这个选项通常来自linear area ratio error。
jianzisheng_cn_junior_chapter_expansion_v1_cn-junior-g9-similarity-area-ratio_004,A,4:10,linear_area_ratio_error,multiplicative_reasoning,这个选项通常来自linear area ratio error。
jianzisheng_cn_junior_chapter_expansion_v1_cn-junior-g9-similarity-area-ratio_004,B,7:5,linear_area_ratio_error,multiplicative_reasoning,这个选项通常来自linear area ratio error。
jianzisheng_cn_junior_chapter_expansion_v1_cn-junior-g9-similarity-area-ratio_004,D,2:5,linear_area_ratio_error,multiplicative_reasoning,这个选项通常来自linear area ratio error。
jianzisheng_cn_junior_chapter_expansion_v1_cn-junior-g9-similarity-area-ratio_004,E,5:2,linear_area_ratio_error,multiplicative_reasoning,这个选项通常来自linear area ratio error。
jianzisheng_cn_junior_chapter_expansion_v1_cn-junior-g9-similarity-area-ratio_005,A,10:7,linear_area_ratio_error,multiplicative_reasoning,这个选项通常来自linear area ratio error。
jianzisheng_cn_junior_chapter_expansion_v1_cn-junior-g9-similarity-area-ratio_005,C,3:7,linear_area_ratio_error,multiplicative_reasoning,这个选项通常来自linear area ratio error。
jianzisheng_cn_junior_chapter_expansion_v1_cn-junior-g9-similarity-area-ratio_005,D,7:3,linear_area_ratio_error,multiplicative_reasoning,这个选项通常来自linear area ratio error。
jianzisheng_cn_junior_chapter_expansion_v1_cn-junior-g9-similarity-area-ratio_005,E,6:14,linear_area_ratio_error,multiplicative_reasoning,这个选项通常来自linear area ratio error。
jianzisheng_cn_junior_chapter_expansion_v1_cn-junior-g9-similarity-area-ratio_006,B,4:5,linear_area_ratio_error,multiplicative_reasoning,这个选项通常来自linear area ratio error。
jianzisheng_cn_junior_chapter_expansion_v1_cn-junior-g9-similarity-area-ratio_006,C,5:4,linear_area_ratio_error,multiplicative_reasoning,这个选项通常来自linear area ratio error。
jianzisheng_cn_junior_chapter_expansion_v1_cn-junior-g9-similarity-area-ratio_006,D,8:10,linear_area_ratio_error,multiplicative_reasoning,这个选项通常来自linear area ratio error。
jianzisheng_cn_junior_chapter_expansion_v1_cn-junior-g9-similarity-area-ratio_006,E,9:5,linear_area_ratio_error,multiplicative_reasoning,这个选项通常来自linear area ratio error。
jianzisheng_cn_junior_chapter_expansion_v1_cn-junior-g9-similarity-area-ratio_007,A,5:7,linear_area_ratio_error,multiplicative_reasoning,这个选项通常来自linear area ratio error。
jianzisheng_cn_junior_chapter_expansion_v1_cn-junior-g9-similarity-area-ratio_007,B,7:5,linear_area_ratio_error,multiplicative_reasoning,这个选项通常来自linear area ratio error。
jianzisheng_cn_junior_chapter_expansion_v1_cn-junior-g9-similarity-area-ratio_007,C,10:14,linear_area_ratio_error,multiplicative_reasoning,这个选项通常来自linear area ratio error。
jianzisheng_cn_junior_chapter_expansion_v1_cn-junior-g9-similarity-area-ratio_007,D,12:7,linear_area_ratio_error,multiplicative_reasoning,这个选项通常来自linear area ratio error。
jianzisheng_cn_junior_chapter_expansion_v1_cn-junior-g9-similarity-area-ratio_008,A,9:6,linear_area_ratio_error,multiplicative_reasoning,这个选项通常来自linear area ratio error。
jianzisheng_cn_junior_chapter_expansion_v1_cn-junior-g9-similarity-area-ratio_008,B,12:18,linear_area_ratio_error,multiplicative_reasoning,这个选项通常来自linear area ratio error。
jianzisheng_cn_junior_chapter_expansion_v1_cn-junior-g9-similarity-area-ratio_008,C,15:9,linear_area_ratio_error,multiplicative_reasoning,这个选项通常来自linear area ratio error。
jianzisheng_cn_junior_chapter_expansion_v1_cn-junior-g9-similarity-area-ratio_008,E,6:9,linear_area_ratio_error,multiplicative_reasoning,这个选项通常来自linear area ratio error。
jianzisheng_cn_junior_chapter_expansion_v1_cn-junior-g9-similarity-area-ratio_009,A,4:12,linear_area_ratio_error,multiplicative_reasoning,这个选项通常来自linear area ratio error。
jianzisheng_cn_junior_chapter_expansion_v1_cn-junior-g9-similarity-area-ratio_009,B,8:6,linear_area_ratio_error,multiplicative_reasoning,这个选项通常来自linear area ratio error。
jianzisheng_cn_junior_chapter_expansion_v1_cn-junior-g9-similarity-area-ratio_009,D,2:6,linear_area_ratio_error,multiplicative_reasoning,这个选项通常来自linear area ratio error。
jianzisheng_cn_junior_chapter_expansion_v1_cn-junior-g9-similarity-area-ratio_009,E,6:2,linear_area_ratio_error,multiplicative_reasoning,这个选项通常来自linear area ratio error。
jianzisheng_cn_junior_chapter_expansion_v1_cn-junior-g9-similarity-area-ratio_010,A,7:4,linear_area_ratio_error,multiplicative_reasoning,这个选项通常来自linear area ratio error。
jianzisheng_cn_junior_chapter_expansion_v1_cn-junior-g9-similarity-area-ratio_010,C,3:4,linear_area_ratio_error,multiplicative_reasoning,这个选项通常来自linear area ratio error。
jianzisheng_cn_junior_chapter_expansion_v1_cn-junior-g9-similarity-area-ratio_010,D,4:3,linear_area_ratio_error,multiplicative_reasoning,这个选项通常来自linear area ratio error。
jianzisheng_cn_junior_chapter_expansion_v1_cn-junior-g9-similarity-area-ratio_010,E,6:8,linear_area_ratio_error,multiplicative_reasoning,这个选项通常来自linear area ratio error。
jianzisheng_cn_junior_chapter_expansion_v1_cn-junior-g9-similarity-area-ratio_011,B,4:6,linear_area_ratio_error,multiplicative_reasoning,这个选项通常来自linear area ratio error。
jianzisheng_cn_junior_chapter_expansion_v1_cn-junior-g9-similarity-area-ratio_011,C,6:4,linear_area_ratio_error,multiplicative_reasoning,这个选项通常来自linear area ratio error。
jianzisheng_cn_junior_chapter_expansion_v1_cn-junior-g9-similarity-area-ratio_011,D,8:12,linear_area_ratio_error,multiplicative_reasoning,这个选项通常来自linear area ratio error。
jianzisheng_cn_junior_chapter_expansion_v1_cn-junior-g9-similarity-area-ratio_011,E,10:6,linear_area_ratio_error,multiplicative_reasoning,这个选项通常来自linear area ratio error。
jianzisheng_cn_junior_chapter_expansion_v1_cn-junior-g9-similarity-area-ratio_012,A,5:8,linear_area_ratio_error,multiplicative_reasoning,这个选项通常来自linear area ratio error。
jianzisheng_cn_junior_chapter_expansion_v1_cn-junior-g9-similarity-area-ratio_012,B,8:5,linear_area_ratio_error,multiplicative_reasoning,这个选项通常来自linear area ratio error。
jianzisheng_cn_junior_chapter_expansion_v1_cn-junior-g9-similarity-area-ratio_012,C,10:16,linear_area_ratio_error,multiplicative_reasoning,这个选项通常来自linear area ratio error。
jianzisheng_cn_junior_chapter_expansion_v1_cn-junior-g9-similarity-area-ratio_012,D,13:8,linear_area_ratio_error,multiplicative_reasoning,这个选项通常来自linear area ratio error。
jianzisheng_cn_junior_chapter_expansion_v1_cn-junior-g9-similarity-area-ratio_013,A,10:6,linear_area_ratio_error,multiplicative_reasoning,这个选项通常来自linear area ratio error。
jianzisheng_cn_junior_chapter_expansion_v1_cn-junior-g9-similarity-area-ratio_013,B,12:20,linear_area_ratio_error,multiplicative_reasoning,这个选项通常来自linear area ratio error。
jianzisheng_cn_junior_chapter_expansion_v1_cn-junior-g9-similarity-area-ratio_013,C,16:10,linear_area_ratio_error,multiplicative_reasoning,这个选项通常来自linear area ratio error。
jianzisheng_cn_junior_chapter_expansion_v1_cn-junior-g9-similarity-area-ratio_013,E,6:10,linear_area_ratio_error,multiplicative_reasoning,这个选项通常来自linear area ratio error。
jianzisheng_cn_junior_chapter_expansion_v1_cn-junior-g9-similarity-area-ratio_014,A,4:6,linear_area_ratio_error,multiplicative_reasoning,这个选项通常来自linear area ratio error。
jianzisheng_cn_junior_chapter_expansion_v1_cn-junior-g9-similarity-area-ratio_014,B,5:3,linear_area_ratio_error,multiplicative_reasoning,这个选项通常来自linear area ratio error。
jianzisheng_cn_junior_chapter_expansion_v1_cn-junior-g9-similarity-area-ratio_014,D,2:3,linear_area_ratio_error,multiplicative_reasoning,这个选项通常来自linear area ratio error。
jianzisheng_cn_junior_chapter_expansion_v1_cn-junior-g9-similarity-area-ratio_014,E,3:2,linear_area_ratio_error,multiplicative_reasoning,这个选项通常来自linear area ratio error。
jianzisheng_cn_junior_chapter_expansion_v1_cn-junior-g9-circle-tangent_001,B,23,tangent_radius_relation_error,geometric_reasoning,这个选项通常来自tangent radius relation error。
jianzisheng_cn_junior_chapter_expansion_v1_cn-junior-g9-circle-tangent_001,C,7,tangent_radius_relation_error,geometric_reasoning,这个选项通常来自tangent radius relation error。
jianzisheng_cn_junior_chapter_expansion_v1_cn-junior-g9-circle-tangent_001,D,18,tangent_radius_relation_error,geometric_reasoning,这个选项通常来自tangent radius relation error。
jianzisheng_cn_junior_chapter_expansion_v1_cn-junior-g9-circle-tangent_001,E,15,tangent_radius_relation_error,geometric_reasoning,这个选项通常来自tangent radius relation error。
jianzisheng_cn_junior_chapter_expansion_v1_cn-junior-g9-circle-tangent_002,A,31,tangent_radius_relation_error,geometric_reasoning,这个选项通常来自tangent radius relation error。
jianzisheng_cn_junior_chapter_expansion_v1_cn-junior-g9-circle-tangent_002,B,17,tangent_radius_relation_error,geometric_reasoning,这个选项通常来自tangent radius relation error。
jianzisheng_cn_junior_chapter_expansion_v1_cn-junior-g9-circle-tangent_002,C,26,tangent_radius_relation_error,geometric_reasoning,这个选项通常来自tangent radius relation error。
jianzisheng_cn_junior_chapter_expansion_v1_cn-junior-g9-circle-tangent_002,D,24,tangent_radius_relation_error,geometric_reasoning,这个选项通常来自tangent radius relation error。
jianzisheng_cn_junior_chapter_expansion_v1_cn-junior-g9-circle-tangent_003,A,3,tangent_radius_relation_error,geometric_reasoning,这个选项通常来自tangent radius relation error。
jianzisheng_cn_junior_chapter_expansion_v1_cn-junior-g9-circle-tangent_003,B,16,tangent_radius_relation_error,geometric_reasoning,这个选项通常来自tangent radius relation error。
jianzisheng_cn_junior_chapter_expansion_v1_cn-junior-g9-circle-tangent_003,C,12,tangent_radius_relation_error,geometric_reasoning,这个选项通常来自tangent radius relation error。
jianzisheng_cn_junior_chapter_expansion_v1_cn-junior-g9-circle-tangent_003,E,21,tangent_radius_relation_error,geometric_reasoning,这个选项通常来自tangent radius relation error。
jianzisheng_cn_junior_chapter_expansion_v1_cn-junior-g9-circle-tangent_004,A,14,tangent_radius_relation_error,geometric_reasoning,这个选项通常来自tangent radius relation error。
jianzisheng_cn_junior_chapter_expansion_v1_cn-junior-g9-circle-tangent_004,B,12,tangent_radius_relation_error,geometric_reasoning,这个选项通常来自tangent radius relation error。
jianzisheng_cn_junior_chapter_expansion_v1_cn-junior-g9-circle-tangent_004,D,17,tangent_radius_relation_error,geometric_reasoning,这个选项通常来自tangent radius relation error。
jianzisheng_cn_junior_chapter_expansion_v1_cn-junior-g9-circle-tangent_004,E,7,tangent_radius_relation_error,geometric_reasoning,这个选项通常来自tangent radius relation error。
jianzisheng_cn_junior_chapter_expansion_v1_cn-junior-g9-circle-tangent_005,A,8,tangent_radius_relation_error,geometric_reasoning,这个选项通常来自tangent radius relation error。
jianzisheng_cn_junior_chapter_expansion_v1_cn-junior-g9-circle-tangent_005,C,14,tangent_radius_relation_error,geometric_reasoning,这个选项通常来自tangent radius relation error。
jianzisheng_cn_junior_chapter_expansion_v1_cn-junior-g9-circle-tangent_005,D,2,tangent_radius_relation_error,geometric_reasoning,这个选项通常来自tangent radius relation error。
jianzisheng_cn_junior_chapter_expansion_v1_cn-junior-g9-circle-tangent_005,E,11,tangent_radius_relation_error,geometric_reasoning,这个选项通常来自tangent radius relation error。
jianzisheng_cn_junior_chapter_expansion_v1_cn-junior-g9-circle-tangent_006,B,23,tangent_radius_relation_error,geometric_reasoning,这个选项通常来自tangent radius relation error。
jianzisheng_cn_junior_chapter_expansion_v1_cn-junior-g9-circle-tangent_006,C,7,tangent_radius_relation_error,geometric_reasoning,这个选项通常来自tangent radius relation error。
jianzisheng_cn_junior_chapter_expansion_v1_cn-junior-g9-circle-tangent_006,D,18,tangent_radius_relation_error,geometric_reasoning,这个选项通常来自tangent radius relation error。
jianzisheng_cn_junior_chapter_expansion_v1_cn-junior-g9-circle-tangent_006,E,15,tangent_radius_relation_error,geometric_reasoning,这个选项通常来自tangent radius relation error。
jianzisheng_cn_junior_chapter_expansion_v1_cn-junior-g9-circle-tangent_007,A,31,tangent_radius_relation_error,geometric_reasoning,这个选项通常来自tangent radius relation error。
jianzisheng_cn_junior_chapter_expansion_v1_cn-junior-g9-circle-tangent_007,B,17,tangent_radius_relation_error,geometric_reasoning,这个选项通常来自tangent radius relation error。
jianzisheng_cn_junior_chapter_expansion_v1_cn-junior-g9-circle-tangent_007,C,26,tangent_radius_relation_error,geometric_reasoning,这个选项通常来自tangent radius relation error。
jianzisheng_cn_junior_chapter_expansion_v1_cn-junior-g9-circle-tangent_007,D,24,tangent_radius_relation_error,geometric_reasoning,这个选项通常来自tangent radius relation error。
jianzisheng_cn_junior_chapter_expansion_v1_cn-junior-g9-circle-tangent_008,A,3,tangent_radius_relation_error,geometric_reasoning,这个选项通常来自tangent radius relation error。
jianzisheng_cn_junior_chapter_expansion_v1_cn-junior-g9-circle-tangent_008,B,16,tangent_radius_relation_error,geometric_reasoning,这个选项通常来自tangent radius relation error。
jianzisheng_cn_junior_chapter_expansion_v1_cn-junior-g9-circle-tangent_008,C,12,tangent_radius_relation_error,geometric_reasoning,这个选项通常来自tangent radius relation error。
jianzisheng_cn_junior_chapter_expansion_v1_cn-junior-g9-circle-tangent_008,E,21,tangent_radius_relation_error,geometric_reasoning,这个选项通常来自tangent radius relation error。
jianzisheng_cn_junior_chapter_expansion_v1_cn-junior-g9-circle-tangent_009,A,14,tangent_radius_relation_error,geometric_reasoning,这个选项通常来自tangent radius relation error。
jianzisheng_cn_junior_chapter_expansion_v1_cn-junior-g9-circle-tangent_009,B,12,tangent_radius_relation_error,geometric_reasoning,这个选项通常来自tangent radius relation error。
jianzisheng_cn_junior_chapter_expansion_v1_cn-junior-g9-circle-tangent_009,D,17,tangent_radius_relation_error,geometric_reasoning,这个选项通常来自tangent radius relation error。
jianzisheng_cn_junior_chapter_expansion_v1_cn-junior-g9-circle-tangent_009,E,7,tangent_radius_relation_error,geometric_reasoning,这个选项通常来自tangent radius relation error。
jianzisheng_cn_junior_chapter_expansion_v1_cn-junior-g9-circle-tangent_010,A,8,tangent_radius_relation_error,geometric_reasoning,这个选项通常来自tangent radius relation error。
jianzisheng_cn_junior_chapter_expansion_v1_cn-junior-g9-circle-tangent_010,C,14,tangent_radius_relation_error,geometric_reasoning,这个选项通常来自tangent radius relation error。
jianzisheng_cn_junior_chapter_expansion_v1_cn-junior-g9-circle-tangent_010,D,2,tangent_radius_relation_error,geometric_reasoning,这个选项通常来自tangent radius relation error。
jianzisheng_cn_junior_chapter_expansion_v1_cn-junior-g9-circle-tangent_010,E,11,tangent_radius_relation_error,geometric_reasoning,这个选项通常来自tangent radius relation error。
jianzisheng_cn_junior_chapter_expansion_v1_cn-junior-g9-circle-tangent_011,B,23,tangent_radius_relation_error,geometric_reasoning,这个选项通常来自tangent radius relation error。
jianzisheng_cn_junior_chapter_expansion_v1_cn-junior-g9-circle-tangent_011,C,7,tangent_radius_relation_error,geometric_reasoning,这个选项通常来自tangent radius relation error。
jianzisheng_cn_junior_chapter_expansion_v1_cn-junior-g9-circle-tangent_011,D,18,tangent_radius_relation_error,geometric_reasoning,这个选项通常来自tangent radius relation error。
jianzisheng_cn_junior_chapter_expansion_v1_cn-junior-g9-circle-tangent_011,E,15,tangent_radius_relation_error,geometric_reasoning,这个选项通常来自tangent radius relation error。
jianzisheng_cn_junior_chapter_expansion_v1_cn-junior-g9-circle-tangent_012,A,31,tangent_radius_relation_error,geometric_reasoning,这个选项通常来自tangent radius relation error。
jianzisheng_cn_junior_chapter_expansion_v1_cn-junior-g9-circle-tangent_012,B,17,tangent_radius_relation_error,geometric_reasoning,这个选项通常来自tangent radius relation error。
jianzisheng_cn_junior_chapter_expansion_v1_cn-junior-g9-circle-tangent_012,C,26,tangent_radius_relation_error,geometric_reasoning,这个选项通常来自tangent radius relation error。
jianzisheng_cn_junior_chapter_expansion_v1_cn-junior-g9-circle-tangent_012,D,24,tangent_radius_relation_error,geometric_reasoning,这个选项通常来自tangent radius relation error。
jianzisheng_cn_junior_chapter_expansion_v1_cn-junior-g9-circle-tangent_013,A,3,tangent_radius_relation_error,geometric_reasoning,这个选项通常来自tangent radius relation error。
jianzisheng_cn_junior_chapter_expansion_v1_cn-junior-g9-circle-tangent_013,B,16,tangent_radius_relation_error,geometric_reasoning,这个选项通常来自tangent radius relation error。
jianzisheng_cn_junior_chapter_expansion_v1_cn-junior-g9-circle-tangent_013,C,12,tangent_radius_relation_error,geometric_reasoning,这个选项通常来自tangent radius relation error。
jianzisheng_cn_junior_chapter_expansion_v1_cn-junior-g9-circle-tangent_013,E,21,tangent_radius_relation_error,geometric_reasoning,这个选项通常来自tangent radius relation error。
jianzisheng_cn_junior_chapter_expansion_v1_cn-junior-g9-circle-tangent_014,A,14,tangent_radius_relation_error,geometric_reasoning,这个选项通常来自tangent radius relation error。
jianzisheng_cn_junior_chapter_expansion_v1_cn-junior-g9-circle-tangent_014,B,12,tangent_radius_relation_error,geometric_reasoning,这个选项通常来自tangent radius relation error。
jianzisheng_cn_junior_chapter_expansion_v1_cn-junior-g9-circle-tangent_014,D,17,tangent_radius_relation_error,geometric_reasoning,这个选项通常来自tangent radius relation error。
jianzisheng_cn_junior_chapter_expansion_v1_cn-junior-g9-circle-tangent_014,E,7,tangent_radius_relation_error,geometric_reasoning,这个选项通常来自tangent radius relation error。
jianzisheng_cn_junior_chapter_expansion_v1_cn-junior-g9-probability-complement_001,B,3/7,complement_confusion,operation_selection,这个选项通常来自complement confusion。
jianzisheng_cn_junior_chapter_expansion_v1_cn-junior-g9-probability-complement_001,C,1,complement_confusion,operation_selection,这个选项通常来自complement confusion。
jianzisheng_cn_junior_chapter_expansion_v1_cn-junior-g9-probability-complement_001,D,0,complement_confusion,operation_selection,这个选项通常来自complement confusion。
jianzisheng_cn_junior_chapter_expansion_v1_cn-junior-g9-probability-complement_001,E,9/7,complement_confusion,operation_selection,这个选项通常来自complement confusion。
jianzisheng_cn_junior_chapter_expansion_v1_cn-junior-g9-probability-complement_002,A,4/9,complement_confusion,operation_selection,这个选项通常来自complement confusion。
jianzisheng_cn_junior_chapter_expansion_v1_cn-junior-g9-probability-complement_002,B,1,complement_confusion,operation_selection,这个选项通常来自complement confusion。
jianzisheng_cn_junior_chapter_expansion_v1_cn-junior-g9-probability-complement_002,C,0,complement_confusion,operation_selection,这个选项通常来自complement confusion。
jianzisheng_cn_junior_chapter_expansion_v1_cn-junior-g9-probability-complement_002,D,10/9,complement_confusion,operation_selection,这个选项通常来自complement confusion。
jianzisheng_cn_junior_chapter_expansion_v1_cn-junior-g9-probability-complement_003,A,1,complement_confusion,operation_selection,这个选项通常来自complement confusion。
jianzisheng_cn_junior_chapter_expansion_v1_cn-junior-g9-probability-complement_003,B,0,complement_confusion,operation_selection,这个选项通常来自complement confusion。
jianzisheng_cn_junior_chapter_expansion_v1_cn-junior-g9-probability-complement_003,C,11/11,complement_confusion,operation_selection,这个选项通常来自complement confusion。
jianzisheng_cn_junior_chapter_expansion_v1_cn-junior-g9-probability-complement_003,E,5/11,complement_confusion,operation_selection,这个选项通常来自complement confusion。
jianzisheng_cn_junior_chapter_expansion_v1_cn-junior-g9-probability-complement_004,A,0,complement_confusion,operation_selection,这个选项通常来自complement confusion。
jianzisheng_cn_junior_chapter_expansion_v1_cn-junior-g9-probability-complement_004,B,2/8,complement_confusion,operation_selection,这个选项通常来自complement confusion。
jianzisheng_cn_junior_chapter_expansion_v1_cn-junior-g9-probability-complement_004,D,1/8,complement_confusion,operation_selection,这个选项通常来自complement confusion。
jianzisheng_cn_junior_chapter_expansion_v1_cn-junior-g9-probability-complement_004,E,1,complement_confusion,operation_selection,这个选项通常来自complement confusion。
jianzisheng_cn_junior_chapter_expansion_v1_cn-junior-g9-probability-complement_005,A,3/10,complement_confusion,operation_selection,这个选项通常来自complement confusion。
jianzisheng_cn_junior_chapter_expansion_v1_cn-junior-g9-probability-complement_005,C,2/10,complement_confusion,operation_selection,这个选项通常来自complement confusion。
jianzisheng_cn_junior_chapter_expansion_v1_cn-junior-g9-probability-complement_005,D,1,complement_confusion,operation_selection,这个选项通常来自complement confusion。
jianzisheng_cn_junior_chapter_expansion_v1_cn-junior-g9-probability-complement_005,E,0,complement_confusion,operation_selection,这个选项通常来自complement confusion。
jianzisheng_cn_junior_chapter_expansion_v1_cn-junior-g9-probability-complement_006,B,3/6,complement_confusion,operation_selection,这个选项通常来自complement confusion。
jianzisheng_cn_junior_chapter_expansion_v1_cn-junior-g9-probability-complement_006,C,1,complement_confusion,operation_selection,这个选项通常来自complement confusion。
jianzisheng_cn_junior_chapter_expansion_v1_cn-junior-g9-probability-complement_006,D,0,complement_confusion,operation_selection,这个选项通常来自complement confusion。
jianzisheng_cn_junior_chapter_expansion_v1_cn-junior-g9-probability-complement_006,E,4/6,complement_confusion,operation_selection,这个选项通常来自complement confusion。
jianzisheng_cn_junior_chapter_expansion_v1_cn-junior-g9-probability-complement_007,A,4/8,complement_confusion,operation_selection,这个选项通常来自complement confusion。
jianzisheng_cn_junior_chapter_expansion_v1_cn-junior-g9-probability-complement_007,B,1,complement_confusion,operation_selection,这个选项通常来自complement confusion。
jianzisheng_cn_junior_chapter_expansion_v1_cn-junior-g9-probability-complement_007,C,0,complement_confusion,operation_selection,这个选项通常来自complement confusion。
jianzisheng_cn_junior_chapter_expansion_v1_cn-junior-g9-probability-complement_007,D,5/8,complement_confusion,operation_selection,这个选项通常来自complement confusion。
jianzisheng_cn_junior_chapter_expansion_v1_cn-junior-g9-probability-complement_008,A,1,complement_confusion,operation_selection,这个选项通常来自complement confusion。
jianzisheng_cn_junior_chapter_expansion_v1_cn-junior-g9-probability-complement_008,B,0,complement_confusion,operation_selection,这个选项通常来自complement confusion。
jianzisheng_cn_junior_chapter_expansion_v1_cn-junior-g9-probability-complement_008,C,6/10,complement_confusion,operation_selection,这个选项通常来自complement confusion。
jianzisheng_cn_junior_chapter_expansion_v1_cn-junior-g9-probability-complement_008,E,5/10,complement_confusion,operation_selection,这个选项通常来自complement confusion。
jianzisheng_cn_junior_chapter_expansion_v1_cn-junior-g9-probability-complement_009,A,0,complement_confusion,operation_selection,这个选项通常来自complement confusion。
jianzisheng_cn_junior_chapter_expansion_v1_cn-junior-g9-probability-complement_009,B,2/7,complement_confusion,operation_selection,这个选项通常来自complement confusion。
jianzisheng_cn_junior_chapter_expansion_v1_cn-junior-g9-probability-complement_009,D,1/7,complement_confusion,operation_selection,这个选项通常来自complement confusion。
jianzisheng_cn_junior_chapter_expansion_v1_cn-junior-g9-probability-complement_009,E,1,complement_confusion,operation_selection,这个选项通常来自complement confusion。
jianzisheng_cn_junior_chapter_expansion_v1_cn-junior-g9-probability-complement_010,A,3/9,complement_confusion,operation_selection,这个选项通常来自complement confusion。
jianzisheng_cn_junior_chapter_expansion_v1_cn-junior-g9-probability-complement_010,C,2/9,complement_confusion,operation_selection,这个选项通常来自complement confusion。
jianzisheng_cn_junior_chapter_expansion_v1_cn-junior-g9-probability-complement_010,D,1,complement_confusion,operation_selection,这个选项通常来自complement confusion。
jianzisheng_cn_junior_chapter_expansion_v1_cn-junior-g9-probability-complement_010,E,0,complement_confusion,operation_selection,这个选项通常来自complement confusion。
jianzisheng_cn_junior_chapter_expansion_v1_cn-junior-g9-probability-complement_011,B,3/11,complement_confusion,operation_selection,这个选项通常来自complement confusion。
jianzisheng_cn_junior_chapter_expansion_v1_cn-junior-g9-probability-complement_011,C,1,complement_confusion,operation_selection,这个选项通常来自complement confusion。
jianzisheng_cn_junior_chapter_expansion_v1_cn-junior-g9-probability-complement_011,D,0,complement_confusion,operation_selection,这个选项通常来自complement confusion。
jianzisheng_cn_junior_chapter_expansion_v1_cn-junior-g9-probability-complement_011,E,4/11,complement_confusion,operation_selection,这个选项通常来自complement confusion。
jianzisheng_cn_junior_chapter_expansion_v1_cn-junior-g9-probability-complement_012,A,4/7,complement_confusion,operation_selection,这个选项通常来自complement confusion。
jianzisheng_cn_junior_chapter_expansion_v1_cn-junior-g9-probability-complement_012,B,1,complement_confusion,operation_selection,这个选项通常来自complement confusion。
jianzisheng_cn_junior_chapter_expansion_v1_cn-junior-g9-probability-complement_012,C,0,complement_confusion,operation_selection,这个选项通常来自complement confusion。
jianzisheng_cn_junior_chapter_expansion_v1_cn-junior-g9-probability-complement_012,D,5/7,complement_confusion,operation_selection,这个选项通常来自complement confusion。
jianzisheng_cn_junior_chapter_expansion_v1_cn-junior-g9-probability-complement_013,A,1,complement_confusion,operation_selection,这个选项通常来自complement confusion。
jianzisheng_cn_junior_chapter_expansion_v1_cn-junior-g9-probability-complement_013,B,0,complement_confusion,operation_selection,这个选项通常来自complement confusion。
jianzisheng_cn_junior_chapter_expansion_v1_cn-junior-g9-probability-complement_013,C,6/9,complement_confusion,operation_selection,这个选项通常来自complement confusion。
jianzisheng_cn_junior_chapter_expansion_v1_cn-junior-g9-probability-complement_013,E,5/9,complement_confusion,operation_selection,这个选项通常来自complement confusion。
jianzisheng_cn_junior_chapter_expansion_v1_cn-junior-g9-probability-complement_014,A,0,complement_confusion,operation_selection,这个选项通常来自complement confusion。
jianzisheng_cn_junior_chapter_expansion_v1_cn-junior-g9-probability-complement_014,B,2/6,complement_confusion,operation_selection,这个选项通常来自complement confusion。
jianzisheng_cn_junior_chapter_expansion_v1_cn-junior-g9-probability-complement_014,D,1/6,complement_confusion,operation_selection,这个选项通常来自complement confusion。
jianzisheng_cn_junior_chapter_expansion_v1_cn-junior-g9-probability-complement_014,E,1,complement_confusion,operation_selection,这个选项通常来自complement confusion。
jianzisheng_cn_junior_chapter_expansion_v1_cn-junior-g9-statistics-range_001,B,13,range_median_confusion,data_reasoning,这个选项通常来自range median confusion。
jianzisheng_cn_junior_chapter_expansion_v1_cn-junior-g9-statistics-range_001,C,32,range_median_confusion,data_reasoning,这个选项通常来自range median confusion。
jianzisheng_cn_junior_chapter_expansion_v1_cn-junior-g9-statistics-range_001,D,17,range_median_confusion,data_reasoning,这个选项通常来自range median confusion。
jianzisheng_cn_junior_chapter_expansion_v1_cn-junior-g9-statistics-range_001,E,15,range_median_confusion,data_reasoning,这个选项通常来自range median confusion。
jianzisheng_cn_junior_chapter_expansion_v1_cn-junior-g9-statistics-range_002,A,6,range_median_confusion,data_reasoning,这个选项通常来自range median confusion。
jianzisheng_cn_junior_chapter_expansion_v1_cn-junior-g9-statistics-range_002,B,11,range_median_confusion,data_reasoning,这个选项通常来自range median confusion。
jianzisheng_cn_junior_chapter_expansion_v1_cn-junior-g9-statistics-range_002,C,10,range_median_confusion,data_reasoning,这个选项通常来自range median confusion。
jianzisheng_cn_junior_chapter_expansion_v1_cn-junior-g9-statistics-range_002,D,8,range_median_confusion,data_reasoning,这个选项通常来自range median confusion。
jianzisheng_cn_junior_chapter_expansion_v1_cn-junior-g9-statistics-range_003,A,14,range_median_confusion,data_reasoning,这个选项通常来自range median confusion。
jianzisheng_cn_junior_chapter_expansion_v1_cn-junior-g9-statistics-range_003,B,11,range_median_confusion,data_reasoning,这个选项通常来自range median confusion。
jianzisheng_cn_junior_chapter_expansion_v1_cn-junior-g9-statistics-range_003,C,9,range_median_confusion,data_reasoning,这个选项通常来自range median confusion。
jianzisheng_cn_junior_chapter_expansion_v1_cn-junior-g9-statistics-range_003,E,7,range_median_confusion,data_reasoning,这个选项通常来自range median confusion。
jianzisheng_cn_junior_chapter_expansion_v1_cn-junior-g9-statistics-range_004,A,12,range_median_confusion,data_reasoning,这个选项通常来自range median confusion。
jianzisheng_cn_junior_chapter_expansion_v1_cn-junior-g9-statistics-range_004,B,10,range_median_confusion,data_reasoning,这个选项通常来自range median confusion。
jianzisheng_cn_junior_chapter_expansion_v1_cn-junior-g9-statistics-range_004,D,8,range_median_confusion,data_reasoning,这个选项通常来自range median confusion。
jianzisheng_cn_junior_chapter_expansion_v1_cn-junior-g9-statistics-range_004,E,17,range_median_confusion,data_reasoning,这个选项通常来自range median confusion。
jianzisheng_cn_junior_chapter_expansion_v1_cn-junior-g9-statistics-range_005,A,11,range_median_confusion,data_reasoning,这个选项通常来自range median confusion。
jianzisheng_cn_junior_chapter_expansion_v1_cn-junior-g9-statistics-range_005,C,9,range_median_confusion,data_reasoning,这个选项通常来自range median confusion。
jianzisheng_cn_junior_chapter_expansion_v1_cn-junior-g9-statistics-range_005,D,20,range_median_confusion,data_reasoning,这个选项通常来自range median confusion。
jianzisheng_cn_junior_chapter_expansion_v1_cn-junior-g9-statistics-range_005,E,13,range_median_confusion,data_reasoning,这个选项通常来自range median confusion。
jianzisheng_cn_junior_chapter_expansion_v1_cn-junior-g9-statistics-range_006,B,10,range_median_confusion,data_reasoning,这个选项通常来自range median confusion。
jianzisheng_cn_junior_chapter_expansion_v1_cn-junior-g9-statistics-range_006,C,23,range_median_confusion,data_reasoning,这个选项通常来自range median confusion。
jianzisheng_cn_junior_chapter_expansion_v1_cn-junior-g9-statistics-range_006,D,14,range_median_confusion,data_reasoning,这个选项通常来自range median confusion。
jianzisheng_cn_junior_chapter_expansion_v1_cn-junior-g9-statistics-range_006,E,12,range_median_confusion,data_reasoning,这个选项通常来自range median confusion。
jianzisheng_cn_junior_chapter_expansion_v1_cn-junior-g9-statistics-range_007,A,11,range_median_confusion,data_reasoning,这个选项通常来自range median confusion。
jianzisheng_cn_junior_chapter_expansion_v1_cn-junior-g9-statistics-range_007,B,26,range_median_confusion,data_reasoning,这个选项通常来自range median confusion。
jianzisheng_cn_junior_chapter_expansion_v1_cn-junior-g9-statistics-range_007,C,15,range_median_confusion,data_reasoning,这个选项通常来自range median confusion。
jianzisheng_cn_junior_chapter_expansion_v1_cn-junior-g9-statistics-range_007,D,13,range_median_confusion,data_reasoning,这个选项通常来自range median confusion。
jianzisheng_cn_junior_chapter_expansion_v1_cn-junior-g9-statistics-range_008,A,29,range_median_confusion,data_reasoning,这个选项通常来自range median confusion。
jianzisheng_cn_junior_chapter_expansion_v1_cn-junior-g9-statistics-range_008,B,16,range_median_confusion,data_reasoning,这个选项通常来自range median confusion。
jianzisheng_cn_junior_chapter_expansion_v1_cn-junior-g9-statistics-range_008,C,14,range_median_confusion,data_reasoning,这个选项通常来自range median confusion。
jianzisheng_cn_junior_chapter_expansion_v1_cn-junior-g9-statistics-range_008,E,12,range_median_confusion,data_reasoning,这个选项通常来自range median confusion。
jianzisheng_cn_junior_chapter_expansion_v1_cn-junior-g9-statistics-range_009,A,17,range_median_confusion,data_reasoning,这个选项通常来自range median confusion。
jianzisheng_cn_junior_chapter_expansion_v1_cn-junior-g9-statistics-range_009,B,15,range_median_confusion,data_reasoning,这个选项通常来自range median confusion。
jianzisheng_cn_junior_chapter_expansion_v1_cn-junior-g9-statistics-range_009,D,13,range_median_confusion,data_reasoning,这个选项通常来自range median confusion。
jianzisheng_cn_junior_chapter_expansion_v1_cn-junior-g9-statistics-range_009,E,32,range_median_confusion,data_reasoning,这个选项通常来自range median confusion。
jianzisheng_cn_junior_chapter_expansion_v1_cn-junior-g9-statistics-range_010,A,8,range_median_confusion,data_reasoning,这个选项通常来自range median confusion。
jianzisheng_cn_junior_chapter_expansion_v1_cn-junior-g9-statistics-range_010,C,6,range_median_confusion,data_reasoning,这个选项通常来自range median confusion。
jianzisheng_cn_junior_chapter_expansion_v1_cn-junior-g9-statistics-range_010,D,11,range_median_confusion,data_reasoning,这个选项通常来自range median confusion。
jianzisheng_cn_junior_chapter_expansion_v1_cn-junior-g9-statistics-range_010,E,10,range_median_confusion,data_reasoning,这个选项通常来自range median confusion。
jianzisheng_cn_junior_chapter_expansion_v1_cn-junior-g9-statistics-range_011,B,7,range_median_confusion,data_reasoning,这个选项通常来自range median confusion。
jianzisheng_cn_junior_chapter_expansion_v1_cn-junior-g9-statistics-range_011,C,14,range_median_confusion,data_reasoning,这个选项通常来自range median confusion。
jianzisheng_cn_junior_chapter_expansion_v1_cn-junior-g9-statistics-range_011,D,11,range_median_confusion,data_reasoning,这个选项通常来自range median confusion。
jianzisheng_cn_junior_chapter_expansion_v1_cn-junior-g9-statistics-range_011,E,9,range_median_confusion,data_reasoning,这个选项通常来自range median confusion。
jianzisheng_cn_junior_chapter_expansion_v1_cn-junior-g9-statistics-range_012,A,8,range_median_confusion,data_reasoning,这个选项通常来自range median confusion。
jianzisheng_cn_junior_chapter_expansion_v1_cn-junior-g9-statistics-range_012,B,17,range_median_confusion,data_reasoning,这个选项通常来自range median confusion。
jianzisheng_cn_junior_chapter_expansion_v1_cn-junior-g9-statistics-range_012,C,12,range_median_confusion,data_reasoning,这个选项通常来自range median confusion。
jianzisheng_cn_junior_chapter_expansion_v1_cn-junior-g9-statistics-range_012,D,10,range_median_confusion,data_reasoning,这个选项通常来自range median confusion。
jianzisheng_cn_junior_chapter_expansion_v1_cn-junior-g9-statistics-range_013,A,20,range_median_confusion,data_reasoning,这个选项通常来自range median confusion。
jianzisheng_cn_junior_chapter_expansion_v1_cn-junior-g9-statistics-range_013,B,13,range_median_confusion,data_reasoning,这个选项通常来自range median confusion。
jianzisheng_cn_junior_chapter_expansion_v1_cn-junior-g9-statistics-range_013,C,11,range_median_confusion,data_reasoning,这个选项通常来自range median confusion。
jianzisheng_cn_junior_chapter_expansion_v1_cn-junior-g9-statistics-range_013,E,9,range_median_confusion,data_reasoning,这个选项通常来自range median confusion。
jianzisheng_cn_junior_chapter_expansion_v1_cn-junior-g9-statistics-range_014,A,14,range_median_confusion,data_reasoning,这个选项通常来自range median confusion。
jianzisheng_cn_junior_chapter_expansion_v1_cn-junior-g9-statistics-range_014,B,12,range_median_confusion,data_reasoning,这个选项通常来自range median confusion。
jianzisheng_cn_junior_chapter_expansion_v1_cn-junior-g9-statistics-range_014,D,10,range_median_confusion,data_reasoning,这个选项通常来自range median confusion。
jianzisheng_cn_junior_chapter_expansion_v1_cn-junior-g9-statistics-range_014,E,23,range_median_confusion,data_reasoning,这个选项通常来自range median confusion。
jianzisheng_cn_junior_chapter_expansion_v1_cn-junior-g9-quadratic-discriminant_001,B,-15,discriminant_sign_error,formula_selection,这个选项通常来自discriminant sign error。
jianzisheng_cn_junior_chapter_expansion_v1_cn-junior-g9-quadratic-discriminant_001,C,15,discriminant_sign_error,formula_selection,这个选项通常来自discriminant sign error。
jianzisheng_cn_junior_chapter_expansion_v1_cn-junior-g9-quadratic-discriminant_001,D,-17,discriminant_sign_error,formula_selection,这个选项通常来自discriminant sign error。
jianzisheng_cn_junior_chapter_expansion_v1_cn-junior-g9-quadratic-discriminant_001,E,21,discriminant_sign_error,formula_selection,这个选项通常来自discriminant sign error。
jianzisheng_cn_junior_chapter_expansion_v1_cn-junior-g9-quadratic-discriminant_002,A,4,discriminant_sign_error,formula_selection,这个选项通常来自discriminant sign error。
jianzisheng_cn_junior_chapter_expansion_v1_cn-junior-g9-quadratic-discriminant_002,B,3,discriminant_sign_error,formula_selection,这个选项通常来自discriminant sign error。
jianzisheng_cn_junior_chapter_expansion_v1_cn-junior-g9-quadratic-discriminant_002,C,4,discriminant_sign_error,formula_selection,这个选项通常来自discriminant sign error。
jianzisheng_cn_junior_chapter_expansion_v1_cn-junior-g9-quadratic-discriminant_002,D,5,discriminant_sign_error,formula_selection,这个选项通常来自discriminant sign error。
jianzisheng_cn_junior_chapter_expansion_v1_cn-junior-g9-quadratic-discriminant_003,A,7,discriminant_sign_error,formula_selection,这个选项通常来自discriminant sign error。
jianzisheng_cn_junior_chapter_expansion_v1_cn-junior-g9-quadratic-discriminant_003,B,-3,discriminant_sign_error,formula_selection,这个选项通常来自discriminant sign error。
jianzisheng_cn_junior_chapter_expansion_v1_cn-junior-g9-quadratic-discriminant_003,C,-2,discriminant_sign_error,formula_selection,这个选项通常来自discriminant sign error。
jianzisheng_cn_junior_chapter_expansion_v1_cn-junior-g9-quadratic-discriminant_003,E,9,discriminant_sign_error,formula_selection,这个选项通常来自discriminant sign error。
jianzisheng_cn_junior_chapter_expansion_v1_cn-junior-g9-quadratic-discriminant_004,A,28,discriminant_sign_error,formula_selection,这个选项通常来自discriminant sign error。
jianzisheng_cn_junior_chapter_expansion_v1_cn-junior-g9-quadratic-discriminant_004,B,-24,discriminant_sign_error,formula_selection,这个选项通常来自discriminant sign error。
jianzisheng_cn_junior_chapter_expansion_v1_cn-junior-g9-quadratic-discriminant_004,D,36,discriminant_sign_error,formula_selection,这个选项通常来自discriminant sign error。
jianzisheng_cn_junior_chapter_expansion_v1_cn-junior-g9-quadratic-discriminant_004,E,-30,discriminant_sign_error,formula_selection,这个选项通常来自discriminant sign error。
jianzisheng_cn_junior_chapter_expansion_v1_cn-junior-g9-quadratic-discriminant_005,A,73,discriminant_sign_error,formula_selection,这个选项通常来自discriminant sign error。
jianzisheng_cn_junior_chapter_expansion_v1_cn-junior-g9-quadratic-discriminant_005,C,-51,discriminant_sign_error,formula_selection,这个选项通常来自discriminant sign error。
jianzisheng_cn_junior_chapter_expansion_v1_cn-junior-g9-quadratic-discriminant_005,D,63,discriminant_sign_error,formula_selection,这个选项通常来自discriminant sign error。
jianzisheng_cn_junior_chapter_expansion_v1_cn-junior-g9-quadratic-discriminant_005,E,-69,discriminant_sign_error,formula_selection,这个选项通常来自discriminant sign error。
jianzisheng_cn_junior_chapter_expansion_v1_cn-junior-g9-quadratic-discriminant_006,B,4,discriminant_sign_error,formula_selection,这个选项通常来自discriminant sign error。
jianzisheng_cn_junior_chapter_expansion_v1_cn-junior-g9-quadratic-discriminant_006,C,16,discriminant_sign_error,formula_selection,这个选项通常来自discriminant sign error。
jianzisheng_cn_junior_chapter_expansion_v1_cn-junior-g9-quadratic-discriminant_006,D,-28,discriminant_sign_error,formula_selection,这个选项通常来自discriminant sign error。
jianzisheng_cn_junior_chapter_expansion_v1_cn-junior-g9-quadratic-discriminant_006,E,32,discriminant_sign_error,formula_selection,这个选项通常来自discriminant sign error。
jianzisheng_cn_junior_chapter_expansion_v1_cn-junior-g9-quadratic-discriminant_007,A,17,discriminant_sign_error,formula_selection,这个选项通常来自discriminant sign error。
jianzisheng_cn_junior_chapter_expansion_v1_cn-junior-g9-quadratic-discriminant_007,B,13,discriminant_sign_error,formula_selection,这个选项通常来自discriminant sign error。
jianzisheng_cn_junior_chapter_expansion_v1_cn-junior-g9-quadratic-discriminant_007,C,-33,discriminant_sign_error,formula_selection,这个选项通常来自discriminant sign error。
jianzisheng_cn_junior_chapter_expansion_v1_cn-junior-g9-quadratic-discriminant_007,D,37,discriminant_sign_error,formula_selection,这个选项通常来自discriminant sign error。
jianzisheng_cn_junior_chapter_expansion_v1_cn-junior-g9-quadratic-discriminant_008,A,-6,discriminant_sign_error,formula_selection,这个选项通常来自discriminant sign error。
jianzisheng_cn_junior_chapter_expansion_v1_cn-junior-g9-quadratic-discriminant_008,B,-24,discriminant_sign_error,formula_selection,这个选项通常来自discriminant sign error。
jianzisheng_cn_junior_chapter_expansion_v1_cn-junior-g9-quadratic-discriminant_008,C,28,discriminant_sign_error,formula_selection,这个选项通常来自discriminant sign error。
jianzisheng_cn_junior_chapter_expansion_v1_cn-junior-g9-quadratic-discriminant_008,E,48,discriminant_sign_error,formula_selection,这个选项通常来自discriminant sign error。
jianzisheng_cn_junior_chapter_expansion_v1_cn-junior-g9-quadratic-discriminant_009,A,-37,discriminant_sign_error,formula_selection,这个选项通常来自discriminant sign error。
jianzisheng_cn_junior_chapter_expansion_v1_cn-junior-g9-quadratic-discriminant_009,B,41,discriminant_sign_error,formula_selection,这个选项通常来自discriminant sign error。
jianzisheng_cn_junior_chapter_expansion_v1_cn-junior-g9-quadratic-discriminant_009,D,61,discriminant_sign_error,formula_selection,这个选项通常来自discriminant sign error。
jianzisheng_cn_junior_chapter_expansion_v1_cn-junior-g9-quadratic-discriminant_009,E,-5,discriminant_sign_error,formula_selection,这个选项通常来自discriminant sign error。
jianzisheng_cn_junior_chapter_expansion_v1_cn-junior-g9-quadratic-discriminant_010,A,28,discriminant_sign_error,formula_selection,这个选项通常来自discriminant sign error。
jianzisheng_cn_junior_chapter_expansion_v1_cn-junior-g9-quadratic-discriminant_010,C,104,discriminant_sign_error,formula_selection,这个选项通常来自discriminant sign error。
jianzisheng_cn_junior_chapter_expansion_v1_cn-junior-g9-quadratic-discriminant_010,D,-32,discriminant_sign_error,formula_selection,这个选项通常来自discriminant sign error。
jianzisheng_cn_junior_chapter_expansion_v1_cn-junior-g9-quadratic-discriminant_010,E,-24,discriminant_sign_error,formula_selection,这个选项通常来自discriminant sign error。
jianzisheng_cn_junior_chapter_expansion_v1_cn-junior-g9-quadratic-discriminant_011,B,16,discriminant_sign_error,formula_selection,这个选项通常来自discriminant sign error。
jianzisheng_cn_junior_chapter_expansion_v1_cn-junior-g9-quadratic-discriminant_011,C,40,discriminant_sign_error,formula_selection,这个选项通常来自discriminant sign error。
jianzisheng_cn_junior_chapter_expansion_v1_cn-junior-g9-quadratic-discriminant_011,D,-112,discriminant_sign_error,formula_selection,这个选项通常来自discriminant sign error。
jianzisheng_cn_junior_chapter_expansion_v1_cn-junior-g9-quadratic-discriminant_011,E,116,discriminant_sign_error,formula_selection,这个选项通常来自discriminant sign error。
jianzisheng_cn_junior_chapter_expansion_v1_cn-junior-g9-quadratic-discriminant_012,A,41,discriminant_sign_error,formula_selection,这个选项通常来自discriminant sign error。
jianzisheng_cn_junior_chapter_expansion_v1_cn-junior-g9-quadratic-discriminant_012,B,1,discriminant_sign_error,formula_selection,这个选项通常来自discriminant sign error。
jianzisheng_cn_junior_chapter_expansion_v1_cn-junior-g9-quadratic-discriminant_012,C,-57,discriminant_sign_error,formula_selection,这个选项通常来自discriminant sign error。
jianzisheng_cn_junior_chapter_expansion_v1_cn-junior-g9-quadratic-discriminant_012,D,61,discriminant_sign_error,formula_selection,这个选项通常来自discriminant sign error。
jianzisheng_cn_junior_chapter_expansion_v1_cn-junior-g9-quadratic-discriminant_013,A,-36,discriminant_sign_error,formula_selection,这个选项通常来自discriminant sign error。
jianzisheng_cn_junior_chapter_expansion_v1_cn-junior-g9-quadratic-discriminant_013,B,40,discriminant_sign_error,formula_selection,这个选项通常来自discriminant sign error。
jianzisheng_cn_junior_chapter_expansion_v1_cn-junior-g9-quadratic-discriminant_013,C,41,discriminant_sign_error,formula_selection,这个选项通常来自discriminant sign error。
jianzisheng_cn_junior_chapter_expansion_v1_cn-junior-g9-quadratic-discriminant_013,E,-6,discriminant_sign_error,formula_selection,这个选项通常来自discriminant sign error。
jianzisheng_cn_junior_chapter_expansion_v1_cn-junior-g9-quadratic-discriminant_014,A,-1,discriminant_sign_error,formula_selection,这个选项通常来自discriminant sign error。
jianzisheng_cn_junior_chapter_expansion_v1_cn-junior-g9-quadratic-discriminant_014,B,5,discriminant_sign_error,formula_selection,这个选项通常来自discriminant sign error。
jianzisheng_cn_junior_chapter_expansion_v1_cn-junior-g9-quadratic-discriminant_014,D,49,discriminant_sign_error,formula_selection,这个选项通常来自discriminant sign error。
jianzisheng_cn_junior_chapter_expansion_v1_cn-junior-g9-quadratic-discriminant_014,E,-29,discriminant_sign_error,formula_selection,这个选项通常来自discriminant sign error。
jianzisheng_cn_junior_chapter_expansion_v1_cn-junior-g9-quadratic-modeling_001,B,3或-2,perimeter_area_confusion,modeling,这个选项通常来自perimeter area confusion。
jianzisheng_cn_junior_chapter_expansion_v1_cn-junior-g9-quadratic-modeling_001,C,-1,perimeter_area_confusion,modeling,这个选项通常来自perimeter area confusion。
jianzisheng_cn_junior_chapter_expansion_v1_cn-junior-g9-quadratic-modeling_001,D,-6,perimeter_area_confusion,modeling,这个选项通常来自perimeter area confusion。
jianzisheng_cn_junior_chapter_expansion_v1_cn-junior-g9-quadratic-modeling_001,E,-2或3,perimeter_area_confusion,modeling,这个选项通常来自perimeter area confusion。
jianzisheng_cn_junior_chapter_expansion_v1_cn-junior-g9-quadratic-modeling_002,A,2或-4,perimeter_area_confusion,modeling,这个选项通常来自perimeter area confusion。
jianzisheng_cn_junior_chapter_expansion_v1_cn-junior-g9-quadratic-modeling_002,B,2,perimeter_area_confusion,modeling,这个选项通常来自perimeter area confusion。
jianzisheng_cn_junior_chapter_expansion_v1_cn-junior-g9-quadratic-modeling_002,C,-8,perimeter_area_confusion,modeling,这个选项通常来自perimeter area confusion。
jianzisheng_cn_junior_chapter_expansion_v1_cn-junior-g9-quadratic-modeling_002,D,-1或5,perimeter_area_confusion,modeling,这个选项通常来自perimeter area confusion。
jianzisheng_cn_junior_chapter_expansion_v1_cn-junior-g9-quadratic-modeling_003,A,5,perimeter_area_confusion,modeling,这个选项通常来自perimeter area confusion。
jianzisheng_cn_junior_chapter_expansion_v1_cn-junior-g9-quadratic-modeling_003,B,-6,perimeter_area_confusion,modeling,这个选项通常来自perimeter area confusion。
jianzisheng_cn_junior_chapter_expansion_v1_cn-junior-g9-quadratic-modeling_003,C,0或7,perimeter_area_confusion,modeling,这个选项通常来自perimeter area confusion。
jianzisheng_cn_junior_chapter_expansion_v1_cn-junior-g9-quadratic-modeling_003,E,1或-6,perimeter_area_confusion,modeling,这个选项通常来自perimeter area confusion。
jianzisheng_cn_junior_chapter_expansion_v1_cn-junior-g9-quadratic-modeling_004,A,0,perimeter_area_confusion,modeling,这个选项通常来自perimeter area confusion。
jianzisheng_cn_junior_chapter_expansion_v1_cn-junior-g9-quadratic-modeling_004,B,1或4,perimeter_area_confusion,modeling,这个选项通常来自perimeter area confusion。
jianzisheng_cn_junior_chapter_expansion_v1_cn-junior-g9-quadratic-modeling_004,D,0或-3,perimeter_area_confusion,modeling,这个选项通常来自perimeter area confusion。
jianzisheng_cn_junior_chapter_expansion_v1_cn-junior-g9-quadratic-modeling_004,E,3,perimeter_area_confusion,modeling,这个选项通常来自perimeter area confusion。
jianzisheng_cn_junior_chapter_expansion_v1_cn-junior-g9-quadratic-modeling_005,A,2或6,perimeter_area_confusion,modeling,这个选项通常来自perimeter area confusion。
jianzisheng_cn_junior_chapter_expansion_v1_cn-junior-g9-quadratic-modeling_005,C,-1或-5,perimeter_area_confusion,modeling,这个选项通常来自perimeter area confusion。
jianzisheng_cn_junior_chapter_expansion_v1_cn-junior-g9-quadratic-modeling_005,D,6,perimeter_area_confusion,modeling,这个选项通常来自perimeter area confusion。
jianzisheng_cn_junior_chapter_expansion_v1_cn-junior-g9-quadratic-modeling_005,E,5,perimeter_area_confusion,modeling,这个选项通常来自perimeter area confusion。
jianzisheng_cn_junior_chapter_expansion_v1_cn-junior-g9-quadratic-modeling_006,B,-2或-7,perimeter_area_confusion,modeling,这个选项通常来自perimeter area confusion。
jianzisheng_cn_junior_chapter_expansion_v1_cn-junior-g9-quadratic-modeling_006,C,9,perimeter_area_confusion,modeling,这个选项通常来自perimeter area confusion。
jianzisheng_cn_junior_chapter_expansion_v1_cn-junior-g9-quadratic-modeling_006,D,14,perimeter_area_confusion,modeling,这个选项通常来自perimeter area confusion。
jianzisheng_cn_junior_chapter_expansion_v1_cn-junior-g9-quadratic-modeling_006,E,3或8,perimeter_area_confusion,modeling,这个选项通常来自perimeter area confusion。
jianzisheng_cn_junior_chapter_expansion_v1_cn-junior-g9-quadratic-modeling_007,A,-3或-9,perimeter_area_confusion,modeling,这个选项通常来自perimeter area confusion。
jianzisheng_cn_junior_chapter_expansion_v1_cn-junior-g9-quadratic-modeling_007,B,12,perimeter_area_confusion,modeling,这个选项通常来自perimeter area confusion。
jianzisheng_cn_junior_chapter_expansion_v1_cn-junior-g9-quadratic-modeling_007,C,27,perimeter_area_confusion,modeling,这个选项通常来自perimeter area confusion。
jianzisheng_cn_junior_chapter_expansion_v1_cn-junior-g9-quadratic-modeling_007,D,4或10,perimeter_area_confusion,modeling,这个选项通常来自perimeter area confusion。
jianzisheng_cn_junior_chapter_expansion_v1_cn-junior-g9-quadratic-modeling_008,A,1,perimeter_area_confusion,modeling,这个选项通常来自perimeter area confusion。
jianzisheng_cn_junior_chapter_expansion_v1_cn-junior-g9-quadratic-modeling_008,B,-12,perimeter_area_confusion,modeling,这个选项通常来自perimeter area confusion。
jianzisheng_cn_junior_chapter_expansion_v1_cn-junior-g9-quadratic-modeling_008,C,-2或5,perimeter_area_confusion,modeling,这个选项通常来自perimeter area confusion。
jianzisheng_cn_junior_chapter_expansion_v1_cn-junior-g9-quadratic-modeling_008,E,3或-4,perimeter_area_confusion,modeling,这个选项通常来自perimeter area confusion。
jianzisheng_cn_junior_chapter_expansion_v1_cn-junior-g9-quadratic-modeling_009,A,-2,perimeter_area_confusion,modeling,这个选项通常来自perimeter area confusion。
jianzisheng_cn_junior_chapter_expansion_v1_cn-junior-g9-quadratic-modeling_009,B,-1或2,perimeter_area_confusion,modeling,这个选项通常来自perimeter area confusion。
jianzisheng_cn_junior_chapter_expansion_v1_cn-junior-g9-quadratic-modeling_009,D,2或-1,perimeter_area_confusion,modeling,这个选项通常来自perimeter area confusion。
jianzisheng_cn_junior_chapter_expansion_v1_cn-junior-g9-quadratic-modeling_009,E,-1,perimeter_area_confusion,modeling,这个选项通常来自perimeter area confusion。
jianzisheng_cn_junior_chapter_expansion_v1_cn-junior-g9-quadratic-modeling_010,A,0或4,perimeter_area_confusion,modeling,这个选项通常来自perimeter area confusion。
jianzisheng_cn_junior_chapter_expansion_v1_cn-junior-g9-quadratic-modeling_010,C,1或-3,perimeter_area_confusion,modeling,这个选项通常来自perimeter area confusion。
jianzisheng_cn_junior_chapter_expansion_v1_cn-junior-g9-quadratic-modeling_010,D,2,perimeter_area_confusion,modeling,这个选项通常来自perimeter area confusion。
jianzisheng_cn_junior_chapter_expansion_v1_cn-junior-g9-quadratic-modeling_010,E,-3,perimeter_area_confusion,modeling,这个选项通常来自perimeter area confusion。
jianzisheng_cn_junior_chapter_expansion_v1_cn-junior-g9-quadratic-modeling_011,B,0或-5,perimeter_area_confusion,modeling,这个选项通常来自perimeter area confusion。
jianzisheng_cn_junior_chapter_expansion_v1_cn-junior-g9-quadratic-modeling_011,C,5,perimeter_area_confusion,modeling,这个选项通常来自perimeter area confusion。
jianzisheng_cn_junior_chapter_expansion_v1_cn-junior-g9-quadratic-modeling_011,D,0,perimeter_area_confusion,modeling,这个选项通常来自perimeter area confusion。
jianzisheng_cn_junior_chapter_expansion_v1_cn-junior-g9-quadratic-modeling_011,E,1或6,perimeter_area_confusion,modeling,这个选项通常来自perimeter area confusion。
jianzisheng_cn_junior_chapter_expansion_v1_cn-junior-g9-quadratic-modeling_012,A,-1或-7,perimeter_area_confusion,modeling,这个选项通常来自perimeter area confusion。
jianzisheng_cn_junior_chapter_expansion_v1_cn-junior-g9-quadratic-modeling_012,B,8,perimeter_area_confusion,modeling,这个选项通常来自perimeter area confusion。
jianzisheng_cn_junior_chapter_expansion_v1_cn-junior-g9-quadratic-modeling_012,C,7,perimeter_area_confusion,modeling,这个选项通常来自perimeter area confusion。
jianzisheng_cn_junior_chapter_expansion_v1_cn-junior-g9-quadratic-modeling_012,D,2或8,perimeter_area_confusion,modeling,这个选项通常来自perimeter area confusion。
jianzisheng_cn_junior_chapter_expansion_v1_cn-junior-g9-quadratic-modeling_013,A,11,perimeter_area_confusion,modeling,这个选项通常来自perimeter area confusion。
jianzisheng_cn_junior_chapter_expansion_v1_cn-junior-g9-quadratic-modeling_013,B,18,perimeter_area_confusion,modeling,这个选项通常来自perimeter area confusion。
jianzisheng_cn_junior_chapter_expansion_v1_cn-junior-g9-quadratic-modeling_013,C,3或10,perimeter_area_confusion,modeling,这个选项通常来自perimeter area confusion。
jianzisheng_cn_junior_chapter_expansion_v1_cn-junior-g9-quadratic-modeling_013,E,-2或-9,perimeter_area_confusion,modeling,这个选项通常来自perimeter area confusion。
jianzisheng_cn_junior_chapter_expansion_v1_cn-junior-g9-quadratic-modeling_014,A,18,perimeter_area_confusion,modeling,这个选项通常来自perimeter area confusion。
jianzisheng_cn_junior_chapter_expansion_v1_cn-junior-g9-quadratic-modeling_014,B,4或7,perimeter_area_confusion,modeling,这个选项通常来自perimeter area confusion。
jianzisheng_cn_junior_chapter_expansion_v1_cn-junior-g9-quadratic-modeling_014,D,-3或-6,perimeter_area_confusion,modeling,这个选项通常来自perimeter area confusion。
jianzisheng_cn_junior_chapter_expansion_v1_cn-junior-g9-quadratic-modeling_014,E,9,perimeter_area_confusion,modeling,这个选项通常来自perimeter area confusion。
jianzisheng_cn_junior_chapter_expansion_v1_cn-junior-g9-arc-length_001,B,22π,circumference_full_circle_error,formula_selection,这个选项通常来自circumference full circle error。
jianzisheng_cn_junior_chapter_expansion_v1_cn-junior-g9-arc-length_001,C,121π,circumference_full_circle_error,formula_selection,这个选项通常来自circumference full circle error。
jianzisheng_cn_junior_chapter_expansion_v1_cn-junior-g9-arc-length_001,D,90,circumference_full_circle_error,formula_selection,这个选项通常来自circumference full circle error。
jianzisheng_cn_junior_chapter_expansion_v1_cn-junior-g9-arc-length_001,E,11π+5,circumference_full_circle_error,formula_selection,这个选项通常来自circumference full circle error。
jianzisheng_cn_junior_chapter_expansion_v1_cn-junior-g9-arc-length_002,A,24π,circumference_full_circle_error,formula_selection,这个选项通常来自circumference full circle error。
jianzisheng_cn_junior_chapter_expansion_v1_cn-junior-g9-arc-length_002,B,144π,circumference_full_circle_error,formula_selection,这个选项通常来自circumference full circle error。
jianzisheng_cn_junior_chapter_expansion_v1_cn-junior-g9-arc-length_002,C,12π,circumference_full_circle_error,formula_selection,这个选项通常来自circumference full circle error。
jianzisheng_cn_junior_chapter_expansion_v1_cn-junior-g9-arc-length_002,D,30,circumference_full_circle_error,formula_selection,这个选项通常来自circumference full circle error。
jianzisheng_cn_junior_chapter_expansion_v1_cn-junior-g9-arc-length_003,A,16π,circumference_full_circle_error,formula_selection,这个选项通常来自circumference full circle error。
jianzisheng_cn_junior_chapter_expansion_v1_cn-junior-g9-arc-length_003,B,4π,circumference_full_circle_error,formula_selection,这个选项通常来自circumference full circle error。
jianzisheng_cn_junior_chapter_expansion_v1_cn-junior-g9-arc-length_003,C,45,circumference_full_circle_error,formula_selection,这个选项通常来自circumference full circle error。
jianzisheng_cn_junior_chapter_expansion_v1_cn-junior-g9-arc-length_003,E,8π,circumference_full_circle_error,formula_selection,这个选项通常来自circumference full circle error。
jianzisheng_cn_junior_chapter_expansion_v1_cn-junior-g9-arc-length_004,A,5π,circumference_full_circle_error,formula_selection,这个选项通常来自circumference full circle error。
jianzisheng_cn_junior_chapter_expansion_v1_cn-junior-g9-arc-length_004,B,60,circumference_full_circle_error,formula_selection,这个选项通常来自circumference full circle error。
jianzisheng_cn_junior_chapter_expansion_v1_cn-junior-g9-arc-length_004,D,10π,circumference_full_circle_error,formula_selection,这个选项通常来自circumference full circle error。
jianzisheng_cn_junior_chapter_expansion_v1_cn-junior-g9-arc-length_004,E,25π,circumference_full_circle_error,formula_selection,这个选项通常来自circumference full circle error。
jianzisheng_cn_junior_chapter_expansion_v1_cn-junior-g9-arc-length_005,A,6π+5,circumference_full_circle_error,formula_selection,这个选项通常来自circumference full circle error。
jianzisheng_cn_junior_chapter_expansion_v1_cn-junior-g9-arc-length_005,C,12π,circumference_full_circle_error,formula_selection,这个选项通常来自circumference full circle error。
jianzisheng_cn_junior_chapter_expansion_v1_cn-junior-g9-arc-length_005,D,36π,circumference_full_circle_error,formula_selection,这个选项通常来自circumference full circle error。
jianzisheng_cn_junior_chapter_expansion_v1_cn-junior-g9-arc-length_005,E,90,circumference_full_circle_error,formula_selection,这个选项通常来自circumference full circle error。
jianzisheng_cn_junior_chapter_expansion_v1_cn-junior-g9-arc-length_006,B,14π,circumference_full_circle_error,formula_selection,这个选项通常来自circumference full circle error。
jianzisheng_cn_junior_chapter_expansion_v1_cn-junior-g9-arc-length_006,C,49π,circumference_full_circle_error,formula_selection,这个选项通常来自circumference full circle error。
jianzisheng_cn_junior_chapter_expansion_v1_cn-junior-g9-arc-length_006,D,7π,circumference_full_circle_error,formula_selection,这个选项通常来自circumference full circle error。
jianzisheng_cn_junior_chapter_expansion_v1_cn-junior-g9-arc-length_006,E,30,circumference_full_circle_error,formula_selection,这个选项通常来自circumference full circle error。
jianzisheng_cn_junior_chapter_expansion_v1_cn-junior-g9-arc-length_007,A,16π,circumference_full_circle_error,formula_selection,这个选项通常来自circumference full circle error。
jianzisheng_cn_junior_chapter_expansion_v1_cn-junior-g9-arc-length_007,B,64π,circumference_full_circle_error,formula_selection,这个选项通常来自circumference full circle error。
jianzisheng_cn_junior_chapter_expansion_v1_cn-junior-g9-arc-length_007,C,8π,circumference_full_circle_error,formula_selection,这个选项通常来自circumference full circle error。
jianzisheng_cn_junior_chapter_expansion_v1_cn-junior-g9-arc-length_007,D,45,circumference_full_circle_error,formula_selection,这个选项通常来自circumference full circle error。
jianzisheng_cn_junior_chapter_expansion_v1_cn-junior-g9-arc-length_008,A,81π,circumference_full_circle_error,formula_selection,这个选项通常来自circumference full circle error。
jianzisheng_cn_junior_chapter_expansion_v1_cn-junior-g9-arc-length_008,B,9π,circumference_full_circle_error,formula_selection,这个选项通常来自circumference full circle error。
jianzisheng_cn_junior_chapter_expansion_v1_cn-junior-g9-arc-length_008,C,60,circumference_full_circle_error,formula_selection,这个选项通常来自circumference full circle error。
jianzisheng_cn_junior_chapter_expansion_v1_cn-junior-g9-arc-length_008,E,18π,circumference_full_circle_error,formula_selection,这个选项通常来自circumference full circle error。
jianzisheng_cn_junior_chapter_expansion_v1_cn-junior-g9-arc-length_009,A,90,circumference_full_circle_error,formula_selection,这个选项通常来自circumference full circle error。
jianzisheng_cn_junior_chapter_expansion_v1_cn-junior-g9-arc-length_009,B,10π+5,circumference_full_circle_error,formula_selection,这个选项通常来自circumference full circle error。
jianzisheng_cn_junior_chapter_expansion_v1_cn-junior-g9-arc-length_009,D,20π,circumference_full_circle_error,formula_selection,这个选项通常来自circumference full circle error。
jianzisheng_cn_junior_chapter_expansion_v1_cn-junior-g9-arc-length_009,E,100π,circumference_full_circle_error,formula_selection,这个选项通常来自circumference full circle error。
jianzisheng_cn_junior_chapter_expansion_v1_cn-junior-g9-arc-length_010,A,30,circumference_full_circle_error,formula_selection,这个选项通常来自circumference full circle error。
jianzisheng_cn_junior_chapter_expansion_v1_cn-junior-g9-arc-length_010,C,22π,circumference_full_circle_error,formula_selection,这个选项通常来自circumference full circle error。
jianzisheng_cn_junior_chapter_expansion_v1_cn-junior-g9-arc-length_010,D,121π,circumference_full_circle_error,formula_selection,这个选项通常来自circumference full circle error。
jianzisheng_cn_junior_chapter_expansion_v1_cn-junior-g9-arc-length_010,E,11π,circumference_full_circle_error,formula_selection,这个选项通常来自circumference full circle error。
jianzisheng_cn_junior_chapter_expansion_v1_cn-junior-g9-arc-length_011,B,24π,circumference_full_circle_error,formula_selection,这个选项通常来自circumference full circle error。
jianzisheng_cn_junior_chapter_expansion_v1_cn-junior-g9-arc-length_011,C,144π,circumference_full_circle_error,formula_selection,这个选项通常来自circumference full circle error。
jianzisheng_cn_junior_chapter_expansion_v1_cn-junior-g9-arc-length_011,D,12π,circumference_full_circle_error,formula_selection,这个选项通常来自circumference full circle error。
jianzisheng_cn_junior_chapter_expansion_v1_cn-junior-g9-arc-length_011,E,45,circumference_full_circle_error,formula_selection,这个选项通常来自circumference full circle error。
jianzisheng_cn_junior_chapter_expansion_v1_cn-junior-g9-arc-length_012,A,8π,circumference_full_circle_error,formula_selection,这个选项通常来自circumference full circle error。
jianzisheng_cn_junior_chapter_expansion_v1_cn-junior-g9-arc-length_012,B,16π,circumference_full_circle_error,formula_selection,这个选项通常来自circumference full circle error。
jianzisheng_cn_junior_chapter_expansion_v1_cn-junior-g9-arc-length_012,C,4π,circumference_full_circle_error,formula_selection,这个选项通常来自circumference full circle error。
jianzisheng_cn_junior_chapter_expansion_v1_cn-junior-g9-arc-length_012,D,60,circumference_full_circle_error,formula_selection,这个选项通常来自circumference full circle error。
jianzisheng_cn_junior_chapter_expansion_v1_cn-junior-g9-arc-length_013,A,25π,circumference_full_circle_error,formula_selection,这个选项通常来自circumference full circle error。
jianzisheng_cn_junior_chapter_expansion_v1_cn-junior-g9-arc-length_013,B,90,circumference_full_circle_error,formula_selection,这个选项通常来自circumference full circle error。
jianzisheng_cn_junior_chapter_expansion_v1_cn-junior-g9-arc-length_013,C,5π+5,circumference_full_circle_error,formula_selection,这个选项通常来自circumference full circle error。
jianzisheng_cn_junior_chapter_expansion_v1_cn-junior-g9-arc-length_013,E,10π,circumference_full_circle_error,formula_selection,这个选项通常来自circumference full circle error。
jianzisheng_cn_junior_chapter_expansion_v1_cn-junior-g9-arc-length_014,A,6π,circumference_full_circle_error,formula_selection,这个选项通常来自circumference full circle error。
jianzisheng_cn_junior_chapter_expansion_v1_cn-junior-g9-arc-length_014,B,30,circumference_full_circle_error,formula_selection,这个选项通常来自circumference full circle error。
jianzisheng_cn_junior_chapter_expansion_v1_cn-junior-g9-arc-length_014,D,12π,circumference_full_circle_error,formula_selection,这个选项通常来自circumference full circle error。
jianzisheng_cn_junior_chapter_expansion_v1_cn-junior-g9-arc-length_014,E,36π,circumference_full_circle_error,formula_selection,这个选项通常来自circumference full circle error。
jianzisheng_cn_junior_chapter_expansion_v1_cn-junior-g9-chord-distance_001,B,23,forget_half_chord,geometric_reasoning,这个选项通常来自forget half chord。
jianzisheng_cn_junior_chapter_expansion_v1_cn-junior-g9-chord-distance_001,C,7,forget_half_chord,geometric_reasoning,这个选项通常来自forget half chord。
jianzisheng_cn_junior_chapter_expansion_v1_cn-junior-g9-chord-distance_001,D,18,forget_half_chord,geometric_reasoning,这个选项通常来自forget half chord。
jianzisheng_cn_junior_chapter_expansion_v1_cn-junior-g9-chord-distance_001,E,15,forget_half_chord,geometric_reasoning,这个选项通常来自forget half chord。
jianzisheng_cn_junior_chapter_expansion_v1_cn-junior-g9-chord-distance_002,A,31,forget_half_chord,geometric_reasoning,这个选项通常来自forget half chord。
jianzisheng_cn_junior_chapter_expansion_v1_cn-junior-g9-chord-distance_002,B,17,forget_half_chord,geometric_reasoning,这个选项通常来自forget half chord。
jianzisheng_cn_junior_chapter_expansion_v1_cn-junior-g9-chord-distance_002,C,26,forget_half_chord,geometric_reasoning,这个选项通常来自forget half chord。
jianzisheng_cn_junior_chapter_expansion_v1_cn-junior-g9-chord-distance_002,D,24,forget_half_chord,geometric_reasoning,这个选项通常来自forget half chord。
jianzisheng_cn_junior_chapter_expansion_v1_cn-junior-g9-chord-distance_003,A,3,forget_half_chord,geometric_reasoning,这个选项通常来自forget half chord。
jianzisheng_cn_junior_chapter_expansion_v1_cn-junior-g9-chord-distance_003,B,16,forget_half_chord,geometric_reasoning,这个选项通常来自forget half chord。
jianzisheng_cn_junior_chapter_expansion_v1_cn-junior-g9-chord-distance_003,C,12,forget_half_chord,geometric_reasoning,这个选项通常来自forget half chord。
jianzisheng_cn_junior_chapter_expansion_v1_cn-junior-g9-chord-distance_003,E,21,forget_half_chord,geometric_reasoning,这个选项通常来自forget half chord。
jianzisheng_cn_junior_chapter_expansion_v1_cn-junior-g9-chord-distance_004,A,14,forget_half_chord,geometric_reasoning,这个选项通常来自forget half chord。
jianzisheng_cn_junior_chapter_expansion_v1_cn-junior-g9-chord-distance_004,B,12,forget_half_chord,geometric_reasoning,这个选项通常来自forget half chord。
jianzisheng_cn_junior_chapter_expansion_v1_cn-junior-g9-chord-distance_004,D,17,forget_half_chord,geometric_reasoning,这个选项通常来自forget half chord。
jianzisheng_cn_junior_chapter_expansion_v1_cn-junior-g9-chord-distance_004,E,7,forget_half_chord,geometric_reasoning,这个选项通常来自forget half chord。
jianzisheng_cn_junior_chapter_expansion_v1_cn-junior-g9-chord-distance_005,A,8,forget_half_chord,geometric_reasoning,这个选项通常来自forget half chord。
jianzisheng_cn_junior_chapter_expansion_v1_cn-junior-g9-chord-distance_005,C,14,forget_half_chord,geometric_reasoning,这个选项通常来自forget half chord。
jianzisheng_cn_junior_chapter_expansion_v1_cn-junior-g9-chord-distance_005,D,2,forget_half_chord,geometric_reasoning,这个选项通常来自forget half chord。
jianzisheng_cn_junior_chapter_expansion_v1_cn-junior-g9-chord-distance_005,E,11,forget_half_chord,geometric_reasoning,这个选项通常来自forget half chord。
jianzisheng_cn_junior_chapter_expansion_v1_cn-junior-g9-chord-distance_006,B,23,forget_half_chord,geometric_reasoning,这个选项通常来自forget half chord。
jianzisheng_cn_junior_chapter_expansion_v1_cn-junior-g9-chord-distance_006,C,7,forget_half_chord,geometric_reasoning,这个选项通常来自forget half chord。
jianzisheng_cn_junior_chapter_expansion_v1_cn-junior-g9-chord-distance_006,D,18,forget_half_chord,geometric_reasoning,这个选项通常来自forget half chord。
jianzisheng_cn_junior_chapter_expansion_v1_cn-junior-g9-chord-distance_006,E,15,forget_half_chord,geometric_reasoning,这个选项通常来自forget half chord。
jianzisheng_cn_junior_chapter_expansion_v1_cn-junior-g9-chord-distance_007,A,31,forget_half_chord,geometric_reasoning,这个选项通常来自forget half chord。
jianzisheng_cn_junior_chapter_expansion_v1_cn-junior-g9-chord-distance_007,B,17,forget_half_chord,geometric_reasoning,这个选项通常来自forget half chord。
jianzisheng_cn_junior_chapter_expansion_v1_cn-junior-g9-chord-distance_007,C,26,forget_half_chord,geometric_reasoning,这个选项通常来自forget half chord。
jianzisheng_cn_junior_chapter_expansion_v1_cn-junior-g9-chord-distance_007,D,24,forget_half_chord,geometric_reasoning,这个选项通常来自forget half chord。
jianzisheng_cn_junior_chapter_expansion_v1_cn-junior-g9-chord-distance_008,A,3,forget_half_chord,geometric_reasoning,这个选项通常来自forget half chord。
jianzisheng_cn_junior_chapter_expansion_v1_cn-junior-g9-chord-distance_008,B,16,forget_half_chord,geometric_reasoning,这个选项通常来自forget half chord。
jianzisheng_cn_junior_chapter_expansion_v1_cn-junior-g9-chord-distance_008,C,12,forget_half_chord,geometric_reasoning,这个选项通常来自forget half chord。
jianzisheng_cn_junior_chapter_expansion_v1_cn-junior-g9-chord-distance_008,E,21,forget_half_chord,geometric_reasoning,这个选项通常来自forget half chord。
jianzisheng_cn_junior_chapter_expansion_v1_cn-junior-g9-chord-distance_009,A,14,forget_half_chord,geometric_reasoning,这个选项通常来自forget half chord。
jianzisheng_cn_junior_chapter_expansion_v1_cn-junior-g9-chord-distance_009,B,12,forget_half_chord,geometric_reasoning,这个选项通常来自forget half chord。
jianzisheng_cn_junior_chapter_expansion_v1_cn-junior-g9-chord-distance_009,D,17,forget_half_chord,geometric_reasoning,这个选项通常来自forget half chord。
jianzisheng_cn_junior_chapter_expansion_v1_cn-junior-g9-chord-distance_009,E,7,forget_half_chord,geometric_reasoning,这个选项通常来自forget half chord。
jianzisheng_cn_junior_chapter_expansion_v1_cn-junior-g9-chord-distance_010,A,8,forget_half_chord,geometric_reasoning,这个选项通常来自forget half chord。
jianzisheng_cn_junior_chapter_expansion_v1_cn-junior-g9-chord-distance_010,C,14,forget_half_chord,geometric_reasoning,这个选项通常来自forget half chord。
jianzisheng_cn_junior_chapter_expansion_v1_cn-junior-g9-chord-distance_010,D,2,forget_half_chord,geometric_reasoning,这个选项通常来自forget half chord。
jianzisheng_cn_junior_chapter_expansion_v1_cn-junior-g9-chord-distance_010,E,11,forget_half_chord,geometric_reasoning,这个选项通常来自forget half chord。
jianzisheng_cn_junior_chapter_expansion_v1_cn-junior-g9-chord-distance_011,B,23,forget_half_chord,geometric_reasoning,这个选项通常来自forget half chord。
jianzisheng_cn_junior_chapter_expansion_v1_cn-junior-g9-chord-distance_011,C,7,forget_half_chord,geometric_reasoning,这个选项通常来自forget half chord。
jianzisheng_cn_junior_chapter_expansion_v1_cn-junior-g9-chord-distance_011,D,18,forget_half_chord,geometric_reasoning,这个选项通常来自forget half chord。
jianzisheng_cn_junior_chapter_expansion_v1_cn-junior-g9-chord-distance_011,E,15,forget_half_chord,geometric_reasoning,这个选项通常来自forget half chord。
jianzisheng_cn_junior_chapter_expansion_v1_cn-junior-g9-chord-distance_012,A,31,forget_half_chord,geometric_reasoning,这个选项通常来自forget half chord。
jianzisheng_cn_junior_chapter_expansion_v1_cn-junior-g9-chord-distance_012,B,17,forget_half_chord,geometric_reasoning,这个选项通常来自forget half chord。
jianzisheng_cn_junior_chapter_expansion_v1_cn-junior-g9-chord-distance_012,C,26,forget_half_chord,geometric_reasoning,这个选项通常来自forget half chord。
jianzisheng_cn_junior_chapter_expansion_v1_cn-junior-g9-chord-distance_012,D,24,forget_half_chord,geometric_reasoning,这个选项通常来自forget half chord。
jianzisheng_cn_junior_chapter_expansion_v1_cn-junior-g9-chord-distance_013,A,3,forget_half_chord,geometric_reasoning,这个选项通常来自forget half chord。
jianzisheng_cn_junior_chapter_expansion_v1_cn-junior-g9-chord-distance_013,B,16,forget_half_chord,geometric_reasoning,这个选项通常来自forget half chord。
jianzisheng_cn_junior_chapter_expansion_v1_cn-junior-g9-chord-distance_013,C,12,forget_half_chord,geometric_reasoning,这个选项通常来自forget half chord。
jianzisheng_cn_junior_chapter_expansion_v1_cn-junior-g9-chord-distance_013,E,21,forget_half_chord,geometric_reasoning,这个选项通常来自forget half chord。
jianzisheng_cn_junior_chapter_expansion_v1_cn-junior-g9-chord-distance_014,A,14,forget_half_chord,geometric_reasoning,这个选项通常来自forget half chord。
jianzisheng_cn_junior_chapter_expansion_v1_cn-junior-g9-chord-distance_014,B,12,forget_half_chord,geometric_reasoning,这个选项通常来自forget half chord。
jianzisheng_cn_junior_chapter_expansion_v1_cn-junior-g9-chord-distance_014,D,17,forget_half_chord,geometric_reasoning,这个选项通常来自forget half chord。
jianzisheng_cn_junior_chapter_expansion_v1_cn-junior-g9-chord-distance_014,E,7,forget_half_chord,geometric_reasoning,这个选项通常来自forget half chord。
jianzisheng_cn_junior_chapter_expansion_v1_cn-junior-g9-similarity-application_001,B,24,additive_scaling_error,modeling,这个选项通常来自additive scaling error。
jianzisheng_cn_junior_chapter_expansion_v1_cn-junior-g9-similarity-application_001,C,14,additive_scaling_error,modeling,这个选项通常来自additive scaling error。
jianzisheng_cn_junior_chapter_expansion_v1_cn-junior-g9-similarity-application_001,D,2,additive_scaling_error,modeling,这个选项通常来自additive scaling error。
jianzisheng_cn_junior_chapter_expansion_v1_cn-junior-g9-similarity-application_001,E,48,additive_scaling_error,modeling,这个选项通常来自additive scaling error。
jianzisheng_cn_junior_chapter_expansion_v1_cn-junior-g9-similarity-application_002,A,19,additive_scaling_error,modeling,这个选项通常来自additive scaling error。
jianzisheng_cn_junior_chapter_expansion_v1_cn-junior-g9-similarity-application_002,B,13,additive_scaling_error,modeling,这个选项通常来自additive scaling error。
jianzisheng_cn_junior_chapter_expansion_v1_cn-junior-g9-similarity-application_002,C,6,additive_scaling_error,modeling,这个选项通常来自additive scaling error。
jianzisheng_cn_junior_chapter_expansion_v1_cn-junior-g9-similarity-application_002,D,26,additive_scaling_error,modeling,这个选项通常来自additive scaling error。
jianzisheng_cn_junior_chapter_expansion_v1_cn-junior-g9-similarity-application_003,A,7,additive_scaling_error,modeling,这个选项通常来自additive scaling error。
jianzisheng_cn_junior_chapter_expansion_v1_cn-junior-g9-similarity-application_003,B,1,additive_scaling_error,modeling,这个选项通常来自additive scaling error。
jianzisheng_cn_junior_chapter_expansion_v1_cn-junior-g9-similarity-application_003,C,17,additive_scaling_error,modeling,这个选项通常来自additive scaling error。
jianzisheng_cn_junior_chapter_expansion_v1_cn-junior-g9-similarity-application_003,E,19,additive_scaling_error,modeling,这个选项通常来自additive scaling error。
jianzisheng_cn_junior_chapter_expansion_v1_cn-junior-g9-similarity-application_004,A,2,additive_scaling_error,modeling,这个选项通常来自additive scaling error。
jianzisheng_cn_junior_chapter_expansion_v1_cn-junior-g9-similarity-application_004,B,29,additive_scaling_error,modeling,这个选项通常来自additive scaling error。
jianzisheng_cn_junior_chapter_expansion_v1_cn-junior-g9-similarity-application_004,D,30,additive_scaling_error,modeling,这个选项通常来自additive scaling error。
jianzisheng_cn_junior_chapter_expansion_v1_cn-junior-g9-similarity-application_004,E,10,additive_scaling_error,modeling,这个选项通常来自additive scaling error。
jianzisheng_cn_junior_chapter_expansion_v1_cn-junior-g9-similarity-application_005,A,47,additive_scaling_error,modeling,这个选项通常来自additive scaling error。
jianzisheng_cn_junior_chapter_expansion_v1_cn-junior-g9-similarity-application_005,C,43,additive_scaling_error,modeling,这个选项通常来自additive scaling error。
jianzisheng_cn_junior_chapter_expansion_v1_cn-junior-g9-similarity-application_005,D,13,additive_scaling_error,modeling,这个选项通常来自additive scaling error。
jianzisheng_cn_junior_chapter_expansion_v1_cn-junior-g9-similarity-application_005,E,2,additive_scaling_error,modeling,这个选项通常来自additive scaling error。
jianzisheng_cn_junior_chapter_expansion_v1_cn-junior-g9-similarity-application_006,B,26,additive_scaling_error,modeling,这个选项通常来自additive scaling error。
jianzisheng_cn_junior_chapter_expansion_v1_cn-junior-g9-similarity-application_006,C,12,additive_scaling_error,modeling,这个选项通常来自additive scaling error。
jianzisheng_cn_junior_chapter_expansion_v1_cn-junior-g9-similarity-application_006,D,5,additive_scaling_error,modeling,这个选项通常来自additive scaling error。
jianzisheng_cn_junior_chapter_expansion_v1_cn-junior-g9-similarity-application_006,E,28,additive_scaling_error,modeling,这个选项通常来自additive scaling error。
jianzisheng_cn_junior_chapter_expansion_v1_cn-junior-g9-similarity-application_007,A,39,additive_scaling_error,modeling,这个选项通常来自additive scaling error。
jianzisheng_cn_junior_chapter_expansion_v1_cn-junior-g9-similarity-application_007,B,15,additive_scaling_error,modeling,这个选项通常来自additive scaling error。
jianzisheng_cn_junior_chapter_expansion_v1_cn-junior-g9-similarity-application_007,C,4,additive_scaling_error,modeling,这个选项通常来自additive scaling error。
jianzisheng_cn_junior_chapter_expansion_v1_cn-junior-g9-similarity-application_007,D,45,additive_scaling_error,modeling,这个选项通常来自additive scaling error。
jianzisheng_cn_junior_chapter_expansion_v1_cn-junior-g9-similarity-application_008,A,9,additive_scaling_error,modeling,这个选项通常来自additive scaling error。
jianzisheng_cn_junior_chapter_expansion_v1_cn-junior-g9-similarity-application_008,B,1,additive_scaling_error,modeling,这个选项通常来自additive scaling error。
jianzisheng_cn_junior_chapter_expansion_v1_cn-junior-g9-similarity-application_008,C,23,additive_scaling_error,modeling,这个选项通常来自additive scaling error。
jianzisheng_cn_junior_chapter_expansion_v1_cn-junior-g9-similarity-application_008,E,17,additive_scaling_error,modeling,这个选项通常来自additive scaling error。
jianzisheng_cn_junior_chapter_expansion_v1_cn-junior-g9-similarity-application_009,A,1,additive_scaling_error,modeling,这个选项通常来自additive scaling error。
jianzisheng_cn_junior_chapter_expansion_v1_cn-junior-g9-similarity-application_009,B,39,additive_scaling_error,modeling,这个选项通常来自additive scaling error。
jianzisheng_cn_junior_chapter_expansion_v1_cn-junior-g9-similarity-application_009,D,27,additive_scaling_error,modeling,这个选项通常来自additive scaling error。
jianzisheng_cn_junior_chapter_expansion_v1_cn-junior-g9-similarity-application_009,E,12,additive_scaling_error,modeling,这个选项通常来自additive scaling error。
jianzisheng_cn_junior_chapter_expansion_v1_cn-junior-g9-similarity-application_010,A,23,additive_scaling_error,modeling,这个选项通常来自additive scaling error。
jianzisheng_cn_junior_chapter_expansion_v1_cn-junior-g9-similarity-application_010,C,19,additive_scaling_error,modeling,这个选项通常来自additive scaling error。
jianzisheng_cn_junior_chapter_expansion_v1_cn-junior-g9-similarity-application_010,D,11,additive_scaling_error,modeling,这个选项通常来自additive scaling error。
jianzisheng_cn_junior_chapter_expansion_v1_cn-junior-g9-similarity-application_010,E,5,additive_scaling_error,modeling,这个选项通常来自additive scaling error。
jianzisheng_cn_junior_chapter_expansion_v1_cn-junior-g9-similarity-application_011,B,29,additive_scaling_error,modeling,这个选项通常来自additive scaling error。
jianzisheng_cn_junior_chapter_expansion_v1_cn-junior-g9-similarity-application_011,C,14,additive_scaling_error,modeling,这个选项通常来自additive scaling error。
jianzisheng_cn_junior_chapter_expansion_v1_cn-junior-g9-similarity-application_011,D,4,additive_scaling_error,modeling,这个选项通常来自additive scaling error。
jianzisheng_cn_junior_chapter_expansion_v1_cn-junior-g9-similarity-application_011,E,39,additive_scaling_error,modeling,这个选项通常来自additive scaling error。
jianzisheng_cn_junior_chapter_expansion_v1_cn-junior-g9-similarity-application_012,A,32,additive_scaling_error,modeling,这个选项通常来自additive scaling error。
jianzisheng_cn_junior_chapter_expansion_v1_cn-junior-g9-similarity-application_012,B,8,additive_scaling_error,modeling,这个选项通常来自additive scaling error。
jianzisheng_cn_junior_chapter_expansion_v1_cn-junior-g9-similarity-application_012,C,1,additive_scaling_error,modeling,这个选项通常来自additive scaling error。
jianzisheng_cn_junior_chapter_expansion_v1_cn-junior-g9-similarity-application_012,D,23,additive_scaling_error,modeling,这个选项通常来自additive scaling error。
jianzisheng_cn_junior_chapter_expansion_v1_cn-junior-g9-similarity-application_013,A,11,additive_scaling_error,modeling,这个选项通常来自additive scaling error。
jianzisheng_cn_junior_chapter_expansion_v1_cn-junior-g9-similarity-application_013,B,1,additive_scaling_error,modeling,这个选项通常来自additive scaling error。
jianzisheng_cn_junior_chapter_expansion_v1_cn-junior-g9-similarity-application_013,C,38,additive_scaling_error,modeling,这个选项通常来自additive scaling error。
jianzisheng_cn_junior_chapter_expansion_v1_cn-junior-g9-similarity-application_013,E,46,additive_scaling_error,modeling,这个选项通常来自additive scaling error。
jianzisheng_cn_junior_chapter_expansion_v1_cn-junior-g9-similarity-application_014,A,4,additive_scaling_error,modeling,这个选项通常来自additive scaling error。
jianzisheng_cn_junior_chapter_expansion_v1_cn-junior-g9-similarity-application_014,B,25,additive_scaling_error,modeling,这个选项通常来自additive scaling error。
jianzisheng_cn_junior_chapter_expansion_v1_cn-junior-g9-similarity-application_014,D,26,additive_scaling_error,modeling,这个选项通常来自additive scaling error。
jianzisheng_cn_junior_chapter_expansion_v1_cn-junior-g9-similarity-application_014,E,10,additive_scaling_error,modeling,这个选项通常来自additive scaling error。
jianzisheng_cn_junior_chapter_expansion_v1_cn-junior-g9-probability-two-step_001,B,4/5,unneeded_second_step_error,operation_selection,这个选项通常来自unneeded second step error。
jianzisheng_cn_junior_chapter_expansion_v1_cn-junior-g9-probability-two-step_001,C,2/8,unneeded_second_step_error,operation_selection,这个选项通常来自unneeded second step error。
jianzisheng_cn_junior_chapter_expansion_v1_cn-junior-g9-probability-two-step_001,D,1,unneeded_second_step_error,operation_selection,这个选项通常来自unneeded second step error。
jianzisheng_cn_junior_chapter_expansion_v1_cn-junior-g9-probability-two-step_001,E,3/10,unneeded_second_step_error,operation_selection,这个选项通常来自unneeded second step error。
jianzisheng_cn_junior_chapter_expansion_v1_cn-junior-g9-probability-two-step_002,A,10/13,unneeded_second_step_error,operation_selection,这个选项通常来自unneeded second step error。
jianzisheng_cn_junior_chapter_expansion_v1_cn-junior-g9-probability-two-step_002,B,3/10,unneeded_second_step_error,operation_selection,这个选项通常来自unneeded second step error。
jianzisheng_cn_junior_chapter_expansion_v1_cn-junior-g9-probability-two-step_002,C,1,unneeded_second_step_error,operation_selection,这个选项通常来自unneeded second step error。
jianzisheng_cn_junior_chapter_expansion_v1_cn-junior-g9-probability-two-step_002,D,4/13,unneeded_second_step_error,operation_selection,这个选项通常来自unneeded second step error。
jianzisheng_cn_junior_chapter_expansion_v1_cn-junior-g9-probability-two-step_003,A,4/3,unneeded_second_step_error,operation_selection,这个选项通常来自unneeded second step error。
jianzisheng_cn_junior_chapter_expansion_v1_cn-junior-g9-probability-two-step_003,B,1,unneeded_second_step_error,operation_selection,这个选项通常来自unneeded second step error。
jianzisheng_cn_junior_chapter_expansion_v1_cn-junior-g9-probability-two-step_003,C,5/7,unneeded_second_step_error,operation_selection,这个选项通常来自unneeded second step error。
jianzisheng_cn_junior_chapter_expansion_v1_cn-junior-g9-probability-two-step_003,E,3/7,unneeded_second_step_error,operation_selection,这个选项通常来自unneeded second step error。
jianzisheng_cn_junior_chapter_expansion_v1_cn-junior-g9-probability-two-step_004,A,3/5,unneeded_second_step_error,operation_selection,这个选项通常来自unneeded second step error。
jianzisheng_cn_junior_chapter_expansion_v1_cn-junior-g9-probability-two-step_004,B,6/2,unneeded_second_step_error,operation_selection,这个选项通常来自unneeded second step error。
jianzisheng_cn_junior_chapter_expansion_v1_cn-junior-g9-probability-two-step_004,D,5/5,unneeded_second_step_error,operation_selection,这个选项通常来自unneeded second step error。
jianzisheng_cn_junior_chapter_expansion_v1_cn-junior-g9-probability-two-step_004,E,1,unneeded_second_step_error,operation_selection,这个选项通常来自unneeded second step error。
jianzisheng_cn_junior_chapter_expansion_v1_cn-junior-g9-probability-two-step_005,A,11/13,unneeded_second_step_error,operation_selection,这个选项通常来自unneeded second step error。
jianzisheng_cn_junior_chapter_expansion_v1_cn-junior-g9-probability-two-step_005,C,7/13,unneeded_second_step_error,operation_selection,这个选项通常来自unneeded second step error。
jianzisheng_cn_junior_chapter_expansion_v1_cn-junior-g9-probability-two-step_005,D,6/7,unneeded_second_step_error,operation_selection,这个选项通常来自unneeded second step error。
jianzisheng_cn_junior_chapter_expansion_v1_cn-junior-g9-probability-two-step_005,E,1,unneeded_second_step_error,operation_selection,这个选项通常来自unneeded second step error。
jianzisheng_cn_junior_chapter_expansion_v1_cn-junior-g9-probability-two-step_006,B,9/16,unneeded_second_step_error,operation_selection,这个选项通常来自unneeded second step error。
jianzisheng_cn_junior_chapter_expansion_v1_cn-junior-g9-probability-two-step_006,C,7/9,unneeded_second_step_error,operation_selection,这个选项通常来自unneeded second step error。
jianzisheng_cn_junior_chapter_expansion_v1_cn-junior-g9-probability-two-step_006,D,1,unneeded_second_step_error,operation_selection,这个选项通常来自unneeded second step error。
jianzisheng_cn_junior_chapter_expansion_v1_cn-junior-g9-probability-two-step_006,E,1/2,unneeded_second_step_error,operation_selection,这个选项通常来自unneeded second step error。
jianzisheng_cn_junior_chapter_expansion_v1_cn-junior-g9-probability-two-step_007,A,11/19,unneeded_second_step_error,operation_selection,这个选项通常来自unneeded second step error。
jianzisheng_cn_junior_chapter_expansion_v1_cn-junior-g9-probability-two-step_007,B,8/11,unneeded_second_step_error,operation_selection,这个选项通常来自unneeded second step error。
jianzisheng_cn_junior_chapter_expansion_v1_cn-junior-g9-probability-two-step_007,C,1,unneeded_second_step_error,operation_selection,这个选项通常来自unneeded second step error。
jianzisheng_cn_junior_chapter_expansion_v1_cn-junior-g9-probability-two-step_007,D,9/19,unneeded_second_step_error,operation_selection,这个选项通常来自unneeded second step error。
jianzisheng_cn_junior_chapter_expansion_v1_cn-junior-g9-probability-two-step_008,A,2/4,unneeded_second_step_error,operation_selection,这个选项通常来自unneeded second step error。
jianzisheng_cn_junior_chapter_expansion_v1_cn-junior-g9-probability-two-step_008,B,1,unneeded_second_step_error,operation_selection,这个选项通常来自unneeded second step error。
jianzisheng_cn_junior_chapter_expansion_v1_cn-junior-g9-probability-two-step_008,C,1/2,unneeded_second_step_error,operation_selection,这个选项通常来自unneeded second step error。
jianzisheng_cn_junior_chapter_expansion_v1_cn-junior-g9-probability-two-step_008,E,2/3,unneeded_second_step_error,operation_selection,这个选项通常来自unneeded second step error。
jianzisheng_cn_junior_chapter_expansion_v1_cn-junior-g9-probability-two-step_009,A,1,unneeded_second_step_error,operation_selection,这个选项通常来自unneeded second step error。
jianzisheng_cn_junior_chapter_expansion_v1_cn-junior-g9-probability-two-step_009,B,4/9,unneeded_second_step_error,operation_selection,这个选项通常来自unneeded second step error。
jianzisheng_cn_junior_chapter_expansion_v1_cn-junior-g9-probability-two-step_009,D,2/3,unneeded_second_step_error,operation_selection,这个选项通常来自unneeded second step error。
jianzisheng_cn_junior_chapter_expansion_v1_cn-junior-g9-probability-two-step_009,E,3/6,unneeded_second_step_error,operation_selection,这个选项通常来自unneeded second step error。
jianzisheng_cn_junior_chapter_expansion_v1_cn-junior-g9-probability-two-step_010,A,5/12,unneeded_second_step_error,operation_selection,这个选项通常来自unneeded second step error。
jianzisheng_cn_junior_chapter_expansion_v1_cn-junior-g9-probability-two-step_010,C,2/3,unneeded_second_step_error,operation_selection,这个选项通常来自unneeded second step error。
jianzisheng_cn_junior_chapter_expansion_v1_cn-junior-g9-probability-two-step_010,D,4/8,unneeded_second_step_error,operation_selection,这个选项通常来自unneeded second step error。
jianzisheng_cn_junior_chapter_expansion_v1_cn-junior-g9-probability-two-step_010,E,1,unneeded_second_step_error,operation_selection,这个选项通常来自unneeded second step error。
jianzisheng_cn_junior_chapter_expansion_v1_cn-junior-g9-probability-two-step_011,B,2/3,unneeded_second_step_error,operation_selection,这个选项通常来自unneeded second step error。
jianzisheng_cn_junior_chapter_expansion_v1_cn-junior-g9-probability-two-step_011,C,5/10,unneeded_second_step_error,operation_selection,这个选项通常来自unneeded second step error。
jianzisheng_cn_junior_chapter_expansion_v1_cn-junior-g9-probability-two-step_011,D,1,unneeded_second_step_error,operation_selection,这个选项通常来自unneeded second step error。
jianzisheng_cn_junior_chapter_expansion_v1_cn-junior-g9-probability-two-step_011,E,2/5,unneeded_second_step_error,operation_selection,这个选项通常来自unneeded second step error。
jianzisheng_cn_junior_chapter_expansion_v1_cn-junior-g9-probability-two-step_012,A,1/3,unneeded_second_step_error,operation_selection,这个选项通常来自unneeded second step error。
jianzisheng_cn_junior_chapter_expansion_v1_cn-junior-g9-probability-two-step_012,B,6/3,unneeded_second_step_error,operation_selection,这个选项通常来自unneeded second step error。
jianzisheng_cn_junior_chapter_expansion_v1_cn-junior-g9-probability-two-step_012,C,1,unneeded_second_step_error,operation_selection,这个选项通常来自unneeded second step error。
jianzisheng_cn_junior_chapter_expansion_v1_cn-junior-g9-probability-two-step_012,D,7/9,unneeded_second_step_error,operation_selection,这个选项通常来自unneeded second step error。
jianzisheng_cn_junior_chapter_expansion_v1_cn-junior-g9-probability-two-step_013,A,7/5,unneeded_second_step_error,operation_selection,这个选项通常来自unneeded second step error。
jianzisheng_cn_junior_chapter_expansion_v1_cn-junior-g9-probability-two-step_013,B,1,unneeded_second_step_error,operation_selection,这个选项通常来自unneeded second step error。
jianzisheng_cn_junior_chapter_expansion_v1_cn-junior-g9-probability-two-step_013,C,2/3,unneeded_second_step_error,operation_selection,这个选项通常来自unneeded second step error。
jianzisheng_cn_junior_chapter_expansion_v1_cn-junior-g9-probability-two-step_013,E,5/12,unneeded_second_step_error,operation_selection,这个选项通常来自unneeded second step error。
jianzisheng_cn_junior_chapter_expansion_v1_cn-junior-g9-probability-two-step_014,A,1,unneeded_second_step_error,operation_selection,这个选项通常来自unneeded second step error。
jianzisheng_cn_junior_chapter_expansion_v1_cn-junior-g9-probability-two-step_014,B,3/5,unneeded_second_step_error,operation_selection,这个选项通常来自unneeded second step error。
jianzisheng_cn_junior_chapter_expansion_v1_cn-junior-g9-probability-two-step_014,D,7/15,unneeded_second_step_error,operation_selection,这个选项通常来自unneeded second step error。
jianzisheng_cn_junior_chapter_expansion_v1_cn-junior-g9-probability-two-step_014,E,8/7,unneeded_second_step_error,operation_selection,这个选项通常来自unneeded second step error。
jianzisheng_cn_junior_chapter_expansion_v1_cn-junior-g9-quadratic-x-intercepts_001,B,-15,discriminant_interpretation_error,structure_recognition,这个选项通常来自discriminant interpretation error。
jianzisheng_cn_junior_chapter_expansion_v1_cn-junior-g9-quadratic-x-intercepts_001,C,15,discriminant_interpretation_error,structure_recognition,这个选项通常来自discriminant interpretation error。
jianzisheng_cn_junior_chapter_expansion_v1_cn-junior-g9-quadratic-x-intercepts_001,D,-17,discriminant_interpretation_error,structure_recognition,这个选项通常来自discriminant interpretation error。
jianzisheng_cn_junior_chapter_expansion_v1_cn-junior-g9-quadratic-x-intercepts_001,E,21,discriminant_interpretation_error,structure_recognition,这个选项通常来自discriminant interpretation error。
jianzisheng_cn_junior_chapter_expansion_v1_cn-junior-g9-quadratic-x-intercepts_002,A,4,discriminant_interpretation_error,structure_recognition,这个选项通常来自discriminant interpretation error。
jianzisheng_cn_junior_chapter_expansion_v1_cn-junior-g9-quadratic-x-intercepts_002,B,3,discriminant_interpretation_error,structure_recognition,这个选项通常来自discriminant interpretation error。
jianzisheng_cn_junior_chapter_expansion_v1_cn-junior-g9-quadratic-x-intercepts_002,C,4,discriminant_interpretation_error,structure_recognition,这个选项通常来自discriminant interpretation error。
jianzisheng_cn_junior_chapter_expansion_v1_cn-junior-g9-quadratic-x-intercepts_002,D,5,discriminant_interpretation_error,structure_recognition,这个选项通常来自discriminant interpretation error。
jianzisheng_cn_junior_chapter_expansion_v1_cn-junior-g9-quadratic-x-intercepts_003,A,7,discriminant_interpretation_error,structure_recognition,这个选项通常来自discriminant interpretation error。
jianzisheng_cn_junior_chapter_expansion_v1_cn-junior-g9-quadratic-x-intercepts_003,B,-3,discriminant_interpretation_error,structure_recognition,这个选项通常来自discriminant interpretation error。
jianzisheng_cn_junior_chapter_expansion_v1_cn-junior-g9-quadratic-x-intercepts_003,C,-2,discriminant_interpretation_error,structure_recognition,这个选项通常来自discriminant interpretation error。
jianzisheng_cn_junior_chapter_expansion_v1_cn-junior-g9-quadratic-x-intercepts_003,E,9,discriminant_interpretation_error,structure_recognition,这个选项通常来自discriminant interpretation error。
jianzisheng_cn_junior_chapter_expansion_v1_cn-junior-g9-quadratic-x-intercepts_004,A,28,discriminant_interpretation_error,structure_recognition,这个选项通常来自discriminant interpretation error。
jianzisheng_cn_junior_chapter_expansion_v1_cn-junior-g9-quadratic-x-intercepts_004,B,-24,discriminant_interpretation_error,structure_recognition,这个选项通常来自discriminant interpretation error。
jianzisheng_cn_junior_chapter_expansion_v1_cn-junior-g9-quadratic-x-intercepts_004,D,36,discriminant_interpretation_error,structure_recognition,这个选项通常来自discriminant interpretation error。
jianzisheng_cn_junior_chapter_expansion_v1_cn-junior-g9-quadratic-x-intercepts_004,E,-30,discriminant_interpretation_error,structure_recognition,这个选项通常来自discriminant interpretation error。
jianzisheng_cn_junior_chapter_expansion_v1_cn-junior-g9-quadratic-x-intercepts_005,A,73,discriminant_interpretation_error,structure_recognition,这个选项通常来自discriminant interpretation error。
jianzisheng_cn_junior_chapter_expansion_v1_cn-junior-g9-quadratic-x-intercepts_005,C,-51,discriminant_interpretation_error,structure_recognition,这个选项通常来自discriminant interpretation error。
jianzisheng_cn_junior_chapter_expansion_v1_cn-junior-g9-quadratic-x-intercepts_005,D,63,discriminant_interpretation_error,structure_recognition,这个选项通常来自discriminant interpretation error。
jianzisheng_cn_junior_chapter_expansion_v1_cn-junior-g9-quadratic-x-intercepts_005,E,-69,discriminant_interpretation_error,structure_recognition,这个选项通常来自discriminant interpretation error。
jianzisheng_cn_junior_chapter_expansion_v1_cn-junior-g9-quadratic-x-intercepts_006,B,4,discriminant_interpretation_error,structure_recognition,这个选项通常来自discriminant interpretation error。
jianzisheng_cn_junior_chapter_expansion_v1_cn-junior-g9-quadratic-x-intercepts_006,C,16,discriminant_interpretation_error,structure_recognition,这个选项通常来自discriminant interpretation error。
jianzisheng_cn_junior_chapter_expansion_v1_cn-junior-g9-quadratic-x-intercepts_006,D,-28,discriminant_interpretation_error,structure_recognition,这个选项通常来自discriminant interpretation error。
jianzisheng_cn_junior_chapter_expansion_v1_cn-junior-g9-quadratic-x-intercepts_006,E,32,discriminant_interpretation_error,structure_recognition,这个选项通常来自discriminant interpretation error。
jianzisheng_cn_junior_chapter_expansion_v1_cn-junior-g9-quadratic-x-intercepts_007,A,17,discriminant_interpretation_error,structure_recognition,这个选项通常来自discriminant interpretation error。
jianzisheng_cn_junior_chapter_expansion_v1_cn-junior-g9-quadratic-x-intercepts_007,B,13,discriminant_interpretation_error,structure_recognition,这个选项通常来自discriminant interpretation error。
jianzisheng_cn_junior_chapter_expansion_v1_cn-junior-g9-quadratic-x-intercepts_007,C,-33,discriminant_interpretation_error,structure_recognition,这个选项通常来自discriminant interpretation error。
jianzisheng_cn_junior_chapter_expansion_v1_cn-junior-g9-quadratic-x-intercepts_007,D,37,discriminant_interpretation_error,structure_recognition,这个选项通常来自discriminant interpretation error。
jianzisheng_cn_junior_chapter_expansion_v1_cn-junior-g9-quadratic-x-intercepts_008,A,-6,discriminant_interpretation_error,structure_recognition,这个选项通常来自discriminant interpretation error。
jianzisheng_cn_junior_chapter_expansion_v1_cn-junior-g9-quadratic-x-intercepts_008,B,-24,discriminant_interpretation_error,structure_recognition,这个选项通常来自discriminant interpretation error。
jianzisheng_cn_junior_chapter_expansion_v1_cn-junior-g9-quadratic-x-intercepts_008,C,28,discriminant_interpretation_error,structure_recognition,这个选项通常来自discriminant interpretation error。
jianzisheng_cn_junior_chapter_expansion_v1_cn-junior-g9-quadratic-x-intercepts_008,E,48,discriminant_interpretation_error,structure_recognition,这个选项通常来自discriminant interpretation error。
jianzisheng_cn_junior_chapter_expansion_v1_cn-junior-g9-quadratic-x-intercepts_009,A,-37,discriminant_interpretation_error,structure_recognition,这个选项通常来自discriminant interpretation error。
jianzisheng_cn_junior_chapter_expansion_v1_cn-junior-g9-quadratic-x-intercepts_009,B,41,discriminant_interpretation_error,structure_recognition,这个选项通常来自discriminant interpretation error。
jianzisheng_cn_junior_chapter_expansion_v1_cn-junior-g9-quadratic-x-intercepts_009,D,61,discriminant_interpretation_error,structure_recognition,这个选项通常来自discriminant interpretation error。
jianzisheng_cn_junior_chapter_expansion_v1_cn-junior-g9-quadratic-x-intercepts_009,E,-5,discriminant_interpretation_error,structure_recognition,这个选项通常来自discriminant interpretation error。
jianzisheng_cn_junior_chapter_expansion_v1_cn-junior-g9-quadratic-x-intercepts_010,A,28,discriminant_interpretation_error,structure_recognition,这个选项通常来自discriminant interpretation error。
jianzisheng_cn_junior_chapter_expansion_v1_cn-junior-g9-quadratic-x-intercepts_010,C,104,discriminant_interpretation_error,structure_recognition,这个选项通常来自discriminant interpretation error。
jianzisheng_cn_junior_chapter_expansion_v1_cn-junior-g9-quadratic-x-intercepts_010,D,-32,discriminant_interpretation_error,structure_recognition,这个选项通常来自discriminant interpretation error。
jianzisheng_cn_junior_chapter_expansion_v1_cn-junior-g9-quadratic-x-intercepts_010,E,-24,discriminant_interpretation_error,structure_recognition,这个选项通常来自discriminant interpretation error。
jianzisheng_cn_junior_chapter_expansion_v1_cn-junior-g9-quadratic-x-intercepts_011,B,16,discriminant_interpretation_error,structure_recognition,这个选项通常来自discriminant interpretation error。
jianzisheng_cn_junior_chapter_expansion_v1_cn-junior-g9-quadratic-x-intercepts_011,C,40,discriminant_interpretation_error,structure_recognition,这个选项通常来自discriminant interpretation error。
jianzisheng_cn_junior_chapter_expansion_v1_cn-junior-g9-quadratic-x-intercepts_011,D,-112,discriminant_interpretation_error,structure_recognition,这个选项通常来自discriminant interpretation error。
jianzisheng_cn_junior_chapter_expansion_v1_cn-junior-g9-quadratic-x-intercepts_011,E,116,discriminant_interpretation_error,structure_recognition,这个选项通常来自discriminant interpretation error。
jianzisheng_cn_junior_chapter_expansion_v1_cn-junior-g9-quadratic-x-intercepts_012,A,41,discriminant_interpretation_error,structure_recognition,这个选项通常来自discriminant interpretation error。
jianzisheng_cn_junior_chapter_expansion_v1_cn-junior-g9-quadratic-x-intercepts_012,B,1,discriminant_interpretation_error,structure_recognition,这个选项通常来自discriminant interpretation error。
jianzisheng_cn_junior_chapter_expansion_v1_cn-junior-g9-quadratic-x-intercepts_012,C,-57,discriminant_interpretation_error,structure_recognition,这个选项通常来自discriminant interpretation error。
jianzisheng_cn_junior_chapter_expansion_v1_cn-junior-g9-quadratic-x-intercepts_012,D,61,discriminant_interpretation_error,structure_recognition,这个选项通常来自discriminant interpretation error。
jianzisheng_cn_junior_chapter_expansion_v1_cn-junior-g9-quadratic-x-intercepts_013,A,-36,discriminant_interpretation_error,structure_recognition,这个选项通常来自discriminant interpretation error。
jianzisheng_cn_junior_chapter_expansion_v1_cn-junior-g9-quadratic-x-intercepts_013,B,40,discriminant_interpretation_error,structure_recognition,这个选项通常来自discriminant interpretation error。
jianzisheng_cn_junior_chapter_expansion_v1_cn-junior-g9-quadratic-x-intercepts_013,C,41,discriminant_interpretation_error,structure_recognition,这个选项通常来自discriminant interpretation error。
jianzisheng_cn_junior_chapter_expansion_v1_cn-junior-g9-quadratic-x-intercepts_013,E,-6,discriminant_interpretation_error,structure_recognition,这个选项通常来自discriminant interpretation error。
jianzisheng_cn_junior_chapter_expansion_v1_cn-junior-g9-quadratic-x-intercepts_014,A,-1,discriminant_interpretation_error,structure_recognition,这个选项通常来自discriminant interpretation error。
jianzisheng_cn_junior_chapter_expansion_v1_cn-junior-g9-quadratic-x-intercepts_014,B,5,discriminant_interpretation_error,structure_recognition,这个选项通常来自discriminant interpretation error。
jianzisheng_cn_junior_chapter_expansion_v1_cn-junior-g9-quadratic-x-intercepts_014,D,49,discriminant_interpretation_error,structure_recognition,这个选项通常来自discriminant interpretation error。
jianzisheng_cn_junior_chapter_expansion_v1_cn-junior-g9-quadratic-x-intercepts_014,E,-29,discriminant_interpretation_error,structure_recognition,这个选项通常来自discriminant interpretation error。
jianzisheng_cn_junior_chapter_expansion_v1_cn-junior-g9-rectangle-area-model_001,B,19x,perimeter_area_confusion,modeling,这个选项通常来自perimeter area confusion。
jianzisheng_cn_junior_chapter_expansion_v1_cn-junior-g9-rectangle-area-model_001,C,38x,perimeter_area_confusion,modeling,这个选项通常来自perimeter area confusion。
jianzisheng_cn_junior_chapter_expansion_v1_cn-junior-g9-rectangle-area-model_001,D,9x+10,perimeter_area_confusion,modeling,这个选项通常来自perimeter area confusion。
jianzisheng_cn_junior_chapter_expansion_v1_cn-junior-g9-rectangle-area-model_001,E,90,perimeter_area_confusion,modeling,这个选项通常来自perimeter area confusion。
jianzisheng_cn_junior_chapter_expansion_v1_cn-junior-g9-rectangle-area-model_002,A,13x,perimeter_area_confusion,modeling,这个选项通常来自perimeter area confusion。
jianzisheng_cn_junior_chapter_expansion_v1_cn-junior-g9-rectangle-area-model_002,B,26x,perimeter_area_confusion,modeling,这个选项通常来自perimeter area confusion。
jianzisheng_cn_junior_chapter_expansion_v1_cn-junior-g9-rectangle-area-model_002,C,2x+11,perimeter_area_confusion,modeling,这个选项通常来自perimeter area confusion。
jianzisheng_cn_junior_chapter_expansion_v1_cn-junior-g9-rectangle-area-model_002,D,22,perimeter_area_confusion,modeling,这个选项通常来自perimeter area confusion。
jianzisheng_cn_junior_chapter_expansion_v1_cn-junior-g9-rectangle-area-model_003,A,12x,perimeter_area_confusion,modeling,这个选项通常来自perimeter area confusion。
jianzisheng_cn_junior_chapter_expansion_v1_cn-junior-g9-rectangle-area-model_003,B,3x+3,perimeter_area_confusion,modeling,这个选项通常来自perimeter area confusion。
jianzisheng_cn_junior_chapter_expansion_v1_cn-junior-g9-rectangle-area-model_003,C,9,perimeter_area_confusion,modeling,这个选项通常来自perimeter area confusion。
jianzisheng_cn_junior_chapter_expansion_v1_cn-junior-g9-rectangle-area-model_003,E,6x,perimeter_area_confusion,modeling,这个选项通常来自perimeter area confusion。
jianzisheng_cn_junior_chapter_expansion_v1_cn-junior-g9-rectangle-area-model_004,A,16,perimeter_area_confusion,modeling,这个选项通常来自perimeter area confusion。
jianzisheng_cn_junior_chapter_expansion_v1_cn-junior-g9-rectangle-area-model_004,B,16x+5,perimeter_area_confusion,modeling,这个选项通常来自perimeter area confusion。
jianzisheng_cn_junior_chapter_expansion_v1_cn-junior-g9-rectangle-area-model_004,D,8x,perimeter_area_confusion,modeling,这个选项通常来自perimeter area confusion。
jianzisheng_cn_junior_chapter_expansion_v1_cn-junior-g9-rectangle-area-model_004,E,4x+4,perimeter_area_confusion,modeling,这个选项通常来自perimeter area confusion。
jianzisheng_cn_junior_chapter_expansion_v1_cn-junior-g9-rectangle-area-model_005,A,25,perimeter_area_confusion,modeling,这个选项通常来自perimeter area confusion。
jianzisheng_cn_junior_chapter_expansion_v1_cn-junior-g9-rectangle-area-model_005,C,10x,perimeter_area_confusion,modeling,这个选项通常来自perimeter area confusion。
jianzisheng_cn_junior_chapter_expansion_v1_cn-junior-g9-rectangle-area-model_005,D,20x,perimeter_area_confusion,modeling,这个选项通常来自perimeter area confusion。
jianzisheng_cn_junior_chapter_expansion_v1_cn-junior-g9-rectangle-area-model_005,E,5x+5,perimeter_area_confusion,modeling,这个选项通常来自perimeter area confusion。
jianzisheng_cn_junior_chapter_expansion_v1_cn-junior-g9-rectangle-area-model_006,B,12x,perimeter_area_confusion,modeling,这个选项通常来自perimeter area confusion。
jianzisheng_cn_junior_chapter_expansion_v1_cn-junior-g9-rectangle-area-model_006,C,24x,perimeter_area_confusion,modeling,这个选项通常来自perimeter area confusion。
jianzisheng_cn_junior_chapter_expansion_v1_cn-junior-g9-rectangle-area-model_006,D,6x+6,perimeter_area_confusion,modeling,这个选项通常来自perimeter area confusion。
jianzisheng_cn_junior_chapter_expansion_v1_cn-junior-g9-rectangle-area-model_006,E,36,perimeter_area_confusion,modeling,这个选项通常来自perimeter area confusion。
jianzisheng_cn_junior_chapter_expansion_v1_cn-junior-g9-rectangle-area-model_007,A,14x,perimeter_area_confusion,modeling,这个选项通常来自perimeter area confusion。
jianzisheng_cn_junior_chapter_expansion_v1_cn-junior-g9-rectangle-area-model_007,B,28x,perimeter_area_confusion,modeling,这个选项通常来自perimeter area confusion。
jianzisheng_cn_junior_chapter_expansion_v1_cn-junior-g9-rectangle-area-model_007,C,7x+7,perimeter_area_confusion,modeling,这个选项通常来自perimeter area confusion。
jianzisheng_cn_junior_chapter_expansion_v1_cn-junior-g9-rectangle-area-model_007,D,49,perimeter_area_confusion,modeling,这个选项通常来自perimeter area confusion。
jianzisheng_cn_junior_chapter_expansion_v1_cn-junior-g9-rectangle-area-model_008,A,32x,perimeter_area_confusion,modeling,这个选项通常来自perimeter area confusion。
jianzisheng_cn_junior_chapter_expansion_v1_cn-junior-g9-rectangle-area-model_008,B,8x+8,perimeter_area_confusion,modeling,这个选项通常来自perimeter area confusion。
jianzisheng_cn_junior_chapter_expansion_v1_cn-junior-g9-rectangle-area-model_008,C,64,perimeter_area_confusion,modeling,这个选项通常来自perimeter area confusion。
jianzisheng_cn_junior_chapter_expansion_v1_cn-junior-g9-rectangle-area-model_008,E,16x,perimeter_area_confusion,modeling,这个选项通常来自perimeter area confusion。
jianzisheng_cn_junior_chapter_expansion_v1_cn-junior-g9-rectangle-area-model_009,A,9x+9,perimeter_area_confusion,modeling,这个选项通常来自perimeter area confusion。
jianzisheng_cn_junior_chapter_expansion_v1_cn-junior-g9-rectangle-area-model_009,B,81,perimeter_area_confusion,modeling,这个选项通常来自perimeter area confusion。
jianzisheng_cn_junior_chapter_expansion_v1_cn-junior-g9-rectangle-area-model_009,D,18x,perimeter_area_confusion,modeling,这个选项通常来自perimeter area confusion。
jianzisheng_cn_junior_chapter_expansion_v1_cn-junior-g9-rectangle-area-model_009,E,36x,perimeter_area_confusion,modeling,这个选项通常来自perimeter area confusion。
jianzisheng_cn_junior_chapter_expansion_v1_cn-junior-g9-rectangle-area-model_010,A,20,perimeter_area_confusion,modeling,这个选项通常来自perimeter area confusion。
jianzisheng_cn_junior_chapter_expansion_v1_cn-junior-g9-rectangle-area-model_010,C,12x,perimeter_area_confusion,modeling,这个选项通常来自perimeter area confusion。
jianzisheng_cn_junior_chapter_expansion_v1_cn-junior-g9-rectangle-area-model_010,D,24x,perimeter_area_confusion,modeling,这个选项通常来自perimeter area confusion。
jianzisheng_cn_junior_chapter_expansion_v1_cn-junior-g9-rectangle-area-model_010,E,2x+10,perimeter_area_confusion,modeling,这个选项通常来自perimeter area confusion。
jianzisheng_cn_junior_chapter_expansion_v1_cn-junior-g9-rectangle-area-model_011,B,14x,perimeter_area_confusion,modeling,这个选项通常来自perimeter area confusion。
jianzisheng_cn_junior_chapter_expansion_v1_cn-junior-g9-rectangle-area-model_011,C,28x,perimeter_area_confusion,modeling,这个选项通常来自perimeter area confusion。
jianzisheng_cn_junior_chapter_expansion_v1_cn-junior-g9-rectangle-area-model_011,D,3x+11,perimeter_area_confusion,modeling,这个选项通常来自perimeter area confusion。
jianzisheng_cn_junior_chapter_expansion_v1_cn-junior-g9-rectangle-area-model_011,E,33,perimeter_area_confusion,modeling,这个选项通常来自perimeter area confusion。
jianzisheng_cn_junior_chapter_expansion_v1_cn-junior-g9-rectangle-area-model_012,A,7x,perimeter_area_confusion,modeling,这个选项通常来自perimeter area confusion。
jianzisheng_cn_junior_chapter_expansion_v1_cn-junior-g9-rectangle-area-model_012,B,14x,perimeter_area_confusion,modeling,这个选项通常来自perimeter area confusion。
jianzisheng_cn_junior_chapter_expansion_v1_cn-junior-g9-rectangle-area-model_012,C,4x+3,perimeter_area_confusion,modeling,这个选项通常来自perimeter area confusion。
jianzisheng_cn_junior_chapter_expansion_v1_cn-junior-g9-rectangle-area-model_012,D,12,perimeter_area_confusion,modeling,这个选项通常来自perimeter area confusion。
jianzisheng_cn_junior_chapter_expansion_v1_cn-junior-g9-rectangle-area-model_013,A,18x,perimeter_area_confusion,modeling,这个选项通常来自perimeter area confusion。
jianzisheng_cn_junior_chapter_expansion_v1_cn-junior-g9-rectangle-area-model_013,B,5x+4,perimeter_area_confusion,modeling,这个选项通常来自perimeter area confusion。
jianzisheng_cn_junior_chapter_expansion_v1_cn-junior-g9-rectangle-area-model_013,C,20,perimeter_area_confusion,modeling,这个选项通常来自perimeter area confusion。
jianzisheng_cn_junior_chapter_expansion_v1_cn-junior-g9-rectangle-area-model_013,E,9x,perimeter_area_confusion,modeling,这个选项通常来自perimeter area confusion。
jianzisheng_cn_junior_chapter_expansion_v1_cn-junior-g9-rectangle-area-model_014,A,6x+5,perimeter_area_confusion,modeling,这个选项通常来自perimeter area confusion。
jianzisheng_cn_junior_chapter_expansion_v1_cn-junior-g9-rectangle-area-model_014,B,30,perimeter_area_confusion,modeling,这个选项通常来自perimeter area confusion。
jianzisheng_cn_junior_chapter_expansion_v1_cn-junior-g9-rectangle-area-model_014,D,11x,perimeter_area_confusion,modeling,这个选项通常来自perimeter area confusion。
jianzisheng_cn_junior_chapter_expansion_v1_cn-junior-g9-rectangle-area-model_014,E,22x,perimeter_area_confusion,modeling,这个选项通常来自perimeter area confusion。
jianzisheng_cn_junior_chapter_expansion_v1_cn-junior-g9-sector-area_001,B,121π,arc_length_sector_area_confusion,formula_selection,这个选项通常来自arc length sector area confusion。
jianzisheng_cn_junior_chapter_expansion_v1_cn-junior-g9-sector-area_001,C,22π,arc_length_sector_area_confusion,formula_selection,这个选项通常来自arc length sector area confusion。
jianzisheng_cn_junior_chapter_expansion_v1_cn-junior-g9-sector-area_001,D,11π,arc_length_sector_area_confusion,formula_selection,这个选项通常来自arc length sector area confusion。
jianzisheng_cn_junior_chapter_expansion_v1_cn-junior-g9-sector-area_001,E,90,arc_length_sector_area_confusion,formula_selection,这个选项通常来自arc length sector area confusion。
jianzisheng_cn_junior_chapter_expansion_v1_cn-junior-g9-sector-area_002,A,144π,arc_length_sector_area_confusion,formula_selection,这个选项通常来自arc length sector area confusion。
jianzisheng_cn_junior_chapter_expansion_v1_cn-junior-g9-sector-area_002,B,12π,arc_length_sector_area_confusion,formula_selection,这个选项通常来自arc length sector area confusion。
jianzisheng_cn_junior_chapter_expansion_v1_cn-junior-g9-sector-area_002,C,30,arc_length_sector_area_confusion,formula_selection,这个选项通常来自arc length sector area confusion。
jianzisheng_cn_junior_chapter_expansion_v1_cn-junior-g9-sector-area_002,D,24π+5,arc_length_sector_area_confusion,formula_selection,这个选项通常来自arc length sector area confusion。
jianzisheng_cn_junior_chapter_expansion_v1_cn-junior-g9-sector-area_003,A,8π,arc_length_sector_area_confusion,formula_selection,这个选项通常来自arc length sector area confusion。
jianzisheng_cn_junior_chapter_expansion_v1_cn-junior-g9-sector-area_003,B,45,arc_length_sector_area_confusion,formula_selection,这个选项通常来自arc length sector area confusion。
jianzisheng_cn_junior_chapter_expansion_v1_cn-junior-g9-sector-area_003,C,4π+5,arc_length_sector_area_confusion,formula_selection,这个选项通常来自arc length sector area confusion。
jianzisheng_cn_junior_chapter_expansion_v1_cn-junior-g9-sector-area_003,E,16π,arc_length_sector_area_confusion,formula_selection,这个选项通常来自arc length sector area confusion。
jianzisheng_cn_junior_chapter_expansion_v1_cn-junior-g9-sector-area_004,A,5π,arc_length_sector_area_confusion,formula_selection,这个选项通常来自arc length sector area confusion。
jianzisheng_cn_junior_chapter_expansion_v1_cn-junior-g9-sector-area_004,B,60,arc_length_sector_area_confusion,formula_selection,这个选项通常来自arc length sector area confusion。
jianzisheng_cn_junior_chapter_expansion_v1_cn-junior-g9-sector-area_004,D,25π,arc_length_sector_area_confusion,formula_selection,这个选项通常来自arc length sector area confusion。
jianzisheng_cn_junior_chapter_expansion_v1_cn-junior-g9-sector-area_004,E,10π,arc_length_sector_area_confusion,formula_selection,这个选项通常来自arc length sector area confusion。
jianzisheng_cn_junior_chapter_expansion_v1_cn-junior-g9-sector-area_005,A,90,arc_length_sector_area_confusion,formula_selection,这个选项通常来自arc length sector area confusion。
jianzisheng_cn_junior_chapter_expansion_v1_cn-junior-g9-sector-area_005,C,36π,arc_length_sector_area_confusion,formula_selection,这个选项通常来自arc length sector area confusion。
jianzisheng_cn_junior_chapter_expansion_v1_cn-junior-g9-sector-area_005,D,12π,arc_length_sector_area_confusion,formula_selection,这个选项通常来自arc length sector area confusion。
jianzisheng_cn_junior_chapter_expansion_v1_cn-junior-g9-sector-area_005,E,6π,arc_length_sector_area_confusion,formula_selection,这个选项通常来自arc length sector area confusion。
jianzisheng_cn_junior_chapter_expansion_v1_cn-junior-g9-sector-area_006,B,49π,arc_length_sector_area_confusion,formula_selection,这个选项通常来自arc length sector area confusion。
jianzisheng_cn_junior_chapter_expansion_v1_cn-junior-g9-sector-area_006,C,14π,arc_length_sector_area_confusion,formula_selection,这个选项通常来自arc length sector area confusion。
jianzisheng_cn_junior_chapter_expansion_v1_cn-junior-g9-sector-area_006,D,7π,arc_length_sector_area_confusion,formula_selection,这个选项通常来自arc length sector area confusion。
jianzisheng_cn_junior_chapter_expansion_v1_cn-junior-g9-sector-area_006,E,30,arc_length_sector_area_confusion,formula_selection,这个选项通常来自arc length sector area confusion。
jianzisheng_cn_junior_chapter_expansion_v1_cn-junior-g9-sector-area_007,A,64π,arc_length_sector_area_confusion,formula_selection,这个选项通常来自arc length sector area confusion。
jianzisheng_cn_junior_chapter_expansion_v1_cn-junior-g9-sector-area_007,B,8π,arc_length_sector_area_confusion,formula_selection,这个选项通常来自arc length sector area confusion。
jianzisheng_cn_junior_chapter_expansion_v1_cn-junior-g9-sector-area_007,C,45,arc_length_sector_area_confusion,formula_selection,这个选项通常来自arc length sector area confusion。
jianzisheng_cn_junior_chapter_expansion_v1_cn-junior-g9-sector-area_007,D,16π+5,arc_length_sector_area_confusion,formula_selection,这个选项通常来自arc length sector area confusion。
jianzisheng_cn_junior_chapter_expansion_v1_cn-junior-g9-sector-area_008,A,18π,arc_length_sector_area_confusion,formula_selection,这个选项通常来自arc length sector area confusion。
jianzisheng_cn_junior_chapter_expansion_v1_cn-junior-g9-sector-area_008,B,9π,arc_length_sector_area_confusion,formula_selection,这个选项通常来自arc length sector area confusion。
jianzisheng_cn_junior_chapter_expansion_v1_cn-junior-g9-sector-area_008,C,60,arc_length_sector_area_confusion,formula_selection,这个选项通常来自arc length sector area confusion。
jianzisheng_cn_junior_chapter_expansion_v1_cn-junior-g9-sector-area_008,E,81π,arc_length_sector_area_confusion,formula_selection,这个选项通常来自arc length sector area confusion。
jianzisheng_cn_junior_chapter_expansion_v1_cn-junior-g9-sector-area_009,A,10π,arc_length_sector_area_confusion,formula_selection,这个选项通常来自arc length sector area confusion。
jianzisheng_cn_junior_chapter_expansion_v1_cn-junior-g9-sector-area_009,B,90,arc_length_sector_area_confusion,formula_selection,这个选项通常来自arc length sector area confusion。
jianzisheng_cn_junior_chapter_expansion_v1_cn-junior-g9-sector-area_009,D,100π,arc_length_sector_area_confusion,formula_selection,这个选项通常来自arc length sector area confusion。
jianzisheng_cn_junior_chapter_expansion_v1_cn-junior-g9-sector-area_009,E,20π,arc_length_sector_area_confusion,formula_selection,这个选项通常来自arc length sector area confusion。
jianzisheng_cn_junior_chapter_expansion_v1_cn-junior-g9-sector-area_010,A,30,arc_length_sector_area_confusion,formula_selection,这个选项通常来自arc length sector area confusion。
jianzisheng_cn_junior_chapter_expansion_v1_cn-junior-g9-sector-area_010,C,121π,arc_length_sector_area_confusion,formula_selection,这个选项通常来自arc length sector area confusion。
jianzisheng_cn_junior_chapter_expansion_v1_cn-junior-g9-sector-area_010,D,22π,arc_length_sector_area_confusion,formula_selection,这个选项通常来自arc length sector area confusion。
jianzisheng_cn_junior_chapter_expansion_v1_cn-junior-g9-sector-area_010,E,11π,arc_length_sector_area_confusion,formula_selection,这个选项通常来自arc length sector area confusion。
jianzisheng_cn_junior_chapter_expansion_v1_cn-junior-g9-sector-area_011,B,144π,arc_length_sector_area_confusion,formula_selection,这个选项通常来自arc length sector area confusion。
jianzisheng_cn_junior_chapter_expansion_v1_cn-junior-g9-sector-area_011,C,24π,arc_length_sector_area_confusion,formula_selection,这个选项通常来自arc length sector area confusion。
jianzisheng_cn_junior_chapter_expansion_v1_cn-junior-g9-sector-area_011,D,12π,arc_length_sector_area_confusion,formula_selection,这个选项通常来自arc length sector area confusion。
jianzisheng_cn_junior_chapter_expansion_v1_cn-junior-g9-sector-area_011,E,45,arc_length_sector_area_confusion,formula_selection,这个选项通常来自arc length sector area confusion。
jianzisheng_cn_junior_chapter_expansion_v1_cn-junior-g9-sector-area_012,A,16π,arc_length_sector_area_confusion,formula_selection,这个选项通常来自arc length sector area confusion。
jianzisheng_cn_junior_chapter_expansion_v1_cn-junior-g9-sector-area_012,B,8π,arc_length_sector_area_confusion,formula_selection,这个选项通常来自arc length sector area confusion。
jianzisheng_cn_junior_chapter_expansion_v1_cn-junior-g9-sector-area_012,C,4π,arc_length_sector_area_confusion,formula_selection,这个选项通常来自arc length sector area confusion。
jianzisheng_cn_junior_chapter_expansion_v1_cn-junior-g9-sector-area_012,D,60,arc_length_sector_area_confusion,formula_selection,这个选项通常来自arc length sector area confusion。
jianzisheng_cn_junior_chapter_expansion_v1_cn-junior-g9-sector-area_013,A,10π,arc_length_sector_area_confusion,formula_selection,这个选项通常来自arc length sector area confusion。
jianzisheng_cn_junior_chapter_expansion_v1_cn-junior-g9-sector-area_013,B,5π,arc_length_sector_area_confusion,formula_selection,这个选项通常来自arc length sector area confusion。
jianzisheng_cn_junior_chapter_expansion_v1_cn-junior-g9-sector-area_013,C,90,arc_length_sector_area_confusion,formula_selection,这个选项通常来自arc length sector area confusion。
jianzisheng_cn_junior_chapter_expansion_v1_cn-junior-g9-sector-area_013,E,25π,arc_length_sector_area_confusion,formula_selection,这个选项通常来自arc length sector area confusion。
jianzisheng_cn_junior_chapter_expansion_v1_cn-junior-g9-sector-area_014,A,30,arc_length_sector_area_confusion,formula_selection,这个选项通常来自arc length sector area confusion。
jianzisheng_cn_junior_chapter_expansion_v1_cn-junior-g9-sector-area_014,B,6π+5,arc_length_sector_area_confusion,formula_selection,这个选项通常来自arc length sector area confusion。
jianzisheng_cn_junior_chapter_expansion_v1_cn-junior-g9-sector-area_014,D,36π,arc_length_sector_area_confusion,formula_selection,这个选项通常来自arc length sector area confusion。
jianzisheng_cn_junior_chapter_expansion_v1_cn-junior-g9-sector-area_014,E,12π,arc_length_sector_area_confusion,formula_selection,这个选项通常来自arc length sector area confusion。
jianzisheng_cn_junior_chapter_expansion_v1_cn-junior-g9-circle-ratio_001,B,4:36,area_circumference_ratio_confusion,multiplicative_reasoning,这个选项通常来自area circumference ratio confusion。
jianzisheng_cn_junior_chapter_expansion_v1_cn-junior-g9-circle-ratio_001,C,6:2,area_circumference_ratio_confusion,multiplicative_reasoning,这个选项通常来自area circumference ratio confusion。
jianzisheng_cn_junior_chapter_expansion_v1_cn-junior-g9-circle-ratio_001,D,8:6,area_circumference_ratio_confusion,multiplicative_reasoning,这个选项通常来自area circumference ratio confusion。
jianzisheng_cn_junior_chapter_expansion_v1_cn-junior-g9-circle-ratio_001,E,2:12,area_circumference_ratio_confusion,multiplicative_reasoning,这个选项通常来自area circumference ratio confusion。
jianzisheng_cn_junior_chapter_expansion_v1_cn-junior-g9-circle-ratio_002,A,9:144,area_circumference_ratio_confusion,multiplicative_reasoning,这个选项通常来自area circumference ratio confusion。
jianzisheng_cn_junior_chapter_expansion_v1_cn-junior-g9-circle-ratio_002,B,12:3,area_circumference_ratio_confusion,multiplicative_reasoning,这个选项通常来自area circumference ratio confusion。
jianzisheng_cn_junior_chapter_expansion_v1_cn-junior-g9-circle-ratio_002,C,15:12,area_circumference_ratio_confusion,multiplicative_reasoning,这个选项通常来自area circumference ratio confusion。
jianzisheng_cn_junior_chapter_expansion_v1_cn-junior-g9-circle-ratio_002,D,3:24,area_circumference_ratio_confusion,multiplicative_reasoning,这个选项通常来自area circumference ratio confusion。
jianzisheng_cn_junior_chapter_expansion_v1_cn-junior-g9-circle-ratio_003,A,8:4,area_circumference_ratio_confusion,multiplicative_reasoning,这个选项通常来自area circumference ratio confusion。
jianzisheng_cn_junior_chapter_expansion_v1_cn-junior-g9-circle-ratio_003,B,12:8,area_circumference_ratio_confusion,multiplicative_reasoning,这个选项通常来自area circumference ratio confusion。
jianzisheng_cn_junior_chapter_expansion_v1_cn-junior-g9-circle-ratio_003,C,4:16,area_circumference_ratio_confusion,multiplicative_reasoning,这个选项通常来自area circumference ratio confusion。
jianzisheng_cn_junior_chapter_expansion_v1_cn-junior-g9-circle-ratio_003,E,16:64,area_circumference_ratio_confusion,multiplicative_reasoning,这个选项通常来自area circumference ratio confusion。
jianzisheng_cn_junior_chapter_expansion_v1_cn-junior-g9-circle-ratio_004,A,20:15,area_circumference_ratio_confusion,multiplicative_reasoning,这个选项通常来自area circumference ratio confusion。
jianzisheng_cn_junior_chapter_expansion_v1_cn-junior-g9-circle-ratio_004,B,5:30,area_circumference_ratio_confusion,multiplicative_reasoning,这个选项通常来自area circumference ratio confusion。
jianzisheng_cn_junior_chapter_expansion_v1_cn-junior-g9-circle-ratio_004,D,25:225,area_circumference_ratio_confusion,multiplicative_reasoning,这个选项通常来自area circumference ratio confusion。
jianzisheng_cn_junior_chapter_expansion_v1_cn-junior-g9-circle-ratio_004,E,15:5,area_circumference_ratio_confusion,multiplicative_reasoning,这个选项通常来自area circumference ratio confusion。
jianzisheng_cn_junior_chapter_expansion_v1_cn-junior-g9-circle-ratio_005,A,6:48,area_circumference_ratio_confusion,multiplicative_reasoning,这个选项通常来自area circumference ratio confusion。
jianzisheng_cn_junior_chapter_expansion_v1_cn-junior-g9-circle-ratio_005,C,36:576,area_circumference_ratio_confusion,multiplicative_reasoning,这个选项通常来自area circumference ratio confusion。
jianzisheng_cn_junior_chapter_expansion_v1_cn-junior-g9-circle-ratio_005,D,24:6,area_circumference_ratio_confusion,multiplicative_reasoning,这个选项通常来自area circumference ratio confusion。
jianzisheng_cn_junior_chapter_expansion_v1_cn-junior-g9-circle-ratio_005,E,30:24,area_circumference_ratio_confusion,multiplicative_reasoning,这个选项通常来自area circumference ratio confusion。
jianzisheng_cn_junior_chapter_expansion_v1_cn-junior-g9-circle-ratio_006,B,49:196,area_circumference_ratio_confusion,multiplicative_reasoning,这个选项通常来自area circumference ratio confusion。
jianzisheng_cn_junior_chapter_expansion_v1_cn-junior-g9-circle-ratio_006,C,14:7,area_circumference_ratio_confusion,multiplicative_reasoning,这个选项通常来自area circumference ratio confusion。
jianzisheng_cn_junior_chapter_expansion_v1_cn-junior-g9-circle-ratio_006,D,21:14,area_circumference_ratio_confusion,multiplicative_reasoning,这个选项通常来自area circumference ratio confusion。
jianzisheng_cn_junior_chapter_expansion_v1_cn-junior-g9-circle-ratio_006,E,7:28,area_circumference_ratio_confusion,multiplicative_reasoning,这个选项通常来自area circumference ratio confusion。
jianzisheng_cn_junior_chapter_expansion_v1_cn-junior-g9-circle-ratio_007,A,64:576,area_circumference_ratio_confusion,multiplicative_reasoning,这个选项通常来自area circumference ratio confusion。
jianzisheng_cn_junior_chapter_expansion_v1_cn-junior-g9-circle-ratio_007,B,24:8,area_circumference_ratio_confusion,multiplicative_reasoning,这个选项通常来自area circumference ratio confusion。
jianzisheng_cn_junior_chapter_expansion_v1_cn-junior-g9-circle-ratio_007,C,32:24,area_circumference_ratio_confusion,multiplicative_reasoning,这个选项通常来自area circumference ratio confusion。
jianzisheng_cn_junior_chapter_expansion_v1_cn-junior-g9-circle-ratio_007,D,8:48,area_circumference_ratio_confusion,multiplicative_reasoning,这个选项通常来自area circumference ratio confusion。
jianzisheng_cn_junior_chapter_expansion_v1_cn-junior-g9-circle-ratio_008,A,8:2,area_circumference_ratio_confusion,multiplicative_reasoning,这个选项通常来自area circumference ratio confusion。
jianzisheng_cn_junior_chapter_expansion_v1_cn-junior-g9-circle-ratio_008,B,10:8,area_circumference_ratio_confusion,multiplicative_reasoning,这个选项通常来自area circumference ratio confusion。
jianzisheng_cn_junior_chapter_expansion_v1_cn-junior-g9-circle-ratio_008,C,2:16,area_circumference_ratio_confusion,multiplicative_reasoning,这个选项通常来自area circumference ratio confusion。
jianzisheng_cn_junior_chapter_expansion_v1_cn-junior-g9-circle-ratio_008,E,4:64,area_circumference_ratio_confusion,multiplicative_reasoning,这个选项通常来自area circumference ratio confusion。
jianzisheng_cn_junior_chapter_expansion_v1_cn-junior-g9-circle-ratio_009,A,9:6,area_circumference_ratio_confusion,multiplicative_reasoning,这个选项通常来自area circumference ratio confusion。
jianzisheng_cn_junior_chapter_expansion_v1_cn-junior-g9-circle-ratio_009,B,3:12,area_circumference_ratio_confusion,multiplicative_reasoning,这个选项通常来自area circumference ratio confusion。
jianzisheng_cn_junior_chapter_expansion_v1_cn-junior-g9-circle-ratio_009,D,9:36,area_circumference_ratio_confusion,multiplicative_reasoning,这个选项通常来自area circumference ratio confusion。
jianzisheng_cn_junior_chapter_expansion_v1_cn-junior-g9-circle-ratio_009,E,6:3,area_circumference_ratio_confusion,multiplicative_reasoning,这个选项通常来自area circumference ratio confusion。
jianzisheng_cn_junior_chapter_expansion_v1_cn-junior-g9-circle-ratio_010,A,4:24,area_circumference_ratio_confusion,multiplicative_reasoning,这个选项通常来自area circumference ratio confusion。
jianzisheng_cn_junior_chapter_expansion_v1_cn-junior-g9-circle-ratio_010,C,16:144,area_circumference_ratio_confusion,multiplicative_reasoning,这个选项通常来自area circumference ratio confusion。
jianzisheng_cn_junior_chapter_expansion_v1_cn-junior-g9-circle-ratio_010,D,12:4,area_circumference_ratio_confusion,multiplicative_reasoning,这个选项通常来自area circumference ratio confusion。
jianzisheng_cn_junior_chapter_expansion_v1_cn-junior-g9-circle-ratio_010,E,16:12,area_circumference_ratio_confusion,multiplicative_reasoning,这个选项通常来自area circumference ratio confusion。
jianzisheng_cn_junior_chapter_expansion_v1_cn-junior-g9-circle-ratio_011,B,25:400,area_circumference_ratio_confusion,multiplicative_reasoning,这个选项通常来自area circumference ratio confusion。
jianzisheng_cn_junior_chapter_expansion_v1_cn-junior-g9-circle-ratio_011,C,20:5,area_circumference_ratio_confusion,multiplicative_reasoning,这个选项通常来自area circumference ratio confusion。
jianzisheng_cn_junior_chapter_expansion_v1_cn-junior-g9-circle-ratio_011,D,25:20,area_circumference_ratio_confusion,multiplicative_reasoning,这个选项通常来自area circumference ratio confusion。
jianzisheng_cn_junior_chapter_expansion_v1_cn-junior-g9-circle-ratio_011,E,5:40,area_circumference_ratio_confusion,multiplicative_reasoning,这个选项通常来自area circumference ratio confusion。
jianzisheng_cn_junior_chapter_expansion_v1_cn-junior-g9-circle-ratio_012,A,36:144,area_circumference_ratio_confusion,multiplicative_reasoning,这个选项通常来自area circumference ratio confusion。
jianzisheng_cn_junior_chapter_expansion_v1_cn-junior-g9-circle-ratio_012,B,12:6,area_circumference_ratio_confusion,multiplicative_reasoning,这个选项通常来自area circumference ratio confusion。
jianzisheng_cn_junior_chapter_expansion_v1_cn-junior-g9-circle-ratio_012,C,18:12,area_circumference_ratio_confusion,multiplicative_reasoning,这个选项通常来自area circumference ratio confusion。
jianzisheng_cn_junior_chapter_expansion_v1_cn-junior-g9-circle-ratio_012,D,6:24,area_circumference_ratio_confusion,multiplicative_reasoning,这个选项通常来自area circumference ratio confusion。
jianzisheng_cn_junior_chapter_expansion_v1_cn-junior-g9-circle-ratio_013,A,21:7,area_circumference_ratio_confusion,multiplicative_reasoning,这个选项通常来自area circumference ratio confusion。
jianzisheng_cn_junior_chapter_expansion_v1_cn-junior-g9-circle-ratio_013,B,28:21,area_circumference_ratio_confusion,multiplicative_reasoning,这个选项通常来自area circumference ratio confusion。
jianzisheng_cn_junior_chapter_expansion_v1_cn-junior-g9-circle-ratio_013,C,7:42,area_circumference_ratio_confusion,multiplicative_reasoning,这个选项通常来自area circumference ratio confusion。
jianzisheng_cn_junior_chapter_expansion_v1_cn-junior-g9-circle-ratio_013,E,49:441,area_circumference_ratio_confusion,multiplicative_reasoning,这个选项通常来自area circumference ratio confusion。
jianzisheng_cn_junior_chapter_expansion_v1_cn-junior-g9-circle-ratio_014,A,40:32,area_circumference_ratio_confusion,multiplicative_reasoning,这个选项通常来自area circumference ratio confusion。
jianzisheng_cn_junior_chapter_expansion_v1_cn-junior-g9-circle-ratio_014,B,8:64,area_circumference_ratio_confusion,multiplicative_reasoning,这个选项通常来自area circumference ratio confusion。
jianzisheng_cn_junior_chapter_expansion_v1_cn-junior-g9-circle-ratio_014,D,64:1024,area_circumference_ratio_confusion,multiplicative_reasoning,这个选项通常来自area circumference ratio confusion。
jianzisheng_cn_junior_chapter_expansion_v1_cn-junior-g9-circle-ratio_014,E,32:8,area_circumference_ratio_confusion,multiplicative_reasoning,这个选项通常来自area circumference ratio confusion。
jianzisheng_cn_junior_chapter_expansion_v1_cn-junior-g9-expected-count_001,B,60,probability_vs_count_confusion,multiplicative_reasoning,这个选项通常来自probability vs count confusion。
jianzisheng_cn_junior_chapter_expansion_v1_cn-junior-g9-expected-count_001,C,35,probability_vs_count_confusion,multiplicative_reasoning,这个选项通常来自probability vs count confusion。
jianzisheng_cn_junior_chapter_expansion_v1_cn-junior-g9-expected-count_001,D,25,probability_vs_count_confusion,multiplicative_reasoning,这个选项通常来自probability vs count confusion。
jianzisheng_cn_junior_chapter_expansion_v1_cn-junior-g9-expected-count_001,E,35,probability_vs_count_confusion,multiplicative_reasoning,这个选项通常来自probability vs count confusion。
jianzisheng_cn_junior_chapter_expansion_v1_cn-junior-g9-expected-count_002,A,40,probability_vs_count_confusion,multiplicative_reasoning,这个选项通常来自probability vs count confusion。
jianzisheng_cn_junior_chapter_expansion_v1_cn-junior-g9-expected-count_002,B,13,probability_vs_count_confusion,multiplicative_reasoning,这个选项通常来自probability vs count confusion。
jianzisheng_cn_junior_chapter_expansion_v1_cn-junior-g9-expected-count_002,C,3,probability_vs_count_confusion,multiplicative_reasoning,这个选项通常来自probability vs count confusion。
jianzisheng_cn_junior_chapter_expansion_v1_cn-junior-g9-expected-count_002,D,32,probability_vs_count_confusion,multiplicative_reasoning,这个选项通常来自probability vs count confusion。
jianzisheng_cn_junior_chapter_expansion_v1_cn-junior-g9-expected-count_003,A,50,probability_vs_count_confusion,multiplicative_reasoning,这个选项通常来自probability vs count confusion。
jianzisheng_cn_junior_chapter_expansion_v1_cn-junior-g9-expected-count_003,B,40,probability_vs_count_confusion,multiplicative_reasoning,这个选项通常来自probability vs count confusion。
jianzisheng_cn_junior_chapter_expansion_v1_cn-junior-g9-expected-count_003,C,9,probability_vs_count_confusion,multiplicative_reasoning,这个选项通常来自probability vs count confusion。
jianzisheng_cn_junior_chapter_expansion_v1_cn-junior-g9-expected-count_003,E,54,probability_vs_count_confusion,multiplicative_reasoning,这个选项通常来自probability vs count confusion。
jianzisheng_cn_junior_chapter_expansion_v1_cn-junior-g9-expected-count_004,A,45,probability_vs_count_confusion,multiplicative_reasoning,这个选项通常来自probability vs count confusion。
jianzisheng_cn_junior_chapter_expansion_v1_cn-junior-g9-expected-count_004,B,20,probability_vs_count_confusion,multiplicative_reasoning,这个选项通常来自probability vs count confusion。
jianzisheng_cn_junior_chapter_expansion_v1_cn-junior-g9-expected-count_004,D,70,probability_vs_count_confusion,multiplicative_reasoning,这个选项通常来自probability vs count confusion。
jianzisheng_cn_junior_chapter_expansion_v1_cn-junior-g9-expected-count_004,E,55,probability_vs_count_confusion,multiplicative_reasoning,这个选项通常来自probability vs count confusion。
jianzisheng_cn_junior_chapter_expansion_v1_cn-junior-g9-expected-count_005,A,33,probability_vs_count_confusion,multiplicative_reasoning,这个选项通常来自probability vs count confusion。
jianzisheng_cn_junior_chapter_expansion_v1_cn-junior-g9-expected-count_005,C,88,probability_vs_count_confusion,multiplicative_reasoning,这个选项通常来自probability vs count confusion。
jianzisheng_cn_junior_chapter_expansion_v1_cn-junior-g9-expected-count_005,D,60,probability_vs_count_confusion,multiplicative_reasoning,这个选项通常来自probability vs count confusion。
jianzisheng_cn_junior_chapter_expansion_v1_cn-junior-g9-expected-count_005,E,50,probability_vs_count_confusion,multiplicative_reasoning,这个选项通常来自probability vs count confusion。
jianzisheng_cn_junior_chapter_expansion_v1_cn-junior-g9-expected-count_006,B,108,probability_vs_count_confusion,multiplicative_reasoning,这个选项通常来自probability vs count confusion。
jianzisheng_cn_junior_chapter_expansion_v1_cn-junior-g9-expected-count_006,C,65,probability_vs_count_confusion,multiplicative_reasoning,这个选项通常来自probability vs count confusion。
jianzisheng_cn_junior_chapter_expansion_v1_cn-junior-g9-expected-count_006,D,55,probability_vs_count_confusion,multiplicative_reasoning,这个选项通常来自probability vs count confusion。
jianzisheng_cn_junior_chapter_expansion_v1_cn-junior-g9-expected-count_006,E,48,probability_vs_count_confusion,multiplicative_reasoning,这个选项通常来自probability vs count confusion。
jianzisheng_cn_junior_chapter_expansion_v1_cn-junior-g9-expected-count_007,A,130,probability_vs_count_confusion,multiplicative_reasoning,这个选项通常来自probability vs count confusion。
jianzisheng_cn_junior_chapter_expansion_v1_cn-junior-g9-expected-count_007,B,70,probability_vs_count_confusion,multiplicative_reasoning,这个选项通常来自probability vs count confusion。
jianzisheng_cn_junior_chapter_expansion_v1_cn-junior-g9-expected-count_007,C,60,probability_vs_count_confusion,multiplicative_reasoning,这个选项通常来自probability vs count confusion。
jianzisheng_cn_junior_chapter_expansion_v1_cn-junior-g9-expected-count_007,D,70,probability_vs_count_confusion,multiplicative_reasoning,这个选项通常来自probability vs count confusion。
jianzisheng_cn_junior_chapter_expansion_v1_cn-junior-g9-expected-count_008,A,47,probability_vs_count_confusion,multiplicative_reasoning,这个选项通常来自probability vs count confusion。
jianzisheng_cn_junior_chapter_expansion_v1_cn-junior-g9-expected-count_008,B,37,probability_vs_count_confusion,multiplicative_reasoning,这个选项通常来自probability vs count confusion。
jianzisheng_cn_junior_chapter_expansion_v1_cn-junior-g9-expected-count_008,C,14,probability_vs_count_confusion,multiplicative_reasoning,这个选项通常来自probability vs count confusion。
jianzisheng_cn_junior_chapter_expansion_v1_cn-junior-g9-expected-count_008,E,56,probability_vs_count_confusion,multiplicative_reasoning,这个选项通常来自probability vs count confusion。
jianzisheng_cn_junior_chapter_expansion_v1_cn-junior-g9-expected-count_009,A,55,probability_vs_count_confusion,multiplicative_reasoning,这个选项通常来自probability vs count confusion。
jianzisheng_cn_junior_chapter_expansion_v1_cn-junior-g9-expected-count_009,B,15,probability_vs_count_confusion,multiplicative_reasoning,这个选项通常来自probability vs count confusion。
jianzisheng_cn_junior_chapter_expansion_v1_cn-junior-g9-expected-count_009,D,75,probability_vs_count_confusion,multiplicative_reasoning,这个选项通常来自probability vs count confusion。
jianzisheng_cn_junior_chapter_expansion_v1_cn-junior-g9-expected-count_009,E,65,probability_vs_count_confusion,multiplicative_reasoning,这个选项通常来自probability vs count confusion。
jianzisheng_cn_junior_chapter_expansion_v1_cn-junior-g9-expected-count_010,A,32,probability_vs_count_confusion,multiplicative_reasoning,这个选项通常来自probability vs count confusion。
jianzisheng_cn_junior_chapter_expansion_v1_cn-junior-g9-expected-count_010,C,48,probability_vs_count_confusion,multiplicative_reasoning,这个选项通常来自probability vs count confusion。
jianzisheng_cn_junior_chapter_expansion_v1_cn-junior-g9-expected-count_010,D,21,probability_vs_count_confusion,multiplicative_reasoning,这个选项通常来自probability vs count confusion。
jianzisheng_cn_junior_chapter_expansion_v1_cn-junior-g9-expected-count_010,E,11,probability_vs_count_confusion,multiplicative_reasoning,这个选项通常来自probability vs count confusion。
jianzisheng_cn_junior_chapter_expansion_v1_cn-junior-g9-expected-count_011,B,63,probability_vs_count_confusion,multiplicative_reasoning,这个选项通常来自probability vs count confusion。
jianzisheng_cn_junior_chapter_expansion_v1_cn-junior-g9-expected-count_011,C,59,probability_vs_count_confusion,multiplicative_reasoning,这个选项通常来自probability vs count confusion。
jianzisheng_cn_junior_chapter_expansion_v1_cn-junior-g9-expected-count_011,D,49,probability_vs_count_confusion,multiplicative_reasoning,这个选项通常来自probability vs count confusion。
jianzisheng_cn_junior_chapter_expansion_v1_cn-junior-g9-expected-count_011,E,9,probability_vs_count_confusion,multiplicative_reasoning,这个选项通常来自probability vs count confusion。
jianzisheng_cn_junior_chapter_expansion_v1_cn-junior-g9-expected-count_012,A,80,probability_vs_count_confusion,multiplicative_reasoning,这个选项通常来自probability vs count confusion。
jianzisheng_cn_junior_chapter_expansion_v1_cn-junior-g9-expected-count_012,B,55,probability_vs_count_confusion,multiplicative_reasoning,这个选项通常来自probability vs count confusion。
jianzisheng_cn_junior_chapter_expansion_v1_cn-junior-g9-expected-count_012,C,45,probability_vs_count_confusion,multiplicative_reasoning,这个选项通常来自probability vs count confusion。
jianzisheng_cn_junior_chapter_expansion_v1_cn-junior-g9-expected-count_012,D,30,probability_vs_count_confusion,multiplicative_reasoning,这个选项通常来自probability vs count confusion。
jianzisheng_cn_junior_chapter_expansion_v1_cn-junior-g9-expected-count_013,A,49,probability_vs_count_confusion,multiplicative_reasoning,这个选项通常来自probability vs count confusion。
jianzisheng_cn_junior_chapter_expansion_v1_cn-junior-g9-expected-count_013,B,39,probability_vs_count_confusion,multiplicative_reasoning,这个选项通常来自probability vs count confusion。
jianzisheng_cn_junior_chapter_expansion_v1_cn-junior-g9-expected-count_013,C,55,probability_vs_count_confusion,multiplicative_reasoning,这个选项通常来自probability vs count confusion。
jianzisheng_cn_junior_chapter_expansion_v1_cn-junior-g9-expected-count_013,E,99,probability_vs_count_confusion,multiplicative_reasoning,这个选项通常来自probability vs count confusion。
jianzisheng_cn_junior_chapter_expansion_v1_cn-junior-g9-expected-count_014,A,31,probability_vs_count_confusion,multiplicative_reasoning,这个选项通常来自probability vs count confusion。
jianzisheng_cn_junior_chapter_expansion_v1_cn-junior-g9-expected-count_014,B,84,probability_vs_count_confusion,multiplicative_reasoning,这个选项通常来自probability vs count confusion。
jianzisheng_cn_junior_chapter_expansion_v1_cn-junior-g9-expected-count_014,D,120,probability_vs_count_confusion,multiplicative_reasoning,这个选项通常来自probability vs count confusion。
jianzisheng_cn_junior_chapter_expansion_v1_cn-junior-g9-expected-count_014,E,41,probability_vs_count_confusion,multiplicative_reasoning,这个选项通常来自probability vs count confusion。
jianzisheng_cn_junior_chapter_expansion_v1_cn-junior-g9-statistics-missing-value_001,B,9.8,mean_as_missing_value,inverse_operations,这个选项通常来自mean as missing value。
jianzisheng_cn_junior_chapter_expansion_v1_cn-junior-g9-statistics-missing-value_001,C,36,mean_as_missing_value,inverse_operations,这个选项通常来自mean as missing value。
jianzisheng_cn_junior_chapter_expansion_v1_cn-junior-g9-statistics-missing-value_001,D,15,mean_as_missing_value,inverse_operations,这个选项通常来自mean as missing value。
jianzisheng_cn_junior_chapter_expansion_v1_cn-junior-g9-statistics-missing-value_001,E,11,mean_as_missing_value,inverse_operations,这个选项通常来自mean as missing value。
jianzisheng_cn_junior_chapter_expansion_v1_cn-junior-g9-statistics-missing-value_002,A,9.2,mean_as_missing_value,inverse_operations,这个选项通常来自mean as missing value。
jianzisheng_cn_junior_chapter_expansion_v1_cn-junior-g9-statistics-missing-value_002,B,32,mean_as_missing_value,inverse_operations,这个选项通常来自mean as missing value。
jianzisheng_cn_junior_chapter_expansion_v1_cn-junior-g9-statistics-missing-value_002,C,16,mean_as_missing_value,inverse_operations,这个选项通常来自mean as missing value。
jianzisheng_cn_junior_chapter_expansion_v1_cn-junior-g9-statistics-missing-value_002,D,12,mean_as_missing_value,inverse_operations,这个选项通常来自mean as missing value。
jianzisheng_cn_junior_chapter_expansion_v1_cn-junior-g9-statistics-missing-value_003,A,36,mean_as_missing_value,inverse_operations,这个选项通常来自mean as missing value。
jianzisheng_cn_junior_chapter_expansion_v1_cn-junior-g9-statistics-missing-value_003,B,17,mean_as_missing_value,inverse_operations,这个选项通常来自mean as missing value。
jianzisheng_cn_junior_chapter_expansion_v1_cn-junior-g9-statistics-missing-value_003,C,13,mean_as_missing_value,inverse_operations,这个选项通常来自mean as missing value。
jianzisheng_cn_junior_chapter_expansion_v1_cn-junior-g9-statistics-missing-value_003,E,10.2,mean_as_missing_value,inverse_operations,这个选项通常来自mean as missing value。
jianzisheng_cn_junior_chapter_expansion_v1_cn-junior-g9-statistics-missing-value_004,A,8,mean_as_missing_value,inverse_operations,这个选项通常来自mean as missing value。
jianzisheng_cn_junior_chapter_expansion_v1_cn-junior-g9-statistics-missing-value_004,B,4,mean_as_missing_value,inverse_operations,这个选项通常来自mean as missing value。
jianzisheng_cn_junior_chapter_expansion_v1_cn-junior-g9-statistics-missing-value_004,D,8.2,mean_as_missing_value,inverse_operations,这个选项通常来自mean as missing value。
jianzisheng_cn_junior_chapter_expansion_v1_cn-junior-g9-statistics-missing-value_004,E,35,mean_as_missing_value,inverse_operations,这个选项通常来自mean as missing value。
jianzisheng_cn_junior_chapter_expansion_v1_cn-junior-g9-statistics-missing-value_005,A,5,mean_as_missing_value,inverse_operations,这个选项通常来自mean as missing value。
jianzisheng_cn_junior_chapter_expansion_v1_cn-junior-g9-statistics-missing-value_005,C,9.2,mean_as_missing_value,inverse_operations,这个选项通常来自mean as missing value。
jianzisheng_cn_junior_chapter_expansion_v1_cn-junior-g9-statistics-missing-value_005,D,39,mean_as_missing_value,inverse_operations,这个选项通常来自mean as missing value。
jianzisheng_cn_junior_chapter_expansion_v1_cn-junior-g9-statistics-missing-value_005,E,9,mean_as_missing_value,inverse_operations,这个选项通常来自mean as missing value。
jianzisheng_cn_junior_chapter_expansion_v1_cn-junior-g9-statistics-missing-value_006,B,9,mean_as_missing_value,inverse_operations,这个选项通常来自mean as missing value。
jianzisheng_cn_junior_chapter_expansion_v1_cn-junior-g9-statistics-missing-value_006,C,37,mean_as_missing_value,inverse_operations,这个选项通常来自mean as missing value。
jianzisheng_cn_junior_chapter_expansion_v1_cn-junior-g9-statistics-missing-value_006,D,10,mean_as_missing_value,inverse_operations,这个选项通常来自mean as missing value。
jianzisheng_cn_junior_chapter_expansion_v1_cn-junior-g9-statistics-missing-value_006,E,6,mean_as_missing_value,inverse_operations,这个选项通常来自mean as missing value。
jianzisheng_cn_junior_chapter_expansion_v1_cn-junior-g9-statistics-missing-value_007,A,10,mean_as_missing_value,inverse_operations,这个选项通常来自mean as missing value。
jianzisheng_cn_junior_chapter_expansion_v1_cn-junior-g9-statistics-missing-value_007,B,41,mean_as_missing_value,inverse_operations,这个选项通常来自mean as missing value。
jianzisheng_cn_junior_chapter_expansion_v1_cn-junior-g9-statistics-missing-value_007,C,11,mean_as_missing_value,inverse_operations,这个选项通常来自mean as missing value。
jianzisheng_cn_junior_chapter_expansion_v1_cn-junior-g9-statistics-missing-value_007,D,7,mean_as_missing_value,inverse_operations,这个选项通常来自mean as missing value。
jianzisheng_cn_junior_chapter_expansion_v1_cn-junior-g9-statistics-missing-value_008,A,38,mean_as_missing_value,inverse_operations,这个选项通常来自mean as missing value。
jianzisheng_cn_junior_chapter_expansion_v1_cn-junior-g9-statistics-missing-value_008,B,12,mean_as_missing_value,inverse_operations,这个选项通常来自mean as missing value。
jianzisheng_cn_junior_chapter_expansion_v1_cn-junior-g9-statistics-missing-value_008,C,8,mean_as_missing_value,inverse_operations,这个选项通常来自mean as missing value。
jianzisheng_cn_junior_chapter_expansion_v1_cn-junior-g9-statistics-missing-value_008,E,9.6,mean_as_missing_value,inverse_operations,这个选项通常来自mean as missing value。
jianzisheng_cn_junior_chapter_expansion_v1_cn-junior-g9-statistics-missing-value_009,A,13,mean_as_missing_value,inverse_operations,这个选项通常来自mean as missing value。
jianzisheng_cn_junior_chapter_expansion_v1_cn-junior-g9-statistics-missing-value_009,B,9,mean_as_missing_value,inverse_operations,这个选项通常来自mean as missing value。
jianzisheng_cn_junior_chapter_expansion_v1_cn-junior-g9-statistics-missing-value_009,D,9.6,mean_as_missing_value,inverse_operations,这个选项通常来自mean as missing value。
jianzisheng_cn_junior_chapter_expansion_v1_cn-junior-g9-statistics-missing-value_009,E,37,mean_as_missing_value,inverse_operations,这个选项通常来自mean as missing value。
jianzisheng_cn_junior_chapter_expansion_v1_cn-junior-g9-statistics-missing-value_010,A,10,mean_as_missing_value,inverse_operations,这个选项通常来自mean as missing value。
jianzisheng_cn_junior_chapter_expansion_v1_cn-junior-g9-statistics-missing-value_010,C,9,mean_as_missing_value,inverse_operations,这个选项通常来自mean as missing value。
jianzisheng_cn_junior_chapter_expansion_v1_cn-junior-g9-statistics-missing-value_010,D,33,mean_as_missing_value,inverse_operations,这个选项通常来自mean as missing value。
jianzisheng_cn_junior_chapter_expansion_v1_cn-junior-g9-statistics-missing-value_010,E,14,mean_as_missing_value,inverse_operations,这个选项通常来自mean as missing value。
jianzisheng_cn_junior_chapter_expansion_v1_cn-junior-g9-statistics-missing-value_011,B,10,mean_as_missing_value,inverse_operations,这个选项通常来自mean as missing value。
jianzisheng_cn_junior_chapter_expansion_v1_cn-junior-g9-statistics-missing-value_011,C,37,mean_as_missing_value,inverse_operations,这个选项通常来自mean as missing value。
jianzisheng_cn_junior_chapter_expansion_v1_cn-junior-g9-statistics-missing-value_011,D,15,mean_as_missing_value,inverse_operations,这个选项通常来自mean as missing value。
jianzisheng_cn_junior_chapter_expansion_v1_cn-junior-g9-statistics-missing-value_011,E,11,mean_as_missing_value,inverse_operations,这个选项通常来自mean as missing value。
jianzisheng_cn_junior_chapter_expansion_v1_cn-junior-g9-statistics-missing-value_012,A,9.8,mean_as_missing_value,inverse_operations,这个选项通常来自mean as missing value。
jianzisheng_cn_junior_chapter_expansion_v1_cn-junior-g9-statistics-missing-value_012,B,35,mean_as_missing_value,inverse_operations,这个选项通常来自mean as missing value。
jianzisheng_cn_junior_chapter_expansion_v1_cn-junior-g9-statistics-missing-value_012,C,16,mean_as_missing_value,inverse_operations,这个选项通常来自mean as missing value。
jianzisheng_cn_junior_chapter_expansion_v1_cn-junior-g9-statistics-missing-value_012,D,12,mean_as_missing_value,inverse_operations,这个选项通常来自mean as missing value。
jianzisheng_cn_junior_chapter_expansion_v1_cn-junior-g9-statistics-missing-value_013,A,39,mean_as_missing_value,inverse_operations,这个选项通常来自mean as missing value。
jianzisheng_cn_junior_chapter_expansion_v1_cn-junior-g9-statistics-missing-value_013,B,17,mean_as_missing_value,inverse_operations,这个选项通常来自mean as missing value。
jianzisheng_cn_junior_chapter_expansion_v1_cn-junior-g9-statistics-missing-value_013,C,13,mean_as_missing_value,inverse_operations,这个选项通常来自mean as missing value。
jianzisheng_cn_junior_chapter_expansion_v1_cn-junior-g9-statistics-missing-value_013,E,10.8,mean_as_missing_value,inverse_operations,这个选项通常来自mean as missing value。
jianzisheng_cn_junior_chapter_expansion_v1_cn-junior-g9-statistics-missing-value_014,A,8,mean_as_missing_value,inverse_operations,这个选项通常来自mean as missing value。
jianzisheng_cn_junior_chapter_expansion_v1_cn-junior-g9-statistics-missing-value_014,B,4,mean_as_missing_value,inverse_operations,这个选项通常来自mean as missing value。
jianzisheng_cn_junior_chapter_expansion_v1_cn-junior-g9-statistics-missing-value_014,D,8.8,mean_as_missing_value,inverse_operations,这个选项通常来自mean as missing value。
jianzisheng_cn_junior_chapter_expansion_v1_cn-junior-g9-statistics-missing-value_014,E,38,mean_as_missing_value,inverse_operations,这个选项通常来自mean as missing value。
