problem_id,hint_1,hint_2,step_by_step,common_mistake,why_correct,variant_idea
jianzisheng_cn_junior_chapter_expansion_v1_cn-junior-01-linear-equations_001,先把常数项移到另一边。,再把 x 的系数化为 1。,步骤 1：先把常数项移到另一边。 步骤 2：先移项得 4x=20，再两边除以 4，得到 x=5。 步骤 3：得到答案 5。,移项忘记变号。,答案 5 正确。先移项得 4x=20，再两边除以 4，得到 x=5。,换一组数值，继续练习同一章节的核心结构。
jianzisheng_cn_junior_chapter_expansion_v1_cn-junior-01-linear-equations_002,先把常数项移到另一边。,再把 x 的系数化为 1。,步骤 1：先把常数项移到另一边。 步骤 2：先移项得 5x=30，再两边除以 5，得到 x=6。 步骤 3：得到答案 6。,移项忘记变号。,答案 6 正确。先移项得 5x=30，再两边除以 5，得到 x=6。,换一组数值，继续练习同一章节的核心结构。
jianzisheng_cn_junior_chapter_expansion_v1_cn-junior-01-linear-equations_003,先把常数项移到另一边。,再把 x 的系数化为 1。,步骤 1：先把常数项移到另一边。 步骤 2：先移项得 6x=42，再两边除以 6，得到 x=7。 步骤 3：得到答案 7。,移项忘记变号。,答案 7 正确。先移项得 6x=42，再两边除以 6，得到 x=7。,换一组数值，继续练习同一章节的核心结构。
jianzisheng_cn_junior_chapter_expansion_v1_cn-junior-01-linear-equations_004,先把常数项移到另一边。,再把 x 的系数化为 1。,步骤 1：先把常数项移到另一边。 步骤 2：先移项得 7x=56，再两边除以 7，得到 x=8。 步骤 3：得到答案 8。,移项忘记变号。,答案 8 正确。先移项得 7x=56，再两边除以 7，得到 x=8。,换一组数值，继续练习同一章节的核心结构。
jianzisheng_cn_junior_chapter_expansion_v1_cn-junior-01-linear-equations_005,先把常数项移到另一边。,再把 x 的系数化为 1。,步骤 1：先把常数项移到另一边。 步骤 2：先移项得 8x=72，再两边除以 8，得到 x=9。 步骤 3：得到答案 9。,移项忘记变号。,答案 9 正确。先移项得 8x=72，再两边除以 8，得到 x=9。,换一组数值，继续练习同一章节的核心结构。
jianzisheng_cn_junior_chapter_expansion_v1_cn-junior-01-linear-equations_006,先把常数项移到另一边。,再把 x 的系数化为 1。,步骤 1：先把常数项移到另一边。 步骤 2：先移项得 2x=20，再两边除以 2，得到 x=10。 步骤 3：得到答案 10。,移项忘记变号。,答案 10 正确。先移项得 2x=20，再两边除以 2，得到 x=10。,换一组数值，继续练习同一章节的核心结构。
jianzisheng_cn_junior_chapter_expansion_v1_cn-junior-01-linear-equations_007,先把常数项移到另一边。,再把 x 的系数化为 1。,步骤 1：先把常数项移到另一边。 步骤 2：先移项得 3x=33，再两边除以 3，得到 x=11。 步骤 3：得到答案 11。,移项忘记变号。,答案 11 正确。先移项得 3x=33，再两边除以 3，得到 x=11。,换一组数值，继续练习同一章节的核心结构。
jianzisheng_cn_junior_chapter_expansion_v1_cn-junior-01-linear-equations_008,先把常数项移到另一边。,再把 x 的系数化为 1。,步骤 1：先把常数项移到另一边。 步骤 2：先移项得 4x=12，再两边除以 4，得到 x=3。 步骤 3：得到答案 3。,移项忘记变号。,答案 3 正确。先移项得 4x=12，再两边除以 4，得到 x=3。,换一组数值，继续练习同一章节的核心结构。
jianzisheng_cn_junior_chapter_expansion_v1_cn-junior-01-linear-equations_009,先把常数项移到另一边。,再把 x 的系数化为 1。,步骤 1：先把常数项移到另一边。 步骤 2：先移项得 5x=20，再两边除以 5，得到 x=4。 步骤 3：得到答案 4。,移项忘记变号。,答案 4 正确。先移项得 5x=20，再两边除以 5，得到 x=4。,换一组数值，继续练习同一章节的核心结构。
jianzisheng_cn_junior_chapter_expansion_v1_cn-junior-01-linear-equations_010,先把常数项移到另一边。,再把 x 的系数化为 1。,步骤 1：先把常数项移到另一边。 步骤 2：先移项得 6x=30，再两边除以 6，得到 x=5。 步骤 3：得到答案 5。,移项忘记变号。,答案 5 正确。先移项得 6x=30，再两边除以 6，得到 x=5。,换一组数值，继续练习同一章节的核心结构。
jianzisheng_cn_junior_chapter_expansion_v1_cn-junior-01-linear-equations_011,先把常数项移到另一边。,再把 x 的系数化为 1。,步骤 1：先把常数项移到另一边。 步骤 2：先移项得 7x=42，再两边除以 7，得到 x=6。 步骤 3：得到答案 6。,移项忘记变号。,答案 6 正确。先移项得 7x=42，再两边除以 7，得到 x=6。,换一组数值，继续练习同一章节的核心结构。
jianzisheng_cn_junior_chapter_expansion_v1_cn-junior-01-linear-equations_012,先把常数项移到另一边。,再把 x 的系数化为 1。,步骤 1：先把常数项移到另一边。 步骤 2：先移项得 8x=56，再两边除以 8，得到 x=7。 步骤 3：得到答案 7。,移项忘记变号。,答案 7 正确。先移项得 8x=56，再两边除以 8，得到 x=7。,换一组数值，继续练习同一章节的核心结构。
jianzisheng_cn_junior_chapter_expansion_v1_cn-junior-01-linear-equations_013,先把常数项移到另一边。,再把 x 的系数化为 1。,步骤 1：先把常数项移到另一边。 步骤 2：先移项得 2x=16，再两边除以 2，得到 x=8。 步骤 3：得到答案 8。,移项忘记变号。,答案 8 正确。先移项得 2x=16，再两边除以 2，得到 x=8。,换一组数值，继续练习同一章节的核心结构。
jianzisheng_cn_junior_chapter_expansion_v1_cn-junior-01-linear-equations_014,先把常数项移到另一边。,再把 x 的系数化为 1。,步骤 1：先把常数项移到另一边。 步骤 2：先移项得 3x=27，再两边除以 3，得到 x=9。 步骤 3：得到答案 9。,移项忘记变号。,答案 9 正确。先移项得 3x=27，再两边除以 3，得到 x=9。,换一组数值，继续练习同一章节的核心结构。
jianzisheng_cn_junior_chapter_expansion_v1_cn-junior-01-linear-equations_015,先把常数项移到另一边。,再把 x 的系数化为 1。,步骤 1：先把常数项移到另一边。 步骤 2：先移项得 4x=40，再两边除以 4，得到 x=10。 步骤 3：得到答案 10。,移项忘记变号。,答案 10 正确。先移项得 4x=40，再两边除以 4，得到 x=10。,换一组数值，继续练习同一章节的核心结构。
jianzisheng_cn_junior_chapter_expansion_v1_cn-junior-01-linear-equations_016,先把常数项移到另一边。,再把 x 的系数化为 1。,步骤 1：先把常数项移到另一边。 步骤 2：先移项得 5x=55，再两边除以 5，得到 x=11。 步骤 3：得到答案 11。,移项忘记变号。,答案 11 正确。先移项得 5x=55，再两边除以 5，得到 x=11。,换一组数值，继续练习同一章节的核心结构。
jianzisheng_cn_junior_chapter_expansion_v1_cn-junior-01-linear-equations_017,先把常数项移到另一边。,再把 x 的系数化为 1。,步骤 1：先把常数项移到另一边。 步骤 2：先移项得 6x=18，再两边除以 6，得到 x=3。 步骤 3：得到答案 3。,移项忘记变号。,答案 3 正确。先移项得 6x=18，再两边除以 6，得到 x=3。,换一组数值，继续练习同一章节的核心结构。
jianzisheng_cn_junior_chapter_expansion_v1_cn-junior-01-linear-equations_018,先把常数项移到另一边。,再把 x 的系数化为 1。,步骤 1：先把常数项移到另一边。 步骤 2：先移项得 7x=28，再两边除以 7，得到 x=4。 步骤 3：得到答案 4。,移项忘记变号。,答案 4 正确。先移项得 7x=28，再两边除以 7，得到 x=4。,换一组数值，继续练习同一章节的核心结构。
jianzisheng_cn_junior_chapter_expansion_v1_cn-junior-01-linear-equations_019,先把常数项移到另一边。,再把 x 的系数化为 1。,步骤 1：先把常数项移到另一边。 步骤 2：先移项得 8x=40，再两边除以 8，得到 x=5。 步骤 3：得到答案 5。,移项忘记变号。,答案 5 正确。先移项得 8x=40，再两边除以 8，得到 x=5。,换一组数值，继续练习同一章节的核心结构。
jianzisheng_cn_junior_chapter_expansion_v1_cn-junior-02-factorization_001,寻找两个数的和与积。,分解后用零乘积性质求根。,步骤 1：寻找两个数的和与积。 步骤 2：该方程可分解为 (x--1)(x-4)=0，所以 x=-1 或 x=4。 步骤 3：得到答案 -1或4。,把根的符号写反。,答案 -1或4 正确。该方程可分解为 (x--1)(x-4)=0，所以 x=-1 或 x=4。,换一组数值，继续练习同一章节的核心结构。
jianzisheng_cn_junior_chapter_expansion_v1_cn-junior-02-factorization_002,寻找两个数的和与积。,分解后用零乘积性质求根。,步骤 1：寻找两个数的和与积。 步骤 2：该方程可分解为 (x-0)(x-6)=0，所以 x=0 或 x=6。 步骤 3：得到答案 0或6。,把根的符号写反。,答案 0或6 正确。该方程可分解为 (x-0)(x-6)=0，所以 x=0 或 x=6。,换一组数值，继续练习同一章节的核心结构。
jianzisheng_cn_junior_chapter_expansion_v1_cn-junior-02-factorization_003,寻找两个数的和与积。,分解后用零乘积性质求根。,步骤 1：寻找两个数的和与积。 步骤 2：该方程可分解为 (x-1)(x-8)=0，所以 x=1 或 x=8。 步骤 3：得到答案 1或8。,把根的符号写反。,答案 1或8 正确。该方程可分解为 (x-1)(x-8)=0，所以 x=1 或 x=8。,换一组数值，继续练习同一章节的核心结构。
jianzisheng_cn_junior_chapter_expansion_v1_cn-junior-02-factorization_004,寻找两个数的和与积。,分解后用零乘积性质求根。,步骤 1：寻找两个数的和与积。 步骤 2：该方程可分解为 (x-2)(x-5)=0，所以 x=2 或 x=5。 步骤 3：得到答案 2或5。,把根的符号写反。,答案 2或5 正确。该方程可分解为 (x-2)(x-5)=0，所以 x=2 或 x=5。,换一组数值，继续练习同一章节的核心结构。
jianzisheng_cn_junior_chapter_expansion_v1_cn-junior-02-factorization_005,寻找两个数的和与积。,分解后用零乘积性质求根。,步骤 1：寻找两个数的和与积。 步骤 2：该方程可分解为 (x-3)(x-7)=0，所以 x=3 或 x=7。 步骤 3：得到答案 3或7。,把根的符号写反。,答案 3或7 正确。该方程可分解为 (x-3)(x-7)=0，所以 x=3 或 x=7。,换一组数值，继续练习同一章节的核心结构。
jianzisheng_cn_junior_chapter_expansion_v1_cn-junior-02-factorization_006,寻找两个数的和与积。,分解后用零乘积性质求根。,步骤 1：寻找两个数的和与积。 步骤 2：该方程可分解为 (x--3)(x-2)=0，所以 x=-3 或 x=2。 步骤 3：得到答案 -3或2。,把根的符号写反。,答案 -3或2 正确。该方程可分解为 (x--3)(x-2)=0，所以 x=-3 或 x=2。,换一组数值，继续练习同一章节的核心结构。
jianzisheng_cn_junior_chapter_expansion_v1_cn-junior-02-factorization_007,寻找两个数的和与积。,分解后用零乘积性质求根。,步骤 1：寻找两个数的和与积。 步骤 2：该方程可分解为 (x--2)(x-4)=0，所以 x=-2 或 x=4。 步骤 3：得到答案 -2或4。,把根的符号写反。,答案 -2或4 正确。该方程可分解为 (x--2)(x-4)=0，所以 x=-2 或 x=4。,换一组数值，继续练习同一章节的核心结构。
jianzisheng_cn_junior_chapter_expansion_v1_cn-junior-02-factorization_008,寻找两个数的和与积。,分解后用零乘积性质求根。,步骤 1：寻找两个数的和与积。 步骤 2：该方程可分解为 (x--1)(x-6)=0，所以 x=-1 或 x=6。 步骤 3：得到答案 -1或6。,把根的符号写反。,答案 -1或6 正确。该方程可分解为 (x--1)(x-6)=0，所以 x=-1 或 x=6。,换一组数值，继续练习同一章节的核心结构。
jianzisheng_cn_junior_chapter_expansion_v1_cn-junior-02-factorization_009,寻找两个数的和与积。,分解后用零乘积性质求根。,步骤 1：寻找两个数的和与积。 步骤 2：该方程可分解为 (x-0)(x-3)=0，所以 x=0 或 x=3。 步骤 3：得到答案 0或3。,把根的符号写反。,答案 0或3 正确。该方程可分解为 (x-0)(x-3)=0，所以 x=0 或 x=3。,换一组数值，继续练习同一章节的核心结构。
jianzisheng_cn_junior_chapter_expansion_v1_cn-junior-02-factorization_010,寻找两个数的和与积。,分解后用零乘积性质求根。,步骤 1：寻找两个数的和与积。 步骤 2：该方程可分解为 (x-1)(x-5)=0，所以 x=1 或 x=5。 步骤 3：得到答案 1或5。,把根的符号写反。,答案 1或5 正确。该方程可分解为 (x-1)(x-5)=0，所以 x=1 或 x=5。,换一组数值，继续练习同一章节的核心结构。
jianzisheng_cn_junior_chapter_expansion_v1_cn-junior-02-factorization_011,寻找两个数的和与积。,分解后用零乘积性质求根。,步骤 1：寻找两个数的和与积。 步骤 2：该方程可分解为 (x-2)(x-7)=0，所以 x=2 或 x=7。 步骤 3：得到答案 2或7。,把根的符号写反。,答案 2或7 正确。该方程可分解为 (x-2)(x-7)=0，所以 x=2 或 x=7。,换一组数值，继续练习同一章节的核心结构。
jianzisheng_cn_junior_chapter_expansion_v1_cn-junior-02-factorization_012,寻找两个数的和与积。,分解后用零乘积性质求根。,步骤 1：寻找两个数的和与积。 步骤 2：该方程可分解为 (x-3)(x-9)=0，所以 x=3 或 x=9。 步骤 3：得到答案 3或9。,把根的符号写反。,答案 3或9 正确。该方程可分解为 (x-3)(x-9)=0，所以 x=3 或 x=9。,换一组数值，继续练习同一章节的核心结构。
jianzisheng_cn_junior_chapter_expansion_v1_cn-junior-02-factorization_013,寻找两个数的和与积。,分解后用零乘积性质求根。,步骤 1：寻找两个数的和与积。 步骤 2：该方程可分解为 (x--3)(x-4)=0，所以 x=-3 或 x=4。 步骤 3：得到答案 -3或4。,把根的符号写反。,答案 -3或4 正确。该方程可分解为 (x--3)(x-4)=0，所以 x=-3 或 x=4。,换一组数值，继续练习同一章节的核心结构。
jianzisheng_cn_junior_chapter_expansion_v1_cn-junior-02-factorization_014,寻找两个数的和与积。,分解后用零乘积性质求根。,步骤 1：寻找两个数的和与积。 步骤 2：该方程可分解为 (x--2)(x-1)=0，所以 x=-2 或 x=1。 步骤 3：得到答案 -2或1。,把根的符号写反。,答案 -2或1 正确。该方程可分解为 (x--2)(x-1)=0，所以 x=-2 或 x=1。,换一组数值，继续练习同一章节的核心结构。
jianzisheng_cn_junior_chapter_expansion_v1_cn-junior-02-factorization_015,寻找两个数的和与积。,分解后用零乘积性质求根。,步骤 1：寻找两个数的和与积。 步骤 2：该方程可分解为 (x--1)(x-3)=0，所以 x=-1 或 x=3。 步骤 3：得到答案 -1或3。,把根的符号写反。,答案 -1或3 正确。该方程可分解为 (x--1)(x-3)=0，所以 x=-1 或 x=3。,换一组数值，继续练习同一章节的核心结构。
jianzisheng_cn_junior_chapter_expansion_v1_cn-junior-02-factorization_016,寻找两个数的和与积。,分解后用零乘积性质求根。,步骤 1：寻找两个数的和与积。 步骤 2：该方程可分解为 (x-0)(x-5)=0，所以 x=0 或 x=5。 步骤 3：得到答案 0或5。,把根的符号写反。,答案 0或5 正确。该方程可分解为 (x-0)(x-5)=0，所以 x=0 或 x=5。,换一组数值，继续练习同一章节的核心结构。
jianzisheng_cn_junior_chapter_expansion_v1_cn-junior-02-factorization_017,寻找两个数的和与积。,分解后用零乘积性质求根。,步骤 1：寻找两个数的和与积。 步骤 2：该方程可分解为 (x-1)(x-7)=0，所以 x=1 或 x=7。 步骤 3：得到答案 1或7。,把根的符号写反。,答案 1或7 正确。该方程可分解为 (x-1)(x-7)=0，所以 x=1 或 x=7。,换一组数值，继续练习同一章节的核心结构。
jianzisheng_cn_junior_chapter_expansion_v1_cn-junior-02-factorization_018,寻找两个数的和与积。,分解后用零乘积性质求根。,步骤 1：寻找两个数的和与积。 步骤 2：该方程可分解为 (x-2)(x-9)=0，所以 x=2 或 x=9。 步骤 3：得到答案 2或9。,把根的符号写反。,答案 2或9 正确。该方程可分解为 (x-2)(x-9)=0，所以 x=2 或 x=9。,换一组数值，继续练习同一章节的核心结构。
jianzisheng_cn_junior_chapter_expansion_v1_cn-junior-02-factorization_019,寻找两个数的和与积。,分解后用零乘积性质求根。,步骤 1：寻找两个数的和与积。 步骤 2：该方程可分解为 (x-3)(x-6)=0，所以 x=3 或 x=6。 步骤 3：得到答案 3或6。,把根的符号写反。,答案 3或6 正确。该方程可分解为 (x-3)(x-6)=0，所以 x=3 或 x=6。,换一组数值，继续练习同一章节的核心结构。
jianzisheng_cn_junior_chapter_expansion_v1_cn-junior-03-linear-functions_001,把 x 的值代入表达式。,先乘法，再加减。,步骤 1：把 x 的值代入表达式。 步骤 2：把 x=-1 代入，得到 -2×-1+0=2。 步骤 3：得到答案 2。,把 ax 误算成 a+x。,答案 2 正确。把 x=-1 代入，得到 -2×-1+0=2。,换一组数值，继续练习同一章节的核心结构。
jianzisheng_cn_junior_chapter_expansion_v1_cn-junior-03-linear-functions_002,把 x 的值代入表达式。,先乘法，再加减。,步骤 1：把 x 的值代入表达式。 步骤 2：把 x=0 代入，得到 -1×0+3=3。 步骤 3：得到答案 3。,把 ax 误算成 a+x。,答案 3 正确。把 x=0 代入，得到 -1×0+3=3。,换一组数值，继续练习同一章节的核心结构。
jianzisheng_cn_junior_chapter_expansion_v1_cn-junior-03-linear-functions_003,把 x 的值代入表达式。,先乘法，再加减。,步骤 1：把 x 的值代入表达式。 步骤 2：把 x=1 代入，得到 0×1+6=6。 步骤 3：得到答案 6。,把 ax 误算成 a+x。,答案 6 正确。把 x=1 代入，得到 0×1+6=6。,换一组数值，继续练习同一章节的核心结构。
jianzisheng_cn_junior_chapter_expansion_v1_cn-junior-03-linear-functions_004,把 x 的值代入表达式。,先乘法，再加减。,步骤 1：把 x 的值代入表达式。 步骤 2：把 x=2 代入，得到 1×2-4=-2。 步骤 3：得到答案 -2。,把 ax 误算成 a+x。,答案 -2 正确。把 x=2 代入，得到 1×2-4=-2。,换一组数值，继续练习同一章节的核心结构。
jianzisheng_cn_junior_chapter_expansion_v1_cn-junior-03-linear-functions_005,把 x 的值代入表达式。,先乘法，再加减。,步骤 1：把 x 的值代入表达式。 步骤 2：把 x=3 代入，得到 2×3-1=5。 步骤 3：得到答案 5。,把 ax 误算成 a+x。,答案 5 正确。把 x=3 代入，得到 2×3-1=5。,换一组数值，继续练习同一章节的核心结构。
jianzisheng_cn_junior_chapter_expansion_v1_cn-junior-03-linear-functions_006,把 x 的值代入表达式。,先乘法，再加减。,步骤 1：把 x 的值代入表达式。 步骤 2：把 x=4 代入，得到 3×4+2=14。 步骤 3：得到答案 14。,把 ax 误算成 a+x。,答案 14 正确。把 x=4 代入，得到 3×4+2=14。,换一组数值，继续练习同一章节的核心结构。
jianzisheng_cn_junior_chapter_expansion_v1_cn-junior-03-linear-functions_007,把 x 的值代入表达式。,先乘法，再加减。,步骤 1：把 x 的值代入表达式。 步骤 2：把 x=-3 代入，得到 4×-3+5=-7。 步骤 3：得到答案 -7。,把 ax 误算成 a+x。,答案 -7 正确。把 x=-3 代入，得到 4×-3+5=-7。,换一组数值，继续练习同一章节的核心结构。
jianzisheng_cn_junior_chapter_expansion_v1_cn-junior-03-linear-functions_008,把 x 的值代入表达式。,先乘法，再加减。,步骤 1：把 x 的值代入表达式。 步骤 2：把 x=-2 代入，得到 -4×-2-5=3。 步骤 3：得到答案 3。,把 ax 误算成 a+x。,答案 3 正确。把 x=-2 代入，得到 -4×-2-5=3。,换一组数值，继续练习同一章节的核心结构。
jianzisheng_cn_junior_chapter_expansion_v1_cn-junior-03-linear-functions_009,把 x 的值代入表达式。,先乘法，再加减。,步骤 1：把 x 的值代入表达式。 步骤 2：把 x=-1 代入，得到 -3×-1-2=1。 步骤 3：得到答案 1。,把 ax 误算成 a+x。,答案 1 正确。把 x=-1 代入，得到 -3×-1-2=1。,换一组数值，继续练习同一章节的核心结构。
jianzisheng_cn_junior_chapter_expansion_v1_cn-junior-03-linear-functions_010,把 x 的值代入表达式。,先乘法，再加减。,步骤 1：把 x 的值代入表达式。 步骤 2：把 x=0 代入，得到 -2×0+1=1。 步骤 3：得到答案 1。,把 ax 误算成 a+x。,答案 1 正确。把 x=0 代入，得到 -2×0+1=1。,换一组数值，继续练习同一章节的核心结构。
jianzisheng_cn_junior_chapter_expansion_v1_cn-junior-03-linear-functions_011,把 x 的值代入表达式。,先乘法，再加减。,步骤 1：把 x 的值代入表达式。 步骤 2：把 x=1 代入，得到 -1×1+4=3。 步骤 3：得到答案 3。,把 ax 误算成 a+x。,答案 3 正确。把 x=1 代入，得到 -1×1+4=3。,换一组数值，继续练习同一章节的核心结构。
jianzisheng_cn_junior_chapter_expansion_v1_cn-junior-03-linear-functions_012,把 x 的值代入表达式。,先乘法，再加减。,步骤 1：把 x 的值代入表达式。 步骤 2：把 x=2 代入，得到 0×2-6=-6。 步骤 3：得到答案 -6。,把 ax 误算成 a+x。,答案 -6 正确。把 x=2 代入，得到 0×2-6=-6。,换一组数值，继续练习同一章节的核心结构。
jianzisheng_cn_junior_chapter_expansion_v1_cn-junior-03-linear-functions_013,把 x 的值代入表达式。,先乘法，再加减。,步骤 1：把 x 的值代入表达式。 步骤 2：把 x=3 代入，得到 1×3-3=0。 步骤 3：得到答案 0。,把 ax 误算成 a+x。,答案 0 正确。把 x=3 代入，得到 1×3-3=0。,换一组数值，继续练习同一章节的核心结构。
jianzisheng_cn_junior_chapter_expansion_v1_cn-junior-03-linear-functions_014,把 x 的值代入表达式。,先乘法，再加减。,步骤 1：把 x 的值代入表达式。 步骤 2：把 x=4 代入，得到 2×4+0=8。 步骤 3：得到答案 8。,把 ax 误算成 a+x。,答案 8 正确。把 x=4 代入，得到 2×4+0=8。,换一组数值，继续练习同一章节的核心结构。
jianzisheng_cn_junior_chapter_expansion_v1_cn-junior-03-linear-functions_015,把 x 的值代入表达式。,先乘法，再加减。,步骤 1：把 x 的值代入表达式。 步骤 2：把 x=-3 代入，得到 3×-3+3=-6。 步骤 3：得到答案 -6。,把 ax 误算成 a+x。,答案 -6 正确。把 x=-3 代入，得到 3×-3+3=-6。,换一组数值，继续练习同一章节的核心结构。
jianzisheng_cn_junior_chapter_expansion_v1_cn-junior-03-linear-functions_016,把 x 的值代入表达式。,先乘法，再加减。,步骤 1：把 x 的值代入表达式。 步骤 2：把 x=-2 代入，得到 4×-2+6=-2。 步骤 3：得到答案 -2。,把 ax 误算成 a+x。,答案 -2 正确。把 x=-2 代入，得到 4×-2+6=-2。,换一组数值，继续练习同一章节的核心结构。
jianzisheng_cn_junior_chapter_expansion_v1_cn-junior-03-linear-functions_017,把 x 的值代入表达式。,先乘法，再加减。,步骤 1：把 x 的值代入表达式。 步骤 2：把 x=-1 代入，得到 -4×-1-4=0。 步骤 3：得到答案 0。,把 ax 误算成 a+x。,答案 0 正确。把 x=-1 代入，得到 -4×-1-4=0。,换一组数值，继续练习同一章节的核心结构。
jianzisheng_cn_junior_chapter_expansion_v1_cn-junior-03-linear-functions_018,把 x 的值代入表达式。,先乘法，再加减。,步骤 1：把 x 的值代入表达式。 步骤 2：把 x=0 代入，得到 -3×0-1=-1。 步骤 3：得到答案 -1。,把 ax 误算成 a+x。,答案 -1 正确。把 x=0 代入，得到 -3×0-1=-1。,换一组数值，继续练习同一章节的核心结构。
jianzisheng_cn_junior_chapter_expansion_v1_cn-junior-03-linear-functions_019,把 x 的值代入表达式。,先乘法，再加减。,步骤 1：把 x 的值代入表达式。 步骤 2：把 x=1 代入，得到 -2×1+2=0。 步骤 3：得到答案 0。,把 ax 误算成 a+x。,答案 0 正确。把 x=1 代入，得到 -2×1+2=0。,换一组数值，继续练习同一章节的核心结构。
jianzisheng_cn_junior_chapter_expansion_v1_cn-junior-04-triangle-angles_001,三角形三个内角和是 180°。,用 180° 减去两个已知角。,步骤 1：三角形三个内角和是 180°。 步骤 2：三角形内角和为 180°，第三个角为 180°-37°-46°=97°。 步骤 3：得到答案 97。,把两个已知角之和当成答案。,答案 97 正确。三角形内角和为 180°，第三个角为 180°-37°-46°=97°。,换一组数值，继续练习同一章节的核心结构。
jianzisheng_cn_junior_chapter_expansion_v1_cn-junior-04-triangle-angles_002,三角形三个内角和是 180°。,用 180° 减去两个已知角。,步骤 1：三角形三个内角和是 180°。 步骤 2：三角形内角和为 180°，第三个角为 180°-38°-49°=93°。 步骤 3：得到答案 93。,把两个已知角之和当成答案。,答案 93 正确。三角形内角和为 180°，第三个角为 180°-38°-49°=93°。,换一组数值，继续练习同一章节的核心结构。
jianzisheng_cn_junior_chapter_expansion_v1_cn-junior-04-triangle-angles_003,三角形三个内角和是 180°。,用 180° 减去两个已知角。,步骤 1：三角形三个内角和是 180°。 步骤 2：三角形内角和为 180°，第三个角为 180°-39°-52°=89°。 步骤 3：得到答案 89。,把两个已知角之和当成答案。,答案 89 正确。三角形内角和为 180°，第三个角为 180°-39°-52°=89°。,换一组数值，继续练习同一章节的核心结构。
jianzisheng_cn_junior_chapter_expansion_v1_cn-junior-04-triangle-angles_004,三角形三个内角和是 180°。,用 180° 减去两个已知角。,步骤 1：三角形三个内角和是 180°。 步骤 2：三角形内角和为 180°，第三个角为 180°-40°-55°=85°。 步骤 3：得到答案 85。,把两个已知角之和当成答案。,答案 85 正确。三角形内角和为 180°，第三个角为 180°-40°-55°=85°。,换一组数值，继续练习同一章节的核心结构。
jianzisheng_cn_junior_chapter_expansion_v1_cn-junior-04-triangle-angles_005,三角形三个内角和是 180°。,用 180° 减去两个已知角。,步骤 1：三角形三个内角和是 180°。 步骤 2：三角形内角和为 180°，第三个角为 180°-41°-58°=81°。 步骤 3：得到答案 81。,把两个已知角之和当成答案。,答案 81 正确。三角形内角和为 180°，第三个角为 180°-41°-58°=81°。,换一组数值，继续练习同一章节的核心结构。
jianzisheng_cn_junior_chapter_expansion_v1_cn-junior-04-triangle-angles_006,三角形三个内角和是 180°。,用 180° 减去两个已知角。,步骤 1：三角形三个内角和是 180°。 步骤 2：三角形内角和为 180°，第三个角为 180°-42°-61°=77°。 步骤 3：得到答案 77。,把两个已知角之和当成答案。,答案 77 正确。三角形内角和为 180°，第三个角为 180°-42°-61°=77°。,换一组数值，继续练习同一章节的核心结构。
jianzisheng_cn_junior_chapter_expansion_v1_cn-junior-04-triangle-angles_007,三角形三个内角和是 180°。,用 180° 减去两个已知角。,步骤 1：三角形三个内角和是 180°。 步骤 2：三角形内角和为 180°，第三个角为 180°-43°-64°=73°。 步骤 3：得到答案 73。,把两个已知角之和当成答案。,答案 73 正确。三角形内角和为 180°，第三个角为 180°-43°-64°=73°。,换一组数值，继续练习同一章节的核心结构。
jianzisheng_cn_junior_chapter_expansion_v1_cn-junior-04-triangle-angles_008,三角形三个内角和是 180°。,用 180° 减去两个已知角。,步骤 1：三角形三个内角和是 180°。 步骤 2：三角形内角和为 180°，第三个角为 180°-44°-67°=69°。 步骤 3：得到答案 69。,把两个已知角之和当成答案。,答案 69 正确。三角形内角和为 180°，第三个角为 180°-44°-67°=69°。,换一组数值，继续练习同一章节的核心结构。
jianzisheng_cn_junior_chapter_expansion_v1_cn-junior-04-triangle-angles_009,三角形三个内角和是 180°。,用 180° 减去两个已知角。,步骤 1：三角形三个内角和是 180°。 步骤 2：三角形内角和为 180°，第三个角为 180°-45°-70°=65°。 步骤 3：得到答案 65。,把两个已知角之和当成答案。,答案 65 正确。三角形内角和为 180°，第三个角为 180°-45°-70°=65°。,换一组数值，继续练习同一章节的核心结构。
jianzisheng_cn_junior_chapter_expansion_v1_cn-junior-04-triangle-angles_010,三角形三个内角和是 180°。,用 180° 减去两个已知角。,步骤 1：三角形三个内角和是 180°。 步骤 2：三角形内角和为 180°，第三个角为 180°-46°-73°=61°。 步骤 3：得到答案 61。,把两个已知角之和当成答案。,答案 61 正确。三角形内角和为 180°，第三个角为 180°-46°-73°=61°。,换一组数值，继续练习同一章节的核心结构。
jianzisheng_cn_junior_chapter_expansion_v1_cn-junior-04-triangle-angles_011,三角形三个内角和是 180°。,用 180° 减去两个已知角。,步骤 1：三角形三个内角和是 180°。 步骤 2：三角形内角和为 180°，第三个角为 180°-47°-76°=57°。 步骤 3：得到答案 57。,把两个已知角之和当成答案。,答案 57 正确。三角形内角和为 180°，第三个角为 180°-47°-76°=57°。,换一组数值，继续练习同一章节的核心结构。
jianzisheng_cn_junior_chapter_expansion_v1_cn-junior-04-triangle-angles_012,三角形三个内角和是 180°。,用 180° 减去两个已知角。,步骤 1：三角形三个内角和是 180°。 步骤 2：三角形内角和为 180°，第三个角为 180°-48°-79°=53°。 步骤 3：得到答案 53。,把两个已知角之和当成答案。,答案 53 正确。三角形内角和为 180°，第三个角为 180°-48°-79°=53°。,换一组数值，继续练习同一章节的核心结构。
jianzisheng_cn_junior_chapter_expansion_v1_cn-junior-04-triangle-angles_013,三角形三个内角和是 180°。,用 180° 减去两个已知角。,步骤 1：三角形三个内角和是 180°。 步骤 2：三角形内角和为 180°，第三个角为 180°-49°-82°=49°。 步骤 3：得到答案 49。,把两个已知角之和当成答案。,答案 49 正确。三角形内角和为 180°，第三个角为 180°-49°-82°=49°。,换一组数值，继续练习同一章节的核心结构。
jianzisheng_cn_junior_chapter_expansion_v1_cn-junior-04-triangle-angles_014,三角形三个内角和是 180°。,用 180° 减去两个已知角。,步骤 1：三角形三个内角和是 180°。 步骤 2：三角形内角和为 180°，第三个角为 180°-50°-85°=45°。 步骤 3：得到答案 45。,把两个已知角之和当成答案。,答案 45 正确。三角形内角和为 180°，第三个角为 180°-50°-85°=45°。,换一组数值，继续练习同一章节的核心结构。
jianzisheng_cn_junior_chapter_expansion_v1_cn-junior-04-triangle-angles_015,三角形三个内角和是 180°。,用 180° 减去两个已知角。,步骤 1：三角形三个内角和是 180°。 步骤 2：三角形内角和为 180°，第三个角为 180°-51°-88°=41°。 步骤 3：得到答案 41。,把两个已知角之和当成答案。,答案 41 正确。三角形内角和为 180°，第三个角为 180°-51°-88°=41°。,换一组数值，继续练习同一章节的核心结构。
jianzisheng_cn_junior_chapter_expansion_v1_cn-junior-04-triangle-angles_016,三角形三个内角和是 180°。,用 180° 减去两个已知角。,步骤 1：三角形三个内角和是 180°。 步骤 2：三角形内角和为 180°，第三个角为 180°-52°-41°=87°。 步骤 3：得到答案 87。,把两个已知角之和当成答案。,答案 87 正确。三角形内角和为 180°，第三个角为 180°-52°-41°=87°。,换一组数值，继续练习同一章节的核心结构。
jianzisheng_cn_junior_chapter_expansion_v1_cn-junior-04-triangle-angles_017,三角形三个内角和是 180°。,用 180° 减去两个已知角。,步骤 1：三角形三个内角和是 180°。 步骤 2：三角形内角和为 180°，第三个角为 180°-53°-44°=83°。 步骤 3：得到答案 83。,把两个已知角之和当成答案。,答案 83 正确。三角形内角和为 180°，第三个角为 180°-53°-44°=83°。,换一组数值，继续练习同一章节的核心结构。
jianzisheng_cn_junior_chapter_expansion_v1_cn-junior-04-triangle-angles_018,三角形三个内角和是 180°。,用 180° 减去两个已知角。,步骤 1：三角形三个内角和是 180°。 步骤 2：三角形内角和为 180°，第三个角为 180°-54°-47°=79°。 步骤 3：得到答案 79。,把两个已知角之和当成答案。,答案 79 正确。三角形内角和为 180°，第三个角为 180°-54°-47°=79°。,换一组数值，继续练习同一章节的核心结构。
jianzisheng_cn_junior_chapter_expansion_v1_cn-junior-04-triangle-angles_019,三角形三个内角和是 180°。,用 180° 减去两个已知角。,步骤 1：三角形三个内角和是 180°。 步骤 2：三角形内角和为 180°，第三个角为 180°-55°-50°=75°。 步骤 3：得到答案 75。,把两个已知角之和当成答案。,答案 75 正确。三角形内角和为 180°，第三个角为 180°-55°-50°=75°。,换一组数值，继续练习同一章节的核心结构。
jianzisheng_cn_junior_chapter_expansion_v1_cn-junior-g7-rational-numbers_001,把所有数放到数轴上比较。,负数比较大小时，绝对值越大反而越小。,步骤 1：把所有数放到数轴上比较。 步骤 2：在数轴上越靠左的数越小，所以顺序为 -10<-4<2<9。 步骤 3：得到答案 -10<-4<2<9。,只比较数字大小，忘记负号。,答案 -10<-4<2<9 正确。在数轴上越靠左的数越小，所以顺序为 -10<-4<2<9。,换一组数值，继续练习同一章节的核心结构。
jianzisheng_cn_junior_chapter_expansion_v1_cn-junior-g7-rational-numbers_002,把所有数放到数轴上比较。,负数比较大小时，绝对值越大反而越小。,步骤 1：把所有数放到数轴上比较。 步骤 2：在数轴上越靠左的数越小，所以顺序为 -11<-5<3<10。 步骤 3：得到答案 -11<-5<3<10。,只比较数字大小，忘记负号。,答案 -11<-5<3<10 正确。在数轴上越靠左的数越小，所以顺序为 -11<-5<3<10。,换一组数值，继续练习同一章节的核心结构。
jianzisheng_cn_junior_chapter_expansion_v1_cn-junior-g7-rational-numbers_003,把所有数放到数轴上比较。,负数比较大小时，绝对值越大反而越小。,步骤 1：把所有数放到数轴上比较。 步骤 2：在数轴上越靠左的数越小，所以顺序为 -12<-5<4<11。 步骤 3：得到答案 -12<-5<4<11。,只比较数字大小，忘记负号。,答案 -12<-5<4<11 正确。在数轴上越靠左的数越小，所以顺序为 -12<-5<4<11。,换一组数值，继续练习同一章节的核心结构。
jianzisheng_cn_junior_chapter_expansion_v1_cn-junior-g7-rational-numbers_004,把所有数放到数轴上比较。,负数比较大小时，绝对值越大反而越小。,步骤 1：把所有数放到数轴上比较。 步骤 2：在数轴上越靠左的数越小，所以顺序为 -13<-6<0<12。 步骤 3：得到答案 -13<-6<0<12。,只比较数字大小，忘记负号。,答案 -13<-6<0<12 正确。在数轴上越靠左的数越小，所以顺序为 -13<-6<0<12。,换一组数值，继续练习同一章节的核心结构。
jianzisheng_cn_junior_chapter_expansion_v1_cn-junior-g7-rational-numbers_005,把所有数放到数轴上比较。,负数比较大小时，绝对值越大反而越小。,步骤 1：把所有数放到数轴上比较。 步骤 2：在数轴上越靠左的数越小，所以顺序为 -14<-6<1<13。 步骤 3：得到答案 -14<-6<1<13。,只比较数字大小，忘记负号。,答案 -14<-6<1<13 正确。在数轴上越靠左的数越小，所以顺序为 -14<-6<1<13。,换一组数值，继续练习同一章节的核心结构。
jianzisheng_cn_junior_chapter_expansion_v1_cn-junior-g7-rational-numbers_006,把所有数放到数轴上比较。,负数比较大小时，绝对值越大反而越小。,步骤 1：把所有数放到数轴上比较。 步骤 2：在数轴上越靠左的数越小，所以顺序为 -15<-7<2<14。 步骤 3：得到答案 -15<-7<2<14。,只比较数字大小，忘记负号。,答案 -15<-7<2<14 正确。在数轴上越靠左的数越小，所以顺序为 -15<-7<2<14。,换一组数值，继续练习同一章节的核心结构。
jianzisheng_cn_junior_chapter_expansion_v1_cn-junior-g7-rational-numbers_007,把所有数放到数轴上比较。,负数比较大小时，绝对值越大反而越小。,步骤 1：把所有数放到数轴上比较。 步骤 2：在数轴上越靠左的数越小，所以顺序为 -16<-7<3<15。 步骤 3：得到答案 -16<-7<3<15。,只比较数字大小，忘记负号。,答案 -16<-7<3<15 正确。在数轴上越靠左的数越小，所以顺序为 -16<-7<3<15。,换一组数值，继续练习同一章节的核心结构。
jianzisheng_cn_junior_chapter_expansion_v1_cn-junior-g7-rational-numbers_008,把所有数放到数轴上比较。,负数比较大小时，绝对值越大反而越小。,步骤 1：把所有数放到数轴上比较。 步骤 2：在数轴上越靠左的数越小，所以顺序为 -17<-8<4<16。 步骤 3：得到答案 -17<-8<4<16。,只比较数字大小，忘记负号。,答案 -17<-8<4<16 正确。在数轴上越靠左的数越小，所以顺序为 -17<-8<4<16。,换一组数值，继续练习同一章节的核心结构。
jianzisheng_cn_junior_chapter_expansion_v1_cn-junior-g7-rational-numbers_009,把所有数放到数轴上比较。,负数比较大小时，绝对值越大反而越小。,步骤 1：把所有数放到数轴上比较。 步骤 2：在数轴上越靠左的数越小，所以顺序为 -18<-8<0<17。 步骤 3：得到答案 -18<-8<0<17。,只比较数字大小，忘记负号。,答案 -18<-8<0<17 正确。在数轴上越靠左的数越小，所以顺序为 -18<-8<0<17。,换一组数值，继续练习同一章节的核心结构。
jianzisheng_cn_junior_chapter_expansion_v1_cn-junior-g7-rational-numbers_010,把所有数放到数轴上比较。,负数比较大小时，绝对值越大反而越小。,步骤 1：把所有数放到数轴上比较。 步骤 2：在数轴上越靠左的数越小，所以顺序为 -19<-9<1<18。 步骤 3：得到答案 -19<-9<1<18。,只比较数字大小，忘记负号。,答案 -19<-9<1<18 正确。在数轴上越靠左的数越小，所以顺序为 -19<-9<1<18。,换一组数值，继续练习同一章节的核心结构。
jianzisheng_cn_junior_chapter_expansion_v1_cn-junior-g7-rational-numbers_011,把所有数放到数轴上比较。,负数比较大小时，绝对值越大反而越小。,步骤 1：把所有数放到数轴上比较。 步骤 2：在数轴上越靠左的数越小，所以顺序为 -20<-9<2<19。 步骤 3：得到答案 -20<-9<2<19。,只比较数字大小，忘记负号。,答案 -20<-9<2<19 正确。在数轴上越靠左的数越小，所以顺序为 -20<-9<2<19。,换一组数值，继续练习同一章节的核心结构。
jianzisheng_cn_junior_chapter_expansion_v1_cn-junior-g7-rational-numbers_012,把所有数放到数轴上比较。,负数比较大小时，绝对值越大反而越小。,步骤 1：把所有数放到数轴上比较。 步骤 2：在数轴上越靠左的数越小，所以顺序为 -21<-10<3<20。 步骤 3：得到答案 -21<-10<3<20。,只比较数字大小，忘记负号。,答案 -21<-10<3<20 正确。在数轴上越靠左的数越小，所以顺序为 -21<-10<3<20。,换一组数值，继续练习同一章节的核心结构。
jianzisheng_cn_junior_chapter_expansion_v1_cn-junior-g7-rational-numbers_013,把所有数放到数轴上比较。,负数比较大小时，绝对值越大反而越小。,步骤 1：把所有数放到数轴上比较。 步骤 2：在数轴上越靠左的数越小，所以顺序为 -22<-10<4<21。 步骤 3：得到答案 -22<-10<4<21。,只比较数字大小，忘记负号。,答案 -22<-10<4<21 正确。在数轴上越靠左的数越小，所以顺序为 -22<-10<4<21。,换一组数值，继续练习同一章节的核心结构。
jianzisheng_cn_junior_chapter_expansion_v1_cn-junior-g7-rational-numbers_014,把所有数放到数轴上比较。,负数比较大小时，绝对值越大反而越小。,步骤 1：把所有数放到数轴上比较。 步骤 2：在数轴上越靠左的数越小，所以顺序为 -23<-11<0<22。 步骤 3：得到答案 -23<-11<0<22。,只比较数字大小，忘记负号。,答案 -23<-11<0<22 正确。在数轴上越靠左的数越小，所以顺序为 -23<-11<0<22。,换一组数值，继续练习同一章节的核心结构。
jianzisheng_cn_junior_chapter_expansion_v1_cn-junior-g7-absolute-value_001,距离不考虑方向。,用两个数差的绝对值。,步骤 1：距离不考虑方向。 步骤 2：数轴上两点距离等于差的绝对值：|10--19|=29。 步骤 3：得到答案 29。,把两个数直接相加或得到负距离。,答案 29 正确。数轴上两点距离等于差的绝对值：|10--19|=29。,换一组数值，继续练习同一章节的核心结构。
jianzisheng_cn_junior_chapter_expansion_v1_cn-junior-g7-absolute-value_002,距离不考虑方向。,用两个数差的绝对值。,步骤 1：距离不考虑方向。 步骤 2：数轴上两点距离等于差的绝对值：|13--12|=25。 步骤 3：得到答案 25。,把两个数直接相加或得到负距离。,答案 25 正确。数轴上两点距离等于差的绝对值：|13--12|=25。,换一组数值，继续练习同一章节的核心结构。
jianzisheng_cn_junior_chapter_expansion_v1_cn-junior-g7-absolute-value_003,距离不考虑方向。,用两个数差的绝对值。,步骤 1：距离不考虑方向。 步骤 2：数轴上两点距离等于差的绝对值：|16--13|=29。 步骤 3：得到答案 29。,把两个数直接相加或得到负距离。,答案 29 正确。数轴上两点距离等于差的绝对值：|16--13|=29。,换一组数值，继续练习同一章节的核心结构。
jianzisheng_cn_junior_chapter_expansion_v1_cn-junior-g7-absolute-value_004,距离不考虑方向。,用两个数差的绝对值。,步骤 1：距离不考虑方向。 步骤 2：数轴上两点距离等于差的绝对值：|5--14|=19。 步骤 3：得到答案 19。,把两个数直接相加或得到负距离。,答案 19 正确。数轴上两点距离等于差的绝对值：|5--14|=19。,换一组数值，继续练习同一章节的核心结构。
jianzisheng_cn_junior_chapter_expansion_v1_cn-junior-g7-absolute-value_005,距离不考虑方向。,用两个数差的绝对值。,步骤 1：距离不考虑方向。 步骤 2：数轴上两点距离等于差的绝对值：|8--15|=23。 步骤 3：得到答案 23。,把两个数直接相加或得到负距离。,答案 23 正确。数轴上两点距离等于差的绝对值：|8--15|=23。,换一组数值，继续练习同一章节的核心结构。
jianzisheng_cn_junior_chapter_expansion_v1_cn-junior-g7-absolute-value_006,距离不考虑方向。,用两个数差的绝对值。,步骤 1：距离不考虑方向。 步骤 2：数轴上两点距离等于差的绝对值：|11--16|=27。 步骤 3：得到答案 27。,把两个数直接相加或得到负距离。,答案 27 正确。数轴上两点距离等于差的绝对值：|11--16|=27。,换一组数值，继续练习同一章节的核心结构。
jianzisheng_cn_junior_chapter_expansion_v1_cn-junior-g7-absolute-value_007,距离不考虑方向。,用两个数差的绝对值。,步骤 1：距离不考虑方向。 步骤 2：数轴上两点距离等于差的绝对值：|14--17|=31。 步骤 3：得到答案 31。,把两个数直接相加或得到负距离。,答案 31 正确。数轴上两点距离等于差的绝对值：|14--17|=31。,换一组数值，继续练习同一章节的核心结构。
jianzisheng_cn_junior_chapter_expansion_v1_cn-junior-g7-absolute-value_008,距离不考虑方向。,用两个数差的绝对值。,步骤 1：距离不考虑方向。 步骤 2：数轴上两点距离等于差的绝对值：|3--18|=21。 步骤 3：得到答案 21。,把两个数直接相加或得到负距离。,答案 21 正确。数轴上两点距离等于差的绝对值：|3--18|=21。,换一组数值，继续练习同一章节的核心结构。
jianzisheng_cn_junior_chapter_expansion_v1_cn-junior-g7-absolute-value_009,距离不考虑方向。,用两个数差的绝对值。,步骤 1：距离不考虑方向。 步骤 2：数轴上两点距离等于差的绝对值：|6--19|=25。 步骤 3：得到答案 25。,把两个数直接相加或得到负距离。,答案 25 正确。数轴上两点距离等于差的绝对值：|6--19|=25。,换一组数值，继续练习同一章节的核心结构。
jianzisheng_cn_junior_chapter_expansion_v1_cn-junior-g7-absolute-value_010,距离不考虑方向。,用两个数差的绝对值。,步骤 1：距离不考虑方向。 步骤 2：数轴上两点距离等于差的绝对值：|9--12|=21。 步骤 3：得到答案 21。,把两个数直接相加或得到负距离。,答案 21 正确。数轴上两点距离等于差的绝对值：|9--12|=21。,换一组数值，继续练习同一章节的核心结构。
jianzisheng_cn_junior_chapter_expansion_v1_cn-junior-g7-absolute-value_011,距离不考虑方向。,用两个数差的绝对值。,步骤 1：距离不考虑方向。 步骤 2：数轴上两点距离等于差的绝对值：|12--13|=25。 步骤 3：得到答案 25。,把两个数直接相加或得到负距离。,答案 25 正确。数轴上两点距离等于差的绝对值：|12--13|=25。,换一组数值，继续练习同一章节的核心结构。
jianzisheng_cn_junior_chapter_expansion_v1_cn-junior-g7-absolute-value_012,距离不考虑方向。,用两个数差的绝对值。,步骤 1：距离不考虑方向。 步骤 2：数轴上两点距离等于差的绝对值：|15--14|=29。 步骤 3：得到答案 29。,把两个数直接相加或得到负距离。,答案 29 正确。数轴上两点距离等于差的绝对值：|15--14|=29。,换一组数值，继续练习同一章节的核心结构。
jianzisheng_cn_junior_chapter_expansion_v1_cn-junior-g7-absolute-value_013,距离不考虑方向。,用两个数差的绝对值。,步骤 1：距离不考虑方向。 步骤 2：数轴上两点距离等于差的绝对值：|4--15|=19。 步骤 3：得到答案 19。,把两个数直接相加或得到负距离。,答案 19 正确。数轴上两点距离等于差的绝对值：|4--15|=19。,换一组数值，继续练习同一章节的核心结构。
jianzisheng_cn_junior_chapter_expansion_v1_cn-junior-g7-absolute-value_014,距离不考虑方向。,用两个数差的绝对值。,步骤 1：距离不考虑方向。 步骤 2：数轴上两点距离等于差的绝对值：|7--16|=23。 步骤 3：得到答案 23。,把两个数直接相加或得到负距离。,答案 23 正确。数轴上两点距离等于差的绝对值：|7--16|=23。,换一组数值，继续练习同一章节的核心结构。
jianzisheng_cn_junior_chapter_expansion_v1_cn-junior-g7-polynomials_001,先找同类项。,只合并 x 项的系数。,步骤 1：先找同类项。 步骤 2：只有含 x 的项可以合并，常数项保持不变，所以结果是 4x+3。 步骤 3：得到答案 4x+3。,把常数项也合并进 x 的系数。,答案 4x+3 正确。只有含 x 的项可以合并，常数项保持不变，所以结果是 4x+3。,换一组数值，继续练习同一章节的核心结构。
jianzisheng_cn_junior_chapter_expansion_v1_cn-junior-g7-polynomials_002,先找同类项。,只合并 x 项的系数。,步骤 1：先找同类项。 步骤 2：只有含 x 的项可以合并，常数项保持不变，所以结果是 6x-4。 步骤 3：得到答案 6x-4。,把常数项也合并进 x 的系数。,答案 6x-4 正确。只有含 x 的项可以合并，常数项保持不变，所以结果是 6x-4。,换一组数值，继续练习同一章节的核心结构。
jianzisheng_cn_junior_chapter_expansion_v1_cn-junior-g7-polynomials_003,先找同类项。,只合并 x 项的系数。,步骤 1：先找同类项。 步骤 2：只有含 x 的项可以合并，常数项保持不变，所以结果是 -1x-3。 步骤 3：得到答案 -1x-3。,把常数项也合并进 x 的系数。,答案 -1x-3 正确。只有含 x 的项可以合并，常数项保持不变，所以结果是 -1x-3。,换一组数值，继续练习同一章节的核心结构。
jianzisheng_cn_junior_chapter_expansion_v1_cn-junior-g7-polynomials_004,先找同类项。,只合并 x 项的系数。,步骤 1：先找同类项。 步骤 2：只有含 x 的项可以合并，常数项保持不变，所以结果是 1x-2。 步骤 3：得到答案 1x-2。,把常数项也合并进 x 的系数。,答案 1x-2 正确。只有含 x 的项可以合并，常数项保持不变，所以结果是 1x-2。,换一组数值，继续练习同一章节的核心结构。
jianzisheng_cn_junior_chapter_expansion_v1_cn-junior-g7-polynomials_005,先找同类项。,只合并 x 项的系数。,步骤 1：先找同类项。 步骤 2：只有含 x 的项可以合并，常数项保持不变，所以结果是 3x-1。 步骤 3：得到答案 3x-1。,把常数项也合并进 x 的系数。,答案 3x-1 正确。只有含 x 的项可以合并，常数项保持不变，所以结果是 3x-1。,换一组数值，继续练习同一章节的核心结构。
jianzisheng_cn_junior_chapter_expansion_v1_cn-junior-g7-polynomials_006,先找同类项。,只合并 x 项的系数。,步骤 1：先找同类项。 步骤 2：只有含 x 的项可以合并，常数项保持不变，所以结果是 5x+0。 步骤 3：得到答案 5x+0。,把常数项也合并进 x 的系数。,答案 5x+0 正确。只有含 x 的项可以合并，常数项保持不变，所以结果是 5x+0。,换一组数值，继续练习同一章节的核心结构。
jianzisheng_cn_junior_chapter_expansion_v1_cn-junior-g7-polynomials_007,先找同类项。,只合并 x 项的系数。,步骤 1：先找同类项。 步骤 2：只有含 x 的项可以合并，常数项保持不变，所以结果是 7x+1。 步骤 3：得到答案 7x+1。,把常数项也合并进 x 的系数。,答案 7x+1 正确。只有含 x 的项可以合并，常数项保持不变，所以结果是 7x+1。,换一组数值，继续练习同一章节的核心结构。
jianzisheng_cn_junior_chapter_expansion_v1_cn-junior-g7-polynomials_008,先找同类项。,只合并 x 项的系数。,步骤 1：先找同类项。 步骤 2：只有含 x 的项可以合并，常数项保持不变，所以结果是 2x+2。 步骤 3：得到答案 2x+2。,把常数项也合并进 x 的系数。,答案 2x+2 正确。只有含 x 的项可以合并，常数项保持不变，所以结果是 2x+2。,换一组数值，继续练习同一章节的核心结构。
jianzisheng_cn_junior_chapter_expansion_v1_cn-junior-g7-polynomials_009,先找同类项。,只合并 x 项的系数。,步骤 1：先找同类项。 步骤 2：只有含 x 的项可以合并，常数项保持不变，所以结果是 4x+3。 步骤 3：得到答案 4x+3。,把常数项也合并进 x 的系数。,答案 4x+3 正确。只有含 x 的项可以合并，常数项保持不变，所以结果是 4x+3。,换一组数值，继续练习同一章节的核心结构。
jianzisheng_cn_junior_chapter_expansion_v1_cn-junior-g7-polynomials_010,先找同类项。,只合并 x 项的系数。,步骤 1：先找同类项。 步骤 2：只有含 x 的项可以合并，常数项保持不变，所以结果是 6x-4。 步骤 3：得到答案 6x-4。,把常数项也合并进 x 的系数。,答案 6x-4 正确。只有含 x 的项可以合并，常数项保持不变，所以结果是 6x-4。,换一组数值，继续练习同一章节的核心结构。
jianzisheng_cn_junior_chapter_expansion_v1_cn-junior-g7-polynomials_011,先找同类项。,只合并 x 项的系数。,步骤 1：先找同类项。 步骤 2：只有含 x 的项可以合并，常数项保持不变，所以结果是 8x-3。 步骤 3：得到答案 8x-3。,把常数项也合并进 x 的系数。,答案 8x-3 正确。只有含 x 的项可以合并，常数项保持不变，所以结果是 8x-3。,换一组数值，继续练习同一章节的核心结构。
jianzisheng_cn_junior_chapter_expansion_v1_cn-junior-g7-polynomials_012,先找同类项。,只合并 x 项的系数。,步骤 1：先找同类项。 步骤 2：只有含 x 的项可以合并，常数项保持不变，所以结果是 1x-2。 步骤 3：得到答案 1x-2。,把常数项也合并进 x 的系数。,答案 1x-2 正确。只有含 x 的项可以合并，常数项保持不变，所以结果是 1x-2。,换一组数值，继续练习同一章节的核心结构。
jianzisheng_cn_junior_chapter_expansion_v1_cn-junior-g7-polynomials_013,先找同类项。,只合并 x 项的系数。,步骤 1：先找同类项。 步骤 2：只有含 x 的项可以合并，常数项保持不变，所以结果是 3x-1。 步骤 3：得到答案 3x-1。,把常数项也合并进 x 的系数。,答案 3x-1 正确。只有含 x 的项可以合并，常数项保持不变，所以结果是 3x-1。,换一组数值，继续练习同一章节的核心结构。
jianzisheng_cn_junior_chapter_expansion_v1_cn-junior-g7-polynomials_014,先找同类项。,只合并 x 项的系数。,步骤 1：先找同类项。 步骤 2：只有含 x 的项可以合并，常数项保持不变，所以结果是 5x+0。 步骤 3：得到答案 5x+0。,把常数项也合并进 x 的系数。,答案 5x+0 正确。只有含 x 的项可以合并，常数项保持不变，所以结果是 5x+0。,换一组数值，继续练习同一章节的核心结构。
jianzisheng_cn_junior_chapter_expansion_v1_cn-junior-g7-linear-inequalities_001,先像解方程一样移项。,除以正数时不等号方向不变。,步骤 1：先像解方程一样移项。 步骤 2：先移项，再除以正数 3，不等号方向不变，所以 x>3。 步骤 3：得到答案 x>3。,把不等式当成等式或方向写反。,答案 x>3 正确。先移项，再除以正数 3，不等号方向不变，所以 x>3。,换一组数值，继续练习同一章节的核心结构。
jianzisheng_cn_junior_chapter_expansion_v1_cn-junior-g7-linear-inequalities_002,先像解方程一样移项。,除以正数时不等号方向不变。,步骤 1：先像解方程一样移项。 步骤 2：先移项，再除以正数 4，不等号方向不变，所以 x>4。 步骤 3：得到答案 x>4。,把不等式当成等式或方向写反。,答案 x>4 正确。先移项，再除以正数 4，不等号方向不变，所以 x>4。,换一组数值，继续练习同一章节的核心结构。
jianzisheng_cn_junior_chapter_expansion_v1_cn-junior-g7-linear-inequalities_003,先像解方程一样移项。,除以正数时不等号方向不变。,步骤 1：先像解方程一样移项。 步骤 2：先移项，再除以正数 5，不等号方向不变，所以 x>5。 步骤 3：得到答案 x>5。,把不等式当成等式或方向写反。,答案 x>5 正确。先移项，再除以正数 5，不等号方向不变，所以 x>5。,换一组数值，继续练习同一章节的核心结构。
jianzisheng_cn_junior_chapter_expansion_v1_cn-junior-g7-linear-inequalities_004,先像解方程一样移项。,除以正数时不等号方向不变。,步骤 1：先像解方程一样移项。 步骤 2：先移项，再除以正数 6，不等号方向不变，所以 x>6。 步骤 3：得到答案 x>6。,把不等式当成等式或方向写反。,答案 x>6 正确。先移项，再除以正数 6，不等号方向不变，所以 x>6。,换一组数值，继续练习同一章节的核心结构。
jianzisheng_cn_junior_chapter_expansion_v1_cn-junior-g7-linear-inequalities_005,先像解方程一样移项。,除以正数时不等号方向不变。,步骤 1：先像解方程一样移项。 步骤 2：先移项，再除以正数 7，不等号方向不变，所以 x>7。 步骤 3：得到答案 x>7。,把不等式当成等式或方向写反。,答案 x>7 正确。先移项，再除以正数 7，不等号方向不变，所以 x>7。,换一组数值，继续练习同一章节的核心结构。
jianzisheng_cn_junior_chapter_expansion_v1_cn-junior-g7-linear-inequalities_006,先像解方程一样移项。,除以正数时不等号方向不变。,步骤 1：先像解方程一样移项。 步骤 2：先移项，再除以正数 2，不等号方向不变，所以 x>8。 步骤 3：得到答案 x>8。,把不等式当成等式或方向写反。,答案 x>8 正确。先移项，再除以正数 2，不等号方向不变，所以 x>8。,换一组数值，继续练习同一章节的核心结构。
jianzisheng_cn_junior_chapter_expansion_v1_cn-junior-g7-linear-inequalities_007,先像解方程一样移项。,除以正数时不等号方向不变。,步骤 1：先像解方程一样移项。 步骤 2：先移项，再除以正数 3，不等号方向不变，所以 x>9。 步骤 3：得到答案 x>9。,把不等式当成等式或方向写反。,答案 x>9 正确。先移项，再除以正数 3，不等号方向不变，所以 x>9。,换一组数值，继续练习同一章节的核心结构。
jianzisheng_cn_junior_chapter_expansion_v1_cn-junior-g7-linear-inequalities_008,先像解方程一样移项。,除以正数时不等号方向不变。,步骤 1：先像解方程一样移项。 步骤 2：先移项，再除以正数 4，不等号方向不变，所以 x>3。 步骤 3：得到答案 x>3。,把不等式当成等式或方向写反。,答案 x>3 正确。先移项，再除以正数 4，不等号方向不变，所以 x>3。,换一组数值，继续练习同一章节的核心结构。
jianzisheng_cn_junior_chapter_expansion_v1_cn-junior-g7-linear-inequalities_009,先像解方程一样移项。,除以正数时不等号方向不变。,步骤 1：先像解方程一样移项。 步骤 2：先移项，再除以正数 5，不等号方向不变，所以 x>4。 步骤 3：得到答案 x>4。,把不等式当成等式或方向写反。,答案 x>4 正确。先移项，再除以正数 5，不等号方向不变，所以 x>4。,换一组数值，继续练习同一章节的核心结构。
jianzisheng_cn_junior_chapter_expansion_v1_cn-junior-g7-linear-inequalities_010,先像解方程一样移项。,除以正数时不等号方向不变。,步骤 1：先像解方程一样移项。 步骤 2：先移项，再除以正数 6，不等号方向不变，所以 x>5。 步骤 3：得到答案 x>5。,把不等式当成等式或方向写反。,答案 x>5 正确。先移项，再除以正数 6，不等号方向不变，所以 x>5。,换一组数值，继续练习同一章节的核心结构。
jianzisheng_cn_junior_chapter_expansion_v1_cn-junior-g7-linear-inequalities_011,先像解方程一样移项。,除以正数时不等号方向不变。,步骤 1：先像解方程一样移项。 步骤 2：先移项，再除以正数 7，不等号方向不变，所以 x>6。 步骤 3：得到答案 x>6。,把不等式当成等式或方向写反。,答案 x>6 正确。先移项，再除以正数 7，不等号方向不变，所以 x>6。,换一组数值，继续练习同一章节的核心结构。
jianzisheng_cn_junior_chapter_expansion_v1_cn-junior-g7-linear-inequalities_012,先像解方程一样移项。,除以正数时不等号方向不变。,步骤 1：先像解方程一样移项。 步骤 2：先移项，再除以正数 2，不等号方向不变，所以 x>7。 步骤 3：得到答案 x>7。,把不等式当成等式或方向写反。,答案 x>7 正确。先移项，再除以正数 2，不等号方向不变，所以 x>7。,换一组数值，继续练习同一章节的核心结构。
jianzisheng_cn_junior_chapter_expansion_v1_cn-junior-g7-linear-inequalities_013,先像解方程一样移项。,除以正数时不等号方向不变。,步骤 1：先像解方程一样移项。 步骤 2：先移项，再除以正数 3，不等号方向不变，所以 x>8。 步骤 3：得到答案 x>8。,把不等式当成等式或方向写反。,答案 x>8 正确。先移项，再除以正数 3，不等号方向不变，所以 x>8。,换一组数值，继续练习同一章节的核心结构。
jianzisheng_cn_junior_chapter_expansion_v1_cn-junior-g7-linear-inequalities_014,先像解方程一样移项。,除以正数时不等号方向不变。,步骤 1：先像解方程一样移项。 步骤 2：先移项，再除以正数 4，不等号方向不变，所以 x>9。 步骤 3：得到答案 x>9。,把不等式当成等式或方向写反。,答案 x>9 正确。先移项，再除以正数 4，不等号方向不变，所以 x>9。,换一组数值，继续练习同一章节的核心结构。
jianzisheng_cn_junior_chapter_expansion_v1_cn-junior-g7-basic-geometry_001,邻补角相加等于 180°。,把两个角的表达式相加建立方程。,步骤 1：邻补角相加等于 180°。 步骤 2：邻补角和为 180°，所以 3x+12+117=180，解得 x=17。 步骤 3：得到答案 17。,把邻补角当成相等关系。,答案 17 正确。邻补角和为 180°，所以 3x+12+117=180，解得 x=17。,换一组数值，继续练习同一章节的核心结构。
jianzisheng_cn_junior_chapter_expansion_v1_cn-junior-g7-basic-geometry_002,邻补角相加等于 180°。,把两个角的表达式相加建立方程。,步骤 1：邻补角相加等于 180°。 步骤 2：邻补角和为 180°，所以 4x+13+95=180，解得 x=18。 步骤 3：得到答案 18。,把邻补角当成相等关系。,答案 18 正确。邻补角和为 180°，所以 4x+13+95=180，解得 x=18。,换一组数值，继续练习同一章节的核心结构。
jianzisheng_cn_junior_chapter_expansion_v1_cn-junior-g7-basic-geometry_003,邻补角相加等于 180°。,把两个角的表达式相加建立方程。,步骤 1：邻补角相加等于 180°。 步骤 2：邻补角和为 180°，所以 5x+14+71=180，解得 x=19。 步骤 3：得到答案 19。,把邻补角当成相等关系。,答案 19 正确。邻补角和为 180°，所以 5x+14+71=180，解得 x=19。,换一组数值，继续练习同一章节的核心结构。
jianzisheng_cn_junior_chapter_expansion_v1_cn-junior-g7-basic-geometry_004,邻补角相加等于 180°。,把两个角的表达式相加建立方程。,步骤 1：邻补角相加等于 180°。 步骤 2：邻补角和为 180°，所以 6x+15+45=180，解得 x=20。 步骤 3：得到答案 20。,把邻补角当成相等关系。,答案 20 正确。邻补角和为 180°，所以 6x+15+45=180，解得 x=20。,换一组数值，继续练习同一章节的核心结构。
jianzisheng_cn_junior_chapter_expansion_v1_cn-junior-g7-basic-geometry_005,邻补角相加等于 180°。,把两个角的表达式相加建立方程。,步骤 1：邻补角相加等于 180°。 步骤 2：邻补角和为 180°，所以 7x+16+17=180，解得 x=21。 步骤 3：得到答案 21。,把邻补角当成相等关系。,答案 21 正确。邻补角和为 180°，所以 7x+16+17=180，解得 x=21。,换一组数值，继续练习同一章节的核心结构。
jianzisheng_cn_junior_chapter_expansion_v1_cn-junior-g7-basic-geometry_006,邻补角相加等于 180°。,把两个角的表达式相加建立方程。,步骤 1：邻补角相加等于 180°。 步骤 2：邻补角和为 180°，所以 2x+17+119=180，解得 x=22。 步骤 3：得到答案 22。,把邻补角当成相等关系。,答案 22 正确。邻补角和为 180°，所以 2x+17+119=180，解得 x=22。,换一组数值，继续练习同一章节的核心结构。
jianzisheng_cn_junior_chapter_expansion_v1_cn-junior-g7-basic-geometry_007,邻补角相加等于 180°。,把两个角的表达式相加建立方程。,步骤 1：邻补角相加等于 180°。 步骤 2：邻补角和为 180°，所以 3x+18+93=180，解得 x=23。 步骤 3：得到答案 23。,把邻补角当成相等关系。,答案 23 正确。邻补角和为 180°，所以 3x+18+93=180，解得 x=23。,换一组数值，继续练习同一章节的核心结构。
jianzisheng_cn_junior_chapter_expansion_v1_cn-junior-g7-basic-geometry_008,邻补角相加等于 180°。,把两个角的表达式相加建立方程。,步骤 1：邻补角相加等于 180°。 步骤 2：邻补角和为 180°，所以 4x+19+65=180，解得 x=24。 步骤 3：得到答案 24。,把邻补角当成相等关系。,答案 24 正确。邻补角和为 180°，所以 4x+19+65=180，解得 x=24。,换一组数值，继续练习同一章节的核心结构。
jianzisheng_cn_junior_chapter_expansion_v1_cn-junior-g7-basic-geometry_009,邻补角相加等于 180°。,把两个角的表达式相加建立方程。,步骤 1：邻补角相加等于 180°。 步骤 2：邻补角和为 180°，所以 5x+5+50=180，解得 x=25。 步骤 3：得到答案 25。,把邻补角当成相等关系。,答案 25 正确。邻补角和为 180°，所以 5x+5+50=180，解得 x=25。,换一组数值，继续练习同一章节的核心结构。
jianzisheng_cn_junior_chapter_expansion_v1_cn-junior-g7-basic-geometry_010,邻补角相加等于 180°。,把两个角的表达式相加建立方程。,步骤 1：邻补角相加等于 180°。 步骤 2：邻补角和为 180°，所以 6x+6+18=180，解得 x=26。 步骤 3：得到答案 26。,把邻补角当成相等关系。,答案 26 正确。邻补角和为 180°，所以 6x+6+18=180，解得 x=26。,换一组数值，继续练习同一章节的核心结构。
jianzisheng_cn_junior_chapter_expansion_v1_cn-junior-g7-basic-geometry_011,邻补角相加等于 180°。,把两个角的表达式相加建立方程。,步骤 1：邻补角相加等于 180°。 步骤 2：邻补角和为 180°，所以 7x+7+-16=180，解得 x=27。 步骤 3：得到答案 27。,把邻补角当成相等关系。,答案 27 正确。邻补角和为 180°，所以 7x+7+-16=180，解得 x=27。,换一组数值，继续练习同一章节的核心结构。
jianzisheng_cn_junior_chapter_expansion_v1_cn-junior-g7-basic-geometry_012,邻补角相加等于 180°。,把两个角的表达式相加建立方程。,步骤 1：邻补角相加等于 180°。 步骤 2：邻补角和为 180°，所以 2x+8+152=180，解得 x=10。 步骤 3：得到答案 10。,把邻补角当成相等关系。,答案 10 正确。邻补角和为 180°，所以 2x+8+152=180，解得 x=10。,换一组数值，继续练习同一章节的核心结构。
jianzisheng_cn_junior_chapter_expansion_v1_cn-junior-g7-basic-geometry_013,邻补角相加等于 180°。,把两个角的表达式相加建立方程。,步骤 1：邻补角相加等于 180°。 步骤 2：邻补角和为 180°，所以 3x+9+138=180，解得 x=11。 步骤 3：得到答案 11。,把邻补角当成相等关系。,答案 11 正确。邻补角和为 180°，所以 3x+9+138=180，解得 x=11。,换一组数值，继续练习同一章节的核心结构。
jianzisheng_cn_junior_chapter_expansion_v1_cn-junior-g7-basic-geometry_014,邻补角相加等于 180°。,把两个角的表达式相加建立方程。,步骤 1：邻补角相加等于 180°。 步骤 2：邻补角和为 180°，所以 4x+10+122=180，解得 x=12。 步骤 3：得到答案 12。,把邻补角当成相等关系。,答案 12 正确。邻补角和为 180°，所以 4x+10+122=180，解得 x=12。,换一组数值，继续练习同一章节的核心结构。
jianzisheng_cn_junior_chapter_expansion_v1_cn-junior-g7-integer-operations_001,先判断两个数的符号。,注意负号和绝对值的关系。,步骤 1：先判断两个数的符号。 步骤 2：异号或同号有理数相加时，先判断符号，再处理绝对值，所以结果是 12。 步骤 3：得到答案 12。,只把绝对值相加，忽略符号。,答案 12 正确。异号或同号有理数相加时，先判断符号，再处理绝对值，所以结果是 12。,换一组数值，继续练习同一章节的核心结构。
jianzisheng_cn_junior_chapter_expansion_v1_cn-junior-g7-integer-operations_002,先判断两个数的符号。,注意负号和绝对值的关系。,步骤 1：先判断两个数的符号。 步骤 2：异号或同号有理数相加时，先判断符号，再处理绝对值，所以结果是 -1。 步骤 3：得到答案 -1。,只把绝对值相加，忽略符号。,答案 -1 正确。异号或同号有理数相加时，先判断符号，再处理绝对值，所以结果是 -1。,换一组数值，继续练习同一章节的核心结构。
jianzisheng_cn_junior_chapter_expansion_v1_cn-junior-g7-integer-operations_003,先判断两个数的符号。,注意负号和绝对值的关系。,步骤 1：先判断两个数的符号。 步骤 2：异号或同号有理数相加时，先判断符号，再处理绝对值，所以结果是 5。 步骤 3：得到答案 5。,只把绝对值相加，忽略符号。,答案 5 正确。异号或同号有理数相加时，先判断符号，再处理绝对值，所以结果是 5。,换一组数值，继续练习同一章节的核心结构。
jianzisheng_cn_junior_chapter_expansion_v1_cn-junior-g7-integer-operations_004,先判断两个数的符号。,注意负号和绝对值的关系。,步骤 1：先判断两个数的符号。 步骤 2：异号或同号有理数相加时，先判断符号，再处理绝对值，所以结果是 11。 步骤 3：得到答案 11。,只把绝对值相加，忽略符号。,答案 11 正确。异号或同号有理数相加时，先判断符号，再处理绝对值，所以结果是 11。,换一组数值，继续练习同一章节的核心结构。
jianzisheng_cn_junior_chapter_expansion_v1_cn-junior-g7-integer-operations_005,先判断两个数的符号。,注意负号和绝对值的关系。,步骤 1：先判断两个数的符号。 步骤 2：异号或同号有理数相加时，先判断符号，再处理绝对值，所以结果是 17。 步骤 3：得到答案 17。,只把绝对值相加，忽略符号。,答案 17 正确。异号或同号有理数相加时，先判断符号，再处理绝对值，所以结果是 17。,换一组数值，继续练习同一章节的核心结构。
jianzisheng_cn_junior_chapter_expansion_v1_cn-junior-g7-integer-operations_006,先判断两个数的符号。,注意负号和绝对值的关系。,步骤 1：先判断两个数的符号。 步骤 2：异号或同号有理数相加时，先判断符号，再处理绝对值，所以结果是 4。 步骤 3：得到答案 4。,只把绝对值相加，忽略符号。,答案 4 正确。异号或同号有理数相加时，先判断符号，再处理绝对值，所以结果是 4。,换一组数值，继续练习同一章节的核心结构。
jianzisheng_cn_junior_chapter_expansion_v1_cn-junior-g7-integer-operations_007,先判断两个数的符号。,注意负号和绝对值的关系。,步骤 1：先判断两个数的符号。 步骤 2：异号或同号有理数相加时，先判断符号，再处理绝对值，所以结果是 -3。 步骤 3：得到答案 -3。,只把绝对值相加，忽略符号。,答案 -3 正确。异号或同号有理数相加时，先判断符号，再处理绝对值，所以结果是 -3。,换一组数值，继续练习同一章节的核心结构。
jianzisheng_cn_junior_chapter_expansion_v1_cn-junior-g7-integer-operations_008,先判断两个数的符号。,注意负号和绝对值的关系。,步骤 1：先判断两个数的符号。 步骤 2：异号或同号有理数相加时，先判断符号，再处理绝对值，所以结果是 3。 步骤 3：得到答案 3。,只把绝对值相加，忽略符号。,答案 3 正确。异号或同号有理数相加时，先判断符号，再处理绝对值，所以结果是 3。,换一组数值，继续练习同一章节的核心结构。
jianzisheng_cn_junior_chapter_expansion_v1_cn-junior-g7-integer-operations_009,先判断两个数的符号。,注意负号和绝对值的关系。,步骤 1：先判断两个数的符号。 步骤 2：异号或同号有理数相加时，先判断符号，再处理绝对值，所以结果是 9。 步骤 3：得到答案 9。,只把绝对值相加，忽略符号。,答案 9 正确。异号或同号有理数相加时，先判断符号，再处理绝对值，所以结果是 9。,换一组数值，继续练习同一章节的核心结构。
jianzisheng_cn_junior_chapter_expansion_v1_cn-junior-g7-integer-operations_010,先判断两个数的符号。,注意负号和绝对值的关系。,步骤 1：先判断两个数的符号。 步骤 2：异号或同号有理数相加时，先判断符号，再处理绝对值，所以结果是 -4。 步骤 3：得到答案 -4。,只把绝对值相加，忽略符号。,答案 -4 正确。异号或同号有理数相加时，先判断符号，再处理绝对值，所以结果是 -4。,换一组数值，继续练习同一章节的核心结构。
jianzisheng_cn_junior_chapter_expansion_v1_cn-junior-g7-integer-operations_011,先判断两个数的符号。,注意负号和绝对值的关系。,步骤 1：先判断两个数的符号。 步骤 2：异号或同号有理数相加时，先判断符号，再处理绝对值，所以结果是 2。 步骤 3：得到答案 2。,只把绝对值相加，忽略符号。,答案 2 正确。异号或同号有理数相加时，先判断符号，再处理绝对值，所以结果是 2。,换一组数值，继续练习同一章节的核心结构。
jianzisheng_cn_junior_chapter_expansion_v1_cn-junior-g7-integer-operations_012,先判断两个数的符号。,注意负号和绝对值的关系。,步骤 1：先判断两个数的符号。 步骤 2：异号或同号有理数相加时，先判断符号，再处理绝对值，所以结果是 8。 步骤 3：得到答案 8。,只把绝对值相加，忽略符号。,答案 8 正确。异号或同号有理数相加时，先判断符号，再处理绝对值，所以结果是 8。,换一组数值，继续练习同一章节的核心结构。
jianzisheng_cn_junior_chapter_expansion_v1_cn-junior-g7-integer-operations_013,先判断两个数的符号。,注意负号和绝对值的关系。,步骤 1：先判断两个数的符号。 步骤 2：异号或同号有理数相加时，先判断符号，再处理绝对值，所以结果是 -5。 步骤 3：得到答案 -5。,只把绝对值相加，忽略符号。,答案 -5 正确。异号或同号有理数相加时，先判断符号，再处理绝对值，所以结果是 -5。,换一组数值，继续练习同一章节的核心结构。
jianzisheng_cn_junior_chapter_expansion_v1_cn-junior-g7-integer-operations_014,先判断两个数的符号。,注意负号和绝对值的关系。,步骤 1：先判断两个数的符号。 步骤 2：异号或同号有理数相加时，先判断符号，再处理绝对值，所以结果是 1。 步骤 3：得到答案 1。,只把绝对值相加，忽略符号。,答案 1 正确。异号或同号有理数相加时，先判断符号，再处理绝对值，所以结果是 1。,换一组数值，继续练习同一章节的核心结构。
jianzisheng_cn_junior_chapter_expansion_v1_cn-junior-g7-distributive-property_001,括号外的数要乘括号里的每一项。,注意负数相乘的符号。,步骤 1：括号外的数要乘括号里的每一项。 步骤 2：用 -4 分别乘括号里的每一项，得到 12x 和 8，所以结果是 12x+8。 步骤 3：得到答案 12x+8。,只乘第一项，漏乘常数项。,答案 12x+8 正确。用 -4 分别乘括号里的每一项，得到 12x 和 8，所以结果是 12x+8。,换一组数值，继续练习同一章节的核心结构。
jianzisheng_cn_junior_chapter_expansion_v1_cn-junior-g7-distributive-property_002,括号外的数要乘括号里的每一项。,注意负数相乘的符号。,步骤 1：括号外的数要乘括号里的每一项。 步骤 2：用 -3 分别乘括号里的每一项，得到 6x 和 0，所以结果是 6x+0。 步骤 3：得到答案 6x+0。,只乘第一项，漏乘常数项。,答案 6x+0 正确。用 -3 分别乘括号里的每一项，得到 6x 和 0，所以结果是 6x+0。,换一组数值，继续练习同一章节的核心结构。
jianzisheng_cn_junior_chapter_expansion_v1_cn-junior-g7-distributive-property_003,括号外的数要乘括号里的每一项。,注意负数相乘的符号。,步骤 1：括号外的数要乘括号里的每一项。 步骤 2：用 -2 分别乘括号里的每一项，得到 2x 和 -4，所以结果是 2x-4。 步骤 3：得到答案 2x-4。,只乘第一项，漏乘常数项。,答案 2x-4 正确。用 -2 分别乘括号里的每一项，得到 2x 和 -4，所以结果是 2x-4。,换一组数值，继续练习同一章节的核心结构。
jianzisheng_cn_junior_chapter_expansion_v1_cn-junior-g7-distributive-property_004,括号外的数要乘括号里的每一项。,注意负数相乘的符号。,步骤 1：括号外的数要乘括号里的每一项。 步骤 2：用 2 分别乘括号里的每一项，得到 0x 和 8，所以结果是 0x+8。 步骤 3：得到答案 0x+8。,只乘第一项，漏乘常数项。,答案 0x+8 正确。用 2 分别乘括号里的每一项，得到 0x 和 8，所以结果是 0x+8。,换一组数值，继续练习同一章节的核心结构。
jianzisheng_cn_junior_chapter_expansion_v1_cn-junior-g7-distributive-property_005,括号外的数要乘括号里的每一项。,注意负数相乘的符号。,步骤 1：括号外的数要乘括号里的每一项。 步骤 2：用 3 分别乘括号里的每一项，得到 3x 和 -15，所以结果是 3x-15。 步骤 3：得到答案 3x-15。,只乘第一项，漏乘常数项。,答案 3x-15 正确。用 3 分别乘括号里的每一项，得到 3x 和 -15，所以结果是 3x-15。,换一组数值，继续练习同一章节的核心结构。
jianzisheng_cn_junior_chapter_expansion_v1_cn-junior-g7-distributive-property_006,括号外的数要乘括号里的每一项。,注意负数相乘的符号。,步骤 1：括号外的数要乘括号里的每一项。 步骤 2：用 4 分别乘括号里的每一项，得到 8x 和 -12，所以结果是 8x-12。 步骤 3：得到答案 8x-12。,只乘第一项，漏乘常数项。,答案 8x-12 正确。用 4 分别乘括号里的每一项，得到 8x 和 -12，所以结果是 8x-12。,换一组数值，继续练习同一章节的核心结构。
jianzisheng_cn_junior_chapter_expansion_v1_cn-junior-g7-distributive-property_007,括号外的数要乘括号里的每一项。,注意负数相乘的符号。,步骤 1：括号外的数要乘括号里的每一项。 步骤 2：用 5 分别乘括号里的每一项，得到 15x 和 -5，所以结果是 15x-5。 步骤 3：得到答案 15x-5。,只乘第一项，漏乘常数项。,答案 15x-5 正确。用 5 分别乘括号里的每一项，得到 15x 和 -5，所以结果是 15x-5。,换一组数值，继续练习同一章节的核心结构。
jianzisheng_cn_junior_chapter_expansion_v1_cn-junior-g7-distributive-property_008,括号外的数要乘括号里的每一项。,注意负数相乘的符号。,步骤 1：括号外的数要乘括号里的每一项。 步骤 2：用 -4 分别乘括号里的每一项，得到 12x 和 -4，所以结果是 12x-4。 步骤 3：得到答案 12x-4。,只乘第一项，漏乘常数项。,答案 12x-4 正确。用 -4 分别乘括号里的每一项，得到 12x 和 -4，所以结果是 12x-4。,换一组数值，继续练习同一章节的核心结构。
jianzisheng_cn_junior_chapter_expansion_v1_cn-junior-g7-distributive-property_009,括号外的数要乘括号里的每一项。,注意负数相乘的符号。,步骤 1：括号外的数要乘括号里的每一项。 步骤 2：用 -3 分别乘括号里的每一项，得到 6x 和 -9，所以结果是 6x-9。 步骤 3：得到答案 6x-9。,只乘第一项，漏乘常数项。,答案 6x-9 正确。用 -3 分别乘括号里的每一项，得到 6x 和 -9，所以结果是 6x-9。,换一组数值，继续练习同一章节的核心结构。
jianzisheng_cn_junior_chapter_expansion_v1_cn-junior-g7-distributive-property_010,括号外的数要乘括号里的每一项。,注意负数相乘的符号。,步骤 1：括号外的数要乘括号里的每一项。 步骤 2：用 -2 分别乘括号里的每一项，得到 2x 和 -10，所以结果是 2x-10。 步骤 3：得到答案 2x-10。,只乘第一项，漏乘常数项。,答案 2x-10 正确。用 -2 分别乘括号里的每一项，得到 2x 和 -10，所以结果是 2x-10。,换一组数值，继续练习同一章节的核心结构。
jianzisheng_cn_junior_chapter_expansion_v1_cn-junior-g7-distributive-property_011,括号外的数要乘括号里的每一项。,注意负数相乘的符号。,步骤 1：括号外的数要乘括号里的每一项。 步骤 2：用 2 分别乘括号里的每一项，得到 0x 和 -8，所以结果是 0x-8。 步骤 3：得到答案 0x-8。,只乘第一项，漏乘常数项。,答案 0x-8 正确。用 2 分别乘括号里的每一项，得到 0x 和 -8，所以结果是 0x-8。,换一组数值，继续练习同一章节的核心结构。
jianzisheng_cn_junior_chapter_expansion_v1_cn-junior-g7-distributive-property_012,括号外的数要乘括号里的每一项。,注意负数相乘的符号。,步骤 1：括号外的数要乘括号里的每一项。 步骤 2：用 3 分别乘括号里的每一项，得到 3x 和 -6，所以结果是 3x-6。 步骤 3：得到答案 3x-6。,只乘第一项，漏乘常数项。,答案 3x-6 正确。用 3 分别乘括号里的每一项，得到 3x 和 -6，所以结果是 3x-6。,换一组数值，继续练习同一章节的核心结构。
jianzisheng_cn_junior_chapter_expansion_v1_cn-junior-g7-distributive-property_013,括号外的数要乘括号里的每一项。,注意负数相乘的符号。,步骤 1：括号外的数要乘括号里的每一项。 步骤 2：用 4 分别乘括号里的每一项，得到 8x 和 0，所以结果是 8x+0。 步骤 3：得到答案 8x+0。,只乘第一项，漏乘常数项。,答案 8x+0 正确。用 4 分别乘括号里的每一项，得到 8x 和 0，所以结果是 8x+0。,换一组数值，继续练习同一章节的核心结构。
jianzisheng_cn_junior_chapter_expansion_v1_cn-junior-g7-distributive-property_014,括号外的数要乘括号里的每一项。,注意负数相乘的符号。,步骤 1：括号外的数要乘括号里的每一项。 步骤 2：用 5 分别乘括号里的每一项，得到 15x 和 10，所以结果是 15x+10。 步骤 3：得到答案 15x+10。,只乘第一项，漏乘常数项。,答案 15x+10 正确。用 5 分别乘括号里的每一项，得到 15x 和 10，所以结果是 15x+10。,换一组数值，继续练习同一章节的核心结构。
jianzisheng_cn_junior_chapter_expansion_v1_cn-junior-g7-linear-equation-applications_001,先设未知数表示票数。,总费用包括服务费和每张票费用。,步骤 1：先设未知数表示票数。 步骤 2：设买了 x 张票，列方程 11x+2=134，解得 x=12。 步骤 3：得到答案 12。,直接用总费用除以单价，忘记服务费。,答案 12 正确。设买了 x 张票，列方程 11x+2=134，解得 x=12。,换一组数值，继续练习同一章节的核心结构。
jianzisheng_cn_junior_chapter_expansion_v1_cn-junior-g7-linear-equation-applications_002,先设未知数表示票数。,总费用包括服务费和每张票费用。,步骤 1：先设未知数表示票数。 步骤 2：设买了 x 张票，列方程 4x+3=23，解得 x=5。 步骤 3：得到答案 5。,直接用总费用除以单价，忘记服务费。,答案 5 正确。设买了 x 张票，列方程 4x+3=23，解得 x=5。,换一组数值，继续练习同一章节的核心结构。
jianzisheng_cn_junior_chapter_expansion_v1_cn-junior-g7-linear-equation-applications_003,先设未知数表示票数。,总费用包括服务费和每张票费用。,步骤 1：先设未知数表示票数。 步骤 2：设买了 x 张票，列方程 5x+4=34，解得 x=6。 步骤 3：得到答案 6。,直接用总费用除以单价，忘记服务费。,答案 6 正确。设买了 x 张票，列方程 5x+4=34，解得 x=6。,换一组数值，继续练习同一章节的核心结构。
jianzisheng_cn_junior_chapter_expansion_v1_cn-junior-g7-linear-equation-applications_004,先设未知数表示票数。,总费用包括服务费和每张票费用。,步骤 1：先设未知数表示票数。 步骤 2：设买了 x 张票，列方程 6x+5=47，解得 x=7。 步骤 3：得到答案 7。,直接用总费用除以单价，忘记服务费。,答案 7 正确。设买了 x 张票，列方程 6x+5=47，解得 x=7。,换一组数值，继续练习同一章节的核心结构。
jianzisheng_cn_junior_chapter_expansion_v1_cn-junior-g7-linear-equation-applications_005,先设未知数表示票数。,总费用包括服务费和每张票费用。,步骤 1：先设未知数表示票数。 步骤 2：设买了 x 张票，列方程 7x+6=62，解得 x=8。 步骤 3：得到答案 8。,直接用总费用除以单价，忘记服务费。,答案 8 正确。设买了 x 张票，列方程 7x+6=62，解得 x=8。,换一组数值，继续练习同一章节的核心结构。
jianzisheng_cn_junior_chapter_expansion_v1_cn-junior-g7-linear-equation-applications_006,先设未知数表示票数。,总费用包括服务费和每张票费用。,步骤 1：先设未知数表示票数。 步骤 2：设买了 x 张票，列方程 8x+7=79，解得 x=9。 步骤 3：得到答案 9。,直接用总费用除以单价，忘记服务费。,答案 9 正确。设买了 x 张票，列方程 8x+7=79，解得 x=9。,换一组数值，继续练习同一章节的核心结构。
jianzisheng_cn_junior_chapter_expansion_v1_cn-junior-g7-linear-equation-applications_007,先设未知数表示票数。,总费用包括服务费和每张票费用。,步骤 1：先设未知数表示票数。 步骤 2：设买了 x 张票，列方程 9x+8=98，解得 x=10。 步骤 3：得到答案 10。,直接用总费用除以单价，忘记服务费。,答案 10 正确。设买了 x 张票，列方程 9x+8=98，解得 x=10。,换一组数值，继续练习同一章节的核心结构。
jianzisheng_cn_junior_chapter_expansion_v1_cn-junior-g7-linear-equation-applications_008,先设未知数表示票数。,总费用包括服务费和每张票费用。,步骤 1：先设未知数表示票数。 步骤 2：设买了 x 张票，列方程 10x+2=112，解得 x=11。 步骤 3：得到答案 11。,直接用总费用除以单价，忘记服务费。,答案 11 正确。设买了 x 张票，列方程 10x+2=112，解得 x=11。,换一组数值，继续练习同一章节的核心结构。
jianzisheng_cn_junior_chapter_expansion_v1_cn-junior-g7-linear-equation-applications_009,先设未知数表示票数。,总费用包括服务费和每张票费用。,步骤 1：先设未知数表示票数。 步骤 2：设买了 x 张票，列方程 11x+3=135，解得 x=12。 步骤 3：得到答案 12。,直接用总费用除以单价，忘记服务费。,答案 12 正确。设买了 x 张票，列方程 11x+3=135，解得 x=12。,换一组数值，继续练习同一章节的核心结构。
jianzisheng_cn_junior_chapter_expansion_v1_cn-junior-g7-linear-equation-applications_010,先设未知数表示票数。,总费用包括服务费和每张票费用。,步骤 1：先设未知数表示票数。 步骤 2：设买了 x 张票，列方程 4x+4=24，解得 x=5。 步骤 3：得到答案 5。,直接用总费用除以单价，忘记服务费。,答案 5 正确。设买了 x 张票，列方程 4x+4=24，解得 x=5。,换一组数值，继续练习同一章节的核心结构。
jianzisheng_cn_junior_chapter_expansion_v1_cn-junior-g7-linear-equation-applications_011,先设未知数表示票数。,总费用包括服务费和每张票费用。,步骤 1：先设未知数表示票数。 步骤 2：设买了 x 张票，列方程 5x+5=35，解得 x=6。 步骤 3：得到答案 6。,直接用总费用除以单价，忘记服务费。,答案 6 正确。设买了 x 张票，列方程 5x+5=35，解得 x=6。,换一组数值，继续练习同一章节的核心结构。
jianzisheng_cn_junior_chapter_expansion_v1_cn-junior-g7-linear-equation-applications_012,先设未知数表示票数。,总费用包括服务费和每张票费用。,步骤 1：先设未知数表示票数。 步骤 2：设买了 x 张票，列方程 6x+6=48，解得 x=7。 步骤 3：得到答案 7。,直接用总费用除以单价，忘记服务费。,答案 7 正确。设买了 x 张票，列方程 6x+6=48，解得 x=7。,换一组数值，继续练习同一章节的核心结构。
jianzisheng_cn_junior_chapter_expansion_v1_cn-junior-g7-linear-equation-applications_013,先设未知数表示票数。,总费用包括服务费和每张票费用。,步骤 1：先设未知数表示票数。 步骤 2：设买了 x 张票，列方程 7x+7=63，解得 x=8。 步骤 3：得到答案 8。,直接用总费用除以单价，忘记服务费。,答案 8 正确。设买了 x 张票，列方程 7x+7=63，解得 x=8。,换一组数值，继续练习同一章节的核心结构。
jianzisheng_cn_junior_chapter_expansion_v1_cn-junior-g7-linear-equation-applications_014,先设未知数表示票数。,总费用包括服务费和每张票费用。,步骤 1：先设未知数表示票数。 步骤 2：设买了 x 张票，列方程 8x+8=80，解得 x=9。 步骤 3：得到答案 9。,直接用总费用除以单价，忘记服务费。,答案 9 正确。设买了 x 张票，列方程 8x+8=80，解得 x=9。,换一组数值，继续练习同一章节的核心结构。
jianzisheng_cn_junior_chapter_expansion_v1_cn-junior-g7-negative-inequalities_001,先移项。,两边除以负数时，不等号方向必须改变。,步骤 1：先移项。 步骤 2：移项后两边除以负数 -3，不等号方向要改变，所以 x>3。 步骤 3：得到答案 x>3。,除以负数后没有改变不等号方向。,答案 x>3 正确。移项后两边除以负数 -3，不等号方向要改变，所以 x>3。,换一组数值，继续练习同一章节的核心结构。
jianzisheng_cn_junior_chapter_expansion_v1_cn-junior-g7-negative-inequalities_002,先移项。,两边除以负数时，不等号方向必须改变。,步骤 1：先移项。 步骤 2：移项后两边除以负数 -4，不等号方向要改变，所以 x>4。 步骤 3：得到答案 x>4。,除以负数后没有改变不等号方向。,答案 x>4 正确。移项后两边除以负数 -4，不等号方向要改变，所以 x>4。,换一组数值，继续练习同一章节的核心结构。
jianzisheng_cn_junior_chapter_expansion_v1_cn-junior-g7-negative-inequalities_003,先移项。,两边除以负数时，不等号方向必须改变。,步骤 1：先移项。 步骤 2：移项后两边除以负数 -5，不等号方向要改变，所以 x>5。 步骤 3：得到答案 x>5。,除以负数后没有改变不等号方向。,答案 x>5 正确。移项后两边除以负数 -5，不等号方向要改变，所以 x>5。,换一组数值，继续练习同一章节的核心结构。
jianzisheng_cn_junior_chapter_expansion_v1_cn-junior-g7-negative-inequalities_004,先移项。,两边除以负数时，不等号方向必须改变。,步骤 1：先移项。 步骤 2：移项后两边除以负数 -6，不等号方向要改变，所以 x>6。 步骤 3：得到答案 x>6。,除以负数后没有改变不等号方向。,答案 x>6 正确。移项后两边除以负数 -6，不等号方向要改变，所以 x>6。,换一组数值，继续练习同一章节的核心结构。
jianzisheng_cn_junior_chapter_expansion_v1_cn-junior-g7-negative-inequalities_005,先移项。,两边除以负数时，不等号方向必须改变。,步骤 1：先移项。 步骤 2：移项后两边除以负数 -7，不等号方向要改变，所以 x>7。 步骤 3：得到答案 x>7。,除以负数后没有改变不等号方向。,答案 x>7 正确。移项后两边除以负数 -7，不等号方向要改变，所以 x>7。,换一组数值，继续练习同一章节的核心结构。
jianzisheng_cn_junior_chapter_expansion_v1_cn-junior-g7-negative-inequalities_006,先移项。,两边除以负数时，不等号方向必须改变。,步骤 1：先移项。 步骤 2：移项后两边除以负数 -2，不等号方向要改变，所以 x>8。 步骤 3：得到答案 x>8。,除以负数后没有改变不等号方向。,答案 x>8 正确。移项后两边除以负数 -2，不等号方向要改变，所以 x>8。,换一组数值，继续练习同一章节的核心结构。
jianzisheng_cn_junior_chapter_expansion_v1_cn-junior-g7-negative-inequalities_007,先移项。,两边除以负数时，不等号方向必须改变。,步骤 1：先移项。 步骤 2：移项后两边除以负数 -3，不等号方向要改变，所以 x>9。 步骤 3：得到答案 x>9。,除以负数后没有改变不等号方向。,答案 x>9 正确。移项后两边除以负数 -3，不等号方向要改变，所以 x>9。,换一组数值，继续练习同一章节的核心结构。
jianzisheng_cn_junior_chapter_expansion_v1_cn-junior-g7-negative-inequalities_008,先移项。,两边除以负数时，不等号方向必须改变。,步骤 1：先移项。 步骤 2：移项后两边除以负数 -4，不等号方向要改变，所以 x>3。 步骤 3：得到答案 x>3。,除以负数后没有改变不等号方向。,答案 x>3 正确。移项后两边除以负数 -4，不等号方向要改变，所以 x>3。,换一组数值，继续练习同一章节的核心结构。
jianzisheng_cn_junior_chapter_expansion_v1_cn-junior-g7-negative-inequalities_009,先移项。,两边除以负数时，不等号方向必须改变。,步骤 1：先移项。 步骤 2：移项后两边除以负数 -5，不等号方向要改变，所以 x>4。 步骤 3：得到答案 x>4。,除以负数后没有改变不等号方向。,答案 x>4 正确。移项后两边除以负数 -5，不等号方向要改变，所以 x>4。,换一组数值，继续练习同一章节的核心结构。
jianzisheng_cn_junior_chapter_expansion_v1_cn-junior-g7-negative-inequalities_010,先移项。,两边除以负数时，不等号方向必须改变。,步骤 1：先移项。 步骤 2：移项后两边除以负数 -6，不等号方向要改变，所以 x>5。 步骤 3：得到答案 x>5。,除以负数后没有改变不等号方向。,答案 x>5 正确。移项后两边除以负数 -6，不等号方向要改变，所以 x>5。,换一组数值，继续练习同一章节的核心结构。
jianzisheng_cn_junior_chapter_expansion_v1_cn-junior-g7-negative-inequalities_011,先移项。,两边除以负数时，不等号方向必须改变。,步骤 1：先移项。 步骤 2：移项后两边除以负数 -7，不等号方向要改变，所以 x>6。 步骤 3：得到答案 x>6。,除以负数后没有改变不等号方向。,答案 x>6 正确。移项后两边除以负数 -7，不等号方向要改变，所以 x>6。,换一组数值，继续练习同一章节的核心结构。
jianzisheng_cn_junior_chapter_expansion_v1_cn-junior-g7-negative-inequalities_012,先移项。,两边除以负数时，不等号方向必须改变。,步骤 1：先移项。 步骤 2：移项后两边除以负数 -2，不等号方向要改变，所以 x>7。 步骤 3：得到答案 x>7。,除以负数后没有改变不等号方向。,答案 x>7 正确。移项后两边除以负数 -2，不等号方向要改变，所以 x>7。,换一组数值，继续练习同一章节的核心结构。
jianzisheng_cn_junior_chapter_expansion_v1_cn-junior-g7-negative-inequalities_013,先移项。,两边除以负数时，不等号方向必须改变。,步骤 1：先移项。 步骤 2：移项后两边除以负数 -3，不等号方向要改变，所以 x>8。 步骤 3：得到答案 x>8。,除以负数后没有改变不等号方向。,答案 x>8 正确。移项后两边除以负数 -3，不等号方向要改变，所以 x>8。,换一组数值，继续练习同一章节的核心结构。
jianzisheng_cn_junior_chapter_expansion_v1_cn-junior-g7-negative-inequalities_014,先移项。,两边除以负数时，不等号方向必须改变。,步骤 1：先移项。 步骤 2：移项后两边除以负数 -4，不等号方向要改变，所以 x>9。 步骤 3：得到答案 x>9。,除以负数后没有改变不等号方向。,答案 x>9 正确。移项后两边除以负数 -4，不等号方向要改变，所以 x>9。,换一组数值，继续练习同一章节的核心结构。
jianzisheng_cn_junior_chapter_expansion_v1_cn-junior-g7-perimeter-expressions_001,先写出长方形周长公式。,把含 x 的长和常数宽代入后化简。,步骤 1：先写出长方形周长公式。 步骤 2：周长为 2(长+宽)，代入并化简得 6x+26。 步骤 3：得到答案 6x+26。,把周长公式和面积公式混淆。,答案 6x+26 正确。周长为 2(长+宽)，代入并化简得 6x+26。,换一组数值，继续练习同一章节的核心结构。
jianzisheng_cn_junior_chapter_expansion_v1_cn-junior-g7-perimeter-expressions_002,先写出长方形周长公式。,把含 x 的长和常数宽代入后化简。,步骤 1：先写出长方形周长公式。 步骤 2：周长为 2(长+宽)，代入并化简得 8x+14。 步骤 3：得到答案 8x+14。,把周长公式和面积公式混淆。,答案 8x+14 正确。周长为 2(长+宽)，代入并化简得 8x+14。,换一组数值，继续练习同一章节的核心结构。
jianzisheng_cn_junior_chapter_expansion_v1_cn-junior-g7-perimeter-expressions_003,先写出长方形周长公式。,把含 x 的长和常数宽代入后化简。,步骤 1：先写出长方形周长公式。 步骤 2：周长为 2(长+宽)，代入并化简得 10x+0。 步骤 3：得到答案 10x+0。,把周长公式和面积公式混淆。,答案 10x+0 正确。周长为 2(长+宽)，代入并化简得 10x+0。,换一组数值，继续练习同一章节的核心结构。
jianzisheng_cn_junior_chapter_expansion_v1_cn-junior-g7-perimeter-expressions_004,先写出长方形周长公式。,把含 x 的长和常数宽代入后化简。,步骤 1：先写出长方形周长公式。 步骤 2：周长为 2(长+宽)，代入并化简得 12x+4。 步骤 3：得到答案 12x+4。,把周长公式和面积公式混淆。,答案 12x+4 正确。周长为 2(长+宽)，代入并化简得 12x+4。,换一组数值，继续练习同一章节的核心结构。
jianzisheng_cn_junior_chapter_expansion_v1_cn-junior-g7-perimeter-expressions_005,先写出长方形周长公式。,把含 x 的长和常数宽代入后化简。,步骤 1：先写出长方形周长公式。 步骤 2：周长为 2(长+宽)，代入并化简得 14x+8。 步骤 3：得到答案 14x+8。,把周长公式和面积公式混淆。,答案 14x+8 正确。周长为 2(长+宽)，代入并化简得 14x+8。,换一组数值，继续练习同一章节的核心结构。
jianzisheng_cn_junior_chapter_expansion_v1_cn-junior-g7-perimeter-expressions_006,先写出长方形周长公式。,把含 x 的长和常数宽代入后化简。,步骤 1：先写出长方形周长公式。 步骤 2：周长为 2(长+宽)，代入并化简得 4x+12。 步骤 3：得到答案 4x+12。,把周长公式和面积公式混淆。,答案 4x+12 正确。周长为 2(长+宽)，代入并化简得 4x+12。,换一组数值，继续练习同一章节的核心结构。
jianzisheng_cn_junior_chapter_expansion_v1_cn-junior-g7-perimeter-expressions_007,先写出长方形周长公式。,把含 x 的长和常数宽代入后化简。,步骤 1：先写出长方形周长公式。 步骤 2：周长为 2(长+宽)，代入并化简得 6x+16。 步骤 3：得到答案 6x+16。,把周长公式和面积公式混淆。,答案 6x+16 正确。周长为 2(长+宽)，代入并化简得 6x+16。,换一组数值，继续练习同一章节的核心结构。
jianzisheng_cn_junior_chapter_expansion_v1_cn-junior-g7-perimeter-expressions_008,先写出长方形周长公式。,把含 x 的长和常数宽代入后化简。,步骤 1：先写出长方形周长公式。 步骤 2：周长为 2(长+宽)，代入并化简得 8x+20。 步骤 3：得到答案 8x+20。,把周长公式和面积公式混淆。,答案 8x+20 正确。周长为 2(长+宽)，代入并化简得 8x+20。,换一组数值，继续练习同一章节的核心结构。
jianzisheng_cn_junior_chapter_expansion_v1_cn-junior-g7-perimeter-expressions_009,先写出长方形周长公式。,把含 x 的长和常数宽代入后化简。,步骤 1：先写出长方形周长公式。 步骤 2：周长为 2(长+宽)，代入并化简得 10x+24。 步骤 3：得到答案 10x+24。,把周长公式和面积公式混淆。,答案 10x+24 正确。周长为 2(长+宽)，代入并化简得 10x+24。,换一组数值，继续练习同一章节的核心结构。
jianzisheng_cn_junior_chapter_expansion_v1_cn-junior-g7-perimeter-expressions_010,先写出长方形周长公式。,把含 x 的长和常数宽代入后化简。,步骤 1：先写出长方形周长公式。 步骤 2：周长为 2(长+宽)，代入并化简得 12x+12。 步骤 3：得到答案 12x+12。,把周长公式和面积公式混淆。,答案 12x+12 正确。周长为 2(长+宽)，代入并化简得 12x+12。,换一组数值，继续练习同一章节的核心结构。
jianzisheng_cn_junior_chapter_expansion_v1_cn-junior-g7-perimeter-expressions_011,先写出长方形周长公式。,把含 x 的长和常数宽代入后化简。,步骤 1：先写出长方形周长公式。 步骤 2：周长为 2(长+宽)，代入并化简得 14x+16。 步骤 3：得到答案 14x+16。,把周长公式和面积公式混淆。,答案 14x+16 正确。周长为 2(长+宽)，代入并化简得 14x+16。,换一组数值，继续练习同一章节的核心结构。
jianzisheng_cn_junior_chapter_expansion_v1_cn-junior-g7-perimeter-expressions_012,先写出长方形周长公式。,把含 x 的长和常数宽代入后化简。,步骤 1：先写出长方形周长公式。 步骤 2：周长为 2(长+宽)，代入并化简得 4x+2。 步骤 3：得到答案 4x+2。,把周长公式和面积公式混淆。,答案 4x+2 正确。周长为 2(长+宽)，代入并化简得 4x+2。,换一组数值，继续练习同一章节的核心结构。
jianzisheng_cn_junior_chapter_expansion_v1_cn-junior-g7-perimeter-expressions_013,先写出长方形周长公式。,把含 x 的长和常数宽代入后化简。,步骤 1：先写出长方形周长公式。 步骤 2：周长为 2(长+宽)，代入并化简得 6x+6。 步骤 3：得到答案 6x+6。,把周长公式和面积公式混淆。,答案 6x+6 正确。周长为 2(长+宽)，代入并化简得 6x+6。,换一组数值，继续练习同一章节的核心结构。
jianzisheng_cn_junior_chapter_expansion_v1_cn-junior-g7-perimeter-expressions_014,先写出长方形周长公式。,把含 x 的长和常数宽代入后化简。,步骤 1：先写出长方形周长公式。 步骤 2：周长为 2(长+宽)，代入并化简得 8x+10。 步骤 3：得到答案 8x+10。,把周长公式和面积公式混淆。,答案 8x+10 正确。周长为 2(长+宽)，代入并化简得 8x+10。,换一组数值，继续练习同一章节的核心结构。
jianzisheng_cn_junior_chapter_expansion_v1_cn-junior-g7-vertical-angles_001,先判断是否为对顶角。,对顶角大小相等。,步骤 1：先判断是否为对顶角。 步骤 2：对顶角相等，所以它的对顶角也是 79°。 步骤 3：得到答案 79。,把对顶角当成邻补角。,答案 79 正确。对顶角相等，所以它的对顶角也是 79°。,换一组数值，继续练习同一章节的核心结构。
jianzisheng_cn_junior_chapter_expansion_v1_cn-junior-g7-vertical-angles_002,先判断是否为对顶角。,对顶角大小相等。,步骤 1：先判断是否为对顶角。 步骤 2：对顶角相等，所以它的对顶角也是 86°。 步骤 3：得到答案 86。,把对顶角当成邻补角。,答案 86 正确。对顶角相等，所以它的对顶角也是 86°。,换一组数值，继续练习同一章节的核心结构。
jianzisheng_cn_junior_chapter_expansion_v1_cn-junior-g7-vertical-angles_003,先判断是否为对顶角。,对顶角大小相等。,步骤 1：先判断是否为对顶角。 步骤 2：对顶角相等，所以它的对顶角也是 93°。 步骤 3：得到答案 93。,把对顶角当成邻补角。,答案 93 正确。对顶角相等，所以它的对顶角也是 93°。,换一组数值，继续练习同一章节的核心结构。
jianzisheng_cn_junior_chapter_expansion_v1_cn-junior-g7-vertical-angles_004,先判断是否为对顶角。,对顶角大小相等。,步骤 1：先判断是否为对顶角。 步骤 2：对顶角相等，所以它的对顶角也是 100°。 步骤 3：得到答案 100。,把对顶角当成邻补角。,答案 100 正确。对顶角相等，所以它的对顶角也是 100°。,换一组数值，继续练习同一章节的核心结构。
jianzisheng_cn_junior_chapter_expansion_v1_cn-junior-g7-vertical-angles_005,先判断是否为对顶角。,对顶角大小相等。,步骤 1：先判断是否为对顶角。 步骤 2：对顶角相等，所以它的对顶角也是 107°。 步骤 3：得到答案 107。,把对顶角当成邻补角。,答案 107 正确。对顶角相等，所以它的对顶角也是 107°。,换一组数值，继续练习同一章节的核心结构。
jianzisheng_cn_junior_chapter_expansion_v1_cn-junior-g7-vertical-angles_006,先判断是否为对顶角。,对顶角大小相等。,步骤 1：先判断是否为对顶角。 步骤 2：对顶角相等，所以它的对顶角也是 114°。 步骤 3：得到答案 114。,把对顶角当成邻补角。,答案 114 正确。对顶角相等，所以它的对顶角也是 114°。,换一组数值，继续练习同一章节的核心结构。
jianzisheng_cn_junior_chapter_expansion_v1_cn-junior-g7-vertical-angles_007,先判断是否为对顶角。,对顶角大小相等。,步骤 1：先判断是否为对顶角。 步骤 2：对顶角相等，所以它的对顶角也是 121°。 步骤 3：得到答案 121。,把对顶角当成邻补角。,答案 121 正确。对顶角相等，所以它的对顶角也是 121°。,换一组数值，继续练习同一章节的核心结构。
jianzisheng_cn_junior_chapter_expansion_v1_cn-junior-g7-vertical-angles_008,先判断是否为对顶角。,对顶角大小相等。,步骤 1：先判断是否为对顶角。 步骤 2：对顶角相等，所以它的对顶角也是 128°。 步骤 3：得到答案 128。,把对顶角当成邻补角。,答案 128 正确。对顶角相等，所以它的对顶角也是 128°。,换一组数值，继续练习同一章节的核心结构。
jianzisheng_cn_junior_chapter_expansion_v1_cn-junior-g7-vertical-angles_009,先判断是否为对顶角。,对顶角大小相等。,步骤 1：先判断是否为对顶角。 步骤 2：对顶角相等，所以它的对顶角也是 135°。 步骤 3：得到答案 135。,把对顶角当成邻补角。,答案 135 正确。对顶角相等，所以它的对顶角也是 135°。,换一组数值，继续练习同一章节的核心结构。
jianzisheng_cn_junior_chapter_expansion_v1_cn-junior-g7-vertical-angles_010,先判断是否为对顶角。,对顶角大小相等。,步骤 1：先判断是否为对顶角。 步骤 2：对顶角相等，所以它的对顶角也是 142°。 步骤 3：得到答案 142。,把对顶角当成邻补角。,答案 142 正确。对顶角相等，所以它的对顶角也是 142°。,换一组数值，继续练习同一章节的核心结构。
jianzisheng_cn_junior_chapter_expansion_v1_cn-junior-g7-vertical-angles_011,先判断是否为对顶角。,对顶角大小相等。,步骤 1：先判断是否为对顶角。 步骤 2：对顶角相等，所以它的对顶角也是 149°。 步骤 3：得到答案 149。,把对顶角当成邻补角。,答案 149 正确。对顶角相等，所以它的对顶角也是 149°。,换一组数值，继续练习同一章节的核心结构。
jianzisheng_cn_junior_chapter_expansion_v1_cn-junior-g7-vertical-angles_012,先判断是否为对顶角。,对顶角大小相等。,步骤 1：先判断是否为对顶角。 步骤 2：对顶角相等，所以它的对顶角也是 36°。 步骤 3：得到答案 36。,把对顶角当成邻补角。,答案 36 正确。对顶角相等，所以它的对顶角也是 36°。,换一组数值，继续练习同一章节的核心结构。
jianzisheng_cn_junior_chapter_expansion_v1_cn-junior-g7-vertical-angles_013,先判断是否为对顶角。,对顶角大小相等。,步骤 1：先判断是否为对顶角。 步骤 2：对顶角相等，所以它的对顶角也是 43°。 步骤 3：得到答案 43。,把对顶角当成邻补角。,答案 43 正确。对顶角相等，所以它的对顶角也是 43°。,换一组数值，继续练习同一章节的核心结构。
jianzisheng_cn_junior_chapter_expansion_v1_cn-junior-g7-vertical-angles_014,先判断是否为对顶角。,对顶角大小相等。,步骤 1：先判断是否为对顶角。 步骤 2：对顶角相等，所以它的对顶角也是 50°。 步骤 3：得到答案 50。,把对顶角当成邻补角。,答案 50 正确。对顶角相等，所以它的对顶角也是 50°。,换一组数值，继续练习同一章节的核心结构。
jianzisheng_cn_junior_chapter_expansion_v1_cn-junior-g7-fraction-integer-operations_001,先确认两个分数的分母相同。,同分母相加只合并分子。,步骤 1：先确认两个分数的分母相同。 步骤 2：同分母分数相加，分母不变，分子相加，得到 7/6。 步骤 3：得到答案 7/6。,把分母也相加。,答案 7/6 正确。同分母分数相加，分母不变，分子相加，得到 7/6。,换一组数值，继续练习同一章节的核心结构。
jianzisheng_cn_junior_chapter_expansion_v1_cn-junior-g7-fraction-integer-operations_002,先确认两个分数的分母相同。,同分母相加只合并分子。,步骤 1：先确认两个分数的分母相同。 步骤 2：同分母分数相加，分母不变，分子相加，得到 2/7。 步骤 3：得到答案 2/7。,把分母也相加。,答案 2/7 正确。同分母分数相加，分母不变，分子相加，得到 2/7。,换一组数值，继续练习同一章节的核心结构。
jianzisheng_cn_junior_chapter_expansion_v1_cn-junior-g7-fraction-integer-operations_003,先确认两个分数的分母相同。,同分母相加只合并分子。,步骤 1：先确认两个分数的分母相同。 步骤 2：同分母分数相加，分母不变，分子相加，得到 5/8。 步骤 3：得到答案 5/8。,把分母也相加。,答案 5/8 正确。同分母分数相加，分母不变，分子相加，得到 5/8。,换一组数值，继续练习同一章节的核心结构。
jianzisheng_cn_junior_chapter_expansion_v1_cn-junior-g7-fraction-integer-operations_004,先确认两个分数的分母相同。,同分母相加只合并分子。,步骤 1：先确认两个分数的分母相同。 步骤 2：同分母分数相加，分母不变，分子相加，得到 4/9。 步骤 3：得到答案 4/9。,把分母也相加。,答案 4/9 正确。同分母分数相加，分母不变，分子相加，得到 4/9。,换一组数值，继续练习同一章节的核心结构。
jianzisheng_cn_junior_chapter_expansion_v1_cn-junior-g7-fraction-integer-operations_005,先确认两个分数的分母相同。,同分母相加只合并分子。,步骤 1：先确认两个分数的分母相同。 步骤 2：同分母分数相加，分母不变，分子相加，得到 7/10。 步骤 3：得到答案 7/10。,把分母也相加。,答案 7/10 正确。同分母分数相加，分母不变，分子相加，得到 7/10。,换一组数值，继续练习同一章节的核心结构。
jianzisheng_cn_junior_chapter_expansion_v1_cn-junior-g7-fraction-integer-operations_006,先确认两个分数的分母相同。,同分母相加只合并分子。,步骤 1：先确认两个分数的分母相同。 步骤 2：同分母分数相加，分母不变，分子相加，得到 2/11。 步骤 3：得到答案 2/11。,把分母也相加。,答案 2/11 正确。同分母分数相加，分母不变，分子相加，得到 2/11。,换一组数值，继续练习同一章节的核心结构。
jianzisheng_cn_junior_chapter_expansion_v1_cn-junior-g7-fraction-integer-operations_007,先确认两个分数的分母相同。,同分母相加只合并分子。,步骤 1：先确认两个分数的分母相同。 步骤 2：同分母分数相加，分母不变，分子相加，得到 5/12。 步骤 3：得到答案 5/12。,把分母也相加。,答案 5/12 正确。同分母分数相加，分母不变，分子相加，得到 5/12。,换一组数值，继续练习同一章节的核心结构。
jianzisheng_cn_junior_chapter_expansion_v1_cn-junior-g7-fraction-integer-operations_008,先确认两个分数的分母相同。,同分母相加只合并分子。,步骤 1：先确认两个分数的分母相同。 步骤 2：同分母分数相加，分母不变，分子相加，得到 2/3。 步骤 3：得到答案 2/3。,把分母也相加。,答案 2/3 正确。同分母分数相加，分母不变，分子相加，得到 2/3。,换一组数值，继续练习同一章节的核心结构。
jianzisheng_cn_junior_chapter_expansion_v1_cn-junior-g7-fraction-integer-operations_009,先确认两个分数的分母相同。,同分母相加只合并分子。,步骤 1：先确认两个分数的分母相同。 步骤 2：同分母分数相加，分母不变，分子相加，得到 1。 步骤 3：得到答案 1。,把分母也相加。,答案 1 正确。同分母分数相加，分母不变，分子相加，得到 1。,换一组数值，继续练习同一章节的核心结构。
jianzisheng_cn_junior_chapter_expansion_v1_cn-junior-g7-fraction-integer-operations_010,先确认两个分数的分母相同。,同分母相加只合并分子。,步骤 1：先确认两个分数的分母相同。 步骤 2：同分母分数相加，分母不变，分子相加，得到 1/4。 步骤 3：得到答案 1/4。,把分母也相加。,答案 1/4 正确。同分母分数相加，分母不变，分子相加，得到 1/4。,换一组数值，继续练习同一章节的核心结构。
jianzisheng_cn_junior_chapter_expansion_v1_cn-junior-g7-fraction-integer-operations_011,先确认两个分数的分母相同。,同分母相加只合并分子。,步骤 1：先确认两个分数的分母相同。 步骤 2：同分母分数相加，分母不变，分子相加，得到 5/9。 步骤 3：得到答案 5/9。,把分母也相加。,答案 5/9 正确。同分母分数相加，分母不变，分子相加，得到 5/9。,换一组数值，继续练习同一章节的核心结构。
jianzisheng_cn_junior_chapter_expansion_v1_cn-junior-g7-fraction-integer-operations_012,先确认两个分数的分母相同。,同分母相加只合并分子。,步骤 1：先确认两个分数的分母相同。 步骤 2：同分母分数相加，分母不变，分子相加，得到 2/5。 步骤 3：得到答案 2/5。,把分母也相加。,答案 2/5 正确。同分母分数相加，分母不变，分子相加，得到 2/5。,换一组数值，继续练习同一章节的核心结构。
jianzisheng_cn_junior_chapter_expansion_v1_cn-junior-g7-fraction-integer-operations_013,先确认两个分数的分母相同。,同分母相加只合并分子。,步骤 1：先确认两个分数的分母相同。 步骤 2：同分母分数相加，分母不变，分子相加，得到 7/11。 步骤 3：得到答案 7/11。,把分母也相加。,答案 7/11 正确。同分母分数相加，分母不变，分子相加，得到 7/11。,换一组数值，继续练习同一章节的核心结构。
jianzisheng_cn_junior_chapter_expansion_v1_cn-junior-g7-fraction-integer-operations_014,先确认两个分数的分母相同。,同分母相加只合并分子。,步骤 1：先确认两个分数的分母相同。 步骤 2：同分母分数相加，分母不变，分子相加，得到 1/6。 步骤 3：得到答案 1/6。,把分母也相加。,答案 1/6 正确。同分母分数相加，分母不变，分子相加，得到 1/6。,换一组数值，继续练习同一章节的核心结构。
jianzisheng_cn_junior_chapter_expansion_v1_cn-junior-g7-expression-evaluation_001,把 x 的值代入表达式。,先乘法，再加减。,步骤 1：把 x 的值代入表达式。 步骤 2：把 x=4 代入，得到 3×4+2=14。 步骤 3：得到答案 14。,把 ax 误算成 a+x。,答案 14 正确。把 x=4 代入，得到 3×4+2=14。,换一组数值，继续练习同一章节的核心结构。
jianzisheng_cn_junior_chapter_expansion_v1_cn-junior-g7-expression-evaluation_002,把 x 的值代入表达式。,先乘法，再加减。,步骤 1：把 x 的值代入表达式。 步骤 2：把 x=-3 代入，得到 4×-3+5=-7。 步骤 3：得到答案 -7。,把 ax 误算成 a+x。,答案 -7 正确。把 x=-3 代入，得到 4×-3+5=-7。,换一组数值，继续练习同一章节的核心结构。
jianzisheng_cn_junior_chapter_expansion_v1_cn-junior-g7-expression-evaluation_003,把 x 的值代入表达式。,先乘法，再加减。,步骤 1：把 x 的值代入表达式。 步骤 2：把 x=-2 代入，得到 -4×-2-5=3。 步骤 3：得到答案 3。,把 ax 误算成 a+x。,答案 3 正确。把 x=-2 代入，得到 -4×-2-5=3。,换一组数值，继续练习同一章节的核心结构。
jianzisheng_cn_junior_chapter_expansion_v1_cn-junior-g7-expression-evaluation_004,把 x 的值代入表达式。,先乘法，再加减。,步骤 1：把 x 的值代入表达式。 步骤 2：把 x=-1 代入，得到 -3×-1-2=1。 步骤 3：得到答案 1。,把 ax 误算成 a+x。,答案 1 正确。把 x=-1 代入，得到 -3×-1-2=1。,换一组数值，继续练习同一章节的核心结构。
jianzisheng_cn_junior_chapter_expansion_v1_cn-junior-g7-expression-evaluation_005,把 x 的值代入表达式。,先乘法，再加减。,步骤 1：把 x 的值代入表达式。 步骤 2：把 x=0 代入，得到 -2×0+1=1。 步骤 3：得到答案 1。,把 ax 误算成 a+x。,答案 1 正确。把 x=0 代入，得到 -2×0+1=1。,换一组数值，继续练习同一章节的核心结构。
jianzisheng_cn_junior_chapter_expansion_v1_cn-junior-g7-expression-evaluation_006,把 x 的值代入表达式。,先乘法，再加减。,步骤 1：把 x 的值代入表达式。 步骤 2：把 x=1 代入，得到 -1×1+4=3。 步骤 3：得到答案 3。,把 ax 误算成 a+x。,答案 3 正确。把 x=1 代入，得到 -1×1+4=3。,换一组数值，继续练习同一章节的核心结构。
jianzisheng_cn_junior_chapter_expansion_v1_cn-junior-g7-expression-evaluation_007,把 x 的值代入表达式。,先乘法，再加减。,步骤 1：把 x 的值代入表达式。 步骤 2：把 x=2 代入，得到 0×2-6=-6。 步骤 3：得到答案 -6。,把 ax 误算成 a+x。,答案 -6 正确。把 x=2 代入，得到 0×2-6=-6。,换一组数值，继续练习同一章节的核心结构。
jianzisheng_cn_junior_chapter_expansion_v1_cn-junior-g7-expression-evaluation_008,把 x 的值代入表达式。,先乘法，再加减。,步骤 1：把 x 的值代入表达式。 步骤 2：把 x=3 代入，得到 1×3-3=0。 步骤 3：得到答案 0。,把 ax 误算成 a+x。,答案 0 正确。把 x=3 代入，得到 1×3-3=0。,换一组数值，继续练习同一章节的核心结构。
jianzisheng_cn_junior_chapter_expansion_v1_cn-junior-g7-expression-evaluation_009,把 x 的值代入表达式。,先乘法，再加减。,步骤 1：把 x 的值代入表达式。 步骤 2：把 x=4 代入，得到 2×4+0=8。 步骤 3：得到答案 8。,把 ax 误算成 a+x。,答案 8 正确。把 x=4 代入，得到 2×4+0=8。,换一组数值，继续练习同一章节的核心结构。
jianzisheng_cn_junior_chapter_expansion_v1_cn-junior-g7-expression-evaluation_010,把 x 的值代入表达式。,先乘法，再加减。,步骤 1：把 x 的值代入表达式。 步骤 2：把 x=-3 代入，得到 3×-3+3=-6。 步骤 3：得到答案 -6。,把 ax 误算成 a+x。,答案 -6 正确。把 x=-3 代入，得到 3×-3+3=-6。,换一组数值，继续练习同一章节的核心结构。
jianzisheng_cn_junior_chapter_expansion_v1_cn-junior-g7-expression-evaluation_011,把 x 的值代入表达式。,先乘法，再加减。,步骤 1：把 x 的值代入表达式。 步骤 2：把 x=-2 代入，得到 4×-2+6=-2。 步骤 3：得到答案 -2。,把 ax 误算成 a+x。,答案 -2 正确。把 x=-2 代入，得到 4×-2+6=-2。,换一组数值，继续练习同一章节的核心结构。
jianzisheng_cn_junior_chapter_expansion_v1_cn-junior-g7-expression-evaluation_012,把 x 的值代入表达式。,先乘法，再加减。,步骤 1：把 x 的值代入表达式。 步骤 2：把 x=-1 代入，得到 -4×-1-4=0。 步骤 3：得到答案 0。,把 ax 误算成 a+x。,答案 0 正确。把 x=-1 代入，得到 -4×-1-4=0。,换一组数值，继续练习同一章节的核心结构。
jianzisheng_cn_junior_chapter_expansion_v1_cn-junior-g7-expression-evaluation_013,把 x 的值代入表达式。,先乘法，再加减。,步骤 1：把 x 的值代入表达式。 步骤 2：把 x=0 代入，得到 -3×0-1=-1。 步骤 3：得到答案 -1。,把 ax 误算成 a+x。,答案 -1 正确。把 x=0 代入，得到 -3×0-1=-1。,换一组数值，继续练习同一章节的核心结构。
jianzisheng_cn_junior_chapter_expansion_v1_cn-junior-g7-expression-evaluation_014,把 x 的值代入表达式。,先乘法，再加减。,步骤 1：把 x 的值代入表达式。 步骤 2：把 x=1 代入，得到 -2×1+2=0。 步骤 3：得到答案 0。,把 ax 误算成 a+x。,答案 0 正确。把 x=1 代入，得到 -2×1+2=0。,换一组数值，继续练习同一章节的核心结构。
jianzisheng_cn_junior_chapter_expansion_v1_cn-junior-g7-equations-parentheses_001,可以先去括号。,括号外的数要乘括号内每一项。,步骤 1：可以先去括号。 步骤 2：先去括号或先移项都可以，化简后解得 x=10。 步骤 3：得到答案 10。,去括号时漏乘常数项。,答案 10 正确。先去括号或先移项都可以，化简后解得 x=10。,换一组数值，继续练习同一章节的核心结构。
jianzisheng_cn_junior_chapter_expansion_v1_cn-junior-g7-equations-parentheses_002,可以先去括号。,括号外的数要乘括号内每一项。,步骤 1：可以先去括号。 步骤 2：先去括号或先移项都可以，化简后解得 x=3。 步骤 3：得到答案 3。,去括号时漏乘常数项。,答案 3 正确。先去括号或先移项都可以，化简后解得 x=3。,换一组数值，继续练习同一章节的核心结构。
jianzisheng_cn_junior_chapter_expansion_v1_cn-junior-g7-equations-parentheses_003,可以先去括号。,括号外的数要乘括号内每一项。,步骤 1：可以先去括号。 步骤 2：先去括号或先移项都可以，化简后解得 x=4。 步骤 3：得到答案 4。,去括号时漏乘常数项。,答案 4 正确。先去括号或先移项都可以，化简后解得 x=4。,换一组数值，继续练习同一章节的核心结构。
jianzisheng_cn_junior_chapter_expansion_v1_cn-junior-g7-equations-parentheses_004,可以先去括号。,括号外的数要乘括号内每一项。,步骤 1：可以先去括号。 步骤 2：先去括号或先移项都可以，化简后解得 x=5。 步骤 3：得到答案 5。,去括号时漏乘常数项。,答案 5 正确。先去括号或先移项都可以，化简后解得 x=5。,换一组数值，继续练习同一章节的核心结构。
jianzisheng_cn_junior_chapter_expansion_v1_cn-junior-g7-equations-parentheses_005,可以先去括号。,括号外的数要乘括号内每一项。,步骤 1：可以先去括号。 步骤 2：先去括号或先移项都可以，化简后解得 x=6。 步骤 3：得到答案 6。,去括号时漏乘常数项。,答案 6 正确。先去括号或先移项都可以，化简后解得 x=6。,换一组数值，继续练习同一章节的核心结构。
jianzisheng_cn_junior_chapter_expansion_v1_cn-junior-g7-equations-parentheses_006,可以先去括号。,括号外的数要乘括号内每一项。,步骤 1：可以先去括号。 步骤 2：先去括号或先移项都可以，化简后解得 x=7。 步骤 3：得到答案 7。,去括号时漏乘常数项。,答案 7 正确。先去括号或先移项都可以，化简后解得 x=7。,换一组数值，继续练习同一章节的核心结构。
jianzisheng_cn_junior_chapter_expansion_v1_cn-junior-g7-equations-parentheses_007,可以先去括号。,括号外的数要乘括号内每一项。,步骤 1：可以先去括号。 步骤 2：先去括号或先移项都可以，化简后解得 x=8。 步骤 3：得到答案 8。,去括号时漏乘常数项。,答案 8 正确。先去括号或先移项都可以，化简后解得 x=8。,换一组数值，继续练习同一章节的核心结构。
jianzisheng_cn_junior_chapter_expansion_v1_cn-junior-g7-equations-parentheses_008,可以先去括号。,括号外的数要乘括号内每一项。,步骤 1：可以先去括号。 步骤 2：先去括号或先移项都可以，化简后解得 x=9。 步骤 3：得到答案 9。,去括号时漏乘常数项。,答案 9 正确。先去括号或先移项都可以，化简后解得 x=9。,换一组数值，继续练习同一章节的核心结构。
jianzisheng_cn_junior_chapter_expansion_v1_cn-junior-g7-equations-parentheses_009,可以先去括号。,括号外的数要乘括号内每一项。,步骤 1：可以先去括号。 步骤 2：先去括号或先移项都可以，化简后解得 x=10。 步骤 3：得到答案 10。,去括号时漏乘常数项。,答案 10 正确。先去括号或先移项都可以，化简后解得 x=10。,换一组数值，继续练习同一章节的核心结构。
jianzisheng_cn_junior_chapter_expansion_v1_cn-junior-g7-equations-parentheses_010,可以先去括号。,括号外的数要乘括号内每一项。,步骤 1：可以先去括号。 步骤 2：先去括号或先移项都可以，化简后解得 x=3。 步骤 3：得到答案 3。,去括号时漏乘常数项。,答案 3 正确。先去括号或先移项都可以，化简后解得 x=3。,换一组数值，继续练习同一章节的核心结构。
jianzisheng_cn_junior_chapter_expansion_v1_cn-junior-g7-equations-parentheses_011,可以先去括号。,括号外的数要乘括号内每一项。,步骤 1：可以先去括号。 步骤 2：先去括号或先移项都可以，化简后解得 x=4。 步骤 3：得到答案 4。,去括号时漏乘常数项。,答案 4 正确。先去括号或先移项都可以，化简后解得 x=4。,换一组数值，继续练习同一章节的核心结构。
jianzisheng_cn_junior_chapter_expansion_v1_cn-junior-g7-equations-parentheses_012,可以先去括号。,括号外的数要乘括号内每一项。,步骤 1：可以先去括号。 步骤 2：先去括号或先移项都可以，化简后解得 x=5。 步骤 3：得到答案 5。,去括号时漏乘常数项。,答案 5 正确。先去括号或先移项都可以，化简后解得 x=5。,换一组数值，继续练习同一章节的核心结构。
jianzisheng_cn_junior_chapter_expansion_v1_cn-junior-g7-equations-parentheses_013,可以先去括号。,括号外的数要乘括号内每一项。,步骤 1：可以先去括号。 步骤 2：先去括号或先移项都可以，化简后解得 x=6。 步骤 3：得到答案 6。,去括号时漏乘常数项。,答案 6 正确。先去括号或先移项都可以，化简后解得 x=6。,换一组数值，继续练习同一章节的核心结构。
jianzisheng_cn_junior_chapter_expansion_v1_cn-junior-g7-equations-parentheses_014,可以先去括号。,括号外的数要乘括号内每一项。,步骤 1：可以先去括号。 步骤 2：先去括号或先移项都可以，化简后解得 x=7。 步骤 3：得到答案 7。,去括号时漏乘常数项。,答案 7 正确。先去括号或先移项都可以，化简后解得 x=7。,换一组数值，继续练习同一章节的核心结构。
jianzisheng_cn_junior_chapter_expansion_v1_cn-junior-g7-inequality-number-line_001,先判断端点是否包含。,大于向右，小于向左。,步骤 1：先判断端点是否包含。 步骤 2：严格不等号用空心圆，含等号用实心圆；大于向右，小于向左。因此答案是“实心圆在 3，向左”。 步骤 3：得到答案 实心圆在 3，向左。,空心圆、实心圆或方向用反。,答案 实心圆在 3，向左 正确。严格不等号用空心圆，含等号用实心圆；大于向右，小于向左。因此答案是“实心圆在 3，向左”。,换一组数值，继续练习同一章节的核心结构。
jianzisheng_cn_junior_chapter_expansion_v1_cn-junior-g7-inequality-number-line_002,先判断端点是否包含。,大于向右，小于向左。,步骤 1：先判断端点是否包含。 步骤 2：严格不等号用空心圆，含等号用实心圆；大于向右，小于向左。因此答案是“空心圆在 4，向右”。 步骤 3：得到答案 空心圆在 4，向右。,空心圆、实心圆或方向用反。,答案 空心圆在 4，向右 正确。严格不等号用空心圆，含等号用实心圆；大于向右，小于向左。因此答案是“空心圆在 4，向右”。,换一组数值，继续练习同一章节的核心结构。
jianzisheng_cn_junior_chapter_expansion_v1_cn-junior-g7-inequality-number-line_003,先判断端点是否包含。,大于向右，小于向左。,步骤 1：先判断端点是否包含。 步骤 2：严格不等号用空心圆，含等号用实心圆；大于向右，小于向左。因此答案是“空心圆在 5，向左”。 步骤 3：得到答案 空心圆在 5，向左。,空心圆、实心圆或方向用反。,答案 空心圆在 5，向左 正确。严格不等号用空心圆，含等号用实心圆；大于向右，小于向左。因此答案是“空心圆在 5，向左”。,换一组数值，继续练习同一章节的核心结构。
jianzisheng_cn_junior_chapter_expansion_v1_cn-junior-g7-inequality-number-line_004,先判断端点是否包含。,大于向右，小于向左。,步骤 1：先判断端点是否包含。 步骤 2：严格不等号用空心圆，含等号用实心圆；大于向右，小于向左。因此答案是“实心圆在 -4，向右”。 步骤 3：得到答案 实心圆在 -4，向右。,空心圆、实心圆或方向用反。,答案 实心圆在 -4，向右 正确。严格不等号用空心圆，含等号用实心圆；大于向右，小于向左。因此答案是“实心圆在 -4，向右”。,换一组数值，继续练习同一章节的核心结构。
jianzisheng_cn_junior_chapter_expansion_v1_cn-junior-g7-inequality-number-line_005,先判断端点是否包含。,大于向右，小于向左。,步骤 1：先判断端点是否包含。 步骤 2：严格不等号用空心圆，含等号用实心圆；大于向右，小于向左。因此答案是“实心圆在 -3，向左”。 步骤 3：得到答案 实心圆在 -3，向左。,空心圆、实心圆或方向用反。,答案 实心圆在 -3，向左 正确。严格不等号用空心圆，含等号用实心圆；大于向右，小于向左。因此答案是“实心圆在 -3，向左”。,换一组数值，继续练习同一章节的核心结构。
jianzisheng_cn_junior_chapter_expansion_v1_cn-junior-g7-inequality-number-line_006,先判断端点是否包含。,大于向右，小于向左。,步骤 1：先判断端点是否包含。 步骤 2：严格不等号用空心圆，含等号用实心圆；大于向右，小于向左。因此答案是“空心圆在 -2，向右”。 步骤 3：得到答案 空心圆在 -2，向右。,空心圆、实心圆或方向用反。,答案 空心圆在 -2，向右 正确。严格不等号用空心圆，含等号用实心圆；大于向右，小于向左。因此答案是“空心圆在 -2，向右”。,换一组数值，继续练习同一章节的核心结构。
jianzisheng_cn_junior_chapter_expansion_v1_cn-junior-g7-inequality-number-line_007,先判断端点是否包含。,大于向右，小于向左。,步骤 1：先判断端点是否包含。 步骤 2：严格不等号用空心圆，含等号用实心圆；大于向右，小于向左。因此答案是“空心圆在 -1，向左”。 步骤 3：得到答案 空心圆在 -1，向左。,空心圆、实心圆或方向用反。,答案 空心圆在 -1，向左 正确。严格不等号用空心圆，含等号用实心圆；大于向右，小于向左。因此答案是“空心圆在 -1，向左”。,换一组数值，继续练习同一章节的核心结构。
jianzisheng_cn_junior_chapter_expansion_v1_cn-junior-g7-inequality-number-line_008,先判断端点是否包含。,大于向右，小于向左。,步骤 1：先判断端点是否包含。 步骤 2：严格不等号用空心圆，含等号用实心圆；大于向右，小于向左。因此答案是“实心圆在 0，向右”。 步骤 3：得到答案 实心圆在 0，向右。,空心圆、实心圆或方向用反。,答案 实心圆在 0，向右 正确。严格不等号用空心圆，含等号用实心圆；大于向右，小于向左。因此答案是“实心圆在 0，向右”。,换一组数值，继续练习同一章节的核心结构。
jianzisheng_cn_junior_chapter_expansion_v1_cn-junior-g7-inequality-number-line_009,先判断端点是否包含。,大于向右，小于向左。,步骤 1：先判断端点是否包含。 步骤 2：严格不等号用空心圆，含等号用实心圆；大于向右，小于向左。因此答案是“实心圆在 1，向左”。 步骤 3：得到答案 实心圆在 1，向左。,空心圆、实心圆或方向用反。,答案 实心圆在 1，向左 正确。严格不等号用空心圆，含等号用实心圆；大于向右，小于向左。因此答案是“实心圆在 1，向左”。,换一组数值，继续练习同一章节的核心结构。
jianzisheng_cn_junior_chapter_expansion_v1_cn-junior-g7-inequality-number-line_010,先判断端点是否包含。,大于向右，小于向左。,步骤 1：先判断端点是否包含。 步骤 2：严格不等号用空心圆，含等号用实心圆；大于向右，小于向左。因此答案是“空心圆在 2，向右”。 步骤 3：得到答案 空心圆在 2，向右。,空心圆、实心圆或方向用反。,答案 空心圆在 2，向右 正确。严格不等号用空心圆，含等号用实心圆；大于向右，小于向左。因此答案是“空心圆在 2，向右”。,换一组数值，继续练习同一章节的核心结构。
jianzisheng_cn_junior_chapter_expansion_v1_cn-junior-g7-inequality-number-line_011,先判断端点是否包含。,大于向右，小于向左。,步骤 1：先判断端点是否包含。 步骤 2：严格不等号用空心圆，含等号用实心圆；大于向右，小于向左。因此答案是“空心圆在 3，向左”。 步骤 3：得到答案 空心圆在 3，向左。,空心圆、实心圆或方向用反。,答案 空心圆在 3，向左 正确。严格不等号用空心圆，含等号用实心圆；大于向右，小于向左。因此答案是“空心圆在 3，向左”。,换一组数值，继续练习同一章节的核心结构。
jianzisheng_cn_junior_chapter_expansion_v1_cn-junior-g7-inequality-number-line_012,先判断端点是否包含。,大于向右，小于向左。,步骤 1：先判断端点是否包含。 步骤 2：严格不等号用空心圆，含等号用实心圆；大于向右，小于向左。因此答案是“实心圆在 4，向右”。 步骤 3：得到答案 实心圆在 4，向右。,空心圆、实心圆或方向用反。,答案 实心圆在 4，向右 正确。严格不等号用空心圆，含等号用实心圆；大于向右，小于向左。因此答案是“实心圆在 4，向右”。,换一组数值，继续练习同一章节的核心结构。
jianzisheng_cn_junior_chapter_expansion_v1_cn-junior-g7-inequality-number-line_013,先判断端点是否包含。,大于向右，小于向左。,步骤 1：先判断端点是否包含。 步骤 2：严格不等号用空心圆，含等号用实心圆；大于向右，小于向左。因此答案是“实心圆在 5，向左”。 步骤 3：得到答案 实心圆在 5，向左。,空心圆、实心圆或方向用反。,答案 实心圆在 5，向左 正确。严格不等号用空心圆，含等号用实心圆；大于向右，小于向左。因此答案是“实心圆在 5，向左”。,换一组数值，继续练习同一章节的核心结构。
jianzisheng_cn_junior_chapter_expansion_v1_cn-junior-g7-inequality-number-line_014,先判断端点是否包含。,大于向右，小于向左。,步骤 1：先判断端点是否包含。 步骤 2：严格不等号用空心圆，含等号用实心圆；大于向右，小于向左。因此答案是“空心圆在 -4，向右”。 步骤 3：得到答案 空心圆在 -4，向右。,空心圆、实心圆或方向用反。,答案 空心圆在 -4，向右 正确。严格不等号用空心圆，含等号用实心圆；大于向右，小于向左。因此答案是“空心圆在 -4，向右”。,换一组数值，继续练习同一章节的核心结构。
jianzisheng_cn_junior_chapter_expansion_v1_cn-junior-g7-area-expressions_001,先回忆长方形面积公式。,系数相乘，x 保留。,步骤 1：先回忆长方形面积公式。 步骤 2：面积=长×宽，所以 9x×10=90x。 步骤 3：得到答案 90x。,把面积算成周长或漏写 x。,答案 90x 正确。面积=长×宽，所以 9x×10=90x。,换一组数值，继续练习同一章节的核心结构。
jianzisheng_cn_junior_chapter_expansion_v1_cn-junior-g7-area-expressions_002,先回忆长方形面积公式。,系数相乘，x 保留。,步骤 1：先回忆长方形面积公式。 步骤 2：面积=长×宽，所以 2x×11=22x。 步骤 3：得到答案 22x。,把面积算成周长或漏写 x。,答案 22x 正确。面积=长×宽，所以 2x×11=22x。,换一组数值，继续练习同一章节的核心结构。
jianzisheng_cn_junior_chapter_expansion_v1_cn-junior-g7-area-expressions_003,先回忆长方形面积公式。,系数相乘，x 保留。,步骤 1：先回忆长方形面积公式。 步骤 2：面积=长×宽，所以 3x×3=9x。 步骤 3：得到答案 9x。,把面积算成周长或漏写 x。,答案 9x 正确。面积=长×宽，所以 3x×3=9x。,换一组数值，继续练习同一章节的核心结构。
jianzisheng_cn_junior_chapter_expansion_v1_cn-junior-g7-area-expressions_004,先回忆长方形面积公式。,系数相乘，x 保留。,步骤 1：先回忆长方形面积公式。 步骤 2：面积=长×宽，所以 4x×4=16x。 步骤 3：得到答案 16x。,把面积算成周长或漏写 x。,答案 16x 正确。面积=长×宽，所以 4x×4=16x。,换一组数值，继续练习同一章节的核心结构。
jianzisheng_cn_junior_chapter_expansion_v1_cn-junior-g7-area-expressions_005,先回忆长方形面积公式。,系数相乘，x 保留。,步骤 1：先回忆长方形面积公式。 步骤 2：面积=长×宽，所以 5x×5=25x。 步骤 3：得到答案 25x。,把面积算成周长或漏写 x。,答案 25x 正确。面积=长×宽，所以 5x×5=25x。,换一组数值，继续练习同一章节的核心结构。
jianzisheng_cn_junior_chapter_expansion_v1_cn-junior-g7-area-expressions_006,先回忆长方形面积公式。,系数相乘，x 保留。,步骤 1：先回忆长方形面积公式。 步骤 2：面积=长×宽，所以 6x×6=36x。 步骤 3：得到答案 36x。,把面积算成周长或漏写 x。,答案 36x 正确。面积=长×宽，所以 6x×6=36x。,换一组数值，继续练习同一章节的核心结构。
jianzisheng_cn_junior_chapter_expansion_v1_cn-junior-g7-area-expressions_007,先回忆长方形面积公式。,系数相乘，x 保留。,步骤 1：先回忆长方形面积公式。 步骤 2：面积=长×宽，所以 7x×7=49x。 步骤 3：得到答案 49x。,把面积算成周长或漏写 x。,答案 49x 正确。面积=长×宽，所以 7x×7=49x。,换一组数值，继续练习同一章节的核心结构。
jianzisheng_cn_junior_chapter_expansion_v1_cn-junior-g7-area-expressions_008,先回忆长方形面积公式。,系数相乘，x 保留。,步骤 1：先回忆长方形面积公式。 步骤 2：面积=长×宽，所以 8x×8=64x。 步骤 3：得到答案 64x。,把面积算成周长或漏写 x。,答案 64x 正确。面积=长×宽，所以 8x×8=64x。,换一组数值，继续练习同一章节的核心结构。
jianzisheng_cn_junior_chapter_expansion_v1_cn-junior-g7-area-expressions_009,先回忆长方形面积公式。,系数相乘，x 保留。,步骤 1：先回忆长方形面积公式。 步骤 2：面积=长×宽，所以 9x×9=81x。 步骤 3：得到答案 81x。,把面积算成周长或漏写 x。,答案 81x 正确。面积=长×宽，所以 9x×9=81x。,换一组数值，继续练习同一章节的核心结构。
jianzisheng_cn_junior_chapter_expansion_v1_cn-junior-g7-area-expressions_010,先回忆长方形面积公式。,系数相乘，x 保留。,步骤 1：先回忆长方形面积公式。 步骤 2：面积=长×宽，所以 2x×10=20x。 步骤 3：得到答案 20x。,把面积算成周长或漏写 x。,答案 20x 正确。面积=长×宽，所以 2x×10=20x。,换一组数值，继续练习同一章节的核心结构。
jianzisheng_cn_junior_chapter_expansion_v1_cn-junior-g7-area-expressions_011,先回忆长方形面积公式。,系数相乘，x 保留。,步骤 1：先回忆长方形面积公式。 步骤 2：面积=长×宽，所以 3x×11=33x。 步骤 3：得到答案 33x。,把面积算成周长或漏写 x。,答案 33x 正确。面积=长×宽，所以 3x×11=33x。,换一组数值，继续练习同一章节的核心结构。
jianzisheng_cn_junior_chapter_expansion_v1_cn-junior-g7-area-expressions_012,先回忆长方形面积公式。,系数相乘，x 保留。,步骤 1：先回忆长方形面积公式。 步骤 2：面积=长×宽，所以 4x×3=12x。 步骤 3：得到答案 12x。,把面积算成周长或漏写 x。,答案 12x 正确。面积=长×宽，所以 4x×3=12x。,换一组数值，继续练习同一章节的核心结构。
jianzisheng_cn_junior_chapter_expansion_v1_cn-junior-g7-area-expressions_013,先回忆长方形面积公式。,系数相乘，x 保留。,步骤 1：先回忆长方形面积公式。 步骤 2：面积=长×宽，所以 5x×4=20x。 步骤 3：得到答案 20x。,把面积算成周长或漏写 x。,答案 20x 正确。面积=长×宽，所以 5x×4=20x。,换一组数值，继续练习同一章节的核心结构。
jianzisheng_cn_junior_chapter_expansion_v1_cn-junior-g7-area-expressions_014,先回忆长方形面积公式。,系数相乘，x 保留。,步骤 1：先回忆长方形面积公式。 步骤 2：面积=长×宽，所以 6x×5=30x。 步骤 3：得到答案 30x。,把面积算成周长或漏写 x。,答案 30x 正确。面积=长×宽，所以 6x×5=30x。,换一组数值，继续练习同一章节的核心结构。
jianzisheng_cn_junior_chapter_expansion_v1_cn-junior-g7-triangle-angles_001,三角形三个内角和是 180°。,用 180° 减去两个已知角。,步骤 1：三角形三个内角和是 180°。 步骤 2：三角形内角和为 180°，第三个角为 180°-42°-61°=77°。 步骤 3：得到答案 77。,把两个已知角之和当成答案。,答案 77 正确。三角形内角和为 180°，第三个角为 180°-42°-61°=77°。,换一组数值，继续练习同一章节的核心结构。
jianzisheng_cn_junior_chapter_expansion_v1_cn-junior-g7-triangle-angles_002,三角形三个内角和是 180°。,用 180° 减去两个已知角。,步骤 1：三角形三个内角和是 180°。 步骤 2：三角形内角和为 180°，第三个角为 180°-43°-64°=73°。 步骤 3：得到答案 73。,把两个已知角之和当成答案。,答案 73 正确。三角形内角和为 180°，第三个角为 180°-43°-64°=73°。,换一组数值，继续练习同一章节的核心结构。
jianzisheng_cn_junior_chapter_expansion_v1_cn-junior-g7-triangle-angles_003,三角形三个内角和是 180°。,用 180° 减去两个已知角。,步骤 1：三角形三个内角和是 180°。 步骤 2：三角形内角和为 180°，第三个角为 180°-44°-67°=69°。 步骤 3：得到答案 69。,把两个已知角之和当成答案。,答案 69 正确。三角形内角和为 180°，第三个角为 180°-44°-67°=69°。,换一组数值，继续练习同一章节的核心结构。
jianzisheng_cn_junior_chapter_expansion_v1_cn-junior-g7-triangle-angles_004,三角形三个内角和是 180°。,用 180° 减去两个已知角。,步骤 1：三角形三个内角和是 180°。 步骤 2：三角形内角和为 180°，第三个角为 180°-45°-70°=65°。 步骤 3：得到答案 65。,把两个已知角之和当成答案。,答案 65 正确。三角形内角和为 180°，第三个角为 180°-45°-70°=65°。,换一组数值，继续练习同一章节的核心结构。
jianzisheng_cn_junior_chapter_expansion_v1_cn-junior-g7-triangle-angles_005,三角形三个内角和是 180°。,用 180° 减去两个已知角。,步骤 1：三角形三个内角和是 180°。 步骤 2：三角形内角和为 180°，第三个角为 180°-46°-73°=61°。 步骤 3：得到答案 61。,把两个已知角之和当成答案。,答案 61 正确。三角形内角和为 180°，第三个角为 180°-46°-73°=61°。,换一组数值，继续练习同一章节的核心结构。
jianzisheng_cn_junior_chapter_expansion_v1_cn-junior-g7-triangle-angles_006,三角形三个内角和是 180°。,用 180° 减去两个已知角。,步骤 1：三角形三个内角和是 180°。 步骤 2：三角形内角和为 180°，第三个角为 180°-47°-76°=57°。 步骤 3：得到答案 57。,把两个已知角之和当成答案。,答案 57 正确。三角形内角和为 180°，第三个角为 180°-47°-76°=57°。,换一组数值，继续练习同一章节的核心结构。
jianzisheng_cn_junior_chapter_expansion_v1_cn-junior-g7-triangle-angles_007,三角形三个内角和是 180°。,用 180° 减去两个已知角。,步骤 1：三角形三个内角和是 180°。 步骤 2：三角形内角和为 180°，第三个角为 180°-48°-79°=53°。 步骤 3：得到答案 53。,把两个已知角之和当成答案。,答案 53 正确。三角形内角和为 180°，第三个角为 180°-48°-79°=53°。,换一组数值，继续练习同一章节的核心结构。
jianzisheng_cn_junior_chapter_expansion_v1_cn-junior-g7-triangle-angles_008,三角形三个内角和是 180°。,用 180° 减去两个已知角。,步骤 1：三角形三个内角和是 180°。 步骤 2：三角形内角和为 180°，第三个角为 180°-49°-82°=49°。 步骤 3：得到答案 49。,把两个已知角之和当成答案。,答案 49 正确。三角形内角和为 180°，第三个角为 180°-49°-82°=49°。,换一组数值，继续练习同一章节的核心结构。
jianzisheng_cn_junior_chapter_expansion_v1_cn-junior-g7-triangle-angles_009,三角形三个内角和是 180°。,用 180° 减去两个已知角。,步骤 1：三角形三个内角和是 180°。 步骤 2：三角形内角和为 180°，第三个角为 180°-50°-85°=45°。 步骤 3：得到答案 45。,把两个已知角之和当成答案。,答案 45 正确。三角形内角和为 180°，第三个角为 180°-50°-85°=45°。,换一组数值，继续练习同一章节的核心结构。
jianzisheng_cn_junior_chapter_expansion_v1_cn-junior-g7-triangle-angles_010,三角形三个内角和是 180°。,用 180° 减去两个已知角。,步骤 1：三角形三个内角和是 180°。 步骤 2：三角形内角和为 180°，第三个角为 180°-51°-88°=41°。 步骤 3：得到答案 41。,把两个已知角之和当成答案。,答案 41 正确。三角形内角和为 180°，第三个角为 180°-51°-88°=41°。,换一组数值，继续练习同一章节的核心结构。
jianzisheng_cn_junior_chapter_expansion_v1_cn-junior-g7-triangle-angles_011,三角形三个内角和是 180°。,用 180° 减去两个已知角。,步骤 1：三角形三个内角和是 180°。 步骤 2：三角形内角和为 180°，第三个角为 180°-52°-41°=87°。 步骤 3：得到答案 87。,把两个已知角之和当成答案。,答案 87 正确。三角形内角和为 180°，第三个角为 180°-52°-41°=87°。,换一组数值，继续练习同一章节的核心结构。
jianzisheng_cn_junior_chapter_expansion_v1_cn-junior-g7-triangle-angles_012,三角形三个内角和是 180°。,用 180° 减去两个已知角。,步骤 1：三角形三个内角和是 180°。 步骤 2：三角形内角和为 180°，第三个角为 180°-53°-44°=83°。 步骤 3：得到答案 83。,把两个已知角之和当成答案。,答案 83 正确。三角形内角和为 180°，第三个角为 180°-53°-44°=83°。,换一组数值，继续练习同一章节的核心结构。
jianzisheng_cn_junior_chapter_expansion_v1_cn-junior-g7-triangle-angles_013,三角形三个内角和是 180°。,用 180° 减去两个已知角。,步骤 1：三角形三个内角和是 180°。 步骤 2：三角形内角和为 180°，第三个角为 180°-54°-47°=79°。 步骤 3：得到答案 79。,把两个已知角之和当成答案。,答案 79 正确。三角形内角和为 180°，第三个角为 180°-54°-47°=79°。,换一组数值，继续练习同一章节的核心结构。
jianzisheng_cn_junior_chapter_expansion_v1_cn-junior-g7-triangle-angles_014,三角形三个内角和是 180°。,用 180° 减去两个已知角。,步骤 1：三角形三个内角和是 180°。 步骤 2：三角形内角和为 180°，第三个角为 180°-55°-50°=75°。 步骤 3：得到答案 75。,把两个已知角之和当成答案。,答案 75 正确。三角形内角和为 180°，第三个角为 180°-55°-50°=75°。,换一组数值，继续练习同一章节的核心结构。
jianzisheng_cn_junior_chapter_expansion_v1_cn-junior-g7-number-line-distance_001,距离不考虑方向。,用两个数差的绝对值。,步骤 1：距离不考虑方向。 步骤 2：数轴上两点距离等于差的绝对值：|10--19|=29。 步骤 3：得到答案 29。,把两个数直接相加或得到负距离。,答案 29 正确。数轴上两点距离等于差的绝对值：|10--19|=29。,换一组数值，继续练习同一章节的核心结构。
jianzisheng_cn_junior_chapter_expansion_v1_cn-junior-g7-number-line-distance_002,距离不考虑方向。,用两个数差的绝对值。,步骤 1：距离不考虑方向。 步骤 2：数轴上两点距离等于差的绝对值：|13--12|=25。 步骤 3：得到答案 25。,把两个数直接相加或得到负距离。,答案 25 正确。数轴上两点距离等于差的绝对值：|13--12|=25。,换一组数值，继续练习同一章节的核心结构。
jianzisheng_cn_junior_chapter_expansion_v1_cn-junior-g7-number-line-distance_003,距离不考虑方向。,用两个数差的绝对值。,步骤 1：距离不考虑方向。 步骤 2：数轴上两点距离等于差的绝对值：|16--13|=29。 步骤 3：得到答案 29。,把两个数直接相加或得到负距离。,答案 29 正确。数轴上两点距离等于差的绝对值：|16--13|=29。,换一组数值，继续练习同一章节的核心结构。
jianzisheng_cn_junior_chapter_expansion_v1_cn-junior-g7-number-line-distance_004,距离不考虑方向。,用两个数差的绝对值。,步骤 1：距离不考虑方向。 步骤 2：数轴上两点距离等于差的绝对值：|5--14|=19。 步骤 3：得到答案 19。,把两个数直接相加或得到负距离。,答案 19 正确。数轴上两点距离等于差的绝对值：|5--14|=19。,换一组数值，继续练习同一章节的核心结构。
jianzisheng_cn_junior_chapter_expansion_v1_cn-junior-g7-number-line-distance_005,距离不考虑方向。,用两个数差的绝对值。,步骤 1：距离不考虑方向。 步骤 2：数轴上两点距离等于差的绝对值：|8--15|=23。 步骤 3：得到答案 23。,把两个数直接相加或得到负距离。,答案 23 正确。数轴上两点距离等于差的绝对值：|8--15|=23。,换一组数值，继续练习同一章节的核心结构。
jianzisheng_cn_junior_chapter_expansion_v1_cn-junior-g7-number-line-distance_006,距离不考虑方向。,用两个数差的绝对值。,步骤 1：距离不考虑方向。 步骤 2：数轴上两点距离等于差的绝对值：|11--16|=27。 步骤 3：得到答案 27。,把两个数直接相加或得到负距离。,答案 27 正确。数轴上两点距离等于差的绝对值：|11--16|=27。,换一组数值，继续练习同一章节的核心结构。
jianzisheng_cn_junior_chapter_expansion_v1_cn-junior-g7-number-line-distance_007,距离不考虑方向。,用两个数差的绝对值。,步骤 1：距离不考虑方向。 步骤 2：数轴上两点距离等于差的绝对值：|14--17|=31。 步骤 3：得到答案 31。,把两个数直接相加或得到负距离。,答案 31 正确。数轴上两点距离等于差的绝对值：|14--17|=31。,换一组数值，继续练习同一章节的核心结构。
jianzisheng_cn_junior_chapter_expansion_v1_cn-junior-g7-number-line-distance_008,距离不考虑方向。,用两个数差的绝对值。,步骤 1：距离不考虑方向。 步骤 2：数轴上两点距离等于差的绝对值：|3--18|=21。 步骤 3：得到答案 21。,把两个数直接相加或得到负距离。,答案 21 正确。数轴上两点距离等于差的绝对值：|3--18|=21。,换一组数值，继续练习同一章节的核心结构。
jianzisheng_cn_junior_chapter_expansion_v1_cn-junior-g7-number-line-distance_009,距离不考虑方向。,用两个数差的绝对值。,步骤 1：距离不考虑方向。 步骤 2：数轴上两点距离等于差的绝对值：|6--19|=25。 步骤 3：得到答案 25。,把两个数直接相加或得到负距离。,答案 25 正确。数轴上两点距离等于差的绝对值：|6--19|=25。,换一组数值，继续练习同一章节的核心结构。
jianzisheng_cn_junior_chapter_expansion_v1_cn-junior-g7-number-line-distance_010,距离不考虑方向。,用两个数差的绝对值。,步骤 1：距离不考虑方向。 步骤 2：数轴上两点距离等于差的绝对值：|9--12|=21。 步骤 3：得到答案 21。,把两个数直接相加或得到负距离。,答案 21 正确。数轴上两点距离等于差的绝对值：|9--12|=21。,换一组数值，继续练习同一章节的核心结构。
jianzisheng_cn_junior_chapter_expansion_v1_cn-junior-g7-number-line-distance_011,距离不考虑方向。,用两个数差的绝对值。,步骤 1：距离不考虑方向。 步骤 2：数轴上两点距离等于差的绝对值：|12--13|=25。 步骤 3：得到答案 25。,把两个数直接相加或得到负距离。,答案 25 正确。数轴上两点距离等于差的绝对值：|12--13|=25。,换一组数值，继续练习同一章节的核心结构。
jianzisheng_cn_junior_chapter_expansion_v1_cn-junior-g7-number-line-distance_012,距离不考虑方向。,用两个数差的绝对值。,步骤 1：距离不考虑方向。 步骤 2：数轴上两点距离等于差的绝对值：|15--14|=29。 步骤 3：得到答案 29。,把两个数直接相加或得到负距离。,答案 29 正确。数轴上两点距离等于差的绝对值：|15--14|=29。,换一组数值，继续练习同一章节的核心结构。
jianzisheng_cn_junior_chapter_expansion_v1_cn-junior-g7-number-line-distance_013,距离不考虑方向。,用两个数差的绝对值。,步骤 1：距离不考虑方向。 步骤 2：数轴上两点距离等于差的绝对值：|4--15|=19。 步骤 3：得到答案 19。,把两个数直接相加或得到负距离。,答案 19 正确。数轴上两点距离等于差的绝对值：|4--15|=19。,换一组数值，继续练习同一章节的核心结构。
jianzisheng_cn_junior_chapter_expansion_v1_cn-junior-g7-number-line-distance_014,距离不考虑方向。,用两个数差的绝对值。,步骤 1：距离不考虑方向。 步骤 2：数轴上两点距离等于差的绝对值：|7--16|=23。 步骤 3：得到答案 23。,把两个数直接相加或得到负距离。,答案 23 正确。数轴上两点距离等于差的绝对值：|7--16|=23。,换一组数值，继续练习同一章节的核心结构。
jianzisheng_cn_junior_chapter_expansion_v1_cn-junior-g7-two-step-simplification_001,括号外的数要乘括号里的每一项。,注意负数相乘的符号。,步骤 1：括号外的数要乘括号里的每一项。 步骤 2：用 -4 分别乘括号里的每一项，得到 12x 和 8，所以结果是 12x+8。 步骤 3：得到答案 12x+8。,只乘第一项，漏乘常数项。,答案 12x+8 正确。用 -4 分别乘括号里的每一项，得到 12x 和 8，所以结果是 12x+8。,换一组数值，继续练习同一章节的核心结构。
jianzisheng_cn_junior_chapter_expansion_v1_cn-junior-g7-two-step-simplification_002,括号外的数要乘括号里的每一项。,注意负数相乘的符号。,步骤 1：括号外的数要乘括号里的每一项。 步骤 2：用 -3 分别乘括号里的每一项，得到 6x 和 0，所以结果是 6x+0。 步骤 3：得到答案 6x+0。,只乘第一项，漏乘常数项。,答案 6x+0 正确。用 -3 分别乘括号里的每一项，得到 6x 和 0，所以结果是 6x+0。,换一组数值，继续练习同一章节的核心结构。
jianzisheng_cn_junior_chapter_expansion_v1_cn-junior-g7-two-step-simplification_003,括号外的数要乘括号里的每一项。,注意负数相乘的符号。,步骤 1：括号外的数要乘括号里的每一项。 步骤 2：用 -2 分别乘括号里的每一项，得到 2x 和 -4，所以结果是 2x-4。 步骤 3：得到答案 2x-4。,只乘第一项，漏乘常数项。,答案 2x-4 正确。用 -2 分别乘括号里的每一项，得到 2x 和 -4，所以结果是 2x-4。,换一组数值，继续练习同一章节的核心结构。
jianzisheng_cn_junior_chapter_expansion_v1_cn-junior-g7-two-step-simplification_004,括号外的数要乘括号里的每一项。,注意负数相乘的符号。,步骤 1：括号外的数要乘括号里的每一项。 步骤 2：用 2 分别乘括号里的每一项，得到 0x 和 8，所以结果是 0x+8。 步骤 3：得到答案 0x+8。,只乘第一项，漏乘常数项。,答案 0x+8 正确。用 2 分别乘括号里的每一项，得到 0x 和 8，所以结果是 0x+8。,换一组数值，继续练习同一章节的核心结构。
jianzisheng_cn_junior_chapter_expansion_v1_cn-junior-g7-two-step-simplification_005,括号外的数要乘括号里的每一项。,注意负数相乘的符号。,步骤 1：括号外的数要乘括号里的每一项。 步骤 2：用 3 分别乘括号里的每一项，得到 3x 和 -15，所以结果是 3x-15。 步骤 3：得到答案 3x-15。,只乘第一项，漏乘常数项。,答案 3x-15 正确。用 3 分别乘括号里的每一项，得到 3x 和 -15，所以结果是 3x-15。,换一组数值，继续练习同一章节的核心结构。
jianzisheng_cn_junior_chapter_expansion_v1_cn-junior-g7-two-step-simplification_006,括号外的数要乘括号里的每一项。,注意负数相乘的符号。,步骤 1：括号外的数要乘括号里的每一项。 步骤 2：用 4 分别乘括号里的每一项，得到 8x 和 -12，所以结果是 8x-12。 步骤 3：得到答案 8x-12。,只乘第一项，漏乘常数项。,答案 8x-12 正确。用 4 分别乘括号里的每一项，得到 8x 和 -12，所以结果是 8x-12。,换一组数值，继续练习同一章节的核心结构。
jianzisheng_cn_junior_chapter_expansion_v1_cn-junior-g7-two-step-simplification_007,括号外的数要乘括号里的每一项。,注意负数相乘的符号。,步骤 1：括号外的数要乘括号里的每一项。 步骤 2：用 5 分别乘括号里的每一项，得到 15x 和 -5，所以结果是 15x-5。 步骤 3：得到答案 15x-5。,只乘第一项，漏乘常数项。,答案 15x-5 正确。用 5 分别乘括号里的每一项，得到 15x 和 -5，所以结果是 15x-5。,换一组数值，继续练习同一章节的核心结构。
jianzisheng_cn_junior_chapter_expansion_v1_cn-junior-g7-two-step-simplification_008,括号外的数要乘括号里的每一项。,注意负数相乘的符号。,步骤 1：括号外的数要乘括号里的每一项。 步骤 2：用 -4 分别乘括号里的每一项，得到 12x 和 -4，所以结果是 12x-4。 步骤 3：得到答案 12x-4。,只乘第一项，漏乘常数项。,答案 12x-4 正确。用 -4 分别乘括号里的每一项，得到 12x 和 -4，所以结果是 12x-4。,换一组数值，继续练习同一章节的核心结构。
jianzisheng_cn_junior_chapter_expansion_v1_cn-junior-g7-two-step-simplification_009,括号外的数要乘括号里的每一项。,注意负数相乘的符号。,步骤 1：括号外的数要乘括号里的每一项。 步骤 2：用 -3 分别乘括号里的每一项，得到 6x 和 -9，所以结果是 6x-9。 步骤 3：得到答案 6x-9。,只乘第一项，漏乘常数项。,答案 6x-9 正确。用 -3 分别乘括号里的每一项，得到 6x 和 -9，所以结果是 6x-9。,换一组数值，继续练习同一章节的核心结构。
jianzisheng_cn_junior_chapter_expansion_v1_cn-junior-g7-two-step-simplification_010,括号外的数要乘括号里的每一项。,注意负数相乘的符号。,步骤 1：括号外的数要乘括号里的每一项。 步骤 2：用 -2 分别乘括号里的每一项，得到 2x 和 -10，所以结果是 2x-10。 步骤 3：得到答案 2x-10。,只乘第一项，漏乘常数项。,答案 2x-10 正确。用 -2 分别乘括号里的每一项，得到 2x 和 -10，所以结果是 2x-10。,换一组数值，继续练习同一章节的核心结构。
jianzisheng_cn_junior_chapter_expansion_v1_cn-junior-g7-two-step-simplification_011,括号外的数要乘括号里的每一项。,注意负数相乘的符号。,步骤 1：括号外的数要乘括号里的每一项。 步骤 2：用 2 分别乘括号里的每一项，得到 0x 和 -8，所以结果是 0x-8。 步骤 3：得到答案 0x-8。,只乘第一项，漏乘常数项。,答案 0x-8 正确。用 2 分别乘括号里的每一项，得到 0x 和 -8，所以结果是 0x-8。,换一组数值，继续练习同一章节的核心结构。
jianzisheng_cn_junior_chapter_expansion_v1_cn-junior-g7-two-step-simplification_012,括号外的数要乘括号里的每一项。,注意负数相乘的符号。,步骤 1：括号外的数要乘括号里的每一项。 步骤 2：用 3 分别乘括号里的每一项，得到 3x 和 -6，所以结果是 3x-6。 步骤 3：得到答案 3x-6。,只乘第一项，漏乘常数项。,答案 3x-6 正确。用 3 分别乘括号里的每一项，得到 3x 和 -6，所以结果是 3x-6。,换一组数值，继续练习同一章节的核心结构。
jianzisheng_cn_junior_chapter_expansion_v1_cn-junior-g7-two-step-simplification_013,括号外的数要乘括号里的每一项。,注意负数相乘的符号。,步骤 1：括号外的数要乘括号里的每一项。 步骤 2：用 4 分别乘括号里的每一项，得到 8x 和 0，所以结果是 8x+0。 步骤 3：得到答案 8x+0。,只乘第一项，漏乘常数项。,答案 8x+0 正确。用 4 分别乘括号里的每一项，得到 8x 和 0，所以结果是 8x+0。,换一组数值，继续练习同一章节的核心结构。
jianzisheng_cn_junior_chapter_expansion_v1_cn-junior-g7-two-step-simplification_014,括号外的数要乘括号里的每一项。,注意负数相乘的符号。,步骤 1：括号外的数要乘括号里的每一项。 步骤 2：用 5 分别乘括号里的每一项，得到 15x 和 10，所以结果是 15x+10。 步骤 3：得到答案 15x+10。,只乘第一项，漏乘常数项。,答案 15x+10 正确。用 5 分别乘括号里的每一项，得到 15x 和 10，所以结果是 15x+10。,换一组数值，继续练习同一章节的核心结构。
jianzisheng_cn_junior_chapter_expansion_v1_cn-junior-g7-proportion-equations_001,把比写成分数形式。,对应位置要保持一致。,步骤 1：把比写成分数形式。 步骤 2：把比例写成 2/10=x/30，所以 x=2×30÷10=6。 步骤 3：得到答案 6。,把比例方向写反。,答案 6 正确。把比例写成 2/10=x/30，所以 x=2×30÷10=6。,换一组数值，继续练习同一章节的核心结构。
jianzisheng_cn_junior_chapter_expansion_v1_cn-junior-g7-proportion-equations_002,把比写成分数形式。,对应位置要保持一致。,步骤 1：把比写成分数形式。 步骤 2：把比例写成 3/3=x/12，所以 x=3×12÷3=12。 步骤 3：得到答案 12。,把比例方向写反。,答案 12 正确。把比例写成 3/3=x/12，所以 x=3×12÷3=12。,换一组数值，继续练习同一章节的核心结构。
jianzisheng_cn_junior_chapter_expansion_v1_cn-junior-g7-proportion-equations_003,把比写成分数形式。,对应位置要保持一致。,步骤 1：把比写成分数形式。 步骤 2：把比例写成 4/4=x/20，所以 x=4×20÷4=20。 步骤 3：得到答案 20。,把比例方向写反。,答案 20 正确。把比例写成 4/4=x/20，所以 x=4×20÷4=20。,换一组数值，继续练习同一章节的核心结构。
jianzisheng_cn_junior_chapter_expansion_v1_cn-junior-g7-proportion-equations_004,把比写成分数形式。,对应位置要保持一致。,步骤 1：把比写成分数形式。 步骤 2：把比例写成 5/5=x/30，所以 x=5×30÷5=30。 步骤 3：得到答案 30。,把比例方向写反。,答案 30 正确。把比例写成 5/5=x/30，所以 x=5×30÷5=30。,换一组数值，继续练习同一章节的核心结构。
jianzisheng_cn_junior_chapter_expansion_v1_cn-junior-g7-proportion-equations_005,把比写成分数形式。,对应位置要保持一致。,步骤 1：把比写成分数形式。 步骤 2：把比例写成 6/6=x/42，所以 x=6×42÷6=42。 步骤 3：得到答案 42。,把比例方向写反。,答案 42 正确。把比例写成 6/6=x/42，所以 x=6×42÷6=42。,换一组数值，继续练习同一章节的核心结构。
jianzisheng_cn_junior_chapter_expansion_v1_cn-junior-g7-proportion-equations_006,把比写成分数形式。,对应位置要保持一致。,步骤 1：把比写成分数形式。 步骤 2：把比例写成 7/7=x/14，所以 x=7×14÷7=14。 步骤 3：得到答案 14。,把比例方向写反。,答案 14 正确。把比例写成 7/7=x/14，所以 x=7×14÷7=14。,换一组数值，继续练习同一章节的核心结构。
jianzisheng_cn_junior_chapter_expansion_v1_cn-junior-g7-proportion-equations_007,把比写成分数形式。,对应位置要保持一致。,步骤 1：把比写成分数形式。 步骤 2：把比例写成 8/8=x/24，所以 x=8×24÷8=24。 步骤 3：得到答案 24。,把比例方向写反。,答案 24 正确。把比例写成 8/8=x/24，所以 x=8×24÷8=24。,换一组数值，继续练习同一章节的核心结构。
jianzisheng_cn_junior_chapter_expansion_v1_cn-junior-g7-proportion-equations_008,把比写成分数形式。,对应位置要保持一致。,步骤 1：把比写成分数形式。 步骤 2：把比例写成 2/9=x/36，所以 x=2×36÷9=8。 步骤 3：得到答案 8。,把比例方向写反。,答案 8 正确。把比例写成 2/9=x/36，所以 x=2×36÷9=8。,换一组数值，继续练习同一章节的核心结构。
jianzisheng_cn_junior_chapter_expansion_v1_cn-junior-g7-proportion-equations_009,把比写成分数形式。,对应位置要保持一致。,步骤 1：把比写成分数形式。 步骤 2：把比例写成 3/10=x/50，所以 x=3×50÷10=15。 步骤 3：得到答案 15。,把比例方向写反。,答案 15 正确。把比例写成 3/10=x/50，所以 x=3×50÷10=15。,换一组数值，继续练习同一章节的核心结构。
jianzisheng_cn_junior_chapter_expansion_v1_cn-junior-g7-proportion-equations_010,把比写成分数形式。,对应位置要保持一致。,步骤 1：把比写成分数形式。 步骤 2：把比例写成 4/3=x/18，所以 x=4×18÷3=24。 步骤 3：得到答案 24。,把比例方向写反。,答案 24 正确。把比例写成 4/3=x/18，所以 x=4×18÷3=24。,换一组数值，继续练习同一章节的核心结构。
jianzisheng_cn_junior_chapter_expansion_v1_cn-junior-g7-proportion-equations_011,把比写成分数形式。,对应位置要保持一致。,步骤 1：把比写成分数形式。 步骤 2：把比例写成 5/4=x/28，所以 x=5×28÷4=35。 步骤 3：得到答案 35。,把比例方向写反。,答案 35 正确。把比例写成 5/4=x/28，所以 x=5×28÷4=35。,换一组数值，继续练习同一章节的核心结构。
jianzisheng_cn_junior_chapter_expansion_v1_cn-junior-g7-proportion-equations_012,把比写成分数形式。,对应位置要保持一致。,步骤 1：把比写成分数形式。 步骤 2：把比例写成 6/5=x/10，所以 x=6×10÷5=12。 步骤 3：得到答案 12。,把比例方向写反。,答案 12 正确。把比例写成 6/5=x/10，所以 x=6×10÷5=12。,换一组数值，继续练习同一章节的核心结构。
jianzisheng_cn_junior_chapter_expansion_v1_cn-junior-g7-proportion-equations_013,把比写成分数形式。,对应位置要保持一致。,步骤 1：把比写成分数形式。 步骤 2：把比例写成 7/6=x/18，所以 x=7×18÷6=21。 步骤 3：得到答案 21。,把比例方向写反。,答案 21 正确。把比例写成 7/6=x/18，所以 x=7×18÷6=21。,换一组数值，继续练习同一章节的核心结构。
jianzisheng_cn_junior_chapter_expansion_v1_cn-junior-g7-proportion-equations_014,把比写成分数形式。,对应位置要保持一致。,步骤 1：把比写成分数形式。 步骤 2：把比例写成 8/7=x/28，所以 x=8×28÷7=32。 步骤 3：得到答案 32。,把比例方向写反。,答案 32 正确。把比例写成 8/7=x/28，所以 x=8×28÷7=32。,换一组数值，继续练习同一章节的核心结构。
jianzisheng_cn_junior_chapter_expansion_v1_cn-junior-g7-inequality-applications_001,不超过表示小于或等于。,总费用包括固定运费和每本价格。,步骤 1：不超过表示小于或等于。 步骤 2：设买 x 本，列不等式 11x+3≤142，解得最多可以买 12 本。 步骤 3：得到答案 12。,忘记运费或把不等号方向写反。,答案 12 正确。设买 x 本，列不等式 11x+3≤142，解得最多可以买 12 本。,换一组数值，继续练习同一章节的核心结构。
jianzisheng_cn_junior_chapter_expansion_v1_cn-junior-g7-inequality-applications_002,不超过表示小于或等于。,总费用包括固定运费和每本价格。,步骤 1：不超过表示小于或等于。 步骤 2：设买 x 本，列不等式 4x+4≤24，解得最多可以买 5 本。 步骤 3：得到答案 5。,忘记运费或把不等号方向写反。,答案 5 正确。设买 x 本，列不等式 4x+4≤24，解得最多可以买 5 本。,换一组数值，继续练习同一章节的核心结构。
jianzisheng_cn_junior_chapter_expansion_v1_cn-junior-g7-inequality-applications_003,不超过表示小于或等于。,总费用包括固定运费和每本价格。,步骤 1：不超过表示小于或等于。 步骤 2：设买 x 本，列不等式 5x+5≤39，解得最多可以买 6 本。 步骤 3：得到答案 6。,忘记运费或把不等号方向写反。,答案 6 正确。设买 x 本，列不等式 5x+5≤39，解得最多可以买 6 本。,换一组数值，继续练习同一章节的核心结构。
jianzisheng_cn_junior_chapter_expansion_v1_cn-junior-g7-inequality-applications_004,不超过表示小于或等于。,总费用包括固定运费和每本价格。,步骤 1：不超过表示小于或等于。 步骤 2：设买 x 本，列不等式 6x+6≤52，解得最多可以买 7 本。 步骤 3：得到答案 7。,忘记运费或把不等号方向写反。,答案 7 正确。设买 x 本，列不等式 6x+6≤52，解得最多可以买 7 本。,换一组数值，继续练习同一章节的核心结构。
jianzisheng_cn_junior_chapter_expansion_v1_cn-junior-g7-inequality-applications_005,不超过表示小于或等于。,总费用包括固定运费和每本价格。,步骤 1：不超过表示小于或等于。 步骤 2：设买 x 本，列不等式 7x+7≤67，解得最多可以买 8 本。 步骤 3：得到答案 8。,忘记运费或把不等号方向写反。,答案 8 正确。设买 x 本，列不等式 7x+7≤67，解得最多可以买 8 本。,换一组数值，继续练习同一章节的核心结构。
jianzisheng_cn_junior_chapter_expansion_v1_cn-junior-g7-inequality-applications_006,不超过表示小于或等于。,总费用包括固定运费和每本价格。,步骤 1：不超过表示小于或等于。 步骤 2：设买 x 本，列不等式 8x+8≤84，解得最多可以买 9 本。 步骤 3：得到答案 9。,忘记运费或把不等号方向写反。,答案 9 正确。设买 x 本，列不等式 8x+8≤84，解得最多可以买 9 本。,换一组数值，继续练习同一章节的核心结构。
jianzisheng_cn_junior_chapter_expansion_v1_cn-junior-g7-inequality-applications_007,不超过表示小于或等于。,总费用包括固定运费和每本价格。,步骤 1：不超过表示小于或等于。 步骤 2：设买 x 本，列不等式 9x+9≤103，解得最多可以买 10 本。 步骤 3：得到答案 10。,忘记运费或把不等号方向写反。,答案 10 正确。设买 x 本，列不等式 9x+9≤103，解得最多可以买 10 本。,换一组数值，继续练习同一章节的核心结构。
jianzisheng_cn_junior_chapter_expansion_v1_cn-junior-g7-inequality-applications_008,不超过表示小于或等于。,总费用包括固定运费和每本价格。,步骤 1：不超过表示小于或等于。 步骤 2：设买 x 本，列不等式 10x+3≤117，解得最多可以买 11 本。 步骤 3：得到答案 11。,忘记运费或把不等号方向写反。,答案 11 正确。设买 x 本，列不等式 10x+3≤117，解得最多可以买 11 本。,换一组数值，继续练习同一章节的核心结构。
jianzisheng_cn_junior_chapter_expansion_v1_cn-junior-g7-inequality-applications_009,不超过表示小于或等于。,总费用包括固定运费和每本价格。,步骤 1：不超过表示小于或等于。 步骤 2：设买 x 本，列不等式 11x+4≤140，解得最多可以买 12 本。 步骤 3：得到答案 12。,忘记运费或把不等号方向写反。,答案 12 正确。设买 x 本，列不等式 11x+4≤140，解得最多可以买 12 本。,换一组数值，继续练习同一章节的核心结构。
jianzisheng_cn_junior_chapter_expansion_v1_cn-junior-g7-inequality-applications_010,不超过表示小于或等于。,总费用包括固定运费和每本价格。,步骤 1：不超过表示小于或等于。 步骤 2：设买 x 本，列不等式 4x+5≤25，解得最多可以买 5 本。 步骤 3：得到答案 5。,忘记运费或把不等号方向写反。,答案 5 正确。设买 x 本，列不等式 4x+5≤25，解得最多可以买 5 本。,换一组数值，继续练习同一章节的核心结构。
jianzisheng_cn_junior_chapter_expansion_v1_cn-junior-g7-inequality-applications_011,不超过表示小于或等于。,总费用包括固定运费和每本价格。,步骤 1：不超过表示小于或等于。 步骤 2：设买 x 本，列不等式 5x+6≤38，解得最多可以买 6 本。 步骤 3：得到答案 6。,忘记运费或把不等号方向写反。,答案 6 正确。设买 x 本，列不等式 5x+6≤38，解得最多可以买 6 本。,换一组数值，继续练习同一章节的核心结构。
jianzisheng_cn_junior_chapter_expansion_v1_cn-junior-g7-inequality-applications_012,不超过表示小于或等于。,总费用包括固定运费和每本价格。,步骤 1：不超过表示小于或等于。 步骤 2：设买 x 本，列不等式 6x+7≤49，解得最多可以买 7 本。 步骤 3：得到答案 7。,忘记运费或把不等号方向写反。,答案 7 正确。设买 x 本，列不等式 6x+7≤49，解得最多可以买 7 本。,换一组数值，继续练习同一章节的核心结构。
jianzisheng_cn_junior_chapter_expansion_v1_cn-junior-g7-inequality-applications_013,不超过表示小于或等于。,总费用包括固定运费和每本价格。,步骤 1：不超过表示小于或等于。 步骤 2：设买 x 本，列不等式 7x+8≤69，解得最多可以买 8 本。 步骤 3：得到答案 8。,忘记运费或把不等号方向写反。,答案 8 正确。设买 x 本，列不等式 7x+8≤69，解得最多可以买 8 本。,换一组数值，继续练习同一章节的核心结构。
jianzisheng_cn_junior_chapter_expansion_v1_cn-junior-g7-inequality-applications_014,不超过表示小于或等于。,总费用包括固定运费和每本价格。,步骤 1：不超过表示小于或等于。 步骤 2：设买 x 本，列不等式 8x+9≤85，解得最多可以买 9 本。 步骤 3：得到答案 9。,忘记运费或把不等号方向写反。,答案 9 正确。设买 x 本，列不等式 8x+9≤85，解得最多可以买 9 本。,换一组数值，继续练习同一章节的核心结构。
jianzisheng_cn_junior_chapter_expansion_v1_cn-junior-g7-coordinate-plane_001,先看横坐标正负。,如果坐标为 0，点在坐标轴上。,步骤 1：先看横坐标正负。 步骤 2：根据横坐标和纵坐标的符号判断，点 P 位于第二象限。 步骤 3：得到答案 第二象限。,把横纵坐标顺序看反。,答案 第二象限 正确。根据横坐标和纵坐标的符号判断，点 P 位于第二象限。,换一组数值，继续练习同一章节的核心结构。
jianzisheng_cn_junior_chapter_expansion_v1_cn-junior-g7-coordinate-plane_002,先看横坐标正负。,如果坐标为 0，点在坐标轴上。,步骤 1：先看横坐标正负。 步骤 2：根据横坐标和纵坐标的符号判断，点 P 位于第三象限。 步骤 3：得到答案 第三象限。,把横纵坐标顺序看反。,答案 第三象限 正确。根据横坐标和纵坐标的符号判断，点 P 位于第三象限。,换一组数值，继续练习同一章节的核心结构。
jianzisheng_cn_junior_chapter_expansion_v1_cn-junior-g7-coordinate-plane_003,先看横坐标正负。,如果坐标为 0，点在坐标轴上。,步骤 1：先看横坐标正负。 步骤 2：根据横坐标和纵坐标的符号判断，点 P 位于第四象限。 步骤 3：得到答案 第四象限。,把横纵坐标顺序看反。,答案 第四象限 正确。根据横坐标和纵坐标的符号判断，点 P 位于第四象限。,换一组数值，继续练习同一章节的核心结构。
jianzisheng_cn_junior_chapter_expansion_v1_cn-junior-g7-coordinate-plane_004,先看横坐标正负。,如果坐标为 0，点在坐标轴上。,步骤 1：先看横坐标正负。 步骤 2：根据横坐标和纵坐标的符号判断，点 P 位于y轴上。 步骤 3：得到答案 y轴上。,把横纵坐标顺序看反。,答案 y轴上 正确。根据横坐标和纵坐标的符号判断，点 P 位于y轴上。,换一组数值，继续练习同一章节的核心结构。
jianzisheng_cn_junior_chapter_expansion_v1_cn-junior-g7-coordinate-plane_005,先看横坐标正负。,如果坐标为 0，点在坐标轴上。,步骤 1：先看横坐标正负。 步骤 2：根据横坐标和纵坐标的符号判断，点 P 位于x轴上。 步骤 3：得到答案 x轴上。,把横纵坐标顺序看反。,答案 x轴上 正确。根据横坐标和纵坐标的符号判断，点 P 位于x轴上。,换一组数值，继续练习同一章节的核心结构。
jianzisheng_cn_junior_chapter_expansion_v1_cn-junior-g7-coordinate-plane_006,先看横坐标正负。,如果坐标为 0，点在坐标轴上。,步骤 1：先看横坐标正负。 步骤 2：根据横坐标和纵坐标的符号判断，点 P 位于第一象限。 步骤 3：得到答案 第一象限。,把横纵坐标顺序看反。,答案 第一象限 正确。根据横坐标和纵坐标的符号判断，点 P 位于第一象限。,换一组数值，继续练习同一章节的核心结构。
jianzisheng_cn_junior_chapter_expansion_v1_cn-junior-g7-coordinate-plane_007,先看横坐标正负。,如果坐标为 0，点在坐标轴上。,步骤 1：先看横坐标正负。 步骤 2：根据横坐标和纵坐标的符号判断，点 P 位于第二象限。 步骤 3：得到答案 第二象限。,把横纵坐标顺序看反。,答案 第二象限 正确。根据横坐标和纵坐标的符号判断，点 P 位于第二象限。,换一组数值，继续练习同一章节的核心结构。
jianzisheng_cn_junior_chapter_expansion_v1_cn-junior-g7-coordinate-plane_008,先看横坐标正负。,如果坐标为 0，点在坐标轴上。,步骤 1：先看横坐标正负。 步骤 2：根据横坐标和纵坐标的符号判断，点 P 位于第三象限。 步骤 3：得到答案 第三象限。,把横纵坐标顺序看反。,答案 第三象限 正确。根据横坐标和纵坐标的符号判断，点 P 位于第三象限。,换一组数值，继续练习同一章节的核心结构。
jianzisheng_cn_junior_chapter_expansion_v1_cn-junior-g7-coordinate-plane_009,先看横坐标正负。,如果坐标为 0，点在坐标轴上。,步骤 1：先看横坐标正负。 步骤 2：根据横坐标和纵坐标的符号判断，点 P 位于第四象限。 步骤 3：得到答案 第四象限。,把横纵坐标顺序看反。,答案 第四象限 正确。根据横坐标和纵坐标的符号判断，点 P 位于第四象限。,换一组数值，继续练习同一章节的核心结构。
jianzisheng_cn_junior_chapter_expansion_v1_cn-junior-g7-coordinate-plane_010,先看横坐标正负。,如果坐标为 0，点在坐标轴上。,步骤 1：先看横坐标正负。 步骤 2：根据横坐标和纵坐标的符号判断，点 P 位于y轴上。 步骤 3：得到答案 y轴上。,把横纵坐标顺序看反。,答案 y轴上 正确。根据横坐标和纵坐标的符号判断，点 P 位于y轴上。,换一组数值，继续练习同一章节的核心结构。
jianzisheng_cn_junior_chapter_expansion_v1_cn-junior-g7-coordinate-plane_011,先看横坐标正负。,如果坐标为 0，点在坐标轴上。,步骤 1：先看横坐标正负。 步骤 2：根据横坐标和纵坐标的符号判断，点 P 位于x轴上。 步骤 3：得到答案 x轴上。,把横纵坐标顺序看反。,答案 x轴上 正确。根据横坐标和纵坐标的符号判断，点 P 位于x轴上。,换一组数值，继续练习同一章节的核心结构。
jianzisheng_cn_junior_chapter_expansion_v1_cn-junior-g7-coordinate-plane_012,先看横坐标正负。,如果坐标为 0，点在坐标轴上。,步骤 1：先看横坐标正负。 步骤 2：根据横坐标和纵坐标的符号判断，点 P 位于第一象限。 步骤 3：得到答案 第一象限。,把横纵坐标顺序看反。,答案 第一象限 正确。根据横坐标和纵坐标的符号判断，点 P 位于第一象限。,换一组数值，继续练习同一章节的核心结构。
jianzisheng_cn_junior_chapter_expansion_v1_cn-junior-g7-coordinate-plane_013,先看横坐标正负。,如果坐标为 0，点在坐标轴上。,步骤 1：先看横坐标正负。 步骤 2：根据横坐标和纵坐标的符号判断，点 P 位于第二象限。 步骤 3：得到答案 第二象限。,把横纵坐标顺序看反。,答案 第二象限 正确。根据横坐标和纵坐标的符号判断，点 P 位于第二象限。,换一组数值，继续练习同一章节的核心结构。
jianzisheng_cn_junior_chapter_expansion_v1_cn-junior-g7-coordinate-plane_014,先看横坐标正负。,如果坐标为 0，点在坐标轴上。,步骤 1：先看横坐标正负。 步骤 2：根据横坐标和纵坐标的符号判断，点 P 位于第三象限。 步骤 3：得到答案 第三象限。,把横纵坐标顺序看反。,答案 第三象限 正确。根据横坐标和纵坐标的符号判断，点 P 位于第三象限。,换一组数值，继续练习同一章节的核心结构。
jianzisheng_cn_junior_chapter_expansion_v1_cn-junior-g7-angle-equations_001,邻补角相加等于 180°。,把两个角的表达式相加建立方程。,步骤 1：邻补角相加等于 180°。 步骤 2：邻补角和为 180°，所以 3x+12+117=180，解得 x=17。 步骤 3：得到答案 17。,把邻补角当成相等关系。,答案 17 正确。邻补角和为 180°，所以 3x+12+117=180，解得 x=17。,换一组数值，继续练习同一章节的核心结构。
jianzisheng_cn_junior_chapter_expansion_v1_cn-junior-g7-angle-equations_002,邻补角相加等于 180°。,把两个角的表达式相加建立方程。,步骤 1：邻补角相加等于 180°。 步骤 2：邻补角和为 180°，所以 4x+13+95=180，解得 x=18。 步骤 3：得到答案 18。,把邻补角当成相等关系。,答案 18 正确。邻补角和为 180°，所以 4x+13+95=180，解得 x=18。,换一组数值，继续练习同一章节的核心结构。
jianzisheng_cn_junior_chapter_expansion_v1_cn-junior-g7-angle-equations_003,邻补角相加等于 180°。,把两个角的表达式相加建立方程。,步骤 1：邻补角相加等于 180°。 步骤 2：邻补角和为 180°，所以 5x+14+71=180，解得 x=19。 步骤 3：得到答案 19。,把邻补角当成相等关系。,答案 19 正确。邻补角和为 180°，所以 5x+14+71=180，解得 x=19。,换一组数值，继续练习同一章节的核心结构。
jianzisheng_cn_junior_chapter_expansion_v1_cn-junior-g7-angle-equations_004,邻补角相加等于 180°。,把两个角的表达式相加建立方程。,步骤 1：邻补角相加等于 180°。 步骤 2：邻补角和为 180°，所以 6x+15+45=180，解得 x=20。 步骤 3：得到答案 20。,把邻补角当成相等关系。,答案 20 正确。邻补角和为 180°，所以 6x+15+45=180，解得 x=20。,换一组数值，继续练习同一章节的核心结构。
jianzisheng_cn_junior_chapter_expansion_v1_cn-junior-g7-angle-equations_005,邻补角相加等于 180°。,把两个角的表达式相加建立方程。,步骤 1：邻补角相加等于 180°。 步骤 2：邻补角和为 180°，所以 7x+16+17=180，解得 x=21。 步骤 3：得到答案 21。,把邻补角当成相等关系。,答案 21 正确。邻补角和为 180°，所以 7x+16+17=180，解得 x=21。,换一组数值，继续练习同一章节的核心结构。
jianzisheng_cn_junior_chapter_expansion_v1_cn-junior-g7-angle-equations_006,邻补角相加等于 180°。,把两个角的表达式相加建立方程。,步骤 1：邻补角相加等于 180°。 步骤 2：邻补角和为 180°，所以 2x+17+119=180，解得 x=22。 步骤 3：得到答案 22。,把邻补角当成相等关系。,答案 22 正确。邻补角和为 180°，所以 2x+17+119=180，解得 x=22。,换一组数值，继续练习同一章节的核心结构。
jianzisheng_cn_junior_chapter_expansion_v1_cn-junior-g7-angle-equations_007,邻补角相加等于 180°。,把两个角的表达式相加建立方程。,步骤 1：邻补角相加等于 180°。 步骤 2：邻补角和为 180°，所以 3x+18+93=180，解得 x=23。 步骤 3：得到答案 23。,把邻补角当成相等关系。,答案 23 正确。邻补角和为 180°，所以 3x+18+93=180，解得 x=23。,换一组数值，继续练习同一章节的核心结构。
jianzisheng_cn_junior_chapter_expansion_v1_cn-junior-g7-angle-equations_008,邻补角相加等于 180°。,把两个角的表达式相加建立方程。,步骤 1：邻补角相加等于 180°。 步骤 2：邻补角和为 180°，所以 4x+19+65=180，解得 x=24。 步骤 3：得到答案 24。,把邻补角当成相等关系。,答案 24 正确。邻补角和为 180°，所以 4x+19+65=180，解得 x=24。,换一组数值，继续练习同一章节的核心结构。
jianzisheng_cn_junior_chapter_expansion_v1_cn-junior-g7-angle-equations_009,邻补角相加等于 180°。,把两个角的表达式相加建立方程。,步骤 1：邻补角相加等于 180°。 步骤 2：邻补角和为 180°，所以 5x+5+50=180，解得 x=25。 步骤 3：得到答案 25。,把邻补角当成相等关系。,答案 25 正确。邻补角和为 180°，所以 5x+5+50=180，解得 x=25。,换一组数值，继续练习同一章节的核心结构。
jianzisheng_cn_junior_chapter_expansion_v1_cn-junior-g7-angle-equations_010,邻补角相加等于 180°。,把两个角的表达式相加建立方程。,步骤 1：邻补角相加等于 180°。 步骤 2：邻补角和为 180°，所以 6x+6+18=180，解得 x=26。 步骤 3：得到答案 26。,把邻补角当成相等关系。,答案 26 正确。邻补角和为 180°，所以 6x+6+18=180，解得 x=26。,换一组数值，继续练习同一章节的核心结构。
jianzisheng_cn_junior_chapter_expansion_v1_cn-junior-g7-angle-equations_011,邻补角相加等于 180°。,把两个角的表达式相加建立方程。,步骤 1：邻补角相加等于 180°。 步骤 2：邻补角和为 180°，所以 7x+7+-16=180，解得 x=27。 步骤 3：得到答案 27。,把邻补角当成相等关系。,答案 27 正确。邻补角和为 180°，所以 7x+7+-16=180，解得 x=27。,换一组数值，继续练习同一章节的核心结构。
jianzisheng_cn_junior_chapter_expansion_v1_cn-junior-g7-angle-equations_012,邻补角相加等于 180°。,把两个角的表达式相加建立方程。,步骤 1：邻补角相加等于 180°。 步骤 2：邻补角和为 180°，所以 2x+8+152=180，解得 x=10。 步骤 3：得到答案 10。,把邻补角当成相等关系。,答案 10 正确。邻补角和为 180°，所以 2x+8+152=180，解得 x=10。,换一组数值，继续练习同一章节的核心结构。
jianzisheng_cn_junior_chapter_expansion_v1_cn-junior-g7-angle-equations_013,邻补角相加等于 180°。,把两个角的表达式相加建立方程。,步骤 1：邻补角相加等于 180°。 步骤 2：邻补角和为 180°，所以 3x+9+138=180，解得 x=11。 步骤 3：得到答案 11。,把邻补角当成相等关系。,答案 11 正确。邻补角和为 180°，所以 3x+9+138=180，解得 x=11。,换一组数值，继续练习同一章节的核心结构。
jianzisheng_cn_junior_chapter_expansion_v1_cn-junior-g7-angle-equations_014,邻补角相加等于 180°。,把两个角的表达式相加建立方程。,步骤 1：邻补角相加等于 180°。 步骤 2：邻补角和为 180°，所以 4x+10+122=180，解得 x=12。 步骤 3：得到答案 12。,把邻补角当成相等关系。,答案 12 正确。邻补角和为 180°，所以 4x+10+122=180，解得 x=12。,换一组数值，继续练习同一章节的核心结构。
jianzisheng_cn_junior_chapter_expansion_v1_cn-junior-g8-triangles_001,第三边大于两边之差。,第三边小于两边之和。,步骤 1：第三边大于两边之差。 步骤 2：第三边必须大于两边之差且小于两边之和，所以 2<x<16。 步骤 3：得到答案 2<x<16。,只写一边限制或包含端点。,答案 2<x<16 正确。第三边必须大于两边之差且小于两边之和，所以 2<x<16。,换一组数值，继续练习同一章节的核心结构。
jianzisheng_cn_junior_chapter_expansion_v1_cn-junior-g8-triangles_002,第三边大于两边之差。,第三边小于两边之和。,步骤 1：第三边大于两边之差。 步骤 2：第三边必须大于两边之差且小于两边之和，所以 1<x<19。 步骤 3：得到答案 1<x<19。,只写一边限制或包含端点。,答案 1<x<19 正确。第三边必须大于两边之差且小于两边之和，所以 1<x<19。,换一组数值，继续练习同一章节的核心结构。
jianzisheng_cn_junior_chapter_expansion_v1_cn-junior-g8-triangles_003,第三边大于两边之差。,第三边小于两边之和。,步骤 1：第三边大于两边之差。 步骤 2：第三边必须大于两边之差且小于两边之和，所以 0<x<22。 步骤 3：得到答案 0<x<22。,只写一边限制或包含端点。,答案 0<x<22 正确。第三边必须大于两边之差且小于两边之和，所以 0<x<22。,换一组数值，继续练习同一章节的核心结构。
jianzisheng_cn_junior_chapter_expansion_v1_cn-junior-g8-triangles_004,第三边大于两边之差。,第三边小于两边之和。,步骤 1：第三边大于两边之差。 步骤 2：第三边必须大于两边之差且小于两边之和，所以 1<x<25。 步骤 3：得到答案 1<x<25。,只写一边限制或包含端点。,答案 1<x<25 正确。第三边必须大于两边之差且小于两边之和，所以 1<x<25。,换一组数值，继续练习同一章节的核心结构。
jianzisheng_cn_junior_chapter_expansion_v1_cn-junior-g8-triangles_005,第三边大于两边之差。,第三边小于两边之和。,步骤 1：第三边大于两边之差。 步骤 2：第三边必须大于两边之差且小于两边之和，所以 11<x<19。 步骤 3：得到答案 11<x<19。,只写一边限制或包含端点。,答案 11<x<19 正确。第三边必须大于两边之差且小于两边之和，所以 11<x<19。,换一组数值，继续练习同一章节的核心结构。
jianzisheng_cn_junior_chapter_expansion_v1_cn-junior-g8-triangles_006,第三边大于两边之差。,第三边小于两边之和。,步骤 1：第三边大于两边之差。 步骤 2：第三边必须大于两边之差且小于两边之和，所以 2<x<12。 步骤 3：得到答案 2<x<12。,只写一边限制或包含端点。,答案 2<x<12 正确。第三边必须大于两边之差且小于两边之和，所以 2<x<12。,换一组数值，继续练习同一章节的核心结构。
jianzisheng_cn_junior_chapter_expansion_v1_cn-junior-g8-triangles_007,第三边大于两边之差。,第三边小于两边之和。,步骤 1：第三边大于两边之差。 步骤 2：第三边必须大于两边之差且小于两边之和，所以 3<x<15。 步骤 3：得到答案 3<x<15。,只写一边限制或包含端点。,答案 3<x<15 正确。第三边必须大于两边之差且小于两边之和，所以 3<x<15。,换一组数值，继续练习同一章节的核心结构。
jianzisheng_cn_junior_chapter_expansion_v1_cn-junior-g8-triangles_008,第三边大于两边之差。,第三边小于两边之和。,步骤 1：第三边大于两边之差。 步骤 2：第三边必须大于两边之差且小于两边之和，所以 4<x<18。 步骤 3：得到答案 4<x<18。,只写一边限制或包含端点。,答案 4<x<18 正确。第三边必须大于两边之差且小于两边之和，所以 4<x<18。,换一组数值，继续练习同一章节的核心结构。
jianzisheng_cn_junior_chapter_expansion_v1_cn-junior-g8-triangles_009,第三边大于两边之差。,第三边小于两边之和。,步骤 1：第三边大于两边之差。 步骤 2：第三边必须大于两边之差且小于两边之和，所以 5<x<21。 步骤 3：得到答案 5<x<21。,只写一边限制或包含端点。,答案 5<x<21 正确。第三边必须大于两边之差且小于两边之和，所以 5<x<21。,换一组数值，继续练习同一章节的核心结构。
jianzisheng_cn_junior_chapter_expansion_v1_cn-junior-g8-triangles_010,第三边大于两边之差。,第三边小于两边之和。,步骤 1：第三边大于两边之差。 步骤 2：第三边必须大于两边之差且小于两边之和，所以 6<x<24。 步骤 3：得到答案 6<x<24。,只写一边限制或包含端点。,答案 6<x<24 正确。第三边必须大于两边之差且小于两边之和，所以 6<x<24。,换一组数值，继续练习同一章节的核心结构。
jianzisheng_cn_junior_chapter_expansion_v1_cn-junior-g8-triangles_011,第三边大于两边之差。,第三边小于两边之和。,步骤 1：第三边大于两边之差。 步骤 2：第三边必须大于两边之差且小于两边之和，所以 3<x<17。 步骤 3：得到答案 3<x<17。,只写一边限制或包含端点。,答案 3<x<17 正确。第三边必须大于两边之差且小于两边之和，所以 3<x<17。,换一组数值，继续练习同一章节的核心结构。
jianzisheng_cn_junior_chapter_expansion_v1_cn-junior-g8-triangles_012,第三边大于两边之差。,第三边小于两边之和。,步骤 1：第三边大于两边之差。 步骤 2：第三边必须大于两边之差且小于两边之和，所以 2<x<20。 步骤 3：得到答案 2<x<20。,只写一边限制或包含端点。,答案 2<x<20 正确。第三边必须大于两边之差且小于两边之和，所以 2<x<20。,换一组数值，继续练习同一章节的核心结构。
jianzisheng_cn_junior_chapter_expansion_v1_cn-junior-g8-triangles_013,第三边大于两边之差。,第三边小于两边之和。,步骤 1：第三边大于两边之差。 步骤 2：第三边必须大于两边之差且小于两边之和，所以 1<x<23。 步骤 3：得到答案 1<x<23。,只写一边限制或包含端点。,答案 1<x<23 正确。第三边必须大于两边之差且小于两边之和，所以 1<x<23。,换一组数值，继续练习同一章节的核心结构。
jianzisheng_cn_junior_chapter_expansion_v1_cn-junior-g8-triangles_014,第三边大于两边之差。,第三边小于两边之和。,步骤 1：第三边大于两边之差。 步骤 2：第三边必须大于两边之差且小于两边之和，所以 9<x<17。 步骤 3：得到答案 9<x<17。,只写一边限制或包含端点。,答案 9<x<17 正确。第三边必须大于两边之差且小于两边之和，所以 9<x<17。,换一组数值，继续练习同一章节的核心结构。
jianzisheng_cn_junior_chapter_expansion_v1_cn-junior-g8-triangles_015,第三边大于两边之差。,第三边小于两边之和。,步骤 1：第三边大于两边之差。 步骤 2：第三边必须大于两边之差且小于两边之和，所以 10<x<20。 步骤 3：得到答案 10<x<20。,只写一边限制或包含端点。,答案 10<x<20 正确。第三边必须大于两边之差且小于两边之和，所以 10<x<20。,换一组数值，继续练习同一章节的核心结构。
jianzisheng_cn_junior_chapter_expansion_v1_cn-junior-g8-triangles_016,第三边大于两边之差。,第三边小于两边之和。,步骤 1：第三边大于两边之差。 步骤 2：第三边必须大于两边之差且小于两边之和，所以 1<x<13。 步骤 3：得到答案 1<x<13。,只写一边限制或包含端点。,答案 1<x<13 正确。第三边必须大于两边之差且小于两边之和，所以 1<x<13。,换一组数值，继续练习同一章节的核心结构。
jianzisheng_cn_junior_chapter_expansion_v1_cn-junior-g8-triangle-angles_001,三角形三个内角和是 180°。,用 180° 减去两个已知角。,步骤 1：三角形三个内角和是 180°。 步骤 2：三角形内角和为 180°，第三个角为 180°-40°-55°=85°。 步骤 3：得到答案 85。,把两个已知角之和当成答案。,答案 85 正确。三角形内角和为 180°，第三个角为 180°-40°-55°=85°。,换一组数值，继续练习同一章节的核心结构。
jianzisheng_cn_junior_chapter_expansion_v1_cn-junior-g8-triangle-angles_002,三角形三个内角和是 180°。,用 180° 减去两个已知角。,步骤 1：三角形三个内角和是 180°。 步骤 2：三角形内角和为 180°，第三个角为 180°-41°-58°=81°。 步骤 3：得到答案 81。,把两个已知角之和当成答案。,答案 81 正确。三角形内角和为 180°，第三个角为 180°-41°-58°=81°。,换一组数值，继续练习同一章节的核心结构。
jianzisheng_cn_junior_chapter_expansion_v1_cn-junior-g8-triangle-angles_003,三角形三个内角和是 180°。,用 180° 减去两个已知角。,步骤 1：三角形三个内角和是 180°。 步骤 2：三角形内角和为 180°，第三个角为 180°-42°-61°=77°。 步骤 3：得到答案 77。,把两个已知角之和当成答案。,答案 77 正确。三角形内角和为 180°，第三个角为 180°-42°-61°=77°。,换一组数值，继续练习同一章节的核心结构。
jianzisheng_cn_junior_chapter_expansion_v1_cn-junior-g8-triangle-angles_004,三角形三个内角和是 180°。,用 180° 减去两个已知角。,步骤 1：三角形三个内角和是 180°。 步骤 2：三角形内角和为 180°，第三个角为 180°-43°-64°=73°。 步骤 3：得到答案 73。,把两个已知角之和当成答案。,答案 73 正确。三角形内角和为 180°，第三个角为 180°-43°-64°=73°。,换一组数值，继续练习同一章节的核心结构。
jianzisheng_cn_junior_chapter_expansion_v1_cn-junior-g8-triangle-angles_005,三角形三个内角和是 180°。,用 180° 减去两个已知角。,步骤 1：三角形三个内角和是 180°。 步骤 2：三角形内角和为 180°，第三个角为 180°-44°-67°=69°。 步骤 3：得到答案 69。,把两个已知角之和当成答案。,答案 69 正确。三角形内角和为 180°，第三个角为 180°-44°-67°=69°。,换一组数值，继续练习同一章节的核心结构。
jianzisheng_cn_junior_chapter_expansion_v1_cn-junior-g8-triangle-angles_006,三角形三个内角和是 180°。,用 180° 减去两个已知角。,步骤 1：三角形三个内角和是 180°。 步骤 2：三角形内角和为 180°，第三个角为 180°-45°-70°=65°。 步骤 3：得到答案 65。,把两个已知角之和当成答案。,答案 65 正确。三角形内角和为 180°，第三个角为 180°-45°-70°=65°。,换一组数值，继续练习同一章节的核心结构。
jianzisheng_cn_junior_chapter_expansion_v1_cn-junior-g8-triangle-angles_007,三角形三个内角和是 180°。,用 180° 减去两个已知角。,步骤 1：三角形三个内角和是 180°。 步骤 2：三角形内角和为 180°，第三个角为 180°-46°-73°=61°。 步骤 3：得到答案 61。,把两个已知角之和当成答案。,答案 61 正确。三角形内角和为 180°，第三个角为 180°-46°-73°=61°。,换一组数值，继续练习同一章节的核心结构。
jianzisheng_cn_junior_chapter_expansion_v1_cn-junior-g8-triangle-angles_008,三角形三个内角和是 180°。,用 180° 减去两个已知角。,步骤 1：三角形三个内角和是 180°。 步骤 2：三角形内角和为 180°，第三个角为 180°-47°-76°=57°。 步骤 3：得到答案 57。,把两个已知角之和当成答案。,答案 57 正确。三角形内角和为 180°，第三个角为 180°-47°-76°=57°。,换一组数值，继续练习同一章节的核心结构。
jianzisheng_cn_junior_chapter_expansion_v1_cn-junior-g8-triangle-angles_009,三角形三个内角和是 180°。,用 180° 减去两个已知角。,步骤 1：三角形三个内角和是 180°。 步骤 2：三角形内角和为 180°，第三个角为 180°-48°-79°=53°。 步骤 3：得到答案 53。,把两个已知角之和当成答案。,答案 53 正确。三角形内角和为 180°，第三个角为 180°-48°-79°=53°。,换一组数值，继续练习同一章节的核心结构。
jianzisheng_cn_junior_chapter_expansion_v1_cn-junior-g8-triangle-angles_010,三角形三个内角和是 180°。,用 180° 减去两个已知角。,步骤 1：三角形三个内角和是 180°。 步骤 2：三角形内角和为 180°，第三个角为 180°-49°-82°=49°。 步骤 3：得到答案 49。,把两个已知角之和当成答案。,答案 49 正确。三角形内角和为 180°，第三个角为 180°-49°-82°=49°。,换一组数值，继续练习同一章节的核心结构。
jianzisheng_cn_junior_chapter_expansion_v1_cn-junior-g8-triangle-angles_011,三角形三个内角和是 180°。,用 180° 减去两个已知角。,步骤 1：三角形三个内角和是 180°。 步骤 2：三角形内角和为 180°，第三个角为 180°-50°-85°=45°。 步骤 3：得到答案 45。,把两个已知角之和当成答案。,答案 45 正确。三角形内角和为 180°，第三个角为 180°-50°-85°=45°。,换一组数值，继续练习同一章节的核心结构。
jianzisheng_cn_junior_chapter_expansion_v1_cn-junior-g8-triangle-angles_012,三角形三个内角和是 180°。,用 180° 减去两个已知角。,步骤 1：三角形三个内角和是 180°。 步骤 2：三角形内角和为 180°，第三个角为 180°-51°-88°=41°。 步骤 3：得到答案 41。,把两个已知角之和当成答案。,答案 41 正确。三角形内角和为 180°，第三个角为 180°-51°-88°=41°。,换一组数值，继续练习同一章节的核心结构。
jianzisheng_cn_junior_chapter_expansion_v1_cn-junior-g8-triangle-angles_013,三角形三个内角和是 180°。,用 180° 减去两个已知角。,步骤 1：三角形三个内角和是 180°。 步骤 2：三角形内角和为 180°，第三个角为 180°-52°-41°=87°。 步骤 3：得到答案 87。,把两个已知角之和当成答案。,答案 87 正确。三角形内角和为 180°，第三个角为 180°-52°-41°=87°。,换一组数值，继续练习同一章节的核心结构。
jianzisheng_cn_junior_chapter_expansion_v1_cn-junior-g8-triangle-angles_014,三角形三个内角和是 180°。,用 180° 减去两个已知角。,步骤 1：三角形三个内角和是 180°。 步骤 2：三角形内角和为 180°，第三个角为 180°-53°-44°=83°。 步骤 3：得到答案 83。,把两个已知角之和当成答案。,答案 83 正确。三角形内角和为 180°，第三个角为 180°-53°-44°=83°。,换一组数值，继续练习同一章节的核心结构。
jianzisheng_cn_junior_chapter_expansion_v1_cn-junior-g8-triangle-angles_015,三角形三个内角和是 180°。,用 180° 减去两个已知角。,步骤 1：三角形三个内角和是 180°。 步骤 2：三角形内角和为 180°，第三个角为 180°-54°-47°=79°。 步骤 3：得到答案 79。,把两个已知角之和当成答案。,答案 79 正确。三角形内角和为 180°，第三个角为 180°-54°-47°=79°。,换一组数值，继续练习同一章节的核心结构。
jianzisheng_cn_junior_chapter_expansion_v1_cn-junior-g8-triangle-angles_016,三角形三个内角和是 180°。,用 180° 减去两个已知角。,步骤 1：三角形三个内角和是 180°。 步骤 2：三角形内角和为 180°，第三个角为 180°-55°-50°=75°。 步骤 3：得到答案 75。,把两个已知角之和当成答案。,答案 75 正确。三角形内角和为 180°，第三个角为 180°-55°-50°=75°。,换一组数值，继续练习同一章节的核心结构。
jianzisheng_cn_junior_chapter_expansion_v1_cn-junior-g8-congruence_001,先判断条件包含边还是角。,注意夹角、夹边等关键词。,步骤 1：先判断条件包含边还是角。 步骤 2：“两边及其夹角对应相等”对应 SAS 判定。 步骤 3：得到答案 SAS。,把 AAA 或 SSA 当作全等判定。,答案 SAS 正确。“两边及其夹角对应相等”对应 SAS 判定。,换一组数值，继续练习同一章节的核心结构。
jianzisheng_cn_junior_chapter_expansion_v1_cn-junior-g8-congruence_002,先判断条件包含边还是角。,注意夹角、夹边等关键词。,步骤 1：先判断条件包含边还是角。 步骤 2：“两角及其夹边对应相等”对应 ASA 判定。 步骤 3：得到答案 ASA。,把 AAA 或 SSA 当作全等判定。,答案 ASA 正确。“两角及其夹边对应相等”对应 ASA 判定。,换一组数值，继续练习同一章节的核心结构。
jianzisheng_cn_junior_chapter_expansion_v1_cn-junior-g8-congruence_003,先判断条件包含边还是角。,注意夹角、夹边等关键词。,步骤 1：先判断条件包含边还是角。 步骤 2：“三边对应相等”对应 SSS 判定。 步骤 3：得到答案 SSS。,把 AAA 或 SSA 当作全等判定。,答案 SSS 正确。“三边对应相等”对应 SSS 判定。,换一组数值，继续练习同一章节的核心结构。
jianzisheng_cn_junior_chapter_expansion_v1_cn-junior-g8-congruence_004,先判断条件包含边还是角。,注意夹角、夹边等关键词。,步骤 1：先判断条件包含边还是角。 步骤 2：“直角三角形斜边和一条直角边对应相等”对应 HL 判定。 步骤 3：得到答案 HL。,把 AAA 或 SSA 当作全等判定。,答案 HL 正确。“直角三角形斜边和一条直角边对应相等”对应 HL 判定。,换一组数值，继续练习同一章节的核心结构。
jianzisheng_cn_junior_chapter_expansion_v1_cn-junior-g8-congruence_005,先判断条件包含边还是角。,注意夹角、夹边等关键词。,步骤 1：先判断条件包含边还是角。 步骤 2：“两角及其中一角的对边对应相等”对应 AAS 判定。 步骤 3：得到答案 AAS。,把 AAA 或 SSA 当作全等判定。,答案 AAS 正确。“两角及其中一角的对边对应相等”对应 AAS 判定。,换一组数值，继续练习同一章节的核心结构。
jianzisheng_cn_junior_chapter_expansion_v1_cn-junior-g8-congruence_006,先判断条件包含边还是角。,注意夹角、夹边等关键词。,步骤 1：先判断条件包含边还是角。 步骤 2：“两边及其夹角对应相等”对应 SAS 判定。 步骤 3：得到答案 SAS。,把 AAA 或 SSA 当作全等判定。,答案 SAS 正确。“两边及其夹角对应相等”对应 SAS 判定。,换一组数值，继续练习同一章节的核心结构。
jianzisheng_cn_junior_chapter_expansion_v1_cn-junior-g8-congruence_007,先判断条件包含边还是角。,注意夹角、夹边等关键词。,步骤 1：先判断条件包含边还是角。 步骤 2：“两角及其夹边对应相等”对应 ASA 判定。 步骤 3：得到答案 ASA。,把 AAA 或 SSA 当作全等判定。,答案 ASA 正确。“两角及其夹边对应相等”对应 ASA 判定。,换一组数值，继续练习同一章节的核心结构。
jianzisheng_cn_junior_chapter_expansion_v1_cn-junior-g8-congruence_008,先判断条件包含边还是角。,注意夹角、夹边等关键词。,步骤 1：先判断条件包含边还是角。 步骤 2：“三边对应相等”对应 SSS 判定。 步骤 3：得到答案 SSS。,把 AAA 或 SSA 当作全等判定。,答案 SSS 正确。“三边对应相等”对应 SSS 判定。,换一组数值，继续练习同一章节的核心结构。
jianzisheng_cn_junior_chapter_expansion_v1_cn-junior-g8-congruence_009,先判断条件包含边还是角。,注意夹角、夹边等关键词。,步骤 1：先判断条件包含边还是角。 步骤 2：“直角三角形斜边和一条直角边对应相等”对应 HL 判定。 步骤 3：得到答案 HL。,把 AAA 或 SSA 当作全等判定。,答案 HL 正确。“直角三角形斜边和一条直角边对应相等”对应 HL 判定。,换一组数值，继续练习同一章节的核心结构。
jianzisheng_cn_junior_chapter_expansion_v1_cn-junior-g8-congruence_010,先判断条件包含边还是角。,注意夹角、夹边等关键词。,步骤 1：先判断条件包含边还是角。 步骤 2：“两角及其中一角的对边对应相等”对应 AAS 判定。 步骤 3：得到答案 AAS。,把 AAA 或 SSA 当作全等判定。,答案 AAS 正确。“两角及其中一角的对边对应相等”对应 AAS 判定。,换一组数值，继续练习同一章节的核心结构。
jianzisheng_cn_junior_chapter_expansion_v1_cn-junior-g8-congruence_011,先判断条件包含边还是角。,注意夹角、夹边等关键词。,步骤 1：先判断条件包含边还是角。 步骤 2：“两边及其夹角对应相等”对应 SAS 判定。 步骤 3：得到答案 SAS。,把 AAA 或 SSA 当作全等判定。,答案 SAS 正确。“两边及其夹角对应相等”对应 SAS 判定。,换一组数值，继续练习同一章节的核心结构。
jianzisheng_cn_junior_chapter_expansion_v1_cn-junior-g8-congruence_012,先判断条件包含边还是角。,注意夹角、夹边等关键词。,步骤 1：先判断条件包含边还是角。 步骤 2：“两角及其夹边对应相等”对应 ASA 判定。 步骤 3：得到答案 ASA。,把 AAA 或 SSA 当作全等判定。,答案 ASA 正确。“两角及其夹边对应相等”对应 ASA 判定。,换一组数值，继续练习同一章节的核心结构。
jianzisheng_cn_junior_chapter_expansion_v1_cn-junior-g8-congruence_013,先判断条件包含边还是角。,注意夹角、夹边等关键词。,步骤 1：先判断条件包含边还是角。 步骤 2：“三边对应相等”对应 SSS 判定。 步骤 3：得到答案 SSS。,把 AAA 或 SSA 当作全等判定。,答案 SSS 正确。“三边对应相等”对应 SSS 判定。,换一组数值，继续练习同一章节的核心结构。
jianzisheng_cn_junior_chapter_expansion_v1_cn-junior-g8-congruence_014,先判断条件包含边还是角。,注意夹角、夹边等关键词。,步骤 1：先判断条件包含边还是角。 步骤 2：“直角三角形斜边和一条直角边对应相等”对应 HL 判定。 步骤 3：得到答案 HL。,把 AAA 或 SSA 当作全等判定。,答案 HL 正确。“直角三角形斜边和一条直角边对应相等”对应 HL 判定。,换一组数值，继续练习同一章节的核心结构。
jianzisheng_cn_junior_chapter_expansion_v1_cn-junior-g8-congruence_015,先判断条件包含边还是角。,注意夹角、夹边等关键词。,步骤 1：先判断条件包含边还是角。 步骤 2：“两角及其中一角的对边对应相等”对应 AAS 判定。 步骤 3：得到答案 AAS。,把 AAA 或 SSA 当作全等判定。,答案 AAS 正确。“两角及其中一角的对边对应相等”对应 AAS 判定。,换一组数值，继续练习同一章节的核心结构。
jianzisheng_cn_junior_chapter_expansion_v1_cn-junior-g8-congruence_016,先判断条件包含边还是角。,注意夹角、夹边等关键词。,步骤 1：先判断条件包含边还是角。 步骤 2：“两边及其夹角对应相等”对应 SAS 判定。 步骤 3：得到答案 SAS。,把 AAA 或 SSA 当作全等判定。,答案 SAS 正确。“两边及其夹角对应相等”对应 SAS 判定。,换一组数值，继续练习同一章节的核心结构。
jianzisheng_cn_junior_chapter_expansion_v1_cn-junior-g8-pythagorean_001,确认题目给的是斜边和一条直角边。,用斜边平方减去已知直角边平方。,步骤 1：确认题目给的是斜边和一条直角边。 步骤 2：由勾股定理，另一条直角边为 √(26^2-10^2)=24。 步骤 3：得到答案 24。,直接用斜边减直角边。,答案 24 正确。由勾股定理，另一条直角边为 √(26^2-10^2)=24。,换一组数值，继续练习同一章节的核心结构。
jianzisheng_cn_junior_chapter_expansion_v1_cn-junior-g8-pythagorean_002,确认题目给的是斜边和一条直角边。,用斜边平方减去已知直角边平方。,步骤 1：确认题目给的是斜边和一条直角边。 步骤 2：由勾股定理，另一条直角边为 √(10^2-6^2)=8。 步骤 3：得到答案 8。,直接用斜边减直角边。,答案 8 正确。由勾股定理，另一条直角边为 √(10^2-6^2)=8。,换一组数值，继续练习同一章节的核心结构。
jianzisheng_cn_junior_chapter_expansion_v1_cn-junior-g8-pythagorean_003,确认题目给的是斜边和一条直角边。,用斜边平方减去已知直角边平方。,步骤 1：确认题目给的是斜边和一条直角边。 步骤 2：由勾股定理，另一条直角边为 √(13^2-5^2)=12。 步骤 3：得到答案 12。,直接用斜边减直角边。,答案 12 正确。由勾股定理，另一条直角边为 √(13^2-5^2)=12。,换一组数值，继续练习同一章节的核心结构。
jianzisheng_cn_junior_chapter_expansion_v1_cn-junior-g8-pythagorean_004,确认题目给的是斜边和一条直角边。,用斜边平方减去已知直角边平方。,步骤 1：确认题目给的是斜边和一条直角边。 步骤 2：由勾股定理，另一条直角边为 √(15^2-9^2)=12。 步骤 3：得到答案 12。,直接用斜边减直角边。,答案 12 正确。由勾股定理，另一条直角边为 √(15^2-9^2)=12。,换一组数值，继续练习同一章节的核心结构。
jianzisheng_cn_junior_chapter_expansion_v1_cn-junior-g8-pythagorean_005,确认题目给的是斜边和一条直角边。,用斜边平方减去已知直角边平方。,步骤 1：确认题目给的是斜边和一条直角边。 步骤 2：由勾股定理，另一条直角边为 √(17^2-8^2)=15。 步骤 3：得到答案 15。,直接用斜边减直角边。,答案 15 正确。由勾股定理，另一条直角边为 √(17^2-8^2)=15。,换一组数值，继续练习同一章节的核心结构。
jianzisheng_cn_junior_chapter_expansion_v1_cn-junior-g8-pythagorean_006,确认题目给的是斜边和一条直角边。,用斜边平方减去已知直角边平方。,步骤 1：确认题目给的是斜边和一条直角边。 步骤 2：由勾股定理，另一条直角边为 √(25^2-7^2)=24。 步骤 3：得到答案 24。,直接用斜边减直角边。,答案 24 正确。由勾股定理，另一条直角边为 √(25^2-7^2)=24。,换一组数值，继续练习同一章节的核心结构。
jianzisheng_cn_junior_chapter_expansion_v1_cn-junior-g8-pythagorean_007,确认题目给的是斜边和一条直角边。,用斜边平方减去已知直角边平方。,步骤 1：确认题目给的是斜边和一条直角边。 步骤 2：由勾股定理，另一条直角边为 √(26^2-10^2)=24。 步骤 3：得到答案 24。,直接用斜边减直角边。,答案 24 正确。由勾股定理，另一条直角边为 √(26^2-10^2)=24。,换一组数值，继续练习同一章节的核心结构。
jianzisheng_cn_junior_chapter_expansion_v1_cn-junior-g8-pythagorean_008,确认题目给的是斜边和一条直角边。,用斜边平方减去已知直角边平方。,步骤 1：确认题目给的是斜边和一条直角边。 步骤 2：由勾股定理，另一条直角边为 √(10^2-6^2)=8。 步骤 3：得到答案 8。,直接用斜边减直角边。,答案 8 正确。由勾股定理，另一条直角边为 √(10^2-6^2)=8。,换一组数值，继续练习同一章节的核心结构。
jianzisheng_cn_junior_chapter_expansion_v1_cn-junior-g8-pythagorean_009,确认题目给的是斜边和一条直角边。,用斜边平方减去已知直角边平方。,步骤 1：确认题目给的是斜边和一条直角边。 步骤 2：由勾股定理，另一条直角边为 √(13^2-5^2)=12。 步骤 3：得到答案 12。,直接用斜边减直角边。,答案 12 正确。由勾股定理，另一条直角边为 √(13^2-5^2)=12。,换一组数值，继续练习同一章节的核心结构。
jianzisheng_cn_junior_chapter_expansion_v1_cn-junior-g8-pythagorean_010,确认题目给的是斜边和一条直角边。,用斜边平方减去已知直角边平方。,步骤 1：确认题目给的是斜边和一条直角边。 步骤 2：由勾股定理，另一条直角边为 √(15^2-9^2)=12。 步骤 3：得到答案 12。,直接用斜边减直角边。,答案 12 正确。由勾股定理，另一条直角边为 √(15^2-9^2)=12。,换一组数值，继续练习同一章节的核心结构。
jianzisheng_cn_junior_chapter_expansion_v1_cn-junior-g8-pythagorean_011,确认题目给的是斜边和一条直角边。,用斜边平方减去已知直角边平方。,步骤 1：确认题目给的是斜边和一条直角边。 步骤 2：由勾股定理，另一条直角边为 √(17^2-8^2)=15。 步骤 3：得到答案 15。,直接用斜边减直角边。,答案 15 正确。由勾股定理，另一条直角边为 √(17^2-8^2)=15。,换一组数值，继续练习同一章节的核心结构。
jianzisheng_cn_junior_chapter_expansion_v1_cn-junior-g8-pythagorean_012,确认题目给的是斜边和一条直角边。,用斜边平方减去已知直角边平方。,步骤 1：确认题目给的是斜边和一条直角边。 步骤 2：由勾股定理，另一条直角边为 √(25^2-7^2)=24。 步骤 3：得到答案 24。,直接用斜边减直角边。,答案 24 正确。由勾股定理，另一条直角边为 √(25^2-7^2)=24。,换一组数值，继续练习同一章节的核心结构。
jianzisheng_cn_junior_chapter_expansion_v1_cn-junior-g8-pythagorean_013,确认题目给的是斜边和一条直角边。,用斜边平方减去已知直角边平方。,步骤 1：确认题目给的是斜边和一条直角边。 步骤 2：由勾股定理，另一条直角边为 √(26^2-10^2)=24。 步骤 3：得到答案 24。,直接用斜边减直角边。,答案 24 正确。由勾股定理，另一条直角边为 √(26^2-10^2)=24。,换一组数值，继续练习同一章节的核心结构。
jianzisheng_cn_junior_chapter_expansion_v1_cn-junior-g8-pythagorean_014,确认题目给的是斜边和一条直角边。,用斜边平方减去已知直角边平方。,步骤 1：确认题目给的是斜边和一条直角边。 步骤 2：由勾股定理，另一条直角边为 √(10^2-6^2)=8。 步骤 3：得到答案 8。,直接用斜边减直角边。,答案 8 正确。由勾股定理，另一条直角边为 √(10^2-6^2)=8。,换一组数值，继续练习同一章节的核心结构。
jianzisheng_cn_junior_chapter_expansion_v1_cn-junior-g8-pythagorean_015,确认题目给的是斜边和一条直角边。,用斜边平方减去已知直角边平方。,步骤 1：确认题目给的是斜边和一条直角边。 步骤 2：由勾股定理，另一条直角边为 √(13^2-5^2)=12。 步骤 3：得到答案 12。,直接用斜边减直角边。,答案 12 正确。由勾股定理，另一条直角边为 √(13^2-5^2)=12。,换一组数值，继续练习同一章节的核心结构。
jianzisheng_cn_junior_chapter_expansion_v1_cn-junior-g8-pythagorean_016,确认题目给的是斜边和一条直角边。,用斜边平方减去已知直角边平方。,步骤 1：确认题目给的是斜边和一条直角边。 步骤 2：由勾股定理，另一条直角边为 √(15^2-9^2)=12。 步骤 3：得到答案 12。,直接用斜边减直角边。,答案 12 正确。由勾股定理，另一条直角边为 √(15^2-9^2)=12。,换一组数值，继续练习同一章节的核心结构。
jianzisheng_cn_junior_chapter_expansion_v1_cn-junior-g8-coordinate-geometry_001,横坐标负责左右变化。,纵坐标负责上下变化。,"步骤 1：横坐标负责左右变化。 步骤 2：横坐标加 2，纵坐标加 -1，所以 A'=(1,5)。 步骤 3：得到答案 (1,5)。",把横纵变化量写反。,"答案 (1,5) 正确。横坐标加 2，纵坐标加 -1，所以 A'=(1,5)。",换一组数值，继续练习同一章节的核心结构。
jianzisheng_cn_junior_chapter_expansion_v1_cn-junior-g8-coordinate-geometry_002,横坐标负责左右变化。,纵坐标负责上下变化。,"步骤 1：横坐标负责左右变化。 步骤 2：横坐标加 3，纵坐标加 2，所以 A'=(3,-1)。 步骤 3：得到答案 (3,-1)。",把横纵变化量写反。,"答案 (3,-1) 正确。横坐标加 3，纵坐标加 2，所以 A'=(3,-1)。",换一组数值，继续练习同一章节的核心结构。
jianzisheng_cn_junior_chapter_expansion_v1_cn-junior-g8-coordinate-geometry_003,横坐标负责左右变化。,纵坐标负责上下变化。,"步骤 1：横坐标负责左右变化。 步骤 2：横坐标加 -3，纵坐标加 -2，所以 A'=(-2,-3)。 步骤 3：得到答案 (-2,-3)。",把横纵变化量写反。,"答案 (-2,-3) 正确。横坐标加 -3，纵坐标加 -2，所以 A'=(-2,-3)。",换一组数值，继续练习同一章节的核心结构。
jianzisheng_cn_junior_chapter_expansion_v1_cn-junior-g8-coordinate-geometry_004,横坐标负责左右变化。,纵坐标负责上下变化。,"步骤 1：横坐标负责左右变化。 步骤 2：横坐标加 -2，纵坐标加 1，所以 A'=(0,2)。 步骤 3：得到答案 (0,2)。",把横纵变化量写反。,"答案 (0,2) 正确。横坐标加 -2，纵坐标加 1，所以 A'=(0,2)。",换一组数值，继续练习同一章节的核心结构。
jianzisheng_cn_junior_chapter_expansion_v1_cn-junior-g8-coordinate-geometry_005,横坐标负责左右变化。,纵坐标负责上下变化。,"步骤 1：横坐标负责左右变化。 步骤 2：横坐标加 -1，纵坐标加 4，所以 A'=(2,7)。 步骤 3：得到答案 (2,7)。",把横纵变化量写反。,"答案 (2,7) 正确。横坐标加 -1，纵坐标加 4，所以 A'=(2,7)。",换一组数值，继续练习同一章节的核心结构。
jianzisheng_cn_junior_chapter_expansion_v1_cn-junior-g8-coordinate-geometry_006,横坐标负责左右变化。,纵坐标负责上下变化。,"步骤 1：横坐标负责左右变化。 步骤 2：横坐标加 0，纵坐标加 0，所以 A'=(4,5)。 步骤 3：得到答案 (4,5)。",把横纵变化量写反。,"答案 (4,5) 正确。横坐标加 0，纵坐标加 0，所以 A'=(4,5)。",换一组数值，继续练习同一章节的核心结构。
jianzisheng_cn_junior_chapter_expansion_v1_cn-junior-g8-coordinate-geometry_007,横坐标负责左右变化。,纵坐标负责上下变化。,"步骤 1：横坐标负责左右变化。 步骤 2：横坐标加 1，纵坐标加 3，所以 A'=(6,-1)。 步骤 3：得到答案 (6,-1)。",把横纵变化量写反。,"答案 (6,-1) 正确。横坐标加 1，纵坐标加 3，所以 A'=(6,-1)。",换一组数值，继续练习同一章节的核心结构。
jianzisheng_cn_junior_chapter_expansion_v1_cn-junior-g8-coordinate-geometry_008,横坐标负责左右变化。,纵坐标负责上下变化。,"步骤 1：横坐标负责左右变化。 步骤 2：横坐标加 2，纵坐标加 -1，所以 A'=(8,-3)。 步骤 3：得到答案 (8,-3)。",把横纵变化量写反。,"答案 (8,-3) 正确。横坐标加 2，纵坐标加 -1，所以 A'=(8,-3)。",换一组数值，继续练习同一章节的核心结构。
jianzisheng_cn_junior_chapter_expansion_v1_cn-junior-g8-coordinate-geometry_009,横坐标负责左右变化。,纵坐标负责上下变化。,"步骤 1：横坐标负责左右变化。 步骤 2：横坐标加 3，纵坐标加 2，所以 A'=(-3,2)。 步骤 3：得到答案 (-3,2)。",把横纵变化量写反。,"答案 (-3,2) 正确。横坐标加 3，纵坐标加 2，所以 A'=(-3,2)。",换一组数值，继续练习同一章节的核心结构。
jianzisheng_cn_junior_chapter_expansion_v1_cn-junior-g8-coordinate-geometry_010,横坐标负责左右变化。,纵坐标负责上下变化。,"步骤 1：横坐标负责左右变化。 步骤 2：横坐标加 -3，纵坐标加 -2，所以 A'=(-8,0)。 步骤 3：得到答案 (-8,0)。",把横纵变化量写反。,"答案 (-8,0) 正确。横坐标加 -3，纵坐标加 -2，所以 A'=(-8,0)。",换一组数值，继续练习同一章节的核心结构。
jianzisheng_cn_junior_chapter_expansion_v1_cn-junior-g8-coordinate-geometry_011,横坐标负责左右变化。,纵坐标负责上下变化。,"步骤 1：横坐标负责左右变化。 步骤 2：横坐标加 -2，纵坐标加 1，所以 A'=(-6,5)。 步骤 3：得到答案 (-6,5)。",把横纵变化量写反。,"答案 (-6,5) 正确。横坐标加 -2，纵坐标加 1，所以 A'=(-6,5)。",换一组数值，继续练习同一章节的核心结构。
jianzisheng_cn_junior_chapter_expansion_v1_cn-junior-g8-coordinate-geometry_012,横坐标负责左右变化。,纵坐标负责上下变化。,"步骤 1：横坐标负责左右变化。 步骤 2：横坐标加 -1，纵坐标加 4，所以 A'=(-4,10)。 步骤 3：得到答案 (-4,10)。",把横纵变化量写反。,"答案 (-4,10) 正确。横坐标加 -1，纵坐标加 4，所以 A'=(-4,10)。",换一组数值，继续练习同一章节的核心结构。
jianzisheng_cn_junior_chapter_expansion_v1_cn-junior-g8-coordinate-geometry_013,横坐标负责左右变化。,纵坐标负责上下变化。,"步骤 1：横坐标负责左右变化。 步骤 2：横坐标加 0，纵坐标加 0，所以 A'=(-2,-3)。 步骤 3：得到答案 (-2,-3)。",把横纵变化量写反。,"答案 (-2,-3) 正确。横坐标加 0，纵坐标加 0，所以 A'=(-2,-3)。",换一组数值，继续练习同一章节的核心结构。
jianzisheng_cn_junior_chapter_expansion_v1_cn-junior-g8-coordinate-geometry_014,横坐标负责左右变化。,纵坐标负责上下变化。,"步骤 1：横坐标负责左右变化。 步骤 2：横坐标加 1，纵坐标加 3，所以 A'=(0,2)。 步骤 3：得到答案 (0,2)。",把横纵变化量写反。,"答案 (0,2) 正确。横坐标加 1，纵坐标加 3，所以 A'=(0,2)。",换一组数值，继续练习同一章节的核心结构。
jianzisheng_cn_junior_chapter_expansion_v1_cn-junior-g8-coordinate-geometry_015,横坐标负责左右变化。,纵坐标负责上下变化。,"步骤 1：横坐标负责左右变化。 步骤 2：横坐标加 2，纵坐标加 -1，所以 A'=(2,0)。 步骤 3：得到答案 (2,0)。",把横纵变化量写反。,"答案 (2,0) 正确。横坐标加 2，纵坐标加 -1，所以 A'=(2,0)。",换一组数值，继续练习同一章节的核心结构。
jianzisheng_cn_junior_chapter_expansion_v1_cn-junior-g8-coordinate-geometry_016,横坐标负责左右变化。,纵坐标负责上下变化。,"步骤 1：横坐标负责左右变化。 步骤 2：横坐标加 3，纵坐标加 2，所以 A'=(4,5)。 步骤 3：得到答案 (4,5)。",把横纵变化量写反。,"答案 (4,5) 正确。横坐标加 3，纵坐标加 2，所以 A'=(4,5)。",换一组数值，继续练习同一章节的核心结构。
jianzisheng_cn_junior_chapter_expansion_v1_cn-junior-g8-linear-functions_001,把给定的 x 值代入函数式。,先乘法，再加减。,步骤 1：把给定的 x 值代入函数式。 步骤 2：把 x=0 代入，得到 y=5×0+3=3。 步骤 3：得到答案 3。,把 kx 误算成 k+x。,答案 3 正确。把 x=0 代入，得到 y=5×0+3=3。,换一组数值，继续练习同一章节的核心结构。
jianzisheng_cn_junior_chapter_expansion_v1_cn-junior-g8-linear-functions_002,把给定的 x 值代入函数式。,先乘法，再加减。,步骤 1：把给定的 x 值代入函数式。 步骤 2：把 x=1 代入，得到 y=-3×1+5=2。 步骤 3：得到答案 2。,把 kx 误算成 k+x。,答案 2 正确。把 x=1 代入，得到 y=-3×1+5=2。,换一组数值，继续练习同一章节的核心结构。
jianzisheng_cn_junior_chapter_expansion_v1_cn-junior-g8-linear-functions_003,把给定的 x 值代入函数式。,先乘法，再加减。,步骤 1：把给定的 x 值代入函数式。 步骤 2：把 x=2 代入，得到 y=-2×2-6=-10。 步骤 3：得到答案 -10。,把 kx 误算成 k+x。,答案 -10 正确。把 x=2 代入，得到 y=-2×2-6=-10。,换一组数值，继续练习同一章节的核心结构。
jianzisheng_cn_junior_chapter_expansion_v1_cn-junior-g8-linear-functions_004,把给定的 x 值代入函数式。,先乘法，再加减。,步骤 1：把给定的 x 值代入函数式。 步骤 2：把 x=3 代入，得到 y=2×3-4=2。 步骤 3：得到答案 2。,把 kx 误算成 k+x。,答案 2 正确。把 x=3 代入，得到 y=2×3-4=2。,换一组数值，继续练习同一章节的核心结构。
jianzisheng_cn_junior_chapter_expansion_v1_cn-junior-g8-linear-functions_005,把给定的 x 值代入函数式。,先乘法，再加减。,步骤 1：把给定的 x 值代入函数式。 步骤 2：把 x=4 代入，得到 y=3×4-2=10。 步骤 3：得到答案 10。,把 kx 误算成 k+x。,答案 10 正确。把 x=4 代入，得到 y=3×4-2=10。,换一组数值，继续练习同一章节的核心结构。
jianzisheng_cn_junior_chapter_expansion_v1_cn-junior-g8-linear-functions_006,把给定的 x 值代入函数式。,先乘法，再加减。,步骤 1：把给定的 x 值代入函数式。 步骤 2：把 x=5 代入，得到 y=4×5+0=20。 步骤 3：得到答案 20。,把 kx 误算成 k+x。,答案 20 正确。把 x=5 代入，得到 y=4×5+0=20。,换一组数值，继续练习同一章节的核心结构。
jianzisheng_cn_junior_chapter_expansion_v1_cn-junior-g8-linear-functions_007,把给定的 x 值代入函数式。,先乘法，再加减。,步骤 1：把给定的 x 值代入函数式。 步骤 2：把 x=6 代入，得到 y=5×6+2=32。 步骤 3：得到答案 32。,把 kx 误算成 k+x。,答案 32 正确。把 x=6 代入，得到 y=5×6+2=32。,换一组数值，继续练习同一章节的核心结构。
jianzisheng_cn_junior_chapter_expansion_v1_cn-junior-g8-linear-functions_008,把给定的 x 值代入函数式。,先乘法，再加减。,步骤 1：把给定的 x 值代入函数式。 步骤 2：把 x=-2 代入，得到 y=-3×-2+4=10。 步骤 3：得到答案 10。,把 kx 误算成 k+x。,答案 10 正确。把 x=-2 代入，得到 y=-3×-2+4=10。,换一组数值，继续练习同一章节的核心结构。
jianzisheng_cn_junior_chapter_expansion_v1_cn-junior-g8-linear-functions_009,把给定的 x 值代入函数式。,先乘法，再加减。,步骤 1：把给定的 x 值代入函数式。 步骤 2：把 x=-1 代入，得到 y=-2×-1+6=8。 步骤 3：得到答案 8。,把 kx 误算成 k+x。,答案 8 正确。把 x=-1 代入，得到 y=-2×-1+6=8。,换一组数值，继续练习同一章节的核心结构。
jianzisheng_cn_junior_chapter_expansion_v1_cn-junior-g8-linear-functions_010,把给定的 x 值代入函数式。,先乘法，再加减。,步骤 1：把给定的 x 值代入函数式。 步骤 2：把 x=0 代入，得到 y=2×0-5=-5。 步骤 3：得到答案 -5。,把 kx 误算成 k+x。,答案 -5 正确。把 x=0 代入，得到 y=2×0-5=-5。,换一组数值，继续练习同一章节的核心结构。
jianzisheng_cn_junior_chapter_expansion_v1_cn-junior-g8-triangle-area_001,三角形面积公式里有除以 2。,先算底乘高，再取一半。,步骤 1：三角形面积公式里有除以 2。 步骤 2：三角形面积=底×高÷2，所以面积为 15×9÷2=67.5。 步骤 3：得到答案 67.5。,漏掉除以 2。,答案 67.5 正确。三角形面积=底×高÷2，所以面积为 15×9÷2=67.5。,换一组数值，继续练习同一章节的核心结构。
jianzisheng_cn_junior_chapter_expansion_v1_cn-junior-g8-triangle-area_002,三角形面积公式里有除以 2。,先算底乘高，再取一半。,步骤 1：三角形面积公式里有除以 2。 步骤 2：三角形面积=底×高÷2，所以面积为 16×11÷2=88。 步骤 3：得到答案 88。,漏掉除以 2。,答案 88 正确。三角形面积=底×高÷2，所以面积为 16×11÷2=88。,换一组数值，继续练习同一章节的核心结构。
jianzisheng_cn_junior_chapter_expansion_v1_cn-junior-g8-triangle-area_003,三角形面积公式里有除以 2。,先算底乘高，再取一半。,步骤 1：三角形面积公式里有除以 2。 步骤 2：三角形面积=底×高÷2，所以面积为 17×13÷2=110.5。 步骤 3：得到答案 110.5。,漏掉除以 2。,答案 110.5 正确。三角形面积=底×高÷2，所以面积为 17×13÷2=110.5。,换一组数值，继续练习同一章节的核心结构。
jianzisheng_cn_junior_chapter_expansion_v1_cn-junior-g8-triangle-area_004,三角形面积公式里有除以 2。,先算底乘高，再取一半。,步骤 1：三角形面积公式里有除以 2。 步骤 2：三角形面积=底×高÷2，所以面积为 18×5÷2=45。 步骤 3：得到答案 45。,漏掉除以 2。,答案 45 正确。三角形面积=底×高÷2，所以面积为 18×5÷2=45。,换一组数值，继续练习同一章节的核心结构。
jianzisheng_cn_junior_chapter_expansion_v1_cn-junior-g8-triangle-area_005,三角形面积公式里有除以 2。,先算底乘高，再取一半。,步骤 1：三角形面积公式里有除以 2。 步骤 2：三角形面积=底×高÷2，所以面积为 19×7÷2=66.5。 步骤 3：得到答案 66.5。,漏掉除以 2。,答案 66.5 正确。三角形面积=底×高÷2，所以面积为 19×7÷2=66.5。,换一组数值，继续练习同一章节的核心结构。
jianzisheng_cn_junior_chapter_expansion_v1_cn-junior-g8-triangle-area_006,三角形面积公式里有除以 2。,先算底乘高，再取一半。,步骤 1：三角形面积公式里有除以 2。 步骤 2：三角形面积=底×高÷2，所以面积为 8×9÷2=36。 步骤 3：得到答案 36。,漏掉除以 2。,答案 36 正确。三角形面积=底×高÷2，所以面积为 8×9÷2=36。,换一组数值，继续练习同一章节的核心结构。
jianzisheng_cn_junior_chapter_expansion_v1_cn-junior-g8-triangle-area_007,三角形面积公式里有除以 2。,先算底乘高，再取一半。,步骤 1：三角形面积公式里有除以 2。 步骤 2：三角形面积=底×高÷2，所以面积为 9×11÷2=49.5。 步骤 3：得到答案 49.5。,漏掉除以 2。,答案 49.5 正确。三角形面积=底×高÷2，所以面积为 9×11÷2=49.5。,换一组数值，继续练习同一章节的核心结构。
jianzisheng_cn_junior_chapter_expansion_v1_cn-junior-g8-triangle-area_008,三角形面积公式里有除以 2。,先算底乘高，再取一半。,步骤 1：三角形面积公式里有除以 2。 步骤 2：三角形面积=底×高÷2，所以面积为 10×13÷2=65。 步骤 3：得到答案 65。,漏掉除以 2。,答案 65 正确。三角形面积=底×高÷2，所以面积为 10×13÷2=65。,换一组数值，继续练习同一章节的核心结构。
jianzisheng_cn_junior_chapter_expansion_v1_cn-junior-g8-triangle-area_009,三角形面积公式里有除以 2。,先算底乘高，再取一半。,步骤 1：三角形面积公式里有除以 2。 步骤 2：三角形面积=底×高÷2，所以面积为 11×5÷2=27.5。 步骤 3：得到答案 27.5。,漏掉除以 2。,答案 27.5 正确。三角形面积=底×高÷2，所以面积为 11×5÷2=27.5。,换一组数值，继续练习同一章节的核心结构。
jianzisheng_cn_junior_chapter_expansion_v1_cn-junior-g8-triangle-area_010,三角形面积公式里有除以 2。,先算底乘高，再取一半。,步骤 1：三角形面积公式里有除以 2。 步骤 2：三角形面积=底×高÷2，所以面积为 12×7÷2=42。 步骤 3：得到答案 42。,漏掉除以 2。,答案 42 正确。三角形面积=底×高÷2，所以面积为 12×7÷2=42。,换一组数值，继续练习同一章节的核心结构。
jianzisheng_cn_junior_chapter_expansion_v1_cn-junior-g8-triangle-area_011,三角形面积公式里有除以 2。,先算底乘高，再取一半。,步骤 1：三角形面积公式里有除以 2。 步骤 2：三角形面积=底×高÷2，所以面积为 13×9÷2=58.5。 步骤 3：得到答案 58.5。,漏掉除以 2。,答案 58.5 正确。三角形面积=底×高÷2，所以面积为 13×9÷2=58.5。,换一组数值，继续练习同一章节的核心结构。
jianzisheng_cn_junior_chapter_expansion_v1_cn-junior-g8-triangle-area_012,三角形面积公式里有除以 2。,先算底乘高，再取一半。,步骤 1：三角形面积公式里有除以 2。 步骤 2：三角形面积=底×高÷2，所以面积为 14×11÷2=77。 步骤 3：得到答案 77。,漏掉除以 2。,答案 77 正确。三角形面积=底×高÷2，所以面积为 14×11÷2=77。,换一组数值，继续练习同一章节的核心结构。
jianzisheng_cn_junior_chapter_expansion_v1_cn-junior-g8-triangle-area_013,三角形面积公式里有除以 2。,先算底乘高，再取一半。,步骤 1：三角形面积公式里有除以 2。 步骤 2：三角形面积=底×高÷2，所以面积为 15×13÷2=97.5。 步骤 3：得到答案 97.5。,漏掉除以 2。,答案 97.5 正确。三角形面积=底×高÷2，所以面积为 15×13÷2=97.5。,换一组数值，继续练习同一章节的核心结构。
jianzisheng_cn_junior_chapter_expansion_v1_cn-junior-g8-triangle-area_014,三角形面积公式里有除以 2。,先算底乘高，再取一半。,步骤 1：三角形面积公式里有除以 2。 步骤 2：三角形面积=底×高÷2，所以面积为 16×5÷2=40。 步骤 3：得到答案 40。,漏掉除以 2。,答案 40 正确。三角形面积=底×高÷2，所以面积为 16×5÷2=40。,换一组数值，继续练习同一章节的核心结构。
jianzisheng_cn_junior_chapter_expansion_v1_cn-junior-g8-congruence-correspondence_001,按全等符号中的字母顺序找对应顶点。,对应边在全等三角形中长度相等。,步骤 1：按全等符号中的字母顺序找对应顶点。 步骤 2：全等三角形的对应边相等，所以 ST=13。 步骤 3：得到答案 13。,忽略全等符号中的对应顺序。,答案 13 正确。全等三角形的对应边相等，所以 ST=13。,换一组数值，继续练习同一章节的核心结构。
jianzisheng_cn_junior_chapter_expansion_v1_cn-junior-g8-congruence-correspondence_002,按全等符号中的字母顺序找对应顶点。,对应边在全等三角形中长度相等。,步骤 1：按全等符号中的字母顺序找对应顶点。 步骤 2：全等三角形的对应边相等，所以 DE=14。 步骤 3：得到答案 14。,忽略全等符号中的对应顺序。,答案 14 正确。全等三角形的对应边相等，所以 DE=14。,换一组数值，继续练习同一章节的核心结构。
jianzisheng_cn_junior_chapter_expansion_v1_cn-junior-g8-congruence-correspondence_003,按全等符号中的字母顺序找对应顶点。,对应边在全等三角形中长度相等。,步骤 1：按全等符号中的字母顺序找对应顶点。 步骤 2：全等三角形的对应边相等，所以 EF=15。 步骤 3：得到答案 15。,忽略全等符号中的对应顺序。,答案 15 正确。全等三角形的对应边相等，所以 EF=15。,换一组数值，继续练习同一章节的核心结构。
jianzisheng_cn_junior_chapter_expansion_v1_cn-junior-g8-congruence-correspondence_004,按全等符号中的字母顺序找对应顶点。,对应边在全等三角形中长度相等。,步骤 1：按全等符号中的字母顺序找对应顶点。 步骤 2：全等三角形的对应边相等，所以 XZ=16。 步骤 3：得到答案 16。,忽略全等符号中的对应顺序。,答案 16 正确。全等三角形的对应边相等，所以 XZ=16。,换一组数值，继续练习同一章节的核心结构。
jianzisheng_cn_junior_chapter_expansion_v1_cn-junior-g8-congruence-correspondence_005,按全等符号中的字母顺序找对应顶点。,对应边在全等三角形中长度相等。,步骤 1：按全等符号中的字母顺序找对应顶点。 步骤 2：全等三角形的对应边相等，所以 ST=17。 步骤 3：得到答案 17。,忽略全等符号中的对应顺序。,答案 17 正确。全等三角形的对应边相等，所以 ST=17。,换一组数值，继续练习同一章节的核心结构。
jianzisheng_cn_junior_chapter_expansion_v1_cn-junior-g8-congruence-correspondence_006,按全等符号中的字母顺序找对应顶点。,对应边在全等三角形中长度相等。,步骤 1：按全等符号中的字母顺序找对应顶点。 步骤 2：全等三角形的对应边相等，所以 DE=18。 步骤 3：得到答案 18。,忽略全等符号中的对应顺序。,答案 18 正确。全等三角形的对应边相等，所以 DE=18。,换一组数值，继续练习同一章节的核心结构。
jianzisheng_cn_junior_chapter_expansion_v1_cn-junior-g8-congruence-correspondence_007,按全等符号中的字母顺序找对应顶点。,对应边在全等三角形中长度相等。,步骤 1：按全等符号中的字母顺序找对应顶点。 步骤 2：全等三角形的对应边相等，所以 EF=19。 步骤 3：得到答案 19。,忽略全等符号中的对应顺序。,答案 19 正确。全等三角形的对应边相等，所以 EF=19。,换一组数值，继续练习同一章节的核心结构。
jianzisheng_cn_junior_chapter_expansion_v1_cn-junior-g8-congruence-correspondence_008,按全等符号中的字母顺序找对应顶点。,对应边在全等三角形中长度相等。,步骤 1：按全等符号中的字母顺序找对应顶点。 步骤 2：全等三角形的对应边相等，所以 XZ=20。 步骤 3：得到答案 20。,忽略全等符号中的对应顺序。,答案 20 正确。全等三角形的对应边相等，所以 XZ=20。,换一组数值，继续练习同一章节的核心结构。
jianzisheng_cn_junior_chapter_expansion_v1_cn-junior-g8-congruence-correspondence_009,按全等符号中的字母顺序找对应顶点。,对应边在全等三角形中长度相等。,步骤 1：按全等符号中的字母顺序找对应顶点。 步骤 2：全等三角形的对应边相等，所以 ST=6。 步骤 3：得到答案 6。,忽略全等符号中的对应顺序。,答案 6 正确。全等三角形的对应边相等，所以 ST=6。,换一组数值，继续练习同一章节的核心结构。
jianzisheng_cn_junior_chapter_expansion_v1_cn-junior-g8-congruence-correspondence_010,按全等符号中的字母顺序找对应顶点。,对应边在全等三角形中长度相等。,步骤 1：按全等符号中的字母顺序找对应顶点。 步骤 2：全等三角形的对应边相等，所以 DE=7。 步骤 3：得到答案 7。,忽略全等符号中的对应顺序。,答案 7 正确。全等三角形的对应边相等，所以 DE=7。,换一组数值，继续练习同一章节的核心结构。
jianzisheng_cn_junior_chapter_expansion_v1_cn-junior-g8-congruence-correspondence_011,按全等符号中的字母顺序找对应顶点。,对应边在全等三角形中长度相等。,步骤 1：按全等符号中的字母顺序找对应顶点。 步骤 2：全等三角形的对应边相等，所以 EF=8。 步骤 3：得到答案 8。,忽略全等符号中的对应顺序。,答案 8 正确。全等三角形的对应边相等，所以 EF=8。,换一组数值，继续练习同一章节的核心结构。
jianzisheng_cn_junior_chapter_expansion_v1_cn-junior-g8-congruence-correspondence_012,按全等符号中的字母顺序找对应顶点。,对应边在全等三角形中长度相等。,步骤 1：按全等符号中的字母顺序找对应顶点。 步骤 2：全等三角形的对应边相等，所以 XZ=9。 步骤 3：得到答案 9。,忽略全等符号中的对应顺序。,答案 9 正确。全等三角形的对应边相等，所以 XZ=9。,换一组数值，继续练习同一章节的核心结构。
jianzisheng_cn_junior_chapter_expansion_v1_cn-junior-g8-congruence-correspondence_013,按全等符号中的字母顺序找对应顶点。,对应边在全等三角形中长度相等。,步骤 1：按全等符号中的字母顺序找对应顶点。 步骤 2：全等三角形的对应边相等，所以 ST=10。 步骤 3：得到答案 10。,忽略全等符号中的对应顺序。,答案 10 正确。全等三角形的对应边相等，所以 ST=10。,换一组数值，继续练习同一章节的核心结构。
jianzisheng_cn_junior_chapter_expansion_v1_cn-junior-g8-congruence-correspondence_014,按全等符号中的字母顺序找对应顶点。,对应边在全等三角形中长度相等。,步骤 1：按全等符号中的字母顺序找对应顶点。 步骤 2：全等三角形的对应边相等，所以 DE=11。 步骤 3：得到答案 11。,忽略全等符号中的对应顺序。,答案 11 正确。全等三角形的对应边相等，所以 DE=11。,换一组数值，继续练习同一章节的核心结构。
jianzisheng_cn_junior_chapter_expansion_v1_cn-junior-g8-coordinate-distance_001,确认题目给的是斜边和一条直角边。,用斜边平方减去已知直角边平方。,步骤 1：确认题目给的是斜边和一条直角边。 步骤 2：由勾股定理，另一条直角边为 √(13^2-5^2)=12。 步骤 3：得到答案 12。,直接用斜边减直角边。,答案 12 正确。由勾股定理，另一条直角边为 √(13^2-5^2)=12。,换一组数值，继续练习同一章节的核心结构。
jianzisheng_cn_junior_chapter_expansion_v1_cn-junior-g8-coordinate-distance_002,确认题目给的是斜边和一条直角边。,用斜边平方减去已知直角边平方。,步骤 1：确认题目给的是斜边和一条直角边。 步骤 2：由勾股定理，另一条直角边为 √(15^2-9^2)=12。 步骤 3：得到答案 12。,直接用斜边减直角边。,答案 12 正确。由勾股定理，另一条直角边为 √(15^2-9^2)=12。,换一组数值，继续练习同一章节的核心结构。
jianzisheng_cn_junior_chapter_expansion_v1_cn-junior-g8-coordinate-distance_003,确认题目给的是斜边和一条直角边。,用斜边平方减去已知直角边平方。,步骤 1：确认题目给的是斜边和一条直角边。 步骤 2：由勾股定理，另一条直角边为 √(17^2-8^2)=15。 步骤 3：得到答案 15。,直接用斜边减直角边。,答案 15 正确。由勾股定理，另一条直角边为 √(17^2-8^2)=15。,换一组数值，继续练习同一章节的核心结构。
jianzisheng_cn_junior_chapter_expansion_v1_cn-junior-g8-coordinate-distance_004,确认题目给的是斜边和一条直角边。,用斜边平方减去已知直角边平方。,步骤 1：确认题目给的是斜边和一条直角边。 步骤 2：由勾股定理，另一条直角边为 √(25^2-7^2)=24。 步骤 3：得到答案 24。,直接用斜边减直角边。,答案 24 正确。由勾股定理，另一条直角边为 √(25^2-7^2)=24。,换一组数值，继续练习同一章节的核心结构。
jianzisheng_cn_junior_chapter_expansion_v1_cn-junior-g8-coordinate-distance_005,确认题目给的是斜边和一条直角边。,用斜边平方减去已知直角边平方。,步骤 1：确认题目给的是斜边和一条直角边。 步骤 2：由勾股定理，另一条直角边为 √(26^2-10^2)=24。 步骤 3：得到答案 24。,直接用斜边减直角边。,答案 24 正确。由勾股定理，另一条直角边为 √(26^2-10^2)=24。,换一组数值，继续练习同一章节的核心结构。
jianzisheng_cn_junior_chapter_expansion_v1_cn-junior-g8-coordinate-distance_006,确认题目给的是斜边和一条直角边。,用斜边平方减去已知直角边平方。,步骤 1：确认题目给的是斜边和一条直角边。 步骤 2：由勾股定理，另一条直角边为 √(10^2-6^2)=8。 步骤 3：得到答案 8。,直接用斜边减直角边。,答案 8 正确。由勾股定理，另一条直角边为 √(10^2-6^2)=8。,换一组数值，继续练习同一章节的核心结构。
jianzisheng_cn_junior_chapter_expansion_v1_cn-junior-g8-coordinate-distance_007,确认题目给的是斜边和一条直角边。,用斜边平方减去已知直角边平方。,步骤 1：确认题目给的是斜边和一条直角边。 步骤 2：由勾股定理，另一条直角边为 √(13^2-5^2)=12。 步骤 3：得到答案 12。,直接用斜边减直角边。,答案 12 正确。由勾股定理，另一条直角边为 √(13^2-5^2)=12。,换一组数值，继续练习同一章节的核心结构。
jianzisheng_cn_junior_chapter_expansion_v1_cn-junior-g8-coordinate-distance_008,确认题目给的是斜边和一条直角边。,用斜边平方减去已知直角边平方。,步骤 1：确认题目给的是斜边和一条直角边。 步骤 2：由勾股定理，另一条直角边为 √(15^2-9^2)=12。 步骤 3：得到答案 12。,直接用斜边减直角边。,答案 12 正确。由勾股定理，另一条直角边为 √(15^2-9^2)=12。,换一组数值，继续练习同一章节的核心结构。
jianzisheng_cn_junior_chapter_expansion_v1_cn-junior-g8-coordinate-distance_009,确认题目给的是斜边和一条直角边。,用斜边平方减去已知直角边平方。,步骤 1：确认题目给的是斜边和一条直角边。 步骤 2：由勾股定理，另一条直角边为 √(17^2-8^2)=15。 步骤 3：得到答案 15。,直接用斜边减直角边。,答案 15 正确。由勾股定理，另一条直角边为 √(17^2-8^2)=15。,换一组数值，继续练习同一章节的核心结构。
jianzisheng_cn_junior_chapter_expansion_v1_cn-junior-g8-coordinate-distance_010,确认题目给的是斜边和一条直角边。,用斜边平方减去已知直角边平方。,步骤 1：确认题目给的是斜边和一条直角边。 步骤 2：由勾股定理，另一条直角边为 √(25^2-7^2)=24。 步骤 3：得到答案 24。,直接用斜边减直角边。,答案 24 正确。由勾股定理，另一条直角边为 √(25^2-7^2)=24。,换一组数值，继续练习同一章节的核心结构。
jianzisheng_cn_junior_chapter_expansion_v1_cn-junior-g8-coordinate-distance_011,确认题目给的是斜边和一条直角边。,用斜边平方减去已知直角边平方。,步骤 1：确认题目给的是斜边和一条直角边。 步骤 2：由勾股定理，另一条直角边为 √(26^2-10^2)=24。 步骤 3：得到答案 24。,直接用斜边减直角边。,答案 24 正确。由勾股定理，另一条直角边为 √(26^2-10^2)=24。,换一组数值，继续练习同一章节的核心结构。
jianzisheng_cn_junior_chapter_expansion_v1_cn-junior-g8-coordinate-distance_012,确认题目给的是斜边和一条直角边。,用斜边平方减去已知直角边平方。,步骤 1：确认题目给的是斜边和一条直角边。 步骤 2：由勾股定理，另一条直角边为 √(10^2-6^2)=8。 步骤 3：得到答案 8。,直接用斜边减直角边。,答案 8 正确。由勾股定理，另一条直角边为 √(10^2-6^2)=8。,换一组数值，继续练习同一章节的核心结构。
jianzisheng_cn_junior_chapter_expansion_v1_cn-junior-g8-coordinate-distance_013,确认题目给的是斜边和一条直角边。,用斜边平方减去已知直角边平方。,步骤 1：确认题目给的是斜边和一条直角边。 步骤 2：由勾股定理，另一条直角边为 √(13^2-5^2)=12。 步骤 3：得到答案 12。,直接用斜边减直角边。,答案 12 正确。由勾股定理，另一条直角边为 √(13^2-5^2)=12。,换一组数值，继续练习同一章节的核心结构。
jianzisheng_cn_junior_chapter_expansion_v1_cn-junior-g8-coordinate-distance_014,确认题目给的是斜边和一条直角边。,用斜边平方减去已知直角边平方。,步骤 1：确认题目给的是斜边和一条直角边。 步骤 2：由勾股定理，另一条直角边为 √(15^2-9^2)=12。 步骤 3：得到答案 12。,直接用斜边减直角边。,答案 12 正确。由勾股定理，另一条直角边为 √(15^2-9^2)=12。,换一组数值，继续练习同一章节的核心结构。
jianzisheng_cn_junior_chapter_expansion_v1_cn-junior-g8-linear-slope_001,斜率是纵坐标变化量除以横坐标变化量。,两个点的顺序要前后一致。,步骤 1：斜率是纵坐标变化量除以横坐标变化量。 步骤 2：斜率 k=(y₂-y₁)/(x₂-x₁)=(12-2)/(3--2)=2。 步骤 3：得到答案 2。,把横向变化和纵向变化写反。,答案 2 正确。斜率 k=(y₂-y₁)/(x₂-x₁)=(12-2)/(3--2)=2。,换一组数值，继续练习同一章节的核心结构。
jianzisheng_cn_junior_chapter_expansion_v1_cn-junior-g8-linear-slope_002,斜率是纵坐标变化量除以横坐标变化量。,两个点的顺序要前后一致。,步骤 1：斜率是纵坐标变化量除以横坐标变化量。 步骤 2：斜率 k=(y₂-y₁)/(x₂-x₁)=(9-3)/(1--1)=3。 步骤 3：得到答案 3。,把横向变化和纵向变化写反。,答案 3 正确。斜率 k=(y₂-y₁)/(x₂-x₁)=(9-3)/(1--1)=3。,换一组数值，继续练习同一章节的核心结构。
jianzisheng_cn_junior_chapter_expansion_v1_cn-junior-g8-linear-slope_003,斜率是纵坐标变化量除以横坐标变化量。,两个点的顺序要前后一致。,步骤 1：斜率是纵坐标变化量除以横坐标变化量。 步骤 2：斜率 k=(y₂-y₁)/(x₂-x₁)=(16-4)/(3-0)=4。 步骤 3：得到答案 4。,把横向变化和纵向变化写反。,答案 4 正确。斜率 k=(y₂-y₁)/(x₂-x₁)=(16-4)/(3-0)=4。,换一组数值，继续练习同一章节的核心结构。
jianzisheng_cn_junior_chapter_expansion_v1_cn-junior-g8-linear-slope_004,斜率是纵坐标变化量除以横坐标变化量。,两个点的顺序要前后一致。,步骤 1：斜率是纵坐标变化量除以横坐标变化量。 步骤 2：斜率 k=(y₂-y₁)/(x₂-x₁)=(-3-5)/(5-1)=-2。 步骤 3：得到答案 -2。,把横向变化和纵向变化写反。,答案 -2 正确。斜率 k=(y₂-y₁)/(x₂-x₁)=(-3-5)/(5-1)=-2。,换一组数值，继续练习同一章节的核心结构。
jianzisheng_cn_junior_chapter_expansion_v1_cn-junior-g8-linear-slope_005,斜率是纵坐标变化量除以横坐标变化量。,两个点的顺序要前后一致。,步骤 1：斜率是纵坐标变化量除以横坐标变化量。 步骤 2：斜率 k=(y₂-y₁)/(x₂-x₁)=(-10--5)/(7-2)=-1。 步骤 3：得到答案 -1。,把横向变化和纵向变化写反。,答案 -1 正确。斜率 k=(y₂-y₁)/(x₂-x₁)=(-10--5)/(7-2)=-1。,换一组数值，继续练习同一章节的核心结构。
jianzisheng_cn_junior_chapter_expansion_v1_cn-junior-g8-linear-slope_006,斜率是纵坐标变化量除以横坐标变化量。,两个点的顺序要前后一致。,步骤 1：斜率是纵坐标变化量除以横坐标变化量。 步骤 2：斜率 k=(y₂-y₁)/(x₂-x₁)=(0--4)/(-1--3)=2。 步骤 3：得到答案 2。,把横向变化和纵向变化写反。,答案 2 正确。斜率 k=(y₂-y₁)/(x₂-x₁)=(0--4)/(-1--3)=2。,换一组数值，继续练习同一章节的核心结构。
jianzisheng_cn_junior_chapter_expansion_v1_cn-junior-g8-linear-slope_007,斜率是纵坐标变化量除以横坐标变化量。,两个点的顺序要前后一致。,步骤 1：斜率是纵坐标变化量除以横坐标变化量。 步骤 2：斜率 k=(y₂-y₁)/(x₂-x₁)=(6--3)/(1--2)=3。 步骤 3：得到答案 3。,把横向变化和纵向变化写反。,答案 3 正确。斜率 k=(y₂-y₁)/(x₂-x₁)=(6--3)/(1--2)=3。,换一组数值，继续练习同一章节的核心结构。
jianzisheng_cn_junior_chapter_expansion_v1_cn-junior-g8-linear-slope_008,斜率是纵坐标变化量除以横坐标变化量。,两个点的顺序要前后一致。,步骤 1：斜率是纵坐标变化量除以横坐标变化量。 步骤 2：斜率 k=(y₂-y₁)/(x₂-x₁)=(14--2)/(3--1)=4。 步骤 3：得到答案 4。,把横向变化和纵向变化写反。,答案 4 正确。斜率 k=(y₂-y₁)/(x₂-x₁)=(14--2)/(3--1)=4。,换一组数值，继续练习同一章节的核心结构。
jianzisheng_cn_junior_chapter_expansion_v1_cn-junior-g8-linear-slope_009,斜率是纵坐标变化量除以横坐标变化量。,两个点的顺序要前后一致。,步骤 1：斜率是纵坐标变化量除以横坐标变化量。 步骤 2：斜率 k=(y₂-y₁)/(x₂-x₁)=(-11--1)/(5-0)=-2。 步骤 3：得到答案 -2。,把横向变化和纵向变化写反。,答案 -2 正确。斜率 k=(y₂-y₁)/(x₂-x₁)=(-11--1)/(5-0)=-2。,换一组数值，继续练习同一章节的核心结构。
jianzisheng_cn_junior_chapter_expansion_v1_cn-junior-g8-linear-slope_010,斜率是纵坐标变化量除以横坐标变化量。,两个点的顺序要前后一致。,步骤 1：斜率是纵坐标变化量除以横坐标变化量。 步骤 2：斜率 k=(y₂-y₁)/(x₂-x₁)=(-2-0)/(3-1)=-1。 步骤 3：得到答案 -1。,把横向变化和纵向变化写反。,答案 -1 正确。斜率 k=(y₂-y₁)/(x₂-x₁)=(-2-0)/(3-1)=-1。,换一组数值，继续练习同一章节的核心结构。
jianzisheng_cn_junior_chapter_expansion_v1_cn-junior-g8-linear-slope_011,斜率是纵坐标变化量除以横坐标变化量。,两个点的顺序要前后一致。,步骤 1：斜率是纵坐标变化量除以横坐标变化量。 步骤 2：斜率 k=(y₂-y₁)/(x₂-x₁)=(7-1)/(5-2)=2。 步骤 3：得到答案 2。,把横向变化和纵向变化写反。,答案 2 正确。斜率 k=(y₂-y₁)/(x₂-x₁)=(7-1)/(5-2)=2。,换一组数值，继续练习同一章节的核心结构。
jianzisheng_cn_junior_chapter_expansion_v1_cn-junior-g8-linear-slope_012,斜率是纵坐标变化量除以横坐标变化量。,两个点的顺序要前后一致。,步骤 1：斜率是纵坐标变化量除以横坐标变化量。 步骤 2：斜率 k=(y₂-y₁)/(x₂-x₁)=(14-2)/(1--3)=3。 步骤 3：得到答案 3。,把横向变化和纵向变化写反。,答案 3 正确。斜率 k=(y₂-y₁)/(x₂-x₁)=(14-2)/(1--3)=3。,换一组数值，继续练习同一章节的核心结构。
jianzisheng_cn_junior_chapter_expansion_v1_cn-junior-g8-linear-slope_013,斜率是纵坐标变化量除以横坐标变化量。,两个点的顺序要前后一致。,步骤 1：斜率是纵坐标变化量除以横坐标变化量。 步骤 2：斜率 k=(y₂-y₁)/(x₂-x₁)=(23-3)/(3--2)=4。 步骤 3：得到答案 4。,把横向变化和纵向变化写反。,答案 4 正确。斜率 k=(y₂-y₁)/(x₂-x₁)=(23-3)/(3--2)=4。,换一组数值，继续练习同一章节的核心结构。
jianzisheng_cn_junior_chapter_expansion_v1_cn-junior-g8-linear-slope_014,斜率是纵坐标变化量除以横坐标变化量。,两个点的顺序要前后一致。,步骤 1：斜率是纵坐标变化量除以横坐标变化量。 步骤 2：斜率 k=(y₂-y₁)/(x₂-x₁)=(0-4)/(1--1)=-2。 步骤 3：得到答案 -2。,把横向变化和纵向变化写反。,答案 -2 正确。斜率 k=(y₂-y₁)/(x₂-x₁)=(0-4)/(1--1)=-2。,换一组数值，继续练习同一章节的核心结构。
jianzisheng_cn_junior_chapter_expansion_v1_cn-junior-g8-linear-modeling_001,区分初始量和每分钟变化量。,总量等于初始量加变化量乘时间。,步骤 1：区分初始量和每分钟变化量。 步骤 2：总量=初始量+每分钟增加量×时间，所以 12+9×10=102。 步骤 3：得到答案 102。,忘记加初始量。,答案 102 正确。总量=初始量+每分钟增加量×时间，所以 12+9×10=102。,换一组数值，继续练习同一章节的核心结构。
jianzisheng_cn_junior_chapter_expansion_v1_cn-junior-g8-linear-modeling_002,区分初始量和每分钟变化量。,总量等于初始量加变化量乘时间。,步骤 1：区分初始量和每分钟变化量。 步骤 2：总量=初始量+每分钟增加量×时间，所以 13+2×11=35。 步骤 3：得到答案 35。,忘记加初始量。,答案 35 正确。总量=初始量+每分钟增加量×时间，所以 13+2×11=35。,换一组数值，继续练习同一章节的核心结构。
jianzisheng_cn_junior_chapter_expansion_v1_cn-junior-g8-linear-modeling_003,区分初始量和每分钟变化量。,总量等于初始量加变化量乘时间。,步骤 1：区分初始量和每分钟变化量。 步骤 2：总量=初始量+每分钟增加量×时间，所以 14+3×3=23。 步骤 3：得到答案 23。,忘记加初始量。,答案 23 正确。总量=初始量+每分钟增加量×时间，所以 14+3×3=23。,换一组数值，继续练习同一章节的核心结构。
jianzisheng_cn_junior_chapter_expansion_v1_cn-junior-g8-linear-modeling_004,区分初始量和每分钟变化量。,总量等于初始量加变化量乘时间。,步骤 1：区分初始量和每分钟变化量。 步骤 2：总量=初始量+每分钟增加量×时间，所以 15+4×4=31。 步骤 3：得到答案 31。,忘记加初始量。,答案 31 正确。总量=初始量+每分钟增加量×时间，所以 15+4×4=31。,换一组数值，继续练习同一章节的核心结构。
jianzisheng_cn_junior_chapter_expansion_v1_cn-junior-g8-linear-modeling_005,区分初始量和每分钟变化量。,总量等于初始量加变化量乘时间。,步骤 1：区分初始量和每分钟变化量。 步骤 2：总量=初始量+每分钟增加量×时间，所以 16+5×5=41。 步骤 3：得到答案 41。,忘记加初始量。,答案 41 正确。总量=初始量+每分钟增加量×时间，所以 16+5×5=41。,换一组数值，继续练习同一章节的核心结构。
jianzisheng_cn_junior_chapter_expansion_v1_cn-junior-g8-linear-modeling_006,区分初始量和每分钟变化量。,总量等于初始量加变化量乘时间。,步骤 1：区分初始量和每分钟变化量。 步骤 2：总量=初始量+每分钟增加量×时间，所以 17+6×6=53。 步骤 3：得到答案 53。,忘记加初始量。,答案 53 正确。总量=初始量+每分钟增加量×时间，所以 17+6×6=53。,换一组数值，继续练习同一章节的核心结构。
jianzisheng_cn_junior_chapter_expansion_v1_cn-junior-g8-linear-modeling_007,区分初始量和每分钟变化量。,总量等于初始量加变化量乘时间。,步骤 1：区分初始量和每分钟变化量。 步骤 2：总量=初始量+每分钟增加量×时间，所以 18+7×7=67。 步骤 3：得到答案 67。,忘记加初始量。,答案 67 正确。总量=初始量+每分钟增加量×时间，所以 18+7×7=67。,换一组数值，继续练习同一章节的核心结构。
jianzisheng_cn_junior_chapter_expansion_v1_cn-junior-g8-linear-modeling_008,区分初始量和每分钟变化量。,总量等于初始量加变化量乘时间。,步骤 1：区分初始量和每分钟变化量。 步骤 2：总量=初始量+每分钟增加量×时间，所以 19+8×8=83。 步骤 3：得到答案 83。,忘记加初始量。,答案 83 正确。总量=初始量+每分钟增加量×时间，所以 19+8×8=83。,换一组数值，继续练习同一章节的核心结构。
jianzisheng_cn_junior_chapter_expansion_v1_cn-junior-g8-linear-modeling_009,区分初始量和每分钟变化量。,总量等于初始量加变化量乘时间。,步骤 1：区分初始量和每分钟变化量。 步骤 2：总量=初始量+每分钟增加量×时间，所以 20+9×9=101。 步骤 3：得到答案 101。,忘记加初始量。,答案 101 正确。总量=初始量+每分钟增加量×时间，所以 20+9×9=101。,换一组数值，继续练习同一章节的核心结构。
jianzisheng_cn_junior_chapter_expansion_v1_cn-junior-g8-linear-modeling_010,区分初始量和每分钟变化量。,总量等于初始量加变化量乘时间。,步骤 1：区分初始量和每分钟变化量。 步骤 2：总量=初始量+每分钟增加量×时间，所以 21+2×10=41。 步骤 3：得到答案 41。,忘记加初始量。,答案 41 正确。总量=初始量+每分钟增加量×时间，所以 21+2×10=41。,换一组数值，继续练习同一章节的核心结构。
jianzisheng_cn_junior_chapter_expansion_v1_cn-junior-g8-linear-modeling_011,区分初始量和每分钟变化量。,总量等于初始量加变化量乘时间。,步骤 1：区分初始量和每分钟变化量。 步骤 2：总量=初始量+每分钟增加量×时间，所以 22+3×11=55。 步骤 3：得到答案 55。,忘记加初始量。,答案 55 正确。总量=初始量+每分钟增加量×时间，所以 22+3×11=55。,换一组数值，继续练习同一章节的核心结构。
jianzisheng_cn_junior_chapter_expansion_v1_cn-junior-g8-linear-modeling_012,区分初始量和每分钟变化量。,总量等于初始量加变化量乘时间。,步骤 1：区分初始量和每分钟变化量。 步骤 2：总量=初始量+每分钟增加量×时间，所以 23+4×3=35。 步骤 3：得到答案 35。,忘记加初始量。,答案 35 正确。总量=初始量+每分钟增加量×时间，所以 23+4×3=35。,换一组数值，继续练习同一章节的核心结构。
jianzisheng_cn_junior_chapter_expansion_v1_cn-junior-g8-linear-modeling_013,区分初始量和每分钟变化量。,总量等于初始量加变化量乘时间。,步骤 1：区分初始量和每分钟变化量。 步骤 2：总量=初始量+每分钟增加量×时间，所以 24+5×4=44。 步骤 3：得到答案 44。,忘记加初始量。,答案 44 正确。总量=初始量+每分钟增加量×时间，所以 24+5×4=44。,换一组数值，继续练习同一章节的核心结构。
jianzisheng_cn_junior_chapter_expansion_v1_cn-junior-g8-linear-modeling_014,区分初始量和每分钟变化量。,总量等于初始量加变化量乘时间。,步骤 1：区分初始量和每分钟变化量。 步骤 2：总量=初始量+每分钟增加量×时间，所以 5+6×5=35。 步骤 3：得到答案 35。,忘记加初始量。,答案 35 正确。总量=初始量+每分钟增加量×时间，所以 5+6×5=35。,换一组数值，继续练习同一章节的核心结构。
jianzisheng_cn_junior_chapter_expansion_v1_cn-junior-g8-similarity_001,先求两个三角形之间的放大倍数。,相似图形对应边用同一个倍数变化。,步骤 1：先求两个三角形之间的放大倍数。 步骤 2：相似比为 5，所以对应边为 9×5=45。 步骤 3：得到答案 45。,把边长差当作固定增加量。,答案 45 正确。相似比为 5，所以对应边为 9×5=45。,换一组数值，继续练习同一章节的核心结构。
jianzisheng_cn_junior_chapter_expansion_v1_cn-junior-g8-similarity_002,先求两个三角形之间的放大倍数。,相似图形对应边用同一个倍数变化。,步骤 1：先求两个三角形之间的放大倍数。 步骤 2：相似比为 2，所以对应边为 11×2=22。 步骤 3：得到答案 22。,把边长差当作固定增加量。,答案 22 正确。相似比为 2，所以对应边为 11×2=22。,换一组数值，继续练习同一章节的核心结构。
jianzisheng_cn_junior_chapter_expansion_v1_cn-junior-g8-similarity_003,先求两个三角形之间的放大倍数。,相似图形对应边用同一个倍数变化。,步骤 1：先求两个三角形之间的放大倍数。 步骤 2：相似比为 3，所以对应边为 4×3=12。 步骤 3：得到答案 12。,把边长差当作固定增加量。,答案 12 正确。相似比为 3，所以对应边为 4×3=12。,换一组数值，继续练习同一章节的核心结构。
jianzisheng_cn_junior_chapter_expansion_v1_cn-junior-g8-similarity_004,先求两个三角形之间的放大倍数。,相似图形对应边用同一个倍数变化。,步骤 1：先求两个三角形之间的放大倍数。 步骤 2：相似比为 4，所以对应边为 6×4=24。 步骤 3：得到答案 24。,把边长差当作固定增加量。,答案 24 正确。相似比为 4，所以对应边为 6×4=24。,换一组数值，继续练习同一章节的核心结构。
jianzisheng_cn_junior_chapter_expansion_v1_cn-junior-g8-similarity_005,先求两个三角形之间的放大倍数。,相似图形对应边用同一个倍数变化。,步骤 1：先求两个三角形之间的放大倍数。 步骤 2：相似比为 5，所以对应边为 8×5=40。 步骤 3：得到答案 40。,把边长差当作固定增加量。,答案 40 正确。相似比为 5，所以对应边为 8×5=40。,换一组数值，继续练习同一章节的核心结构。
jianzisheng_cn_junior_chapter_expansion_v1_cn-junior-g8-similarity_006,先求两个三角形之间的放大倍数。,相似图形对应边用同一个倍数变化。,步骤 1：先求两个三角形之间的放大倍数。 步骤 2：相似比为 2，所以对应边为 10×2=20。 步骤 3：得到答案 20。,把边长差当作固定增加量。,答案 20 正确。相似比为 2，所以对应边为 10×2=20。,换一组数值，继续练习同一章节的核心结构。
jianzisheng_cn_junior_chapter_expansion_v1_cn-junior-g8-similarity_007,先求两个三角形之间的放大倍数。,相似图形对应边用同一个倍数变化。,步骤 1：先求两个三角形之间的放大倍数。 步骤 2：相似比为 3，所以对应边为 12×3=36。 步骤 3：得到答案 36。,把边长差当作固定增加量。,答案 36 正确。相似比为 3，所以对应边为 12×3=36。,换一组数值，继续练习同一章节的核心结构。
jianzisheng_cn_junior_chapter_expansion_v1_cn-junior-g8-similarity_008,先求两个三角形之间的放大倍数。,相似图形对应边用同一个倍数变化。,步骤 1：先求两个三角形之间的放大倍数。 步骤 2：相似比为 4，所以对应边为 5×4=20。 步骤 3：得到答案 20。,把边长差当作固定增加量。,答案 20 正确。相似比为 4，所以对应边为 5×4=20。,换一组数值，继续练习同一章节的核心结构。
jianzisheng_cn_junior_chapter_expansion_v1_cn-junior-g8-similarity_009,先求两个三角形之间的放大倍数。,相似图形对应边用同一个倍数变化。,步骤 1：先求两个三角形之间的放大倍数。 步骤 2：相似比为 5，所以对应边为 7×5=35。 步骤 3：得到答案 35。,把边长差当作固定增加量。,答案 35 正确。相似比为 5，所以对应边为 7×5=35。,换一组数值，继续练习同一章节的核心结构。
jianzisheng_cn_junior_chapter_expansion_v1_cn-junior-g8-similarity_010,先求两个三角形之间的放大倍数。,相似图形对应边用同一个倍数变化。,步骤 1：先求两个三角形之间的放大倍数。 步骤 2：相似比为 2，所以对应边为 9×2=18。 步骤 3：得到答案 18。,把边长差当作固定增加量。,答案 18 正确。相似比为 2，所以对应边为 9×2=18。,换一组数值，继续练习同一章节的核心结构。
jianzisheng_cn_junior_chapter_expansion_v1_cn-junior-g8-similarity_011,先求两个三角形之间的放大倍数。,相似图形对应边用同一个倍数变化。,步骤 1：先求两个三角形之间的放大倍数。 步骤 2：相似比为 3，所以对应边为 11×3=33。 步骤 3：得到答案 33。,把边长差当作固定增加量。,答案 33 正确。相似比为 3，所以对应边为 11×3=33。,换一组数值，继续练习同一章节的核心结构。
jianzisheng_cn_junior_chapter_expansion_v1_cn-junior-g8-similarity_012,先求两个三角形之间的放大倍数。,相似图形对应边用同一个倍数变化。,步骤 1：先求两个三角形之间的放大倍数。 步骤 2：相似比为 4，所以对应边为 4×4=16。 步骤 3：得到答案 16。,把边长差当作固定增加量。,答案 16 正确。相似比为 4，所以对应边为 4×4=16。,换一组数值，继续练习同一章节的核心结构。
jianzisheng_cn_junior_chapter_expansion_v1_cn-junior-g8-similarity_013,先求两个三角形之间的放大倍数。,相似图形对应边用同一个倍数变化。,步骤 1：先求两个三角形之间的放大倍数。 步骤 2：相似比为 5，所以对应边为 6×5=30。 步骤 3：得到答案 30。,把边长差当作固定增加量。,答案 30 正确。相似比为 5，所以对应边为 6×5=30。,换一组数值，继续练习同一章节的核心结构。
jianzisheng_cn_junior_chapter_expansion_v1_cn-junior-g8-similarity_014,先求两个三角形之间的放大倍数。,相似图形对应边用同一个倍数变化。,步骤 1：先求两个三角形之间的放大倍数。 步骤 2：相似比为 2，所以对应边为 8×2=16。 步骤 3：得到答案 16。,把边长差当作固定增加量。,答案 16 正确。相似比为 2，所以对应边为 8×2=16。,换一组数值，继续练习同一章节的核心结构。
jianzisheng_cn_junior_chapter_expansion_v1_cn-junior-g8-parallel-angles_001,先判断角之间是相等还是互补。,互补时用 180° 减去已知角。,步骤 1：先判断角之间是相等还是互补。 步骤 2：互补角和为 180°，所以目标角为 68°。 步骤 3：得到答案 68。,把互补角误当成相等角。,答案 68 正确。互补角和为 180°，所以目标角为 68°。,换一组数值，继续练习同一章节的核心结构。
jianzisheng_cn_junior_chapter_expansion_v1_cn-junior-g8-parallel-angles_002,先判断角之间是相等还是互补。,互补时用 180° 减去已知角。,步骤 1：先判断角之间是相等还是互补。 步骤 2：对应角或内错角相等，所以目标角为 123°。 步骤 3：得到答案 123。,把互补角误当成相等角。,答案 123 正确。对应角或内错角相等，所以目标角为 123°。,换一组数值，继续练习同一章节的核心结构。
jianzisheng_cn_junior_chapter_expansion_v1_cn-junior-g8-parallel-angles_003,先判断角之间是相等还是互补。,互补时用 180° 减去已知角。,步骤 1：先判断角之间是相等还是互补。 步骤 2：互补角和为 180°，所以目标角为 46°。 步骤 3：得到答案 46。,把互补角误当成相等角。,答案 46 正确。互补角和为 180°，所以目标角为 46°。,换一组数值，继续练习同一章节的核心结构。
jianzisheng_cn_junior_chapter_expansion_v1_cn-junior-g8-parallel-angles_004,先判断角之间是相等还是互补。,互补时用 180° 减去已知角。,步骤 1：先判断角之间是相等还是互补。 步骤 2：对应角或内错角相等，所以目标角为 35°。 步骤 3：得到答案 35。,把互补角误当成相等角。,答案 35 正确。对应角或内错角相等，所以目标角为 35°。,换一组数值，继续练习同一章节的核心结构。
jianzisheng_cn_junior_chapter_expansion_v1_cn-junior-g8-parallel-angles_005,先判断角之间是相等还是互补。,互补时用 180° 减去已知角。,步骤 1：先判断角之间是相等还是互补。 步骤 2：互补角和为 180°，所以目标角为 134°。 步骤 3：得到答案 134。,把互补角误当成相等角。,答案 134 正确。互补角和为 180°，所以目标角为 134°。,换一组数值，继续练习同一章节的核心结构。
jianzisheng_cn_junior_chapter_expansion_v1_cn-junior-g8-parallel-angles_006,先判断角之间是相等还是互补。,互补时用 180° 减去已知角。,步骤 1：先判断角之间是相等还是互补。 步骤 2：对应角或内错角相等，所以目标角为 57°。 步骤 3：得到答案 57。,把互补角误当成相等角。,答案 57 正确。对应角或内错角相等，所以目标角为 57°。,换一组数值，继续练习同一章节的核心结构。
jianzisheng_cn_junior_chapter_expansion_v1_cn-junior-g8-parallel-angles_007,先判断角之间是相等还是互补。,互补时用 180° 减去已知角。,步骤 1：先判断角之间是相等还是互补。 步骤 2：互补角和为 180°，所以目标角为 112°。 步骤 3：得到答案 112。,把互补角误当成相等角。,答案 112 正确。互补角和为 180°，所以目标角为 112°。,换一组数值，继续练习同一章节的核心结构。
jianzisheng_cn_junior_chapter_expansion_v1_cn-junior-g8-parallel-angles_008,先判断角之间是相等还是互补。,互补时用 180° 减去已知角。,步骤 1：先判断角之间是相等还是互补。 步骤 2：对应角或内错角相等，所以目标角为 79°。 步骤 3：得到答案 79。,把互补角误当成相等角。,答案 79 正确。对应角或内错角相等，所以目标角为 79°。,换一组数值，继续练习同一章节的核心结构。
jianzisheng_cn_junior_chapter_expansion_v1_cn-junior-g8-parallel-angles_009,先判断角之间是相等还是互补。,互补时用 180° 减去已知角。,步骤 1：先判断角之间是相等还是互补。 步骤 2：互补角和为 180°，所以目标角为 90°。 步骤 3：得到答案 90。,把互补角误当成相等角。,答案 90 正确。互补角和为 180°，所以目标角为 90°。,换一组数值，继续练习同一章节的核心结构。
jianzisheng_cn_junior_chapter_expansion_v1_cn-junior-g8-parallel-angles_010,先判断角之间是相等还是互补。,互补时用 180° 减去已知角。,步骤 1：先判断角之间是相等还是互补。 步骤 2：对应角或内错角相等，所以目标角为 101°。 步骤 3：得到答案 101。,把互补角误当成相等角。,答案 101 正确。对应角或内错角相等，所以目标角为 101°。,换一组数值，继续练习同一章节的核心结构。
jianzisheng_cn_junior_chapter_expansion_v1_cn-junior-g8-parallel-angles_011,先判断角之间是相等还是互补。,互补时用 180° 减去已知角。,步骤 1：先判断角之间是相等还是互补。 步骤 2：互补角和为 180°，所以目标角为 68°。 步骤 3：得到答案 68。,把互补角误当成相等角。,答案 68 正确。互补角和为 180°，所以目标角为 68°。,换一组数值，继续练习同一章节的核心结构。
jianzisheng_cn_junior_chapter_expansion_v1_cn-junior-g8-parallel-angles_012,先判断角之间是相等还是互补。,互补时用 180° 减去已知角。,步骤 1：先判断角之间是相等还是互补。 步骤 2：对应角或内错角相等，所以目标角为 123°。 步骤 3：得到答案 123。,把互补角误当成相等角。,答案 123 正确。对应角或内错角相等，所以目标角为 123°。,换一组数值，继续练习同一章节的核心结构。
jianzisheng_cn_junior_chapter_expansion_v1_cn-junior-g8-parallel-angles_013,先判断角之间是相等还是互补。,互补时用 180° 减去已知角。,步骤 1：先判断角之间是相等还是互补。 步骤 2：互补角和为 180°，所以目标角为 46°。 步骤 3：得到答案 46。,把互补角误当成相等角。,答案 46 正确。互补角和为 180°，所以目标角为 46°。,换一组数值，继续练习同一章节的核心结构。
jianzisheng_cn_junior_chapter_expansion_v1_cn-junior-g8-parallel-angles_014,先判断角之间是相等还是互补。,互补时用 180° 减去已知角。,步骤 1：先判断角之间是相等还是互补。 步骤 2：对应角或内错角相等，所以目标角为 35°。 步骤 3：得到答案 35。,把互补角误当成相等角。,答案 35 正确。对应角或内错角相等，所以目标角为 35°。,换一组数值，继续练习同一章节的核心结构。
jianzisheng_cn_junior_chapter_expansion_v1_cn-junior-g8-linear-inverse_001,先写出总量模型。,把目标总量代入再解时间。,步骤 1：先写出总量模型。 步骤 2：设需要 x 分钟，13+9x=112，解得 x=11。 步骤 3：得到答案 11。,直接用目标总量除以每分钟增加量。,答案 11 正确。设需要 x 分钟，13+9x=112，解得 x=11。,换一组数值，继续练习同一章节的核心结构。
jianzisheng_cn_junior_chapter_expansion_v1_cn-junior-g8-linear-inverse_002,先写出总量模型。,把目标总量代入再解时间。,步骤 1：先写出总量模型。 步骤 2：设需要 x 分钟，14+2x=22，解得 x=4。 步骤 3：得到答案 4。,直接用目标总量除以每分钟增加量。,答案 4 正确。设需要 x 分钟，14+2x=22，解得 x=4。,换一组数值，继续练习同一章节的核心结构。
jianzisheng_cn_junior_chapter_expansion_v1_cn-junior-g8-linear-inverse_003,先写出总量模型。,把目标总量代入再解时间。,步骤 1：先写出总量模型。 步骤 2：设需要 x 分钟，15+3x=30，解得 x=5。 步骤 3：得到答案 5。,直接用目标总量除以每分钟增加量。,答案 5 正确。设需要 x 分钟，15+3x=30，解得 x=5。,换一组数值，继续练习同一章节的核心结构。
jianzisheng_cn_junior_chapter_expansion_v1_cn-junior-g8-linear-inverse_004,先写出总量模型。,把目标总量代入再解时间。,步骤 1：先写出总量模型。 步骤 2：设需要 x 分钟，16+4x=40，解得 x=6。 步骤 3：得到答案 6。,直接用目标总量除以每分钟增加量。,答案 6 正确。设需要 x 分钟，16+4x=40，解得 x=6。,换一组数值，继续练习同一章节的核心结构。
jianzisheng_cn_junior_chapter_expansion_v1_cn-junior-g8-linear-inverse_005,先写出总量模型。,把目标总量代入再解时间。,步骤 1：先写出总量模型。 步骤 2：设需要 x 分钟，17+5x=52，解得 x=7。 步骤 3：得到答案 7。,直接用目标总量除以每分钟增加量。,答案 7 正确。设需要 x 分钟，17+5x=52，解得 x=7。,换一组数值，继续练习同一章节的核心结构。
jianzisheng_cn_junior_chapter_expansion_v1_cn-junior-g8-linear-inverse_006,先写出总量模型。,把目标总量代入再解时间。,步骤 1：先写出总量模型。 步骤 2：设需要 x 分钟，18+6x=66，解得 x=8。 步骤 3：得到答案 8。,直接用目标总量除以每分钟增加量。,答案 8 正确。设需要 x 分钟，18+6x=66，解得 x=8。,换一组数值，继续练习同一章节的核心结构。
jianzisheng_cn_junior_chapter_expansion_v1_cn-junior-g8-linear-inverse_007,先写出总量模型。,把目标总量代入再解时间。,步骤 1：先写出总量模型。 步骤 2：设需要 x 分钟，19+7x=82，解得 x=9。 步骤 3：得到答案 9。,直接用目标总量除以每分钟增加量。,答案 9 正确。设需要 x 分钟，19+7x=82，解得 x=9。,换一组数值，继续练习同一章节的核心结构。
jianzisheng_cn_junior_chapter_expansion_v1_cn-junior-g8-linear-inverse_008,先写出总量模型。,把目标总量代入再解时间。,步骤 1：先写出总量模型。 步骤 2：设需要 x 分钟，20+8x=100，解得 x=10。 步骤 3：得到答案 10。,直接用目标总量除以每分钟增加量。,答案 10 正确。设需要 x 分钟，20+8x=100，解得 x=10。,换一组数值，继续练习同一章节的核心结构。
jianzisheng_cn_junior_chapter_expansion_v1_cn-junior-g8-linear-inverse_009,先写出总量模型。,把目标总量代入再解时间。,步骤 1：先写出总量模型。 步骤 2：设需要 x 分钟，21+9x=120，解得 x=11。 步骤 3：得到答案 11。,直接用目标总量除以每分钟增加量。,答案 11 正确。设需要 x 分钟，21+9x=120，解得 x=11。,换一组数值，继续练习同一章节的核心结构。
jianzisheng_cn_junior_chapter_expansion_v1_cn-junior-g8-linear-inverse_010,先写出总量模型。,把目标总量代入再解时间。,步骤 1：先写出总量模型。 步骤 2：设需要 x 分钟，22+2x=30，解得 x=4。 步骤 3：得到答案 4。,直接用目标总量除以每分钟增加量。,答案 4 正确。设需要 x 分钟，22+2x=30，解得 x=4。,换一组数值，继续练习同一章节的核心结构。
jianzisheng_cn_junior_chapter_expansion_v1_cn-junior-g8-linear-inverse_011,先写出总量模型。,把目标总量代入再解时间。,步骤 1：先写出总量模型。 步骤 2：设需要 x 分钟，23+3x=38，解得 x=5。 步骤 3：得到答案 5。,直接用目标总量除以每分钟增加量。,答案 5 正确。设需要 x 分钟，23+3x=38，解得 x=5。,换一组数值，继续练习同一章节的核心结构。
jianzisheng_cn_junior_chapter_expansion_v1_cn-junior-g8-linear-inverse_012,先写出总量模型。,把目标总量代入再解时间。,步骤 1：先写出总量模型。 步骤 2：设需要 x 分钟，6+4x=30，解得 x=6。 步骤 3：得到答案 6。,直接用目标总量除以每分钟增加量。,答案 6 正确。设需要 x 分钟，6+4x=30，解得 x=6。,换一组数值，继续练习同一章节的核心结构。
jianzisheng_cn_junior_chapter_expansion_v1_cn-junior-g8-linear-inverse_013,先写出总量模型。,把目标总量代入再解时间。,步骤 1：先写出总量模型。 步骤 2：设需要 x 分钟，7+5x=42，解得 x=7。 步骤 3：得到答案 7。,直接用目标总量除以每分钟增加量。,答案 7 正确。设需要 x 分钟，7+5x=42，解得 x=7。,换一组数值，继续练习同一章节的核心结构。
jianzisheng_cn_junior_chapter_expansion_v1_cn-junior-g8-linear-inverse_014,先写出总量模型。,把目标总量代入再解时间。,步骤 1：先写出总量模型。 步骤 2：设需要 x 分钟，8+6x=56，解得 x=8。 步骤 3：得到答案 8。,直接用目标总量除以每分钟增加量。,答案 8 正确。设需要 x 分钟，8+6x=56，解得 x=8。,换一组数值，继续练习同一章节的核心结构。
jianzisheng_cn_junior_chapter_expansion_v1_cn-junior-g8-linear-intercept_001,点在函数图像上，坐标满足函数式。,把 x 和 y 同时代入，再解 b。,"步骤 1：点在函数图像上，坐标满足函数式。 步骤 2：把点 (5,12) 代入 y=2x+b，得 12=2×5+b，所以 b=2。 步骤 3：得到答案 2。",只代入 x，忘记 y 坐标。,"答案 2 正确。把点 (5,12) 代入 y=2x+b，得 12=2×5+b，所以 b=2。",换一组数值，继续练习同一章节的核心结构。
jianzisheng_cn_junior_chapter_expansion_v1_cn-junior-g8-linear-intercept_002,点在函数图像上，坐标满足函数式。,把 x 和 y 同时代入，再解 b。,"步骤 1：点在函数图像上，坐标满足函数式。 步骤 2：把点 (-2,-1) 代入 y=3x+b，得 -1=3×-2+b，所以 b=5。 步骤 3：得到答案 5。",只代入 x，忘记 y 坐标。,"答案 5 正确。把点 (-2,-1) 代入 y=3x+b，得 -1=3×-2+b，所以 b=5。",换一组数值，继续练习同一章节的核心结构。
jianzisheng_cn_junior_chapter_expansion_v1_cn-junior-g8-linear-intercept_003,点在函数图像上，坐标满足函数式。,把 x 和 y 同时代入，再解 b。,"步骤 1：点在函数图像上，坐标满足函数式。 步骤 2：把点 (-1,-9) 代入 y=4x+b，得 -9=4×-1+b，所以 b=-5。 步骤 3：得到答案 -5。",只代入 x，忘记 y 坐标。,"答案 -5 正确。把点 (-1,-9) 代入 y=4x+b，得 -9=4×-1+b，所以 b=-5。",换一组数值，继续练习同一章节的核心结构。
jianzisheng_cn_junior_chapter_expansion_v1_cn-junior-g8-linear-intercept_004,点在函数图像上，坐标满足函数式。,把 x 和 y 同时代入，再解 b。,"步骤 1：点在函数图像上，坐标满足函数式。 步骤 2：把点 (0,-2) 代入 y=-3x+b，得 -2=-3×0+b，所以 b=-2。 步骤 3：得到答案 -2。",只代入 x，忘记 y 坐标。,"答案 -2 正确。把点 (0,-2) 代入 y=-3x+b，得 -2=-3×0+b，所以 b=-2。",换一组数值，继续练习同一章节的核心结构。
jianzisheng_cn_junior_chapter_expansion_v1_cn-junior-g8-linear-intercept_005,点在函数图像上，坐标满足函数式。,把 x 和 y 同时代入，再解 b。,"步骤 1：点在函数图像上，坐标满足函数式。 步骤 2：把点 (1,-1) 代入 y=-2x+b，得 -1=-2×1+b，所以 b=1。 步骤 3：得到答案 1。",只代入 x，忘记 y 坐标。,"答案 1 正确。把点 (1,-1) 代入 y=-2x+b，得 -1=-2×1+b，所以 b=1。",换一组数值，继续练习同一章节的核心结构。
jianzisheng_cn_junior_chapter_expansion_v1_cn-junior-g8-linear-intercept_006,点在函数图像上，坐标满足函数式。,把 x 和 y 同时代入，再解 b。,"步骤 1：点在函数图像上，坐标满足函数式。 步骤 2：把点 (2,8) 代入 y=2x+b，得 8=2×2+b，所以 b=4。 步骤 3：得到答案 4。",只代入 x，忘记 y 坐标。,"答案 4 正确。把点 (2,8) 代入 y=2x+b，得 8=2×2+b，所以 b=4。",换一组数值，继续练习同一章节的核心结构。
jianzisheng_cn_junior_chapter_expansion_v1_cn-junior-g8-linear-intercept_007,点在函数图像上，坐标满足函数式。,把 x 和 y 同时代入，再解 b。,"步骤 1：点在函数图像上，坐标满足函数式。 步骤 2：把点 (3,3) 代入 y=3x+b，得 3=3×3+b，所以 b=-6。 步骤 3：得到答案 -6。",只代入 x，忘记 y 坐标。,"答案 -6 正确。把点 (3,3) 代入 y=3x+b，得 3=3×3+b，所以 b=-6。",换一组数值，继续练习同一章节的核心结构。
jianzisheng_cn_junior_chapter_expansion_v1_cn-junior-g8-linear-intercept_008,点在函数图像上，坐标满足函数式。,把 x 和 y 同时代入，再解 b。,"步骤 1：点在函数图像上，坐标满足函数式。 步骤 2：把点 (4,13) 代入 y=4x+b，得 13=4×4+b，所以 b=-3。 步骤 3：得到答案 -3。",只代入 x，忘记 y 坐标。,"答案 -3 正确。把点 (4,13) 代入 y=4x+b，得 13=4×4+b，所以 b=-3。",换一组数值，继续练习同一章节的核心结构。
jianzisheng_cn_junior_chapter_expansion_v1_cn-junior-g8-linear-intercept_009,点在函数图像上，坐标满足函数式。,把 x 和 y 同时代入，再解 b。,"步骤 1：点在函数图像上，坐标满足函数式。 步骤 2：把点 (5,-15) 代入 y=-3x+b，得 -15=-3×5+b，所以 b=0。 步骤 3：得到答案 0。",只代入 x，忘记 y 坐标。,"答案 0 正确。把点 (5,-15) 代入 y=-3x+b，得 -15=-3×5+b，所以 b=0。",换一组数值，继续练习同一章节的核心结构。
jianzisheng_cn_junior_chapter_expansion_v1_cn-junior-g8-linear-intercept_010,点在函数图像上，坐标满足函数式。,把 x 和 y 同时代入，再解 b。,"步骤 1：点在函数图像上，坐标满足函数式。 步骤 2：把点 (-2,7) 代入 y=-2x+b，得 7=-2×-2+b，所以 b=3。 步骤 3：得到答案 3。",只代入 x，忘记 y 坐标。,"答案 3 正确。把点 (-2,7) 代入 y=-2x+b，得 7=-2×-2+b，所以 b=3。",换一组数值，继续练习同一章节的核心结构。
jianzisheng_cn_junior_chapter_expansion_v1_cn-junior-g8-linear-intercept_011,点在函数图像上，坐标满足函数式。,把 x 和 y 同时代入，再解 b。,"步骤 1：点在函数图像上，坐标满足函数式。 步骤 2：把点 (-1,4) 代入 y=2x+b，得 4=2×-1+b，所以 b=6。 步骤 3：得到答案 6。",只代入 x，忘记 y 坐标。,"答案 6 正确。把点 (-1,4) 代入 y=2x+b，得 4=2×-1+b，所以 b=6。",换一组数值，继续练习同一章节的核心结构。
jianzisheng_cn_junior_chapter_expansion_v1_cn-junior-g8-linear-intercept_012,点在函数图像上，坐标满足函数式。,把 x 和 y 同时代入，再解 b。,"步骤 1：点在函数图像上，坐标满足函数式。 步骤 2：把点 (0,-4) 代入 y=3x+b，得 -4=3×0+b，所以 b=-4。 步骤 3：得到答案 -4。",只代入 x，忘记 y 坐标。,"答案 -4 正确。把点 (0,-4) 代入 y=3x+b，得 -4=3×0+b，所以 b=-4。",换一组数值，继续练习同一章节的核心结构。
jianzisheng_cn_junior_chapter_expansion_v1_cn-junior-g8-linear-intercept_013,点在函数图像上，坐标满足函数式。,把 x 和 y 同时代入，再解 b。,"步骤 1：点在函数图像上，坐标满足函数式。 步骤 2：把点 (1,3) 代入 y=4x+b，得 3=4×1+b，所以 b=-1。 步骤 3：得到答案 -1。",只代入 x，忘记 y 坐标。,"答案 -1 正确。把点 (1,3) 代入 y=4x+b，得 3=4×1+b，所以 b=-1。",换一组数值，继续练习同一章节的核心结构。
jianzisheng_cn_junior_chapter_expansion_v1_cn-junior-g8-linear-intercept_014,点在函数图像上，坐标满足函数式。,把 x 和 y 同时代入，再解 b。,"步骤 1：点在函数图像上，坐标满足函数式。 步骤 2：把点 (2,-4) 代入 y=-3x+b，得 -4=-3×2+b，所以 b=2。 步骤 3：得到答案 2。",只代入 x，忘记 y 坐标。,"答案 2 正确。把点 (2,-4) 代入 y=-3x+b，得 -4=-3×2+b，所以 b=2。",换一组数值，继续练习同一章节的核心结构。
jianzisheng_cn_junior_chapter_expansion_v1_cn-junior-g8-linear-intersection_001,交点表示两个函数在同一个 x 下有相同 y。,令两个表达式相等。,步骤 1：交点表示两个函数在同一个 x 下有相同 y。 步骤 2：交点处两个 y 值相等，令两个表达式相等可解得 x=3。 步骤 3：得到答案 3。,直接用两个截距相减。,答案 3 正确。交点处两个 y 值相等，令两个表达式相等可解得 x=3。,换一组数值，继续练习同一章节的核心结构。
jianzisheng_cn_junior_chapter_expansion_v1_cn-junior-g8-linear-intersection_002,交点表示两个函数在同一个 x 下有相同 y。,令两个表达式相等。,步骤 1：交点表示两个函数在同一个 x 下有相同 y。 步骤 2：交点处两个 y 值相等，令两个表达式相等可解得 x=4。 步骤 3：得到答案 4。,直接用两个截距相减。,答案 4 正确。交点处两个 y 值相等，令两个表达式相等可解得 x=4。,换一组数值，继续练习同一章节的核心结构。
jianzisheng_cn_junior_chapter_expansion_v1_cn-junior-g8-linear-intersection_003,交点表示两个函数在同一个 x 下有相同 y。,令两个表达式相等。,步骤 1：交点表示两个函数在同一个 x 下有相同 y。 步骤 2：交点处两个 y 值相等，令两个表达式相等可解得 x=5。 步骤 3：得到答案 5。,直接用两个截距相减。,答案 5 正确。交点处两个 y 值相等，令两个表达式相等可解得 x=5。,换一组数值，继续练习同一章节的核心结构。
jianzisheng_cn_junior_chapter_expansion_v1_cn-junior-g8-linear-intersection_004,交点表示两个函数在同一个 x 下有相同 y。,令两个表达式相等。,步骤 1：交点表示两个函数在同一个 x 下有相同 y。 步骤 2：交点处两个 y 值相等，令两个表达式相等可解得 x=6。 步骤 3：得到答案 6。,直接用两个截距相减。,答案 6 正确。交点处两个 y 值相等，令两个表达式相等可解得 x=6。,换一组数值，继续练习同一章节的核心结构。
jianzisheng_cn_junior_chapter_expansion_v1_cn-junior-g8-linear-intersection_005,交点表示两个函数在同一个 x 下有相同 y。,令两个表达式相等。,步骤 1：交点表示两个函数在同一个 x 下有相同 y。 步骤 2：交点处两个 y 值相等，令两个表达式相等可解得 x=7。 步骤 3：得到答案 7。,直接用两个截距相减。,答案 7 正确。交点处两个 y 值相等，令两个表达式相等可解得 x=7。,换一组数值，继续练习同一章节的核心结构。
jianzisheng_cn_junior_chapter_expansion_v1_cn-junior-g8-linear-intersection_006,交点表示两个函数在同一个 x 下有相同 y。,令两个表达式相等。,步骤 1：交点表示两个函数在同一个 x 下有相同 y。 步骤 2：交点处两个 y 值相等，令两个表达式相等可解得 x=2。 步骤 3：得到答案 2。,直接用两个截距相减。,答案 2 正确。交点处两个 y 值相等，令两个表达式相等可解得 x=2。,换一组数值，继续练习同一章节的核心结构。
jianzisheng_cn_junior_chapter_expansion_v1_cn-junior-g8-linear-intersection_007,交点表示两个函数在同一个 x 下有相同 y。,令两个表达式相等。,步骤 1：交点表示两个函数在同一个 x 下有相同 y。 步骤 2：交点处两个 y 值相等，令两个表达式相等可解得 x=3。 步骤 3：得到答案 3。,直接用两个截距相减。,答案 3 正确。交点处两个 y 值相等，令两个表达式相等可解得 x=3。,换一组数值，继续练习同一章节的核心结构。
jianzisheng_cn_junior_chapter_expansion_v1_cn-junior-g8-linear-intersection_008,交点表示两个函数在同一个 x 下有相同 y。,令两个表达式相等。,步骤 1：交点表示两个函数在同一个 x 下有相同 y。 步骤 2：交点处两个 y 值相等，令两个表达式相等可解得 x=4。 步骤 3：得到答案 4。,直接用两个截距相减。,答案 4 正确。交点处两个 y 值相等，令两个表达式相等可解得 x=4。,换一组数值，继续练习同一章节的核心结构。
jianzisheng_cn_junior_chapter_expansion_v1_cn-junior-g8-linear-intersection_009,交点表示两个函数在同一个 x 下有相同 y。,令两个表达式相等。,步骤 1：交点表示两个函数在同一个 x 下有相同 y。 步骤 2：交点处两个 y 值相等，令两个表达式相等可解得 x=5。 步骤 3：得到答案 5。,直接用两个截距相减。,答案 5 正确。交点处两个 y 值相等，令两个表达式相等可解得 x=5。,换一组数值，继续练习同一章节的核心结构。
jianzisheng_cn_junior_chapter_expansion_v1_cn-junior-g8-linear-intersection_010,交点表示两个函数在同一个 x 下有相同 y。,令两个表达式相等。,步骤 1：交点表示两个函数在同一个 x 下有相同 y。 步骤 2：交点处两个 y 值相等，令两个表达式相等可解得 x=6。 步骤 3：得到答案 6。,直接用两个截距相减。,答案 6 正确。交点处两个 y 值相等，令两个表达式相等可解得 x=6。,换一组数值，继续练习同一章节的核心结构。
jianzisheng_cn_junior_chapter_expansion_v1_cn-junior-g8-linear-intersection_011,交点表示两个函数在同一个 x 下有相同 y。,令两个表达式相等。,步骤 1：交点表示两个函数在同一个 x 下有相同 y。 步骤 2：交点处两个 y 值相等，令两个表达式相等可解得 x=7。 步骤 3：得到答案 7。,直接用两个截距相减。,答案 7 正确。交点处两个 y 值相等，令两个表达式相等可解得 x=7。,换一组数值，继续练习同一章节的核心结构。
jianzisheng_cn_junior_chapter_expansion_v1_cn-junior-g8-linear-intersection_012,交点表示两个函数在同一个 x 下有相同 y。,令两个表达式相等。,步骤 1：交点表示两个函数在同一个 x 下有相同 y。 步骤 2：交点处两个 y 值相等，令两个表达式相等可解得 x=2。 步骤 3：得到答案 2。,直接用两个截距相减。,答案 2 正确。交点处两个 y 值相等，令两个表达式相等可解得 x=2。,换一组数值，继续练习同一章节的核心结构。
jianzisheng_cn_junior_chapter_expansion_v1_cn-junior-g8-linear-intersection_013,交点表示两个函数在同一个 x 下有相同 y。,令两个表达式相等。,步骤 1：交点表示两个函数在同一个 x 下有相同 y。 步骤 2：交点处两个 y 值相等，令两个表达式相等可解得 x=3。 步骤 3：得到答案 3。,直接用两个截距相减。,答案 3 正确。交点处两个 y 值相等，令两个表达式相等可解得 x=3。,换一组数值，继续练习同一章节的核心结构。
jianzisheng_cn_junior_chapter_expansion_v1_cn-junior-g8-linear-intersection_014,交点表示两个函数在同一个 x 下有相同 y。,令两个表达式相等。,步骤 1：交点表示两个函数在同一个 x 下有相同 y。 步骤 2：交点处两个 y 值相等，令两个表达式相等可解得 x=4。 步骤 3：得到答案 4。,直接用两个截距相减。,答案 4 正确。交点处两个 y 值相等，令两个表达式相等可解得 x=4。,换一组数值，继续练习同一章节的核心结构。
jianzisheng_cn_junior_chapter_expansion_v1_cn-junior-g8-coordinate-midpoint_001,中点横坐标是两个横坐标平均数。,中点纵坐标是两个纵坐标平均数。,"步骤 1：中点横坐标是两个横坐标平均数。 步骤 2：中点坐标等于两个端点坐标分别求平均，所以中点为 (3,6)。 步骤 3：得到答案 (3,6)。",直接相加没有除以 2。,"答案 (3,6) 正确。中点坐标等于两个端点坐标分别求平均，所以中点为 (3,6)。",换一组数值，继续练习同一章节的核心结构。
jianzisheng_cn_junior_chapter_expansion_v1_cn-junior-g8-coordinate-midpoint_002,中点横坐标是两个横坐标平均数。,中点纵坐标是两个纵坐标平均数。,"步骤 1：中点横坐标是两个横坐标平均数。 步骤 2：中点坐标等于两个端点坐标分别求平均，所以中点为 (5,5)。 步骤 3：得到答案 (5,5)。",直接相加没有除以 2。,"答案 (5,5) 正确。中点坐标等于两个端点坐标分别求平均，所以中点为 (5,5)。",换一组数值，继续练习同一章节的核心结构。
jianzisheng_cn_junior_chapter_expansion_v1_cn-junior-g8-coordinate-midpoint_003,中点横坐标是两个横坐标平均数。,中点纵坐标是两个纵坐标平均数。,"步骤 1：中点横坐标是两个横坐标平均数。 步骤 2：中点坐标等于两个端点坐标分别求平均，所以中点为 (7,8)。 步骤 3：得到答案 (7,8)。",直接相加没有除以 2。,"答案 (7,8) 正确。中点坐标等于两个端点坐标分别求平均，所以中点为 (7,8)。",换一组数值，继续练习同一章节的核心结构。
jianzisheng_cn_junior_chapter_expansion_v1_cn-junior-g8-coordinate-midpoint_004,中点横坐标是两个横坐标平均数。,中点纵坐标是两个纵坐标平均数。,"步骤 1：中点横坐标是两个横坐标平均数。 步骤 2：中点坐标等于两个端点坐标分别求平均，所以中点为 (-6,1)。 步骤 3：得到答案 (-6,1)。",直接相加没有除以 2。,"答案 (-6,1) 正确。中点坐标等于两个端点坐标分别求平均，所以中点为 (-6,1)。",换一组数值，继续练习同一章节的核心结构。
jianzisheng_cn_junior_chapter_expansion_v1_cn-junior-g8-coordinate-midpoint_005,中点横坐标是两个横坐标平均数。,中点纵坐标是两个纵坐标平均数。,"步骤 1：中点横坐标是两个横坐标平均数。 步骤 2：中点坐标等于两个端点坐标分别求平均，所以中点为 (-4,4)。 步骤 3：得到答案 (-4,4)。",直接相加没有除以 2。,"答案 (-4,4) 正确。中点坐标等于两个端点坐标分别求平均，所以中点为 (-4,4)。",换一组数值，继续练习同一章节的核心结构。
jianzisheng_cn_junior_chapter_expansion_v1_cn-junior-g8-coordinate-midpoint_006,中点横坐标是两个横坐标平均数。,中点纵坐标是两个纵坐标平均数。,"步骤 1：中点横坐标是两个横坐标平均数。 步骤 2：中点坐标等于两个端点坐标分别求平均，所以中点为 (-2,3)。 步骤 3：得到答案 (-2,3)。",直接相加没有除以 2。,"答案 (-2,3) 正确。中点坐标等于两个端点坐标分别求平均，所以中点为 (-2,3)。",换一组数值，继续练习同一章节的核心结构。
jianzisheng_cn_junior_chapter_expansion_v1_cn-junior-g8-coordinate-midpoint_007,中点横坐标是两个横坐标平均数。,中点纵坐标是两个纵坐标平均数。,"步骤 1：中点横坐标是两个横坐标平均数。 步骤 2：中点坐标等于两个端点坐标分别求平均，所以中点为 (0,6)。 步骤 3：得到答案 (0,6)。",直接相加没有除以 2。,"答案 (0,6) 正确。中点坐标等于两个端点坐标分别求平均，所以中点为 (0,6)。",换一组数值，继续练习同一章节的核心结构。
jianzisheng_cn_junior_chapter_expansion_v1_cn-junior-g8-coordinate-midpoint_008,中点横坐标是两个横坐标平均数。,中点纵坐标是两个纵坐标平均数。,"步骤 1：中点横坐标是两个横坐标平均数。 步骤 2：中点坐标等于两个端点坐标分别求平均，所以中点为 (2,9)。 步骤 3：得到答案 (2,9)。",直接相加没有除以 2。,"答案 (2,9) 正确。中点坐标等于两个端点坐标分别求平均，所以中点为 (2,9)。",换一组数值，继续练习同一章节的核心结构。
jianzisheng_cn_junior_chapter_expansion_v1_cn-junior-g8-coordinate-midpoint_009,中点横坐标是两个横坐标平均数。,中点纵坐标是两个纵坐标平均数。,"步骤 1：中点横坐标是两个横坐标平均数。 步骤 2：中点坐标等于两个端点坐标分别求平均，所以中点为 (-1,2)。 步骤 3：得到答案 (-1,2)。",直接相加没有除以 2。,"答案 (-1,2) 正确。中点坐标等于两个端点坐标分别求平均，所以中点为 (-1,2)。",换一组数值，继续练习同一章节的核心结构。
jianzisheng_cn_junior_chapter_expansion_v1_cn-junior-g8-coordinate-midpoint_010,中点横坐标是两个横坐标平均数。,中点纵坐标是两个纵坐标平均数。,"步骤 1：中点横坐标是两个横坐标平均数。 步骤 2：中点坐标等于两个端点坐标分别求平均，所以中点为 (1,1)。 步骤 3：得到答案 (1,1)。",直接相加没有除以 2。,"答案 (1,1) 正确。中点坐标等于两个端点坐标分别求平均，所以中点为 (1,1)。",换一组数值，继续练习同一章节的核心结构。
jianzisheng_cn_junior_chapter_expansion_v1_cn-junior-g8-coordinate-midpoint_011,中点横坐标是两个横坐标平均数。,中点纵坐标是两个纵坐标平均数。,"步骤 1：中点横坐标是两个横坐标平均数。 步骤 2：中点坐标等于两个端点坐标分别求平均，所以中点为 (3,4)。 步骤 3：得到答案 (3,4)。",直接相加没有除以 2。,"答案 (3,4) 正确。中点坐标等于两个端点坐标分别求平均，所以中点为 (3,4)。",换一组数值，继续练习同一章节的核心结构。
jianzisheng_cn_junior_chapter_expansion_v1_cn-junior-g8-coordinate-midpoint_012,中点横坐标是两个横坐标平均数。,中点纵坐标是两个纵坐标平均数。,"步骤 1：中点横坐标是两个横坐标平均数。 步骤 2：中点坐标等于两个端点坐标分别求平均，所以中点为 (5,7)。 步骤 3：得到答案 (5,7)。",直接相加没有除以 2。,"答案 (5,7) 正确。中点坐标等于两个端点坐标分别求平均，所以中点为 (5,7)。",换一组数值，继续练习同一章节的核心结构。
jianzisheng_cn_junior_chapter_expansion_v1_cn-junior-g8-coordinate-midpoint_013,中点横坐标是两个横坐标平均数。,中点纵坐标是两个纵坐标平均数。,"步骤 1：中点横坐标是两个横坐标平均数。 步骤 2：中点坐标等于两个端点坐标分别求平均，所以中点为 (7,10)。 步骤 3：得到答案 (7,10)。",直接相加没有除以 2。,"答案 (7,10) 正确。中点坐标等于两个端点坐标分别求平均，所以中点为 (7,10)。",换一组数值，继续练习同一章节的核心结构。
jianzisheng_cn_junior_chapter_expansion_v1_cn-junior-g8-coordinate-midpoint_014,中点横坐标是两个横坐标平均数。,中点纵坐标是两个纵坐标平均数。,"步骤 1：中点横坐标是两个横坐标平均数。 步骤 2：中点坐标等于两个端点坐标分别求平均，所以中点为 (-6,-1)。 步骤 3：得到答案 (-6,-1)。",直接相加没有除以 2。,"答案 (-6,-1) 正确。中点坐标等于两个端点坐标分别求平均，所以中点为 (-6,-1)。",换一组数值，继续练习同一章节的核心结构。
jianzisheng_cn_junior_chapter_expansion_v1_cn-junior-g8-similarity-missing-side_001,先求两个三角形之间的放大倍数。,相似图形对应边用同一个倍数变化。,步骤 1：先求两个三角形之间的放大倍数。 步骤 2：相似比为 5，所以对应边为 9×5=45。 步骤 3：得到答案 45。,把边长差当作固定增加量。,答案 45 正确。相似比为 5，所以对应边为 9×5=45。,换一组数值，继续练习同一章节的核心结构。
jianzisheng_cn_junior_chapter_expansion_v1_cn-junior-g8-similarity-missing-side_002,先求两个三角形之间的放大倍数。,相似图形对应边用同一个倍数变化。,步骤 1：先求两个三角形之间的放大倍数。 步骤 2：相似比为 2，所以对应边为 11×2=22。 步骤 3：得到答案 22。,把边长差当作固定增加量。,答案 22 正确。相似比为 2，所以对应边为 11×2=22。,换一组数值，继续练习同一章节的核心结构。
jianzisheng_cn_junior_chapter_expansion_v1_cn-junior-g8-similarity-missing-side_003,先求两个三角形之间的放大倍数。,相似图形对应边用同一个倍数变化。,步骤 1：先求两个三角形之间的放大倍数。 步骤 2：相似比为 3，所以对应边为 4×3=12。 步骤 3：得到答案 12。,把边长差当作固定增加量。,答案 12 正确。相似比为 3，所以对应边为 4×3=12。,换一组数值，继续练习同一章节的核心结构。
jianzisheng_cn_junior_chapter_expansion_v1_cn-junior-g8-similarity-missing-side_004,先求两个三角形之间的放大倍数。,相似图形对应边用同一个倍数变化。,步骤 1：先求两个三角形之间的放大倍数。 步骤 2：相似比为 4，所以对应边为 6×4=24。 步骤 3：得到答案 24。,把边长差当作固定增加量。,答案 24 正确。相似比为 4，所以对应边为 6×4=24。,换一组数值，继续练习同一章节的核心结构。
jianzisheng_cn_junior_chapter_expansion_v1_cn-junior-g8-similarity-missing-side_005,先求两个三角形之间的放大倍数。,相似图形对应边用同一个倍数变化。,步骤 1：先求两个三角形之间的放大倍数。 步骤 2：相似比为 5，所以对应边为 8×5=40。 步骤 3：得到答案 40。,把边长差当作固定增加量。,答案 40 正确。相似比为 5，所以对应边为 8×5=40。,换一组数值，继续练习同一章节的核心结构。
jianzisheng_cn_junior_chapter_expansion_v1_cn-junior-g8-similarity-missing-side_006,先求两个三角形之间的放大倍数。,相似图形对应边用同一个倍数变化。,步骤 1：先求两个三角形之间的放大倍数。 步骤 2：相似比为 2，所以对应边为 10×2=20。 步骤 3：得到答案 20。,把边长差当作固定增加量。,答案 20 正确。相似比为 2，所以对应边为 10×2=20。,换一组数值，继续练习同一章节的核心结构。
jianzisheng_cn_junior_chapter_expansion_v1_cn-junior-g8-similarity-missing-side_007,先求两个三角形之间的放大倍数。,相似图形对应边用同一个倍数变化。,步骤 1：先求两个三角形之间的放大倍数。 步骤 2：相似比为 3，所以对应边为 12×3=36。 步骤 3：得到答案 36。,把边长差当作固定增加量。,答案 36 正确。相似比为 3，所以对应边为 12×3=36。,换一组数值，继续练习同一章节的核心结构。
jianzisheng_cn_junior_chapter_expansion_v1_cn-junior-g8-similarity-missing-side_008,先求两个三角形之间的放大倍数。,相似图形对应边用同一个倍数变化。,步骤 1：先求两个三角形之间的放大倍数。 步骤 2：相似比为 4，所以对应边为 5×4=20。 步骤 3：得到答案 20。,把边长差当作固定增加量。,答案 20 正确。相似比为 4，所以对应边为 5×4=20。,换一组数值，继续练习同一章节的核心结构。
jianzisheng_cn_junior_chapter_expansion_v1_cn-junior-g8-similarity-missing-side_009,先求两个三角形之间的放大倍数。,相似图形对应边用同一个倍数变化。,步骤 1：先求两个三角形之间的放大倍数。 步骤 2：相似比为 5，所以对应边为 7×5=35。 步骤 3：得到答案 35。,把边长差当作固定增加量。,答案 35 正确。相似比为 5，所以对应边为 7×5=35。,换一组数值，继续练习同一章节的核心结构。
jianzisheng_cn_junior_chapter_expansion_v1_cn-junior-g8-similarity-missing-side_010,先求两个三角形之间的放大倍数。,相似图形对应边用同一个倍数变化。,步骤 1：先求两个三角形之间的放大倍数。 步骤 2：相似比为 2，所以对应边为 9×2=18。 步骤 3：得到答案 18。,把边长差当作固定增加量。,答案 18 正确。相似比为 2，所以对应边为 9×2=18。,换一组数值，继续练习同一章节的核心结构。
jianzisheng_cn_junior_chapter_expansion_v1_cn-junior-g8-similarity-missing-side_011,先求两个三角形之间的放大倍数。,相似图形对应边用同一个倍数变化。,步骤 1：先求两个三角形之间的放大倍数。 步骤 2：相似比为 3，所以对应边为 11×3=33。 步骤 3：得到答案 33。,把边长差当作固定增加量。,答案 33 正确。相似比为 3，所以对应边为 11×3=33。,换一组数值，继续练习同一章节的核心结构。
jianzisheng_cn_junior_chapter_expansion_v1_cn-junior-g8-similarity-missing-side_012,先求两个三角形之间的放大倍数。,相似图形对应边用同一个倍数变化。,步骤 1：先求两个三角形之间的放大倍数。 步骤 2：相似比为 4，所以对应边为 4×4=16。 步骤 3：得到答案 16。,把边长差当作固定增加量。,答案 16 正确。相似比为 4，所以对应边为 4×4=16。,换一组数值，继续练习同一章节的核心结构。
jianzisheng_cn_junior_chapter_expansion_v1_cn-junior-g8-similarity-missing-side_013,先求两个三角形之间的放大倍数。,相似图形对应边用同一个倍数变化。,步骤 1：先求两个三角形之间的放大倍数。 步骤 2：相似比为 5，所以对应边为 6×5=30。 步骤 3：得到答案 30。,把边长差当作固定增加量。,答案 30 正确。相似比为 5，所以对应边为 6×5=30。,换一组数值，继续练习同一章节的核心结构。
jianzisheng_cn_junior_chapter_expansion_v1_cn-junior-g8-similarity-missing-side_014,先求两个三角形之间的放大倍数。,相似图形对应边用同一个倍数变化。,步骤 1：先求两个三角形之间的放大倍数。 步骤 2：相似比为 2，所以对应边为 8×2=16。 步骤 3：得到答案 16。,把边长差当作固定增加量。,答案 16 正确。相似比为 2，所以对应边为 8×2=16。,换一组数值，继续练习同一章节的核心结构。
jianzisheng_cn_junior_chapter_expansion_v1_cn-junior-g8-two-step-angles_001,先判断角之间是相等还是互补。,互补时用 180° 减去已知角。,步骤 1：先判断角之间是相等还是互补。 步骤 2：互补角和为 180°，所以目标角为 68°。 步骤 3：得到答案 68。,把互补角误当成相等角。,答案 68 正确。互补角和为 180°，所以目标角为 68°。,换一组数值，继续练习同一章节的核心结构。
jianzisheng_cn_junior_chapter_expansion_v1_cn-junior-g8-two-step-angles_002,先判断角之间是相等还是互补。,互补时用 180° 减去已知角。,步骤 1：先判断角之间是相等还是互补。 步骤 2：对应角或内错角相等，所以目标角为 123°。 步骤 3：得到答案 123。,把互补角误当成相等角。,答案 123 正确。对应角或内错角相等，所以目标角为 123°。,换一组数值，继续练习同一章节的核心结构。
jianzisheng_cn_junior_chapter_expansion_v1_cn-junior-g8-two-step-angles_003,先判断角之间是相等还是互补。,互补时用 180° 减去已知角。,步骤 1：先判断角之间是相等还是互补。 步骤 2：互补角和为 180°，所以目标角为 46°。 步骤 3：得到答案 46。,把互补角误当成相等角。,答案 46 正确。互补角和为 180°，所以目标角为 46°。,换一组数值，继续练习同一章节的核心结构。
jianzisheng_cn_junior_chapter_expansion_v1_cn-junior-g8-two-step-angles_004,先判断角之间是相等还是互补。,互补时用 180° 减去已知角。,步骤 1：先判断角之间是相等还是互补。 步骤 2：对应角或内错角相等，所以目标角为 35°。 步骤 3：得到答案 35。,把互补角误当成相等角。,答案 35 正确。对应角或内错角相等，所以目标角为 35°。,换一组数值，继续练习同一章节的核心结构。
jianzisheng_cn_junior_chapter_expansion_v1_cn-junior-g8-two-step-angles_005,先判断角之间是相等还是互补。,互补时用 180° 减去已知角。,步骤 1：先判断角之间是相等还是互补。 步骤 2：互补角和为 180°，所以目标角为 134°。 步骤 3：得到答案 134。,把互补角误当成相等角。,答案 134 正确。互补角和为 180°，所以目标角为 134°。,换一组数值，继续练习同一章节的核心结构。
jianzisheng_cn_junior_chapter_expansion_v1_cn-junior-g8-two-step-angles_006,先判断角之间是相等还是互补。,互补时用 180° 减去已知角。,步骤 1：先判断角之间是相等还是互补。 步骤 2：对应角或内错角相等，所以目标角为 57°。 步骤 3：得到答案 57。,把互补角误当成相等角。,答案 57 正确。对应角或内错角相等，所以目标角为 57°。,换一组数值，继续练习同一章节的核心结构。
jianzisheng_cn_junior_chapter_expansion_v1_cn-junior-g8-two-step-angles_007,先判断角之间是相等还是互补。,互补时用 180° 减去已知角。,步骤 1：先判断角之间是相等还是互补。 步骤 2：互补角和为 180°，所以目标角为 112°。 步骤 3：得到答案 112。,把互补角误当成相等角。,答案 112 正确。互补角和为 180°，所以目标角为 112°。,换一组数值，继续练习同一章节的核心结构。
jianzisheng_cn_junior_chapter_expansion_v1_cn-junior-g8-two-step-angles_008,先判断角之间是相等还是互补。,互补时用 180° 减去已知角。,步骤 1：先判断角之间是相等还是互补。 步骤 2：对应角或内错角相等，所以目标角为 79°。 步骤 3：得到答案 79。,把互补角误当成相等角。,答案 79 正确。对应角或内错角相等，所以目标角为 79°。,换一组数值，继续练习同一章节的核心结构。
jianzisheng_cn_junior_chapter_expansion_v1_cn-junior-g8-two-step-angles_009,先判断角之间是相等还是互补。,互补时用 180° 减去已知角。,步骤 1：先判断角之间是相等还是互补。 步骤 2：互补角和为 180°，所以目标角为 90°。 步骤 3：得到答案 90。,把互补角误当成相等角。,答案 90 正确。互补角和为 180°，所以目标角为 90°。,换一组数值，继续练习同一章节的核心结构。
jianzisheng_cn_junior_chapter_expansion_v1_cn-junior-g8-two-step-angles_010,先判断角之间是相等还是互补。,互补时用 180° 减去已知角。,步骤 1：先判断角之间是相等还是互补。 步骤 2：对应角或内错角相等，所以目标角为 101°。 步骤 3：得到答案 101。,把互补角误当成相等角。,答案 101 正确。对应角或内错角相等，所以目标角为 101°。,换一组数值，继续练习同一章节的核心结构。
jianzisheng_cn_junior_chapter_expansion_v1_cn-junior-g8-two-step-angles_011,先判断角之间是相等还是互补。,互补时用 180° 减去已知角。,步骤 1：先判断角之间是相等还是互补。 步骤 2：互补角和为 180°，所以目标角为 68°。 步骤 3：得到答案 68。,把互补角误当成相等角。,答案 68 正确。互补角和为 180°，所以目标角为 68°。,换一组数值，继续练习同一章节的核心结构。
jianzisheng_cn_junior_chapter_expansion_v1_cn-junior-g8-two-step-angles_012,先判断角之间是相等还是互补。,互补时用 180° 减去已知角。,步骤 1：先判断角之间是相等还是互补。 步骤 2：对应角或内错角相等，所以目标角为 123°。 步骤 3：得到答案 123。,把互补角误当成相等角。,答案 123 正确。对应角或内错角相等，所以目标角为 123°。,换一组数值，继续练习同一章节的核心结构。
jianzisheng_cn_junior_chapter_expansion_v1_cn-junior-g8-two-step-angles_013,先判断角之间是相等还是互补。,互补时用 180° 减去已知角。,步骤 1：先判断角之间是相等还是互补。 步骤 2：互补角和为 180°，所以目标角为 46°。 步骤 3：得到答案 46。,把互补角误当成相等角。,答案 46 正确。互补角和为 180°，所以目标角为 46°。,换一组数值，继续练习同一章节的核心结构。
jianzisheng_cn_junior_chapter_expansion_v1_cn-junior-g8-two-step-angles_014,先判断角之间是相等还是互补。,互补时用 180° 减去已知角。,步骤 1：先判断角之间是相等还是互补。 步骤 2：对应角或内错角相等，所以目标角为 35°。 步骤 3：得到答案 35。,把互补角误当成相等角。,答案 35 正确。对应角或内错角相等，所以目标角为 35°。,换一组数值，继续练习同一章节的核心结构。
jianzisheng_cn_junior_chapter_expansion_v1_cn-junior-g8-point-on-line_001,点在直线上说明坐标满足方程。,把横坐标代入后比较纵坐标。,步骤 1：点在直线上说明坐标满足方程。 步骤 2：把 x=5 代入直线方程，得到 y=-8。与点的纵坐标 -7 比较，所以答案是“否”。 步骤 3：得到答案 否。,只看一个坐标，没有代入验证。,答案 否 正确。把 x=5 代入直线方程，得到 y=-8。与点的纵坐标 -7 比较，所以答案是“否”。,换一组数值，继续练习同一章节的核心结构。
jianzisheng_cn_junior_chapter_expansion_v1_cn-junior-g8-point-on-line_002,点在直线上说明坐标满足方程。,把横坐标代入后比较纵坐标。,步骤 1：点在直线上说明坐标满足方程。 步骤 2：把 x=-2 代入直线方程，得到 y=5。与点的纵坐标 5 比较，所以答案是“是”。 步骤 3：得到答案 是。,只看一个坐标，没有代入验证。,答案 是 正确。把 x=-2 代入直线方程，得到 y=5。与点的纵坐标 5 比较，所以答案是“是”。,换一组数值，继续练习同一章节的核心结构。
jianzisheng_cn_junior_chapter_expansion_v1_cn-junior-g8-point-on-line_003,点在直线上说明坐标满足方程。,把横坐标代入后比较纵坐标。,步骤 1：点在直线上说明坐标满足方程。 步骤 2：把 x=-1 代入直线方程，得到 y=2。与点的纵坐标 3 比较，所以答案是“否”。 步骤 3：得到答案 否。,只看一个坐标，没有代入验证。,答案 否 正确。把 x=-1 代入直线方程，得到 y=2。与点的纵坐标 3 比较，所以答案是“否”。,换一组数值，继续练习同一章节的核心结构。
jianzisheng_cn_junior_chapter_expansion_v1_cn-junior-g8-point-on-line_004,点在直线上说明坐标满足方程。,把横坐标代入后比较纵坐标。,步骤 1：点在直线上说明坐标满足方程。 步骤 2：把 x=0 代入直线方程，得到 y=5。与点的纵坐标 5 比较，所以答案是“是”。 步骤 3：得到答案 是。,只看一个坐标，没有代入验证。,答案 是 正确。把 x=0 代入直线方程，得到 y=5。与点的纵坐标 5 比较，所以答案是“是”。,换一组数值，继续练习同一章节的核心结构。
jianzisheng_cn_junior_chapter_expansion_v1_cn-junior-g8-point-on-line_005,点在直线上说明坐标满足方程。,把横坐标代入后比较纵坐标。,步骤 1：点在直线上说明坐标满足方程。 步骤 2：把 x=1 代入直线方程，得到 y=-1。与点的纵坐标 0 比较，所以答案是“否”。 步骤 3：得到答案 否。,只看一个坐标，没有代入验证。,答案 否 正确。把 x=1 代入直线方程，得到 y=-1。与点的纵坐标 0 比较，所以答案是“否”。,换一组数值，继续练习同一章节的核心结构。
jianzisheng_cn_junior_chapter_expansion_v1_cn-junior-g8-point-on-line_006,点在直线上说明坐标满足方程。,把横坐标代入后比较纵坐标。,步骤 1：点在直线上说明坐标满足方程。 步骤 2：把 x=2 代入直线方程，得到 y=-10。与点的纵坐标 -10 比较，所以答案是“是”。 步骤 3：得到答案 是。,只看一个坐标，没有代入验证。,答案 是 正确。把 x=2 代入直线方程，得到 y=-10。与点的纵坐标 -10 比较，所以答案是“是”。,换一组数值，继续练习同一章节的核心结构。
jianzisheng_cn_junior_chapter_expansion_v1_cn-junior-g8-point-on-line_007,点在直线上说明坐标满足方程。,把横坐标代入后比较纵坐标。,步骤 1：点在直线上说明坐标满足方程。 步骤 2：把 x=3 代入直线方程，得到 y=-9。与点的纵坐标 -8 比较，所以答案是“否”。 步骤 3：得到答案 否。,只看一个坐标，没有代入验证。,答案 否 正确。把 x=3 代入直线方程，得到 y=-9。与点的纵坐标 -8 比较，所以答案是“否”。,换一组数值，继续练习同一章节的核心结构。
jianzisheng_cn_junior_chapter_expansion_v1_cn-junior-g8-point-on-line_008,点在直线上说明坐标满足方程。,把横坐标代入后比较纵坐标。,步骤 1：点在直线上说明坐标满足方程。 步骤 2：把 x=4 代入直线方程，得到 y=-6。与点的纵坐标 -6 比较，所以答案是“是”。 步骤 3：得到答案 是。,只看一个坐标，没有代入验证。,答案 是 正确。把 x=4 代入直线方程，得到 y=-6。与点的纵坐标 -6 比较，所以答案是“是”。,换一组数值，继续练习同一章节的核心结构。
jianzisheng_cn_junior_chapter_expansion_v1_cn-junior-g8-point-on-line_009,点在直线上说明坐标满足方程。,把横坐标代入后比较纵坐标。,步骤 1：点在直线上说明坐标满足方程。 步骤 2：把 x=5 代入直线方程，得到 y=9。与点的纵坐标 10 比较，所以答案是“否”。 步骤 3：得到答案 否。,只看一个坐标，没有代入验证。,答案 否 正确。把 x=5 代入直线方程，得到 y=9。与点的纵坐标 10 比较，所以答案是“否”。,换一组数值，继续练习同一章节的核心结构。
jianzisheng_cn_junior_chapter_expansion_v1_cn-junior-g8-point-on-line_010,点在直线上说明坐标满足方程。,把横坐标代入后比较纵坐标。,步骤 1：点在直线上说明坐标满足方程。 步骤 2：把 x=-2 代入直线方程，得到 y=-6。与点的纵坐标 -6 比较，所以答案是“是”。 步骤 3：得到答案 是。,只看一个坐标，没有代入验证。,答案 是 正确。把 x=-2 代入直线方程，得到 y=-6。与点的纵坐标 -6 比较，所以答案是“是”。,换一组数值，继续练习同一章节的核心结构。
jianzisheng_cn_junior_chapter_expansion_v1_cn-junior-g8-point-on-line_011,点在直线上说明坐标满足方程。,把横坐标代入后比较纵坐标。,步骤 1：点在直线上说明坐标满足方程。 步骤 2：把 x=-1 代入直线方程，得到 y=-3。与点的纵坐标 -2 比较，所以答案是“否”。 步骤 3：得到答案 否。,只看一个坐标，没有代入验证。,答案 否 正确。把 x=-1 代入直线方程，得到 y=-3。与点的纵坐标 -2 比较，所以答案是“否”。,换一组数值，继续练习同一章节的核心结构。
jianzisheng_cn_junior_chapter_expansion_v1_cn-junior-g8-point-on-line_012,点在直线上说明坐标满足方程。,把横坐标代入后比较纵坐标。,步骤 1：点在直线上说明坐标满足方程。 步骤 2：把 x=0 代入直线方程，得到 y=2。与点的纵坐标 2 比较，所以答案是“是”。 步骤 3：得到答案 是。,只看一个坐标，没有代入验证。,答案 是 正确。把 x=0 代入直线方程，得到 y=2。与点的纵坐标 2 比较，所以答案是“是”。,换一组数值，继续练习同一章节的核心结构。
jianzisheng_cn_junior_chapter_expansion_v1_cn-junior-g8-point-on-line_013,点在直线上说明坐标满足方程。,把横坐标代入后比较纵坐标。,步骤 1：点在直线上说明坐标满足方程。 步骤 2：把 x=1 代入直线方程，得到 y=1。与点的纵坐标 2 比较，所以答案是“否”。 步骤 3：得到答案 否。,只看一个坐标，没有代入验证。,答案 否 正确。把 x=1 代入直线方程，得到 y=1。与点的纵坐标 2 比较，所以答案是“否”。,换一组数值，继续练习同一章节的核心结构。
jianzisheng_cn_junior_chapter_expansion_v1_cn-junior-g8-point-on-line_014,点在直线上说明坐标满足方程。,把横坐标代入后比较纵坐标。,步骤 1：点在直线上说明坐标满足方程。 步骤 2：把 x=2 代入直线方程，得到 y=2。与点的纵坐标 2 比较，所以答案是“是”。 步骤 3：得到答案 是。,只看一个坐标，没有代入验证。,答案 是 正确。把 x=2 代入直线方程，得到 y=2。与点的纵坐标 2 比较，所以答案是“是”。,换一组数值，继续练习同一章节的核心结构。
jianzisheng_cn_junior_chapter_expansion_v1_cn-junior-g8-linear-modeling-inverse_001,先写出总量模型。,把目标总量代入再解时间。,步骤 1：先写出总量模型。 步骤 2：设需要 x 分钟，13+9x=112，解得 x=11。 步骤 3：得到答案 11。,直接用目标总量除以每分钟增加量。,答案 11 正确。设需要 x 分钟，13+9x=112，解得 x=11。,换一组数值，继续练习同一章节的核心结构。
jianzisheng_cn_junior_chapter_expansion_v1_cn-junior-g8-linear-modeling-inverse_002,先写出总量模型。,把目标总量代入再解时间。,步骤 1：先写出总量模型。 步骤 2：设需要 x 分钟，14+2x=22，解得 x=4。 步骤 3：得到答案 4。,直接用目标总量除以每分钟增加量。,答案 4 正确。设需要 x 分钟，14+2x=22，解得 x=4。,换一组数值，继续练习同一章节的核心结构。
jianzisheng_cn_junior_chapter_expansion_v1_cn-junior-g8-linear-modeling-inverse_003,先写出总量模型。,把目标总量代入再解时间。,步骤 1：先写出总量模型。 步骤 2：设需要 x 分钟，15+3x=30，解得 x=5。 步骤 3：得到答案 5。,直接用目标总量除以每分钟增加量。,答案 5 正确。设需要 x 分钟，15+3x=30，解得 x=5。,换一组数值，继续练习同一章节的核心结构。
jianzisheng_cn_junior_chapter_expansion_v1_cn-junior-g8-linear-modeling-inverse_004,先写出总量模型。,把目标总量代入再解时间。,步骤 1：先写出总量模型。 步骤 2：设需要 x 分钟，16+4x=40，解得 x=6。 步骤 3：得到答案 6。,直接用目标总量除以每分钟增加量。,答案 6 正确。设需要 x 分钟，16+4x=40，解得 x=6。,换一组数值，继续练习同一章节的核心结构。
jianzisheng_cn_junior_chapter_expansion_v1_cn-junior-g8-linear-modeling-inverse_005,先写出总量模型。,把目标总量代入再解时间。,步骤 1：先写出总量模型。 步骤 2：设需要 x 分钟，17+5x=52，解得 x=7。 步骤 3：得到答案 7。,直接用目标总量除以每分钟增加量。,答案 7 正确。设需要 x 分钟，17+5x=52，解得 x=7。,换一组数值，继续练习同一章节的核心结构。
jianzisheng_cn_junior_chapter_expansion_v1_cn-junior-g8-linear-modeling-inverse_006,先写出总量模型。,把目标总量代入再解时间。,步骤 1：先写出总量模型。 步骤 2：设需要 x 分钟，18+6x=66，解得 x=8。 步骤 3：得到答案 8。,直接用目标总量除以每分钟增加量。,答案 8 正确。设需要 x 分钟，18+6x=66，解得 x=8。,换一组数值，继续练习同一章节的核心结构。
jianzisheng_cn_junior_chapter_expansion_v1_cn-junior-g8-linear-modeling-inverse_007,先写出总量模型。,把目标总量代入再解时间。,步骤 1：先写出总量模型。 步骤 2：设需要 x 分钟，19+7x=82，解得 x=9。 步骤 3：得到答案 9。,直接用目标总量除以每分钟增加量。,答案 9 正确。设需要 x 分钟，19+7x=82，解得 x=9。,换一组数值，继续练习同一章节的核心结构。
jianzisheng_cn_junior_chapter_expansion_v1_cn-junior-g8-linear-modeling-inverse_008,先写出总量模型。,把目标总量代入再解时间。,步骤 1：先写出总量模型。 步骤 2：设需要 x 分钟，20+8x=100，解得 x=10。 步骤 3：得到答案 10。,直接用目标总量除以每分钟增加量。,答案 10 正确。设需要 x 分钟，20+8x=100，解得 x=10。,换一组数值，继续练习同一章节的核心结构。
jianzisheng_cn_junior_chapter_expansion_v1_cn-junior-g8-linear-modeling-inverse_009,先写出总量模型。,把目标总量代入再解时间。,步骤 1：先写出总量模型。 步骤 2：设需要 x 分钟，21+9x=120，解得 x=11。 步骤 3：得到答案 11。,直接用目标总量除以每分钟增加量。,答案 11 正确。设需要 x 分钟，21+9x=120，解得 x=11。,换一组数值，继续练习同一章节的核心结构。
jianzisheng_cn_junior_chapter_expansion_v1_cn-junior-g8-linear-modeling-inverse_010,先写出总量模型。,把目标总量代入再解时间。,步骤 1：先写出总量模型。 步骤 2：设需要 x 分钟，22+2x=30，解得 x=4。 步骤 3：得到答案 4。,直接用目标总量除以每分钟增加量。,答案 4 正确。设需要 x 分钟，22+2x=30，解得 x=4。,换一组数值，继续练习同一章节的核心结构。
jianzisheng_cn_junior_chapter_expansion_v1_cn-junior-g8-linear-modeling-inverse_011,先写出总量模型。,把目标总量代入再解时间。,步骤 1：先写出总量模型。 步骤 2：设需要 x 分钟，23+3x=38，解得 x=5。 步骤 3：得到答案 5。,直接用目标总量除以每分钟增加量。,答案 5 正确。设需要 x 分钟，23+3x=38，解得 x=5。,换一组数值，继续练习同一章节的核心结构。
jianzisheng_cn_junior_chapter_expansion_v1_cn-junior-g8-linear-modeling-inverse_012,先写出总量模型。,把目标总量代入再解时间。,步骤 1：先写出总量模型。 步骤 2：设需要 x 分钟，6+4x=30，解得 x=6。 步骤 3：得到答案 6。,直接用目标总量除以每分钟增加量。,答案 6 正确。设需要 x 分钟，6+4x=30，解得 x=6。,换一组数值，继续练习同一章节的核心结构。
jianzisheng_cn_junior_chapter_expansion_v1_cn-junior-g8-linear-modeling-inverse_013,先写出总量模型。,把目标总量代入再解时间。,步骤 1：先写出总量模型。 步骤 2：设需要 x 分钟，7+5x=42，解得 x=7。 步骤 3：得到答案 7。,直接用目标总量除以每分钟增加量。,答案 7 正确。设需要 x 分钟，7+5x=42，解得 x=7。,换一组数值，继续练习同一章节的核心结构。
jianzisheng_cn_junior_chapter_expansion_v1_cn-junior-g8-linear-modeling-inverse_014,先写出总量模型。,把目标总量代入再解时间。,步骤 1：先写出总量模型。 步骤 2：设需要 x 分钟，8+6x=56，解得 x=8。 步骤 3：得到答案 8。,直接用目标总量除以每分钟增加量。,答案 8 正确。设需要 x 分钟，8+6x=56，解得 x=8。,换一组数值，继续练习同一章节的核心结构。
jianzisheng_cn_junior_chapter_expansion_v1_cn-junior-g8-coordinate-area_001,三角形面积公式里有除以 2。,先算底乘高，再取一半。,步骤 1：三角形面积公式里有除以 2。 步骤 2：三角形面积=底×高÷2，所以面积为 15×9÷2=67.5。 步骤 3：得到答案 67.5。,漏掉除以 2。,答案 67.5 正确。三角形面积=底×高÷2，所以面积为 15×9÷2=67.5。,换一组数值，继续练习同一章节的核心结构。
jianzisheng_cn_junior_chapter_expansion_v1_cn-junior-g8-coordinate-area_002,三角形面积公式里有除以 2。,先算底乘高，再取一半。,步骤 1：三角形面积公式里有除以 2。 步骤 2：三角形面积=底×高÷2，所以面积为 16×11÷2=88。 步骤 3：得到答案 88。,漏掉除以 2。,答案 88 正确。三角形面积=底×高÷2，所以面积为 16×11÷2=88。,换一组数值，继续练习同一章节的核心结构。
jianzisheng_cn_junior_chapter_expansion_v1_cn-junior-g8-coordinate-area_003,三角形面积公式里有除以 2。,先算底乘高，再取一半。,步骤 1：三角形面积公式里有除以 2。 步骤 2：三角形面积=底×高÷2，所以面积为 17×13÷2=110.5。 步骤 3：得到答案 110.5。,漏掉除以 2。,答案 110.5 正确。三角形面积=底×高÷2，所以面积为 17×13÷2=110.5。,换一组数值，继续练习同一章节的核心结构。
jianzisheng_cn_junior_chapter_expansion_v1_cn-junior-g8-coordinate-area_004,三角形面积公式里有除以 2。,先算底乘高，再取一半。,步骤 1：三角形面积公式里有除以 2。 步骤 2：三角形面积=底×高÷2，所以面积为 18×5÷2=45。 步骤 3：得到答案 45。,漏掉除以 2。,答案 45 正确。三角形面积=底×高÷2，所以面积为 18×5÷2=45。,换一组数值，继续练习同一章节的核心结构。
jianzisheng_cn_junior_chapter_expansion_v1_cn-junior-g8-coordinate-area_005,三角形面积公式里有除以 2。,先算底乘高，再取一半。,步骤 1：三角形面积公式里有除以 2。 步骤 2：三角形面积=底×高÷2，所以面积为 19×7÷2=66.5。 步骤 3：得到答案 66.5。,漏掉除以 2。,答案 66.5 正确。三角形面积=底×高÷2，所以面积为 19×7÷2=66.5。,换一组数值，继续练习同一章节的核心结构。
jianzisheng_cn_junior_chapter_expansion_v1_cn-junior-g8-coordinate-area_006,三角形面积公式里有除以 2。,先算底乘高，再取一半。,步骤 1：三角形面积公式里有除以 2。 步骤 2：三角形面积=底×高÷2，所以面积为 8×9÷2=36。 步骤 3：得到答案 36。,漏掉除以 2。,答案 36 正确。三角形面积=底×高÷2，所以面积为 8×9÷2=36。,换一组数值，继续练习同一章节的核心结构。
jianzisheng_cn_junior_chapter_expansion_v1_cn-junior-g8-coordinate-area_007,三角形面积公式里有除以 2。,先算底乘高，再取一半。,步骤 1：三角形面积公式里有除以 2。 步骤 2：三角形面积=底×高÷2，所以面积为 9×11÷2=49.5。 步骤 3：得到答案 49.5。,漏掉除以 2。,答案 49.5 正确。三角形面积=底×高÷2，所以面积为 9×11÷2=49.5。,换一组数值，继续练习同一章节的核心结构。
jianzisheng_cn_junior_chapter_expansion_v1_cn-junior-g8-coordinate-area_008,三角形面积公式里有除以 2。,先算底乘高，再取一半。,步骤 1：三角形面积公式里有除以 2。 步骤 2：三角形面积=底×高÷2，所以面积为 10×13÷2=65。 步骤 3：得到答案 65。,漏掉除以 2。,答案 65 正确。三角形面积=底×高÷2，所以面积为 10×13÷2=65。,换一组数值，继续练习同一章节的核心结构。
jianzisheng_cn_junior_chapter_expansion_v1_cn-junior-g8-coordinate-area_009,三角形面积公式里有除以 2。,先算底乘高，再取一半。,步骤 1：三角形面积公式里有除以 2。 步骤 2：三角形面积=底×高÷2，所以面积为 11×5÷2=27.5。 步骤 3：得到答案 27.5。,漏掉除以 2。,答案 27.5 正确。三角形面积=底×高÷2，所以面积为 11×5÷2=27.5。,换一组数值，继续练习同一章节的核心结构。
jianzisheng_cn_junior_chapter_expansion_v1_cn-junior-g8-coordinate-area_010,三角形面积公式里有除以 2。,先算底乘高，再取一半。,步骤 1：三角形面积公式里有除以 2。 步骤 2：三角形面积=底×高÷2，所以面积为 12×7÷2=42。 步骤 3：得到答案 42。,漏掉除以 2。,答案 42 正确。三角形面积=底×高÷2，所以面积为 12×7÷2=42。,换一组数值，继续练习同一章节的核心结构。
jianzisheng_cn_junior_chapter_expansion_v1_cn-junior-g8-coordinate-area_011,三角形面积公式里有除以 2。,先算底乘高，再取一半。,步骤 1：三角形面积公式里有除以 2。 步骤 2：三角形面积=底×高÷2，所以面积为 13×9÷2=58.5。 步骤 3：得到答案 58.5。,漏掉除以 2。,答案 58.5 正确。三角形面积=底×高÷2，所以面积为 13×9÷2=58.5。,换一组数值，继续练习同一章节的核心结构。
jianzisheng_cn_junior_chapter_expansion_v1_cn-junior-g8-coordinate-area_012,三角形面积公式里有除以 2。,先算底乘高，再取一半。,步骤 1：三角形面积公式里有除以 2。 步骤 2：三角形面积=底×高÷2，所以面积为 14×11÷2=77。 步骤 3：得到答案 77。,漏掉除以 2。,答案 77 正确。三角形面积=底×高÷2，所以面积为 14×11÷2=77。,换一组数值，继续练习同一章节的核心结构。
jianzisheng_cn_junior_chapter_expansion_v1_cn-junior-g8-coordinate-area_013,三角形面积公式里有除以 2。,先算底乘高，再取一半。,步骤 1：三角形面积公式里有除以 2。 步骤 2：三角形面积=底×高÷2，所以面积为 15×13÷2=97.5。 步骤 3：得到答案 97.5。,漏掉除以 2。,答案 97.5 正确。三角形面积=底×高÷2，所以面积为 15×13÷2=97.5。,换一组数值，继续练习同一章节的核心结构。
jianzisheng_cn_junior_chapter_expansion_v1_cn-junior-g8-coordinate-area_014,三角形面积公式里有除以 2。,先算底乘高，再取一半。,步骤 1：三角形面积公式里有除以 2。 步骤 2：三角形面积=底×高÷2，所以面积为 16×5÷2=40。 步骤 3：得到答案 40。,漏掉除以 2。,答案 40 正确。三角形面积=底×高÷2，所以面积为 16×5÷2=40。,换一组数值，继续练习同一章节的核心结构。
jianzisheng_cn_junior_chapter_expansion_v1_cn-junior-g8-pythagorean-converse_001,先确定最长边。,比较两短边平方和与最长边平方。,步骤 1：先确定最长边。 步骤 2：检验最大边是否满足 8^2+15^2=18^2，可判断答案为“否”。 步骤 3：得到答案 否。,没有先找最长边。,答案 否 正确。检验最大边是否满足 8^2+15^2=18^2，可判断答案为“否”。,换一组数值，继续练习同一章节的核心结构。
jianzisheng_cn_junior_chapter_expansion_v1_cn-junior-g8-pythagorean-converse_002,先确定最长边。,比较两短边平方和与最长边平方。,步骤 1：先确定最长边。 步骤 2：检验最大边是否满足 9^2+12^2=14^2，可判断答案为“否”。 步骤 3：得到答案 否。,没有先找最长边。,答案 否 正确。检验最大边是否满足 9^2+12^2=14^2，可判断答案为“否”。,换一组数值，继续练习同一章节的核心结构。
jianzisheng_cn_junior_chapter_expansion_v1_cn-junior-g8-pythagorean-converse_003,先确定最长边。,比较两短边平方和与最长边平方。,步骤 1：先确定最长边。 步骤 2：检验最大边是否满足 7^2+24^2=25^2，可判断答案为“是”。 步骤 3：得到答案 是。,没有先找最长边。,答案 是 正确。检验最大边是否满足 7^2+24^2=25^2，可判断答案为“是”。,换一组数值，继续练习同一章节的核心结构。
jianzisheng_cn_junior_chapter_expansion_v1_cn-junior-g8-pythagorean-converse_004,先确定最长边。,比较两短边平方和与最长边平方。,步骤 1：先确定最长边。 步骤 2：检验最大边是否满足 6^2+8^2=10^2，可判断答案为“是”。 步骤 3：得到答案 是。,没有先找最长边。,答案 是 正确。检验最大边是否满足 6^2+8^2=10^2，可判断答案为“是”。,换一组数值，继续练习同一章节的核心结构。
jianzisheng_cn_junior_chapter_expansion_v1_cn-junior-g8-pythagorean-converse_005,先确定最长边。,比较两短边平方和与最长边平方。,步骤 1：先确定最长边。 步骤 2：检验最大边是否满足 5^2+12^2=13^2，可判断答案为“是”。 步骤 3：得到答案 是。,没有先找最长边。,答案 是 正确。检验最大边是否满足 5^2+12^2=13^2，可判断答案为“是”。,换一组数值，继续练习同一章节的核心结构。
jianzisheng_cn_junior_chapter_expansion_v1_cn-junior-g8-pythagorean-converse_006,先确定最长边。,比较两短边平方和与最长边平方。,步骤 1：先确定最长边。 步骤 2：检验最大边是否满足 8^2+15^2=18^2，可判断答案为“否”。 步骤 3：得到答案 否。,没有先找最长边。,答案 否 正确。检验最大边是否满足 8^2+15^2=18^2，可判断答案为“否”。,换一组数值，继续练习同一章节的核心结构。
jianzisheng_cn_junior_chapter_expansion_v1_cn-junior-g8-pythagorean-converse_007,先确定最长边。,比较两短边平方和与最长边平方。,步骤 1：先确定最长边。 步骤 2：检验最大边是否满足 9^2+12^2=14^2，可判断答案为“否”。 步骤 3：得到答案 否。,没有先找最长边。,答案 否 正确。检验最大边是否满足 9^2+12^2=14^2，可判断答案为“否”。,换一组数值，继续练习同一章节的核心结构。
jianzisheng_cn_junior_chapter_expansion_v1_cn-junior-g8-pythagorean-converse_008,先确定最长边。,比较两短边平方和与最长边平方。,步骤 1：先确定最长边。 步骤 2：检验最大边是否满足 7^2+24^2=25^2，可判断答案为“是”。 步骤 3：得到答案 是。,没有先找最长边。,答案 是 正确。检验最大边是否满足 7^2+24^2=25^2，可判断答案为“是”。,换一组数值，继续练习同一章节的核心结构。
jianzisheng_cn_junior_chapter_expansion_v1_cn-junior-g8-pythagorean-converse_009,先确定最长边。,比较两短边平方和与最长边平方。,步骤 1：先确定最长边。 步骤 2：检验最大边是否满足 6^2+8^2=10^2，可判断答案为“是”。 步骤 3：得到答案 是。,没有先找最长边。,答案 是 正确。检验最大边是否满足 6^2+8^2=10^2，可判断答案为“是”。,换一组数值，继续练习同一章节的核心结构。
jianzisheng_cn_junior_chapter_expansion_v1_cn-junior-g8-pythagorean-converse_010,先确定最长边。,比较两短边平方和与最长边平方。,步骤 1：先确定最长边。 步骤 2：检验最大边是否满足 5^2+12^2=13^2，可判断答案为“是”。 步骤 3：得到答案 是。,没有先找最长边。,答案 是 正确。检验最大边是否满足 5^2+12^2=13^2，可判断答案为“是”。,换一组数值，继续练习同一章节的核心结构。
jianzisheng_cn_junior_chapter_expansion_v1_cn-junior-g8-pythagorean-converse_011,先确定最长边。,比较两短边平方和与最长边平方。,步骤 1：先确定最长边。 步骤 2：检验最大边是否满足 8^2+15^2=18^2，可判断答案为“否”。 步骤 3：得到答案 否。,没有先找最长边。,答案 否 正确。检验最大边是否满足 8^2+15^2=18^2，可判断答案为“否”。,换一组数值，继续练习同一章节的核心结构。
jianzisheng_cn_junior_chapter_expansion_v1_cn-junior-g8-pythagorean-converse_012,先确定最长边。,比较两短边平方和与最长边平方。,步骤 1：先确定最长边。 步骤 2：检验最大边是否满足 9^2+12^2=14^2，可判断答案为“否”。 步骤 3：得到答案 否。,没有先找最长边。,答案 否 正确。检验最大边是否满足 9^2+12^2=14^2，可判断答案为“否”。,换一组数值，继续练习同一章节的核心结构。
jianzisheng_cn_junior_chapter_expansion_v1_cn-junior-g8-pythagorean-converse_013,先确定最长边。,比较两短边平方和与最长边平方。,步骤 1：先确定最长边。 步骤 2：检验最大边是否满足 7^2+24^2=25^2，可判断答案为“是”。 步骤 3：得到答案 是。,没有先找最长边。,答案 是 正确。检验最大边是否满足 7^2+24^2=25^2，可判断答案为“是”。,换一组数值，继续练习同一章节的核心结构。
jianzisheng_cn_junior_chapter_expansion_v1_cn-junior-g8-pythagorean-converse_014,先确定最长边。,比较两短边平方和与最长边平方。,步骤 1：先确定最长边。 步骤 2：检验最大边是否满足 6^2+8^2=10^2，可判断答案为“是”。 步骤 3：得到答案 是。,没有先找最长边。,答案 是 正确。检验最大边是否满足 6^2+8^2=10^2，可判断答案为“是”。,换一组数值，继续练习同一章节的核心结构。
jianzisheng_cn_junior_chapter_expansion_v1_cn-junior-g9-quadratic-axis_001,观察是否为顶点式。,开口向上时顶点纵坐标是最小值。,步骤 1：观察是否为顶点式。 步骤 2：函数为顶点式，且开口向上，所以最小值为 -5。 步骤 3：得到答案 -5。,把顶点横坐标当成最小值。,答案 -5 正确。函数为顶点式，且开口向上，所以最小值为 -5。,换一组数值，继续练习同一章节的核心结构。
jianzisheng_cn_junior_chapter_expansion_v1_cn-junior-g9-quadratic-axis_002,观察是否为顶点式。,开口向上时顶点纵坐标是最小值。,步骤 1：观察是否为顶点式。 步骤 2：函数为顶点式，且开口向上，所以最小值为 -3。 步骤 3：得到答案 -3。,把顶点横坐标当成最小值。,答案 -3 正确。函数为顶点式，且开口向上，所以最小值为 -3。,换一组数值，继续练习同一章节的核心结构。
jianzisheng_cn_junior_chapter_expansion_v1_cn-junior-g9-quadratic-axis_003,观察是否为顶点式。,开口向上时顶点纵坐标是最小值。,步骤 1：观察是否为顶点式。 步骤 2：函数为顶点式，且开口向上，所以最小值为 -1。 步骤 3：得到答案 -1。,把顶点横坐标当成最小值。,答案 -1 正确。函数为顶点式，且开口向上，所以最小值为 -1。,换一组数值，继续练习同一章节的核心结构。
jianzisheng_cn_junior_chapter_expansion_v1_cn-junior-g9-quadratic-axis_004,观察是否为顶点式。,开口向上时顶点纵坐标是最小值。,步骤 1：观察是否为顶点式。 步骤 2：函数为顶点式，且开口向上，所以最小值为 1。 步骤 3：得到答案 1。,把顶点横坐标当成最小值。,答案 1 正确。函数为顶点式，且开口向上，所以最小值为 1。,换一组数值，继续练习同一章节的核心结构。
jianzisheng_cn_junior_chapter_expansion_v1_cn-junior-g9-quadratic-axis_005,观察是否为顶点式。,开口向上时顶点纵坐标是最小值。,步骤 1：观察是否为顶点式。 步骤 2：函数为顶点式，且开口向上，所以最小值为 3。 步骤 3：得到答案 3。,把顶点横坐标当成最小值。,答案 3 正确。函数为顶点式，且开口向上，所以最小值为 3。,换一组数值，继续练习同一章节的核心结构。
jianzisheng_cn_junior_chapter_expansion_v1_cn-junior-g9-quadratic-axis_006,观察是否为顶点式。,开口向上时顶点纵坐标是最小值。,步骤 1：观察是否为顶点式。 步骤 2：函数为顶点式，且开口向上，所以最小值为 5。 步骤 3：得到答案 5。,把顶点横坐标当成最小值。,答案 5 正确。函数为顶点式，且开口向上，所以最小值为 5。,换一组数值，继续练习同一章节的核心结构。
jianzisheng_cn_junior_chapter_expansion_v1_cn-junior-g9-quadratic-axis_007,观察是否为顶点式。,开口向上时顶点纵坐标是最小值。,步骤 1：观察是否为顶点式。 步骤 2：函数为顶点式，且开口向上，所以最小值为 -6。 步骤 3：得到答案 -6。,把顶点横坐标当成最小值。,答案 -6 正确。函数为顶点式，且开口向上，所以最小值为 -6。,换一组数值，继续练习同一章节的核心结构。
jianzisheng_cn_junior_chapter_expansion_v1_cn-junior-g9-quadratic-axis_008,观察是否为顶点式。,开口向上时顶点纵坐标是最小值。,步骤 1：观察是否为顶点式。 步骤 2：函数为顶点式，且开口向上，所以最小值为 -4。 步骤 3：得到答案 -4。,把顶点横坐标当成最小值。,答案 -4 正确。函数为顶点式，且开口向上，所以最小值为 -4。,换一组数值，继续练习同一章节的核心结构。
jianzisheng_cn_junior_chapter_expansion_v1_cn-junior-g9-quadratic-axis_009,观察是否为顶点式。,开口向上时顶点纵坐标是最小值。,步骤 1：观察是否为顶点式。 步骤 2：函数为顶点式，且开口向上，所以最小值为 -2。 步骤 3：得到答案 -2。,把顶点横坐标当成最小值。,答案 -2 正确。函数为顶点式，且开口向上，所以最小值为 -2。,换一组数值，继续练习同一章节的核心结构。
jianzisheng_cn_junior_chapter_expansion_v1_cn-junior-g9-quadratic-axis_010,观察是否为顶点式。,开口向上时顶点纵坐标是最小值。,步骤 1：观察是否为顶点式。 步骤 2：函数为顶点式，且开口向上，所以最小值为 0。 步骤 3：得到答案 0。,把顶点横坐标当成最小值。,答案 0 正确。函数为顶点式，且开口向上，所以最小值为 0。,换一组数值，继续练习同一章节的核心结构。
jianzisheng_cn_junior_chapter_expansion_v1_cn-junior-g9-quadratic-axis_011,观察是否为顶点式。,开口向上时顶点纵坐标是最小值。,步骤 1：观察是否为顶点式。 步骤 2：函数为顶点式，且开口向上，所以最小值为 2。 步骤 3：得到答案 2。,把顶点横坐标当成最小值。,答案 2 正确。函数为顶点式，且开口向上，所以最小值为 2。,换一组数值，继续练习同一章节的核心结构。
jianzisheng_cn_junior_chapter_expansion_v1_cn-junior-g9-quadratic-axis_012,观察是否为顶点式。,开口向上时顶点纵坐标是最小值。,步骤 1：观察是否为顶点式。 步骤 2：函数为顶点式，且开口向上，所以最小值为 4。 步骤 3：得到答案 4。,把顶点横坐标当成最小值。,答案 4 正确。函数为顶点式，且开口向上，所以最小值为 4。,换一组数值，继续练习同一章节的核心结构。
jianzisheng_cn_junior_chapter_expansion_v1_cn-junior-g9-quadratic-axis_013,观察是否为顶点式。,开口向上时顶点纵坐标是最小值。,步骤 1：观察是否为顶点式。 步骤 2：函数为顶点式，且开口向上，所以最小值为 6。 步骤 3：得到答案 6。,把顶点横坐标当成最小值。,答案 6 正确。函数为顶点式，且开口向上，所以最小值为 6。,换一组数值，继续练习同一章节的核心结构。
jianzisheng_cn_junior_chapter_expansion_v1_cn-junior-g9-quadratic-axis_014,观察是否为顶点式。,开口向上时顶点纵坐标是最小值。,步骤 1：观察是否为顶点式。 步骤 2：函数为顶点式，且开口向上，所以最小值为 -5。 步骤 3：得到答案 -5。,把顶点横坐标当成最小值。,答案 -5 正确。函数为顶点式，且开口向上，所以最小值为 -5。,换一组数值，继续练习同一章节的核心结构。
jianzisheng_cn_junior_chapter_expansion_v1_cn-junior-g9-quadratic-roots_001,寻找两个数的和与积。,分解后用零乘积性质求根。,步骤 1：寻找两个数的和与积。 步骤 2：该方程可分解为 (x--3)(x-2)=0，所以 x=-3 或 x=2。 步骤 3：得到答案 -3或2。,把根的符号写反。,答案 -3或2 正确。该方程可分解为 (x--3)(x-2)=0，所以 x=-3 或 x=2。,换一组数值，继续练习同一章节的核心结构。
jianzisheng_cn_junior_chapter_expansion_v1_cn-junior-g9-quadratic-roots_002,寻找两个数的和与积。,分解后用零乘积性质求根。,步骤 1：寻找两个数的和与积。 步骤 2：该方程可分解为 (x--2)(x-4)=0，所以 x=-2 或 x=4。 步骤 3：得到答案 -2或4。,把根的符号写反。,答案 -2或4 正确。该方程可分解为 (x--2)(x-4)=0，所以 x=-2 或 x=4。,换一组数值，继续练习同一章节的核心结构。
jianzisheng_cn_junior_chapter_expansion_v1_cn-junior-g9-quadratic-roots_003,寻找两个数的和与积。,分解后用零乘积性质求根。,步骤 1：寻找两个数的和与积。 步骤 2：该方程可分解为 (x--1)(x-6)=0，所以 x=-1 或 x=6。 步骤 3：得到答案 -1或6。,把根的符号写反。,答案 -1或6 正确。该方程可分解为 (x--1)(x-6)=0，所以 x=-1 或 x=6。,换一组数值，继续练习同一章节的核心结构。
jianzisheng_cn_junior_chapter_expansion_v1_cn-junior-g9-quadratic-roots_004,寻找两个数的和与积。,分解后用零乘积性质求根。,步骤 1：寻找两个数的和与积。 步骤 2：该方程可分解为 (x-0)(x-3)=0，所以 x=0 或 x=3。 步骤 3：得到答案 0或3。,把根的符号写反。,答案 0或3 正确。该方程可分解为 (x-0)(x-3)=0，所以 x=0 或 x=3。,换一组数值，继续练习同一章节的核心结构。
jianzisheng_cn_junior_chapter_expansion_v1_cn-junior-g9-quadratic-roots_005,寻找两个数的和与积。,分解后用零乘积性质求根。,步骤 1：寻找两个数的和与积。 步骤 2：该方程可分解为 (x-1)(x-5)=0，所以 x=1 或 x=5。 步骤 3：得到答案 1或5。,把根的符号写反。,答案 1或5 正确。该方程可分解为 (x-1)(x-5)=0，所以 x=1 或 x=5。,换一组数值，继续练习同一章节的核心结构。
jianzisheng_cn_junior_chapter_expansion_v1_cn-junior-g9-quadratic-roots_006,寻找两个数的和与积。,分解后用零乘积性质求根。,步骤 1：寻找两个数的和与积。 步骤 2：该方程可分解为 (x-2)(x-7)=0，所以 x=2 或 x=7。 步骤 3：得到答案 2或7。,把根的符号写反。,答案 2或7 正确。该方程可分解为 (x-2)(x-7)=0，所以 x=2 或 x=7。,换一组数值，继续练习同一章节的核心结构。
jianzisheng_cn_junior_chapter_expansion_v1_cn-junior-g9-quadratic-roots_007,寻找两个数的和与积。,分解后用零乘积性质求根。,步骤 1：寻找两个数的和与积。 步骤 2：该方程可分解为 (x-3)(x-9)=0，所以 x=3 或 x=9。 步骤 3：得到答案 3或9。,把根的符号写反。,答案 3或9 正确。该方程可分解为 (x-3)(x-9)=0，所以 x=3 或 x=9。,换一组数值，继续练习同一章节的核心结构。
jianzisheng_cn_junior_chapter_expansion_v1_cn-junior-g9-quadratic-roots_008,寻找两个数的和与积。,分解后用零乘积性质求根。,步骤 1：寻找两个数的和与积。 步骤 2：该方程可分解为 (x--3)(x-4)=0，所以 x=-3 或 x=4。 步骤 3：得到答案 -3或4。,把根的符号写反。,答案 -3或4 正确。该方程可分解为 (x--3)(x-4)=0，所以 x=-3 或 x=4。,换一组数值，继续练习同一章节的核心结构。
jianzisheng_cn_junior_chapter_expansion_v1_cn-junior-g9-quadratic-roots_009,寻找两个数的和与积。,分解后用零乘积性质求根。,步骤 1：寻找两个数的和与积。 步骤 2：该方程可分解为 (x--2)(x-1)=0，所以 x=-2 或 x=1。 步骤 3：得到答案 -2或1。,把根的符号写反。,答案 -2或1 正确。该方程可分解为 (x--2)(x-1)=0，所以 x=-2 或 x=1。,换一组数值，继续练习同一章节的核心结构。
jianzisheng_cn_junior_chapter_expansion_v1_cn-junior-g9-quadratic-roots_010,寻找两个数的和与积。,分解后用零乘积性质求根。,步骤 1：寻找两个数的和与积。 步骤 2：该方程可分解为 (x--1)(x-3)=0，所以 x=-1 或 x=3。 步骤 3：得到答案 -1或3。,把根的符号写反。,答案 -1或3 正确。该方程可分解为 (x--1)(x-3)=0，所以 x=-1 或 x=3。,换一组数值，继续练习同一章节的核心结构。
jianzisheng_cn_junior_chapter_expansion_v1_cn-junior-g9-quadratic-roots_011,寻找两个数的和与积。,分解后用零乘积性质求根。,步骤 1：寻找两个数的和与积。 步骤 2：该方程可分解为 (x-0)(x-5)=0，所以 x=0 或 x=5。 步骤 3：得到答案 0或5。,把根的符号写反。,答案 0或5 正确。该方程可分解为 (x-0)(x-5)=0，所以 x=0 或 x=5。,换一组数值，继续练习同一章节的核心结构。
jianzisheng_cn_junior_chapter_expansion_v1_cn-junior-g9-quadratic-roots_012,寻找两个数的和与积。,分解后用零乘积性质求根。,步骤 1：寻找两个数的和与积。 步骤 2：该方程可分解为 (x-1)(x-7)=0，所以 x=1 或 x=7。 步骤 3：得到答案 1或7。,把根的符号写反。,答案 1或7 正确。该方程可分解为 (x-1)(x-7)=0，所以 x=1 或 x=7。,换一组数值，继续练习同一章节的核心结构。
jianzisheng_cn_junior_chapter_expansion_v1_cn-junior-g9-quadratic-roots_013,寻找两个数的和与积。,分解后用零乘积性质求根。,步骤 1：寻找两个数的和与积。 步骤 2：该方程可分解为 (x-2)(x-9)=0，所以 x=2 或 x=9。 步骤 3：得到答案 2或9。,把根的符号写反。,答案 2或9 正确。该方程可分解为 (x-2)(x-9)=0，所以 x=2 或 x=9。,换一组数值，继续练习同一章节的核心结构。
jianzisheng_cn_junior_chapter_expansion_v1_cn-junior-g9-quadratic-roots_014,寻找两个数的和与积。,分解后用零乘积性质求根。,步骤 1：寻找两个数的和与积。 步骤 2：该方程可分解为 (x-3)(x-6)=0，所以 x=3 或 x=6。 步骤 3：得到答案 3或6。,把根的符号写反。,答案 3或6 正确。该方程可分解为 (x-3)(x-6)=0，所以 x=3 或 x=6。,换一组数值，继续练习同一章节的核心结构。
jianzisheng_cn_junior_chapter_expansion_v1_cn-junior-g9-circle-inscribed-angle_001,圆周角和所对弧有一半关系。,用弧度数除以 2。,步骤 1：圆周角和所对弧有一半关系。 步骤 2：同弧所对圆周角等于弧度数的一半，所以为 65°。 步骤 3：得到答案 65。,把圆周角直接等于弧度数。,答案 65 正确。同弧所对圆周角等于弧度数的一半，所以为 65°。,换一组数值，继续练习同一章节的核心结构。
jianzisheng_cn_junior_chapter_expansion_v1_cn-junior-g9-circle-inscribed-angle_002,圆周角和所对弧有一半关系。,用弧度数除以 2。,步骤 1：圆周角和所对弧有一半关系。 步骤 2：同弧所对圆周角等于弧度数的一半，所以为 70°。 步骤 3：得到答案 70。,把圆周角直接等于弧度数。,答案 70 正确。同弧所对圆周角等于弧度数的一半，所以为 70°。,换一组数值，继续练习同一章节的核心结构。
jianzisheng_cn_junior_chapter_expansion_v1_cn-junior-g9-circle-inscribed-angle_003,圆周角和所对弧有一半关系。,用弧度数除以 2。,步骤 1：圆周角和所对弧有一半关系。 步骤 2：同弧所对圆周角等于弧度数的一半，所以为 75°。 步骤 3：得到答案 75。,把圆周角直接等于弧度数。,答案 75 正确。同弧所对圆周角等于弧度数的一半，所以为 75°。,换一组数值，继续练习同一章节的核心结构。
jianzisheng_cn_junior_chapter_expansion_v1_cn-junior-g9-circle-inscribed-angle_004,圆周角和所对弧有一半关系。,用弧度数除以 2。,步骤 1：圆周角和所对弧有一半关系。 步骤 2：同弧所对圆周角等于弧度数的一半，所以为 80°。 步骤 3：得到答案 80。,把圆周角直接等于弧度数。,答案 80 正确。同弧所对圆周角等于弧度数的一半，所以为 80°。,换一组数值，继续练习同一章节的核心结构。
jianzisheng_cn_junior_chapter_expansion_v1_cn-junior-g9-circle-inscribed-angle_005,圆周角和所对弧有一半关系。,用弧度数除以 2。,步骤 1：圆周角和所对弧有一半关系。 步骤 2：同弧所对圆周角等于弧度数的一半，所以为 85°。 步骤 3：得到答案 85。,把圆周角直接等于弧度数。,答案 85 正确。同弧所对圆周角等于弧度数的一半，所以为 85°。,换一组数值，继续练习同一章节的核心结构。
jianzisheng_cn_junior_chapter_expansion_v1_cn-junior-g9-circle-inscribed-angle_006,圆周角和所对弧有一半关系。,用弧度数除以 2。,步骤 1：圆周角和所对弧有一半关系。 步骤 2：同弧所对圆周角等于弧度数的一半，所以为 90°。 步骤 3：得到答案 90。,把圆周角直接等于弧度数。,答案 90 正确。同弧所对圆周角等于弧度数的一半，所以为 90°。,换一组数值，继续练习同一章节的核心结构。
jianzisheng_cn_junior_chapter_expansion_v1_cn-junior-g9-circle-inscribed-angle_007,圆周角和所对弧有一半关系。,用弧度数除以 2。,步骤 1：圆周角和所对弧有一半关系。 步骤 2：同弧所对圆周角等于弧度数的一半，所以为 95°。 步骤 3：得到答案 95。,把圆周角直接等于弧度数。,答案 95 正确。同弧所对圆周角等于弧度数的一半，所以为 95°。,换一组数值，继续练习同一章节的核心结构。
jianzisheng_cn_junior_chapter_expansion_v1_cn-junior-g9-circle-inscribed-angle_008,圆周角和所对弧有一半关系。,用弧度数除以 2。,步骤 1：圆周角和所对弧有一半关系。 步骤 2：同弧所对圆周角等于弧度数的一半，所以为 100°。 步骤 3：得到答案 100。,把圆周角直接等于弧度数。,答案 100 正确。同弧所对圆周角等于弧度数的一半，所以为 100°。,换一组数值，继续练习同一章节的核心结构。
jianzisheng_cn_junior_chapter_expansion_v1_cn-junior-g9-circle-inscribed-angle_009,圆周角和所对弧有一半关系。,用弧度数除以 2。,步骤 1：圆周角和所对弧有一半关系。 步骤 2：同弧所对圆周角等于弧度数的一半，所以为 105°。 步骤 3：得到答案 105。,把圆周角直接等于弧度数。,答案 105 正确。同弧所对圆周角等于弧度数的一半，所以为 105°。,换一组数值，继续练习同一章节的核心结构。
jianzisheng_cn_junior_chapter_expansion_v1_cn-junior-g9-circle-inscribed-angle_010,圆周角和所对弧有一半关系。,用弧度数除以 2。,步骤 1：圆周角和所对弧有一半关系。 步骤 2：同弧所对圆周角等于弧度数的一半，所以为 110°。 步骤 3：得到答案 110。,把圆周角直接等于弧度数。,答案 110 正确。同弧所对圆周角等于弧度数的一半，所以为 110°。,换一组数值，继续练习同一章节的核心结构。
jianzisheng_cn_junior_chapter_expansion_v1_cn-junior-g9-circle-inscribed-angle_011,圆周角和所对弧有一半关系。,用弧度数除以 2。,步骤 1：圆周角和所对弧有一半关系。 步骤 2：同弧所对圆周角等于弧度数的一半，所以为 115°。 步骤 3：得到答案 115。,把圆周角直接等于弧度数。,答案 115 正确。同弧所对圆周角等于弧度数的一半，所以为 115°。,换一组数值，继续练习同一章节的核心结构。
jianzisheng_cn_junior_chapter_expansion_v1_cn-junior-g9-circle-inscribed-angle_012,圆周角和所对弧有一半关系。,用弧度数除以 2。,步骤 1：圆周角和所对弧有一半关系。 步骤 2：同弧所对圆周角等于弧度数的一半，所以为 120°。 步骤 3：得到答案 120。,把圆周角直接等于弧度数。,答案 120 正确。同弧所对圆周角等于弧度数的一半，所以为 120°。,换一组数值，继续练习同一章节的核心结构。
jianzisheng_cn_junior_chapter_expansion_v1_cn-junior-g9-circle-inscribed-angle_013,圆周角和所对弧有一半关系。,用弧度数除以 2。,步骤 1：圆周角和所对弧有一半关系。 步骤 2：同弧所对圆周角等于弧度数的一半，所以为 125°。 步骤 3：得到答案 125。,把圆周角直接等于弧度数。,答案 125 正确。同弧所对圆周角等于弧度数的一半，所以为 125°。,换一组数值，继续练习同一章节的核心结构。
jianzisheng_cn_junior_chapter_expansion_v1_cn-junior-g9-circle-inscribed-angle_014,圆周角和所对弧有一半关系。,用弧度数除以 2。,步骤 1：圆周角和所对弧有一半关系。 步骤 2：同弧所对圆周角等于弧度数的一半，所以为 130°。 步骤 3：得到答案 130。,把圆周角直接等于弧度数。,答案 130 正确。同弧所对圆周角等于弧度数的一半，所以为 130°。,换一组数值，继续练习同一章节的核心结构。
jianzisheng_cn_junior_chapter_expansion_v1_cn-junior-g9-circle-area_001,圆面积用半径的平方。,公式是 S=πr^2。,步骤 1：圆面积用半径的平方。 步骤 2：圆面积公式为 S=πr^2，所以面积为 100π。 步骤 3：得到答案 100π。,把周长公式当成面积公式。,答案 100π 正确。圆面积公式为 S=πr^2，所以面积为 100π。,换一组数值，继续练习同一章节的核心结构。
jianzisheng_cn_junior_chapter_expansion_v1_cn-junior-g9-circle-area_002,圆面积用半径的平方。,公式是 S=πr^2。,步骤 1：圆面积用半径的平方。 步骤 2：圆面积公式为 S=πr^2，所以面积为 121π。 步骤 3：得到答案 121π。,把周长公式当成面积公式。,答案 121π 正确。圆面积公式为 S=πr^2，所以面积为 121π。,换一组数值，继续练习同一章节的核心结构。
jianzisheng_cn_junior_chapter_expansion_v1_cn-junior-g9-circle-area_003,圆面积用半径的平方。,公式是 S=πr^2。,步骤 1：圆面积用半径的平方。 步骤 2：圆面积公式为 S=πr^2，所以面积为 144π。 步骤 3：得到答案 144π。,把周长公式当成面积公式。,答案 144π 正确。圆面积公式为 S=πr^2，所以面积为 144π。,换一组数值，继续练习同一章节的核心结构。
jianzisheng_cn_junior_chapter_expansion_v1_cn-junior-g9-circle-area_004,圆面积用半径的平方。,公式是 S=πr^2。,步骤 1：圆面积用半径的平方。 步骤 2：圆面积公式为 S=πr^2，所以面积为 9π。 步骤 3：得到答案 9π。,把周长公式当成面积公式。,答案 9π 正确。圆面积公式为 S=πr^2，所以面积为 9π。,换一组数值，继续练习同一章节的核心结构。
jianzisheng_cn_junior_chapter_expansion_v1_cn-junior-g9-circle-area_005,圆面积用半径的平方。,公式是 S=πr^2。,步骤 1：圆面积用半径的平方。 步骤 2：圆面积公式为 S=πr^2，所以面积为 16π。 步骤 3：得到答案 16π。,把周长公式当成面积公式。,答案 16π 正确。圆面积公式为 S=πr^2，所以面积为 16π。,换一组数值，继续练习同一章节的核心结构。
jianzisheng_cn_junior_chapter_expansion_v1_cn-junior-g9-circle-area_006,圆面积用半径的平方。,公式是 S=πr^2。,步骤 1：圆面积用半径的平方。 步骤 2：圆面积公式为 S=πr^2，所以面积为 25π。 步骤 3：得到答案 25π。,把周长公式当成面积公式。,答案 25π 正确。圆面积公式为 S=πr^2，所以面积为 25π。,换一组数值，继续练习同一章节的核心结构。
jianzisheng_cn_junior_chapter_expansion_v1_cn-junior-g9-circle-area_007,圆面积用半径的平方。,公式是 S=πr^2。,步骤 1：圆面积用半径的平方。 步骤 2：圆面积公式为 S=πr^2，所以面积为 36π。 步骤 3：得到答案 36π。,把周长公式当成面积公式。,答案 36π 正确。圆面积公式为 S=πr^2，所以面积为 36π。,换一组数值，继续练习同一章节的核心结构。
jianzisheng_cn_junior_chapter_expansion_v1_cn-junior-g9-circle-area_008,圆面积用半径的平方。,公式是 S=πr^2。,步骤 1：圆面积用半径的平方。 步骤 2：圆面积公式为 S=πr^2，所以面积为 49π。 步骤 3：得到答案 49π。,把周长公式当成面积公式。,答案 49π 正确。圆面积公式为 S=πr^2，所以面积为 49π。,换一组数值，继续练习同一章节的核心结构。
jianzisheng_cn_junior_chapter_expansion_v1_cn-junior-g9-circle-area_009,圆面积用半径的平方。,公式是 S=πr^2。,步骤 1：圆面积用半径的平方。 步骤 2：圆面积公式为 S=πr^2，所以面积为 64π。 步骤 3：得到答案 64π。,把周长公式当成面积公式。,答案 64π 正确。圆面积公式为 S=πr^2，所以面积为 64π。,换一组数值，继续练习同一章节的核心结构。
jianzisheng_cn_junior_chapter_expansion_v1_cn-junior-g9-circle-area_010,圆面积用半径的平方。,公式是 S=πr^2。,步骤 1：圆面积用半径的平方。 步骤 2：圆面积公式为 S=πr^2，所以面积为 81π。 步骤 3：得到答案 81π。,把周长公式当成面积公式。,答案 81π 正确。圆面积公式为 S=πr^2，所以面积为 81π。,换一组数值，继续练习同一章节的核心结构。
jianzisheng_cn_junior_chapter_expansion_v1_cn-junior-g9-circle-area_011,圆面积用半径的平方。,公式是 S=πr^2。,步骤 1：圆面积用半径的平方。 步骤 2：圆面积公式为 S=πr^2，所以面积为 100π。 步骤 3：得到答案 100π。,把周长公式当成面积公式。,答案 100π 正确。圆面积公式为 S=πr^2，所以面积为 100π。,换一组数值，继续练习同一章节的核心结构。
jianzisheng_cn_junior_chapter_expansion_v1_cn-junior-g9-circle-area_012,圆面积用半径的平方。,公式是 S=πr^2。,步骤 1：圆面积用半径的平方。 步骤 2：圆面积公式为 S=πr^2，所以面积为 121π。 步骤 3：得到答案 121π。,把周长公式当成面积公式。,答案 121π 正确。圆面积公式为 S=πr^2，所以面积为 121π。,换一组数值，继续练习同一章节的核心结构。
jianzisheng_cn_junior_chapter_expansion_v1_cn-junior-g9-circle-area_013,圆面积用半径的平方。,公式是 S=πr^2。,步骤 1：圆面积用半径的平方。 步骤 2：圆面积公式为 S=πr^2，所以面积为 144π。 步骤 3：得到答案 144π。,把周长公式当成面积公式。,答案 144π 正确。圆面积公式为 S=πr^2，所以面积为 144π。,换一组数值，继续练习同一章节的核心结构。
jianzisheng_cn_junior_chapter_expansion_v1_cn-junior-g9-circle-area_014,圆面积用半径的平方。,公式是 S=πr^2。,步骤 1：圆面积用半径的平方。 步骤 2：圆面积公式为 S=πr^2，所以面积为 9π。 步骤 3：得到答案 9π。,把周长公式当成面积公式。,答案 9π 正确。圆面积公式为 S=πr^2，所以面积为 9π。,换一组数值，继续练习同一章节的核心结构。
jianzisheng_cn_junior_chapter_expansion_v1_cn-junior-g9-probability-basic_001,概率等于有利结果数除以总结果数。,总数包括红球和蓝球。,步骤 1：概率等于有利结果数除以总结果数。 步骤 2：概率=有利结果数÷总结果数，所以为 2/10=1/5。 步骤 3：得到答案 1/5。,用红球数除以蓝球数。,答案 1/5 正确。概率=有利结果数÷总结果数，所以为 2/10=1/5。,换一组数值，继续练习同一章节的核心结构。
jianzisheng_cn_junior_chapter_expansion_v1_cn-junior-g9-probability-basic_002,概率等于有利结果数除以总结果数。,总数包括红球和蓝球。,步骤 1：概率等于有利结果数除以总结果数。 步骤 2：概率=有利结果数÷总结果数，所以为 3/13=3/13。 步骤 3：得到答案 3/13。,用红球数除以蓝球数。,答案 3/13 正确。概率=有利结果数÷总结果数，所以为 3/13=3/13。,换一组数值，继续练习同一章节的核心结构。
jianzisheng_cn_junior_chapter_expansion_v1_cn-junior-g9-probability-basic_003,概率等于有利结果数除以总结果数。,总数包括红球和蓝球。,步骤 1：概率等于有利结果数除以总结果数。 步骤 2：概率=有利结果数÷总结果数，所以为 4/7=4/7。 步骤 3：得到答案 4/7。,用红球数除以蓝球数。,答案 4/7 正确。概率=有利结果数÷总结果数，所以为 4/7=4/7。,换一组数值，继续练习同一章节的核心结构。
jianzisheng_cn_junior_chapter_expansion_v1_cn-junior-g9-probability-basic_004,概率等于有利结果数除以总结果数。,总数包括红球和蓝球。,步骤 1：概率等于有利结果数除以总结果数。 步骤 2：概率=有利结果数÷总结果数，所以为 5/10=1/2。 步骤 3：得到答案 1/2。,用红球数除以蓝球数。,答案 1/2 正确。概率=有利结果数÷总结果数，所以为 5/10=1/2。,换一组数值，继续练习同一章节的核心结构。
jianzisheng_cn_junior_chapter_expansion_v1_cn-junior-g9-probability-basic_005,概率等于有利结果数除以总结果数。,总数包括红球和蓝球。,步骤 1：概率等于有利结果数除以总结果数。 步骤 2：概率=有利结果数÷总结果数，所以为 6/13=6/13。 步骤 3：得到答案 6/13。,用红球数除以蓝球数。,答案 6/13 正确。概率=有利结果数÷总结果数，所以为 6/13=6/13。,换一组数值，继续练习同一章节的核心结构。
jianzisheng_cn_junior_chapter_expansion_v1_cn-junior-g9-probability-basic_006,概率等于有利结果数除以总结果数。,总数包括红球和蓝球。,步骤 1：概率等于有利结果数除以总结果数。 步骤 2：概率=有利结果数÷总结果数，所以为 7/16=7/16。 步骤 3：得到答案 7/16。,用红球数除以蓝球数。,答案 7/16 正确。概率=有利结果数÷总结果数，所以为 7/16=7/16。,换一组数值，继续练习同一章节的核心结构。
jianzisheng_cn_junior_chapter_expansion_v1_cn-junior-g9-probability-basic_007,概率等于有利结果数除以总结果数。,总数包括红球和蓝球。,步骤 1：概率等于有利结果数除以总结果数。 步骤 2：概率=有利结果数÷总结果数，所以为 8/19=8/19。 步骤 3：得到答案 8/19。,用红球数除以蓝球数。,答案 8/19 正确。概率=有利结果数÷总结果数，所以为 8/19=8/19。,换一组数值，继续练习同一章节的核心结构。
jianzisheng_cn_junior_chapter_expansion_v1_cn-junior-g9-probability-basic_008,概率等于有利结果数除以总结果数。,总数包括红球和蓝球。,步骤 1：概率等于有利结果数除以总结果数。 步骤 2：概率=有利结果数÷总结果数，所以为 2/6=1/3。 步骤 3：得到答案 1/3。,用红球数除以蓝球数。,答案 1/3 正确。概率=有利结果数÷总结果数，所以为 2/6=1/3。,换一组数值，继续练习同一章节的核心结构。
jianzisheng_cn_junior_chapter_expansion_v1_cn-junior-g9-probability-basic_009,概率等于有利结果数除以总结果数。,总数包括红球和蓝球。,步骤 1：概率等于有利结果数除以总结果数。 步骤 2：概率=有利结果数÷总结果数，所以为 3/9=1/3。 步骤 3：得到答案 1/3。,用红球数除以蓝球数。,答案 1/3 正确。概率=有利结果数÷总结果数，所以为 3/9=1/3。,换一组数值，继续练习同一章节的核心结构。
jianzisheng_cn_junior_chapter_expansion_v1_cn-junior-g9-probability-basic_010,概率等于有利结果数除以总结果数。,总数包括红球和蓝球。,步骤 1：概率等于有利结果数除以总结果数。 步骤 2：概率=有利结果数÷总结果数，所以为 4/12=1/3。 步骤 3：得到答案 1/3。,用红球数除以蓝球数。,答案 1/3 正确。概率=有利结果数÷总结果数，所以为 4/12=1/3。,换一组数值，继续练习同一章节的核心结构。
jianzisheng_cn_junior_chapter_expansion_v1_cn-junior-g9-probability-basic_011,概率等于有利结果数除以总结果数。,总数包括红球和蓝球。,步骤 1：概率等于有利结果数除以总结果数。 步骤 2：概率=有利结果数÷总结果数，所以为 5/15=1/3。 步骤 3：得到答案 1/3。,用红球数除以蓝球数。,答案 1/3 正确。概率=有利结果数÷总结果数，所以为 5/15=1/3。,换一组数值，继续练习同一章节的核心结构。
jianzisheng_cn_junior_chapter_expansion_v1_cn-junior-g9-probability-basic_012,概率等于有利结果数除以总结果数。,总数包括红球和蓝球。,步骤 1：概率等于有利结果数除以总结果数。 步骤 2：概率=有利结果数÷总结果数，所以为 6/9=2/3。 步骤 3：得到答案 2/3。,用红球数除以蓝球数。,答案 2/3 正确。概率=有利结果数÷总结果数，所以为 6/9=2/3。,换一组数值，继续练习同一章节的核心结构。
jianzisheng_cn_junior_chapter_expansion_v1_cn-junior-g9-probability-basic_013,概率等于有利结果数除以总结果数。,总数包括红球和蓝球。,步骤 1：概率等于有利结果数除以总结果数。 步骤 2：概率=有利结果数÷总结果数，所以为 7/12=7/12。 步骤 3：得到答案 7/12。,用红球数除以蓝球数。,答案 7/12 正确。概率=有利结果数÷总结果数，所以为 7/12=7/12。,换一组数值，继续练习同一章节的核心结构。
jianzisheng_cn_junior_chapter_expansion_v1_cn-junior-g9-probability-basic_014,概率等于有利结果数除以总结果数。,总数包括红球和蓝球。,步骤 1：概率等于有利结果数除以总结果数。 步骤 2：概率=有利结果数÷总结果数，所以为 8/15=8/15。 步骤 3：得到答案 8/15。,用红球数除以蓝球数。,答案 8/15 正确。概率=有利结果数÷总结果数，所以为 8/15=8/15。,换一组数值，继续练习同一章节的核心结构。
jianzisheng_cn_junior_chapter_expansion_v1_cn-junior-g9-statistics-mean_001,先把所有数据相加。,再除以数据个数。,步骤 1：先把所有数据相加。 步骤 2：平均数等于总和除以个数，所以平均数为 13。 步骤 3：得到答案 13。,把中位数或总和当成平均数。,答案 13 正确。平均数等于总和除以个数，所以平均数为 13。,换一组数值，继续练习同一章节的核心结构。
jianzisheng_cn_junior_chapter_expansion_v1_cn-junior-g9-statistics-mean_002,先把所有数据相加。,再除以数据个数。,步骤 1：先把所有数据相加。 步骤 2：平均数等于总和除以个数，所以平均数为 6。 步骤 3：得到答案 6。,把中位数或总和当成平均数。,答案 6 正确。平均数等于总和除以个数，所以平均数为 6。,换一组数值，继续练习同一章节的核心结构。
jianzisheng_cn_junior_chapter_expansion_v1_cn-junior-g9-statistics-mean_003,先把所有数据相加。,再除以数据个数。,步骤 1：先把所有数据相加。 步骤 2：平均数等于总和除以个数，所以平均数为 7。 步骤 3：得到答案 7。,把中位数或总和当成平均数。,答案 7 正确。平均数等于总和除以个数，所以平均数为 7。,换一组数值，继续练习同一章节的核心结构。
jianzisheng_cn_junior_chapter_expansion_v1_cn-junior-g9-statistics-mean_004,先把所有数据相加。,再除以数据个数。,步骤 1：先把所有数据相加。 步骤 2：平均数等于总和除以个数，所以平均数为 8。 步骤 3：得到答案 8。,把中位数或总和当成平均数。,答案 8 正确。平均数等于总和除以个数，所以平均数为 8。,换一组数值，继续练习同一章节的核心结构。
jianzisheng_cn_junior_chapter_expansion_v1_cn-junior-g9-statistics-mean_005,先把所有数据相加。,再除以数据个数。,步骤 1：先把所有数据相加。 步骤 2：平均数等于总和除以个数，所以平均数为 9。 步骤 3：得到答案 9。,把中位数或总和当成平均数。,答案 9 正确。平均数等于总和除以个数，所以平均数为 9。,换一组数值，继续练习同一章节的核心结构。
jianzisheng_cn_junior_chapter_expansion_v1_cn-junior-g9-statistics-mean_006,先把所有数据相加。,再除以数据个数。,步骤 1：先把所有数据相加。 步骤 2：平均数等于总和除以个数，所以平均数为 10。 步骤 3：得到答案 10。,把中位数或总和当成平均数。,答案 10 正确。平均数等于总和除以个数，所以平均数为 10。,换一组数值，继续练习同一章节的核心结构。
jianzisheng_cn_junior_chapter_expansion_v1_cn-junior-g9-statistics-mean_007,先把所有数据相加。,再除以数据个数。,步骤 1：先把所有数据相加。 步骤 2：平均数等于总和除以个数，所以平均数为 11。 步骤 3：得到答案 11。,把中位数或总和当成平均数。,答案 11 正确。平均数等于总和除以个数，所以平均数为 11。,换一组数值，继续练习同一章节的核心结构。
jianzisheng_cn_junior_chapter_expansion_v1_cn-junior-g9-statistics-mean_008,先把所有数据相加。,再除以数据个数。,步骤 1：先把所有数据相加。 步骤 2：平均数等于总和除以个数，所以平均数为 12。 步骤 3：得到答案 12。,把中位数或总和当成平均数。,答案 12 正确。平均数等于总和除以个数，所以平均数为 12。,换一组数值，继续练习同一章节的核心结构。
jianzisheng_cn_junior_chapter_expansion_v1_cn-junior-g9-statistics-mean_009,先把所有数据相加。,再除以数据个数。,步骤 1：先把所有数据相加。 步骤 2：平均数等于总和除以个数，所以平均数为 13。 步骤 3：得到答案 13。,把中位数或总和当成平均数。,答案 13 正确。平均数等于总和除以个数，所以平均数为 13。,换一组数值，继续练习同一章节的核心结构。
jianzisheng_cn_junior_chapter_expansion_v1_cn-junior-g9-statistics-mean_010,先把所有数据相加。,再除以数据个数。,步骤 1：先把所有数据相加。 步骤 2：平均数等于总和除以个数，所以平均数为 6。 步骤 3：得到答案 6。,把中位数或总和当成平均数。,答案 6 正确。平均数等于总和除以个数，所以平均数为 6。,换一组数值，继续练习同一章节的核心结构。
jianzisheng_cn_junior_chapter_expansion_v1_cn-junior-g9-statistics-mean_011,先把所有数据相加。,再除以数据个数。,步骤 1：先把所有数据相加。 步骤 2：平均数等于总和除以个数，所以平均数为 7。 步骤 3：得到答案 7。,把中位数或总和当成平均数。,答案 7 正确。平均数等于总和除以个数，所以平均数为 7。,换一组数值，继续练习同一章节的核心结构。
jianzisheng_cn_junior_chapter_expansion_v1_cn-junior-g9-statistics-mean_012,先把所有数据相加。,再除以数据个数。,步骤 1：先把所有数据相加。 步骤 2：平均数等于总和除以个数，所以平均数为 8。 步骤 3：得到答案 8。,把中位数或总和当成平均数。,答案 8 正确。平均数等于总和除以个数，所以平均数为 8。,换一组数值，继续练习同一章节的核心结构。
jianzisheng_cn_junior_chapter_expansion_v1_cn-junior-g9-statistics-mean_013,先把所有数据相加。,再除以数据个数。,步骤 1：先把所有数据相加。 步骤 2：平均数等于总和除以个数，所以平均数为 9。 步骤 3：得到答案 9。,把中位数或总和当成平均数。,答案 9 正确。平均数等于总和除以个数，所以平均数为 9。,换一组数值，继续练习同一章节的核心结构。
jianzisheng_cn_junior_chapter_expansion_v1_cn-junior-g9-statistics-mean_014,先把所有数据相加。,再除以数据个数。,步骤 1：先把所有数据相加。 步骤 2：平均数等于总和除以个数，所以平均数为 10。 步骤 3：得到答案 10。,把中位数或总和当成平均数。,答案 10 正确。平均数等于总和除以个数，所以平均数为 10。,换一组数值，继续练习同一章节的核心结构。
jianzisheng_cn_junior_chapter_expansion_v1_cn-junior-g9-quadratic-minimum_001,观察是否为顶点式。,开口向上时顶点纵坐标是最小值。,步骤 1：观察是否为顶点式。 步骤 2：函数为顶点式，且开口向上，所以最小值为 -5。 步骤 3：得到答案 -5。,把顶点横坐标当成最小值。,答案 -5 正确。函数为顶点式，且开口向上，所以最小值为 -5。,换一组数值，继续练习同一章节的核心结构。
jianzisheng_cn_junior_chapter_expansion_v1_cn-junior-g9-quadratic-minimum_002,观察是否为顶点式。,开口向上时顶点纵坐标是最小值。,步骤 1：观察是否为顶点式。 步骤 2：函数为顶点式，且开口向上，所以最小值为 -3。 步骤 3：得到答案 -3。,把顶点横坐标当成最小值。,答案 -3 正确。函数为顶点式，且开口向上，所以最小值为 -3。,换一组数值，继续练习同一章节的核心结构。
jianzisheng_cn_junior_chapter_expansion_v1_cn-junior-g9-quadratic-minimum_003,观察是否为顶点式。,开口向上时顶点纵坐标是最小值。,步骤 1：观察是否为顶点式。 步骤 2：函数为顶点式，且开口向上，所以最小值为 -1。 步骤 3：得到答案 -1。,把顶点横坐标当成最小值。,答案 -1 正确。函数为顶点式，且开口向上，所以最小值为 -1。,换一组数值，继续练习同一章节的核心结构。
jianzisheng_cn_junior_chapter_expansion_v1_cn-junior-g9-quadratic-minimum_004,观察是否为顶点式。,开口向上时顶点纵坐标是最小值。,步骤 1：观察是否为顶点式。 步骤 2：函数为顶点式，且开口向上，所以最小值为 1。 步骤 3：得到答案 1。,把顶点横坐标当成最小值。,答案 1 正确。函数为顶点式，且开口向上，所以最小值为 1。,换一组数值，继续练习同一章节的核心结构。
jianzisheng_cn_junior_chapter_expansion_v1_cn-junior-g9-quadratic-minimum_005,观察是否为顶点式。,开口向上时顶点纵坐标是最小值。,步骤 1：观察是否为顶点式。 步骤 2：函数为顶点式，且开口向上，所以最小值为 3。 步骤 3：得到答案 3。,把顶点横坐标当成最小值。,答案 3 正确。函数为顶点式，且开口向上，所以最小值为 3。,换一组数值，继续练习同一章节的核心结构。
jianzisheng_cn_junior_chapter_expansion_v1_cn-junior-g9-quadratic-minimum_006,观察是否为顶点式。,开口向上时顶点纵坐标是最小值。,步骤 1：观察是否为顶点式。 步骤 2：函数为顶点式，且开口向上，所以最小值为 5。 步骤 3：得到答案 5。,把顶点横坐标当成最小值。,答案 5 正确。函数为顶点式，且开口向上，所以最小值为 5。,换一组数值，继续练习同一章节的核心结构。
jianzisheng_cn_junior_chapter_expansion_v1_cn-junior-g9-quadratic-minimum_007,观察是否为顶点式。,开口向上时顶点纵坐标是最小值。,步骤 1：观察是否为顶点式。 步骤 2：函数为顶点式，且开口向上，所以最小值为 -6。 步骤 3：得到答案 -6。,把顶点横坐标当成最小值。,答案 -6 正确。函数为顶点式，且开口向上，所以最小值为 -6。,换一组数值，继续练习同一章节的核心结构。
jianzisheng_cn_junior_chapter_expansion_v1_cn-junior-g9-quadratic-minimum_008,观察是否为顶点式。,开口向上时顶点纵坐标是最小值。,步骤 1：观察是否为顶点式。 步骤 2：函数为顶点式，且开口向上，所以最小值为 -4。 步骤 3：得到答案 -4。,把顶点横坐标当成最小值。,答案 -4 正确。函数为顶点式，且开口向上，所以最小值为 -4。,换一组数值，继续练习同一章节的核心结构。
jianzisheng_cn_junior_chapter_expansion_v1_cn-junior-g9-quadratic-minimum_009,观察是否为顶点式。,开口向上时顶点纵坐标是最小值。,步骤 1：观察是否为顶点式。 步骤 2：函数为顶点式，且开口向上，所以最小值为 -2。 步骤 3：得到答案 -2。,把顶点横坐标当成最小值。,答案 -2 正确。函数为顶点式，且开口向上，所以最小值为 -2。,换一组数值，继续练习同一章节的核心结构。
jianzisheng_cn_junior_chapter_expansion_v1_cn-junior-g9-quadratic-minimum_010,观察是否为顶点式。,开口向上时顶点纵坐标是最小值。,步骤 1：观察是否为顶点式。 步骤 2：函数为顶点式，且开口向上，所以最小值为 0。 步骤 3：得到答案 0。,把顶点横坐标当成最小值。,答案 0 正确。函数为顶点式，且开口向上，所以最小值为 0。,换一组数值，继续练习同一章节的核心结构。
jianzisheng_cn_junior_chapter_expansion_v1_cn-junior-g9-quadratic-minimum_011,观察是否为顶点式。,开口向上时顶点纵坐标是最小值。,步骤 1：观察是否为顶点式。 步骤 2：函数为顶点式，且开口向上，所以最小值为 2。 步骤 3：得到答案 2。,把顶点横坐标当成最小值。,答案 2 正确。函数为顶点式，且开口向上，所以最小值为 2。,换一组数值，继续练习同一章节的核心结构。
jianzisheng_cn_junior_chapter_expansion_v1_cn-junior-g9-quadratic-minimum_012,观察是否为顶点式。,开口向上时顶点纵坐标是最小值。,步骤 1：观察是否为顶点式。 步骤 2：函数为顶点式，且开口向上，所以最小值为 4。 步骤 3：得到答案 4。,把顶点横坐标当成最小值。,答案 4 正确。函数为顶点式，且开口向上，所以最小值为 4。,换一组数值，继续练习同一章节的核心结构。
jianzisheng_cn_junior_chapter_expansion_v1_cn-junior-g9-quadratic-minimum_013,观察是否为顶点式。,开口向上时顶点纵坐标是最小值。,步骤 1：观察是否为顶点式。 步骤 2：函数为顶点式，且开口向上，所以最小值为 6。 步骤 3：得到答案 6。,把顶点横坐标当成最小值。,答案 6 正确。函数为顶点式，且开口向上，所以最小值为 6。,换一组数值，继续练习同一章节的核心结构。
jianzisheng_cn_junior_chapter_expansion_v1_cn-junior-g9-quadratic-minimum_014,观察是否为顶点式。,开口向上时顶点纵坐标是最小值。,步骤 1：观察是否为顶点式。 步骤 2：函数为顶点式，且开口向上，所以最小值为 -5。 步骤 3：得到答案 -5。,把顶点横坐标当成最小值。,答案 -5 正确。函数为顶点式，且开口向上，所以最小值为 -5。,换一组数值，继续练习同一章节的核心结构。
jianzisheng_cn_junior_chapter_expansion_v1_cn-junior-g9-quadratic-translation_001,顶点式中的 x-h 表示水平移动。,括号外的 +k 表示竖直移动。,"步骤 1：顶点式中的 x-h 表示水平移动。 步骤 2：顶点式表示顶点为 (3,-2)，所以答案为“向右3个单位，向下2个单位”。 步骤 3：得到答案 向右3个单位，向下2个单位。",把 x-h 的方向看反。,"答案 向右3个单位，向下2个单位 正确。顶点式表示顶点为 (3,-2)，所以答案为“向右3个单位，向下2个单位”。",换一组数值，继续练习同一章节的核心结构。
jianzisheng_cn_junior_chapter_expansion_v1_cn-junior-g9-quadratic-translation_002,顶点式中的 x-h 表示水平移动。,括号外的 +k 表示竖直移动。,"步骤 1：顶点式中的 x-h 表示水平移动。 步骤 2：顶点式表示顶点为 (4,0)，所以答案为“向右4个单位，向上0个单位”。 步骤 3：得到答案 向右4个单位，向上0个单位。",把 x-h 的方向看反。,"答案 向右4个单位，向上0个单位 正确。顶点式表示顶点为 (4,0)，所以答案为“向右4个单位，向上0个单位”。",换一组数值，继续练习同一章节的核心结构。
jianzisheng_cn_junior_chapter_expansion_v1_cn-junior-g9-quadratic-translation_003,顶点式中的 x-h 表示水平移动。,括号外的 +k 表示竖直移动。,"步骤 1：顶点式中的 x-h 表示水平移动。 步骤 2：顶点式表示顶点为 (-4,2)，所以答案为“向左4个单位，向上2个单位”。 步骤 3：得到答案 向左4个单位，向上2个单位。",把 x-h 的方向看反。,"答案 向左4个单位，向上2个单位 正确。顶点式表示顶点为 (-4,2)，所以答案为“向左4个单位，向上2个单位”。",换一组数值，继续练习同一章节的核心结构。
jianzisheng_cn_junior_chapter_expansion_v1_cn-junior-g9-quadratic-translation_004,顶点式中的 x-h 表示水平移动。,括号外的 +k 表示竖直移动。,"步骤 1：顶点式中的 x-h 表示水平移动。 步骤 2：顶点式表示顶点为 (-3,4)，所以答案为“向左3个单位，向上4个单位”。 步骤 3：得到答案 向左3个单位，向上4个单位。",把 x-h 的方向看反。,"答案 向左3个单位，向上4个单位 正确。顶点式表示顶点为 (-3,4)，所以答案为“向左3个单位，向上4个单位”。",换一组数值，继续练习同一章节的核心结构。
jianzisheng_cn_junior_chapter_expansion_v1_cn-junior-g9-quadratic-translation_005,顶点式中的 x-h 表示水平移动。,括号外的 +k 表示竖直移动。,"步骤 1：顶点式中的 x-h 表示水平移动。 步骤 2：顶点式表示顶点为 (-2,-5)，所以答案为“向左2个单位，向下5个单位”。 步骤 3：得到答案 向左2个单位，向下5个单位。",把 x-h 的方向看反。,"答案 向左2个单位，向下5个单位 正确。顶点式表示顶点为 (-2,-5)，所以答案为“向左2个单位，向下5个单位”。",换一组数值，继续练习同一章节的核心结构。
jianzisheng_cn_junior_chapter_expansion_v1_cn-junior-g9-quadratic-translation_006,顶点式中的 x-h 表示水平移动。,括号外的 +k 表示竖直移动。,"步骤 1：顶点式中的 x-h 表示水平移动。 步骤 2：顶点式表示顶点为 (-1,-3)，所以答案为“向左1个单位，向下3个单位”。 步骤 3：得到答案 向左1个单位，向下3个单位。",把 x-h 的方向看反。,"答案 向左1个单位，向下3个单位 正确。顶点式表示顶点为 (-1,-3)，所以答案为“向左1个单位，向下3个单位”。",换一组数值，继续练习同一章节的核心结构。
jianzisheng_cn_junior_chapter_expansion_v1_cn-junior-g9-quadratic-translation_007,顶点式中的 x-h 表示水平移动。,括号外的 +k 表示竖直移动。,"步骤 1：顶点式中的 x-h 表示水平移动。 步骤 2：顶点式表示顶点为 (0,-1)，所以答案为“向右0个单位，向下1个单位”。 步骤 3：得到答案 向右0个单位，向下1个单位。",把 x-h 的方向看反。,"答案 向右0个单位，向下1个单位 正确。顶点式表示顶点为 (0,-1)，所以答案为“向右0个单位，向下1个单位”。",换一组数值，继续练习同一章节的核心结构。
jianzisheng_cn_junior_chapter_expansion_v1_cn-junior-g9-quadratic-translation_008,顶点式中的 x-h 表示水平移动。,括号外的 +k 表示竖直移动。,"步骤 1：顶点式中的 x-h 表示水平移动。 步骤 2：顶点式表示顶点为 (1,1)，所以答案为“向右1个单位，向上1个单位”。 步骤 3：得到答案 向右1个单位，向上1个单位。",把 x-h 的方向看反。,"答案 向右1个单位，向上1个单位 正确。顶点式表示顶点为 (1,1)，所以答案为“向右1个单位，向上1个单位”。",换一组数值，继续练习同一章节的核心结构。
jianzisheng_cn_junior_chapter_expansion_v1_cn-junior-g9-quadratic-translation_009,顶点式中的 x-h 表示水平移动。,括号外的 +k 表示竖直移动。,"步骤 1：顶点式中的 x-h 表示水平移动。 步骤 2：顶点式表示顶点为 (2,3)，所以答案为“向右2个单位，向上3个单位”。 步骤 3：得到答案 向右2个单位，向上3个单位。",把 x-h 的方向看反。,"答案 向右2个单位，向上3个单位 正确。顶点式表示顶点为 (2,3)，所以答案为“向右2个单位，向上3个单位”。",换一组数值，继续练习同一章节的核心结构。
jianzisheng_cn_junior_chapter_expansion_v1_cn-junior-g9-quadratic-translation_010,顶点式中的 x-h 表示水平移动。,括号外的 +k 表示竖直移动。,"步骤 1：顶点式中的 x-h 表示水平移动。 步骤 2：顶点式表示顶点为 (3,5)，所以答案为“向右3个单位，向上5个单位”。 步骤 3：得到答案 向右3个单位，向上5个单位。",把 x-h 的方向看反。,"答案 向右3个单位，向上5个单位 正确。顶点式表示顶点为 (3,5)，所以答案为“向右3个单位，向上5个单位”。",换一组数值，继续练习同一章节的核心结构。
jianzisheng_cn_junior_chapter_expansion_v1_cn-junior-g9-quadratic-translation_011,顶点式中的 x-h 表示水平移动。,括号外的 +k 表示竖直移动。,"步骤 1：顶点式中的 x-h 表示水平移动。 步骤 2：顶点式表示顶点为 (4,-4)，所以答案为“向右4个单位，向下4个单位”。 步骤 3：得到答案 向右4个单位，向下4个单位。",把 x-h 的方向看反。,"答案 向右4个单位，向下4个单位 正确。顶点式表示顶点为 (4,-4)，所以答案为“向右4个单位，向下4个单位”。",换一组数值，继续练习同一章节的核心结构。
jianzisheng_cn_junior_chapter_expansion_v1_cn-junior-g9-quadratic-translation_012,顶点式中的 x-h 表示水平移动。,括号外的 +k 表示竖直移动。,"步骤 1：顶点式中的 x-h 表示水平移动。 步骤 2：顶点式表示顶点为 (-4,-2)，所以答案为“向左4个单位，向下2个单位”。 步骤 3：得到答案 向左4个单位，向下2个单位。",把 x-h 的方向看反。,"答案 向左4个单位，向下2个单位 正确。顶点式表示顶点为 (-4,-2)，所以答案为“向左4个单位，向下2个单位”。",换一组数值，继续练习同一章节的核心结构。
jianzisheng_cn_junior_chapter_expansion_v1_cn-junior-g9-quadratic-translation_013,顶点式中的 x-h 表示水平移动。,括号外的 +k 表示竖直移动。,"步骤 1：顶点式中的 x-h 表示水平移动。 步骤 2：顶点式表示顶点为 (-3,0)，所以答案为“向左3个单位，向上0个单位”。 步骤 3：得到答案 向左3个单位，向上0个单位。",把 x-h 的方向看反。,"答案 向左3个单位，向上0个单位 正确。顶点式表示顶点为 (-3,0)，所以答案为“向左3个单位，向上0个单位”。",换一组数值，继续练习同一章节的核心结构。
jianzisheng_cn_junior_chapter_expansion_v1_cn-junior-g9-quadratic-translation_014,顶点式中的 x-h 表示水平移动。,括号外的 +k 表示竖直移动。,"步骤 1：顶点式中的 x-h 表示水平移动。 步骤 2：顶点式表示顶点为 (-2,2)，所以答案为“向左2个单位，向上2个单位”。 步骤 3：得到答案 向左2个单位，向上2个单位。",把 x-h 的方向看反。,"答案 向左2个单位，向上2个单位 正确。顶点式表示顶点为 (-2,2)，所以答案为“向左2个单位，向上2个单位”。",换一组数值，继续练习同一章节的核心结构。
jianzisheng_cn_junior_chapter_expansion_v1_cn-junior-g9-similarity-area-ratio_001,面积是二维量，比例会平方。,把边长比的两个数分别平方。,步骤 1：面积是二维量，比例会平方。 步骤 2：相似图形面积比等于边长比的平方，所以面积比为 16:64。 步骤 3：得到答案 16:64。,直接把边长比当面积比。,答案 16:64 正确。相似图形面积比等于边长比的平方，所以面积比为 16:64。,换一组数值，继续练习同一章节的核心结构。
jianzisheng_cn_junior_chapter_expansion_v1_cn-junior-g9-similarity-area-ratio_002,面积是二维量，比例会平方。,把边长比的两个数分别平方。,步骤 1：面积是二维量，比例会平方。 步骤 2：相似图形面积比等于边长比的平方，所以面积比为 25:36。 步骤 3：得到答案 25:36。,直接把边长比当面积比。,答案 25:36 正确。相似图形面积比等于边长比的平方，所以面积比为 25:36。,换一组数值，继续练习同一章节的核心结构。
jianzisheng_cn_junior_chapter_expansion_v1_cn-junior-g9-similarity-area-ratio_003,面积是二维量，比例会平方。,把边长比的两个数分别平方。,步骤 1：面积是二维量，比例会平方。 步骤 2：相似图形面积比等于边长比的平方，所以面积比为 36:64。 步骤 3：得到答案 36:64。,直接把边长比当面积比。,答案 36:64 正确。相似图形面积比等于边长比的平方，所以面积比为 36:64。,换一组数值，继续练习同一章节的核心结构。
jianzisheng_cn_junior_chapter_expansion_v1_cn-junior-g9-similarity-area-ratio_004,面积是二维量，比例会平方。,把边长比的两个数分别平方。,步骤 1：面积是二维量，比例会平方。 步骤 2：相似图形面积比等于边长比的平方，所以面积比为 4:25。 步骤 3：得到答案 4:25。,直接把边长比当面积比。,答案 4:25 正确。相似图形面积比等于边长比的平方，所以面积比为 4:25。,换一组数值，继续练习同一章节的核心结构。
jianzisheng_cn_junior_chapter_expansion_v1_cn-junior-g9-similarity-area-ratio_005,面积是二维量，比例会平方。,把边长比的两个数分别平方。,步骤 1：面积是二维量，比例会平方。 步骤 2：相似图形面积比等于边长比的平方，所以面积比为 9:49。 步骤 3：得到答案 9:49。,直接把边长比当面积比。,答案 9:49 正确。相似图形面积比等于边长比的平方，所以面积比为 9:49。,换一组数值，继续练习同一章节的核心结构。
jianzisheng_cn_junior_chapter_expansion_v1_cn-junior-g9-similarity-area-ratio_006,面积是二维量，比例会平方。,把边长比的两个数分别平方。,步骤 1：面积是二维量，比例会平方。 步骤 2：相似图形面积比等于边长比的平方，所以面积比为 16:25。 步骤 3：得到答案 16:25。,直接把边长比当面积比。,答案 16:25 正确。相似图形面积比等于边长比的平方，所以面积比为 16:25。,换一组数值，继续练习同一章节的核心结构。
jianzisheng_cn_junior_chapter_expansion_v1_cn-junior-g9-similarity-area-ratio_007,面积是二维量，比例会平方。,把边长比的两个数分别平方。,步骤 1：面积是二维量，比例会平方。 步骤 2：相似图形面积比等于边长比的平方，所以面积比为 25:49。 步骤 3：得到答案 25:49。,直接把边长比当面积比。,答案 25:49 正确。相似图形面积比等于边长比的平方，所以面积比为 25:49。,换一组数值，继续练习同一章节的核心结构。
jianzisheng_cn_junior_chapter_expansion_v1_cn-junior-g9-similarity-area-ratio_008,面积是二维量，比例会平方。,把边长比的两个数分别平方。,步骤 1：面积是二维量，比例会平方。 步骤 2：相似图形面积比等于边长比的平方，所以面积比为 36:81。 步骤 3：得到答案 36:81。,直接把边长比当面积比。,答案 36:81 正确。相似图形面积比等于边长比的平方，所以面积比为 36:81。,换一组数值，继续练习同一章节的核心结构。
jianzisheng_cn_junior_chapter_expansion_v1_cn-junior-g9-similarity-area-ratio_009,面积是二维量，比例会平方。,把边长比的两个数分别平方。,步骤 1：面积是二维量，比例会平方。 步骤 2：相似图形面积比等于边长比的平方，所以面积比为 4:36。 步骤 3：得到答案 4:36。,直接把边长比当面积比。,答案 4:36 正确。相似图形面积比等于边长比的平方，所以面积比为 4:36。,换一组数值，继续练习同一章节的核心结构。
jianzisheng_cn_junior_chapter_expansion_v1_cn-junior-g9-similarity-area-ratio_010,面积是二维量，比例会平方。,把边长比的两个数分别平方。,步骤 1：面积是二维量，比例会平方。 步骤 2：相似图形面积比等于边长比的平方，所以面积比为 9:16。 步骤 3：得到答案 9:16。,直接把边长比当面积比。,答案 9:16 正确。相似图形面积比等于边长比的平方，所以面积比为 9:16。,换一组数值，继续练习同一章节的核心结构。
jianzisheng_cn_junior_chapter_expansion_v1_cn-junior-g9-similarity-area-ratio_011,面积是二维量，比例会平方。,把边长比的两个数分别平方。,步骤 1：面积是二维量，比例会平方。 步骤 2：相似图形面积比等于边长比的平方，所以面积比为 16:36。 步骤 3：得到答案 16:36。,直接把边长比当面积比。,答案 16:36 正确。相似图形面积比等于边长比的平方，所以面积比为 16:36。,换一组数值，继续练习同一章节的核心结构。
jianzisheng_cn_junior_chapter_expansion_v1_cn-junior-g9-similarity-area-ratio_012,面积是二维量，比例会平方。,把边长比的两个数分别平方。,步骤 1：面积是二维量，比例会平方。 步骤 2：相似图形面积比等于边长比的平方，所以面积比为 25:64。 步骤 3：得到答案 25:64。,直接把边长比当面积比。,答案 25:64 正确。相似图形面积比等于边长比的平方，所以面积比为 25:64。,换一组数值，继续练习同一章节的核心结构。
jianzisheng_cn_junior_chapter_expansion_v1_cn-junior-g9-similarity-area-ratio_013,面积是二维量，比例会平方。,把边长比的两个数分别平方。,步骤 1：面积是二维量，比例会平方。 步骤 2：相似图形面积比等于边长比的平方，所以面积比为 36:100。 步骤 3：得到答案 36:100。,直接把边长比当面积比。,答案 36:100 正确。相似图形面积比等于边长比的平方，所以面积比为 36:100。,换一组数值，继续练习同一章节的核心结构。
jianzisheng_cn_junior_chapter_expansion_v1_cn-junior-g9-similarity-area-ratio_014,面积是二维量，比例会平方。,把边长比的两个数分别平方。,步骤 1：面积是二维量，比例会平方。 步骤 2：相似图形面积比等于边长比的平方，所以面积比为 4:9。 步骤 3：得到答案 4:9。,直接把边长比当面积比。,答案 4:9 正确。相似图形面积比等于边长比的平方，所以面积比为 4:9。,换一组数值，继续练习同一章节的核心结构。
jianzisheng_cn_junior_chapter_expansion_v1_cn-junior-g9-circle-tangent_001,切点处半径与切线垂直。,用勾股定理。,步骤 1：切点处半径与切线垂直。 步骤 2：半径与切线垂直，形成直角三角形，所以距离为 √(8^2+15^2)=17。 步骤 3：得到答案 17。,直接把半径和切线长相加。,答案 17 正确。半径与切线垂直，形成直角三角形，所以距离为 √(8^2+15^2)=17。,换一组数值，继续练习同一章节的核心结构。
jianzisheng_cn_junior_chapter_expansion_v1_cn-junior-g9-circle-tangent_002,切点处半径与切线垂直。,用勾股定理。,步骤 1：切点处半径与切线垂直。 步骤 2：半径与切线垂直，形成直角三角形，所以距离为 √(7^2+24^2)=25。 步骤 3：得到答案 25。,直接把半径和切线长相加。,答案 25 正确。半径与切线垂直，形成直角三角形，所以距离为 √(7^2+24^2)=25。,换一组数值，继续练习同一章节的核心结构。
jianzisheng_cn_junior_chapter_expansion_v1_cn-junior-g9-circle-tangent_003,切点处半径与切线垂直。,用勾股定理。,步骤 1：切点处半径与切线垂直。 步骤 2：半径与切线垂直，形成直角三角形，所以距离为 √(9^2+12^2)=15。 步骤 3：得到答案 15。,直接把半径和切线长相加。,答案 15 正确。半径与切线垂直，形成直角三角形，所以距离为 √(9^2+12^2)=15。,换一组数值，继续练习同一章节的核心结构。
jianzisheng_cn_junior_chapter_expansion_v1_cn-junior-g9-circle-tangent_004,切点处半径与切线垂直。,用勾股定理。,步骤 1：切点处半径与切线垂直。 步骤 2：半径与切线垂直，形成直角三角形，所以距离为 √(5^2+12^2)=13。 步骤 3：得到答案 13。,直接把半径和切线长相加。,答案 13 正确。半径与切线垂直，形成直角三角形，所以距离为 √(5^2+12^2)=13。,换一组数值，继续练习同一章节的核心结构。
jianzisheng_cn_junior_chapter_expansion_v1_cn-junior-g9-circle-tangent_005,切点处半径与切线垂直。,用勾股定理。,步骤 1：切点处半径与切线垂直。 步骤 2：半径与切线垂直，形成直角三角形，所以距离为 √(6^2+8^2)=10。 步骤 3：得到答案 10。,直接把半径和切线长相加。,答案 10 正确。半径与切线垂直，形成直角三角形，所以距离为 √(6^2+8^2)=10。,换一组数值，继续练习同一章节的核心结构。
jianzisheng_cn_junior_chapter_expansion_v1_cn-junior-g9-circle-tangent_006,切点处半径与切线垂直。,用勾股定理。,步骤 1：切点处半径与切线垂直。 步骤 2：半径与切线垂直，形成直角三角形，所以距离为 √(8^2+15^2)=17。 步骤 3：得到答案 17。,直接把半径和切线长相加。,答案 17 正确。半径与切线垂直，形成直角三角形，所以距离为 √(8^2+15^2)=17。,换一组数值，继续练习同一章节的核心结构。
jianzisheng_cn_junior_chapter_expansion_v1_cn-junior-g9-circle-tangent_007,切点处半径与切线垂直。,用勾股定理。,步骤 1：切点处半径与切线垂直。 步骤 2：半径与切线垂直，形成直角三角形，所以距离为 √(7^2+24^2)=25。 步骤 3：得到答案 25。,直接把半径和切线长相加。,答案 25 正确。半径与切线垂直，形成直角三角形，所以距离为 √(7^2+24^2)=25。,换一组数值，继续练习同一章节的核心结构。
jianzisheng_cn_junior_chapter_expansion_v1_cn-junior-g9-circle-tangent_008,切点处半径与切线垂直。,用勾股定理。,步骤 1：切点处半径与切线垂直。 步骤 2：半径与切线垂直，形成直角三角形，所以距离为 √(9^2+12^2)=15。 步骤 3：得到答案 15。,直接把半径和切线长相加。,答案 15 正确。半径与切线垂直，形成直角三角形，所以距离为 √(9^2+12^2)=15。,换一组数值，继续练习同一章节的核心结构。
jianzisheng_cn_junior_chapter_expansion_v1_cn-junior-g9-circle-tangent_009,切点处半径与切线垂直。,用勾股定理。,步骤 1：切点处半径与切线垂直。 步骤 2：半径与切线垂直，形成直角三角形，所以距离为 √(5^2+12^2)=13。 步骤 3：得到答案 13。,直接把半径和切线长相加。,答案 13 正确。半径与切线垂直，形成直角三角形，所以距离为 √(5^2+12^2)=13。,换一组数值，继续练习同一章节的核心结构。
jianzisheng_cn_junior_chapter_expansion_v1_cn-junior-g9-circle-tangent_010,切点处半径与切线垂直。,用勾股定理。,步骤 1：切点处半径与切线垂直。 步骤 2：半径与切线垂直，形成直角三角形，所以距离为 √(6^2+8^2)=10。 步骤 3：得到答案 10。,直接把半径和切线长相加。,答案 10 正确。半径与切线垂直，形成直角三角形，所以距离为 √(6^2+8^2)=10。,换一组数值，继续练习同一章节的核心结构。
jianzisheng_cn_junior_chapter_expansion_v1_cn-junior-g9-circle-tangent_011,切点处半径与切线垂直。,用勾股定理。,步骤 1：切点处半径与切线垂直。 步骤 2：半径与切线垂直，形成直角三角形，所以距离为 √(8^2+15^2)=17。 步骤 3：得到答案 17。,直接把半径和切线长相加。,答案 17 正确。半径与切线垂直，形成直角三角形，所以距离为 √(8^2+15^2)=17。,换一组数值，继续练习同一章节的核心结构。
jianzisheng_cn_junior_chapter_expansion_v1_cn-junior-g9-circle-tangent_012,切点处半径与切线垂直。,用勾股定理。,步骤 1：切点处半径与切线垂直。 步骤 2：半径与切线垂直，形成直角三角形，所以距离为 √(7^2+24^2)=25。 步骤 3：得到答案 25。,直接把半径和切线长相加。,答案 25 正确。半径与切线垂直，形成直角三角形，所以距离为 √(7^2+24^2)=25。,换一组数值，继续练习同一章节的核心结构。
jianzisheng_cn_junior_chapter_expansion_v1_cn-junior-g9-circle-tangent_013,切点处半径与切线垂直。,用勾股定理。,步骤 1：切点处半径与切线垂直。 步骤 2：半径与切线垂直，形成直角三角形，所以距离为 √(9^2+12^2)=15。 步骤 3：得到答案 15。,直接把半径和切线长相加。,答案 15 正确。半径与切线垂直，形成直角三角形，所以距离为 √(9^2+12^2)=15。,换一组数值，继续练习同一章节的核心结构。
jianzisheng_cn_junior_chapter_expansion_v1_cn-junior-g9-circle-tangent_014,切点处半径与切线垂直。,用勾股定理。,步骤 1：切点处半径与切线垂直。 步骤 2：半径与切线垂直，形成直角三角形，所以距离为 √(5^2+12^2)=13。 步骤 3：得到答案 13。,直接把半径和切线长相加。,答案 13 正确。半径与切线垂直，形成直角三角形，所以距离为 √(5^2+12^2)=13。,换一组数值，继续练习同一章节的核心结构。
jianzisheng_cn_junior_chapter_expansion_v1_cn-junior-g9-probability-complement_001,发生和不发生构成全部情况。,用 1 减去发生概率。,步骤 1：发生和不发生构成全部情况。 步骤 2：不发生是补事件，概率为 1-3/7=4/7。 步骤 3：得到答案 4/7。,把不发生概率仍写成原概率。,答案 4/7 正确。不发生是补事件，概率为 1-3/7=4/7。,换一组数值，继续练习同一章节的核心结构。
jianzisheng_cn_junior_chapter_expansion_v1_cn-junior-g9-probability-complement_002,发生和不发生构成全部情况。,用 1 减去发生概率。,步骤 1：发生和不发生构成全部情况。 步骤 2：不发生是补事件，概率为 1-4/9=5/9。 步骤 3：得到答案 5/9。,把不发生概率仍写成原概率。,答案 5/9 正确。不发生是补事件，概率为 1-4/9=5/9。,换一组数值，继续练习同一章节的核心结构。
jianzisheng_cn_junior_chapter_expansion_v1_cn-junior-g9-probability-complement_003,发生和不发生构成全部情况。,用 1 减去发生概率。,步骤 1：发生和不发生构成全部情况。 步骤 2：不发生是补事件，概率为 1-5/11=6/11。 步骤 3：得到答案 6/11。,把不发生概率仍写成原概率。,答案 6/11 正确。不发生是补事件，概率为 1-5/11=6/11。,换一组数值，继续练习同一章节的核心结构。
jianzisheng_cn_junior_chapter_expansion_v1_cn-junior-g9-probability-complement_004,发生和不发生构成全部情况。,用 1 减去发生概率。,步骤 1：发生和不发生构成全部情况。 步骤 2：不发生是补事件，概率为 1-1/8=7/8。 步骤 3：得到答案 7/8。,把不发生概率仍写成原概率。,答案 7/8 正确。不发生是补事件，概率为 1-1/8=7/8。,换一组数值，继续练习同一章节的核心结构。
jianzisheng_cn_junior_chapter_expansion_v1_cn-junior-g9-probability-complement_005,发生和不发生构成全部情况。,用 1 减去发生概率。,步骤 1：发生和不发生构成全部情况。 步骤 2：不发生是补事件，概率为 1-2/10=4/5。 步骤 3：得到答案 4/5。,把不发生概率仍写成原概率。,答案 4/5 正确。不发生是补事件，概率为 1-2/10=4/5。,换一组数值，继续练习同一章节的核心结构。
jianzisheng_cn_junior_chapter_expansion_v1_cn-junior-g9-probability-complement_006,发生和不发生构成全部情况。,用 1 减去发生概率。,步骤 1：发生和不发生构成全部情况。 步骤 2：不发生是补事件，概率为 1-3/6=1/2。 步骤 3：得到答案 1/2。,把不发生概率仍写成原概率。,答案 1/2 正确。不发生是补事件，概率为 1-3/6=1/2。,换一组数值，继续练习同一章节的核心结构。
jianzisheng_cn_junior_chapter_expansion_v1_cn-junior-g9-probability-complement_007,发生和不发生构成全部情况。,用 1 减去发生概率。,步骤 1：发生和不发生构成全部情况。 步骤 2：不发生是补事件，概率为 1-4/8=1/2。 步骤 3：得到答案 1/2。,把不发生概率仍写成原概率。,答案 1/2 正确。不发生是补事件，概率为 1-4/8=1/2。,换一组数值，继续练习同一章节的核心结构。
jianzisheng_cn_junior_chapter_expansion_v1_cn-junior-g9-probability-complement_008,发生和不发生构成全部情况。,用 1 减去发生概率。,步骤 1：发生和不发生构成全部情况。 步骤 2：不发生是补事件，概率为 1-5/10=1/2。 步骤 3：得到答案 1/2。,把不发生概率仍写成原概率。,答案 1/2 正确。不发生是补事件，概率为 1-5/10=1/2。,换一组数值，继续练习同一章节的核心结构。
jianzisheng_cn_junior_chapter_expansion_v1_cn-junior-g9-probability-complement_009,发生和不发生构成全部情况。,用 1 减去发生概率。,步骤 1：发生和不发生构成全部情况。 步骤 2：不发生是补事件，概率为 1-1/7=6/7。 步骤 3：得到答案 6/7。,把不发生概率仍写成原概率。,答案 6/7 正确。不发生是补事件，概率为 1-1/7=6/7。,换一组数值，继续练习同一章节的核心结构。
jianzisheng_cn_junior_chapter_expansion_v1_cn-junior-g9-probability-complement_010,发生和不发生构成全部情况。,用 1 减去发生概率。,步骤 1：发生和不发生构成全部情况。 步骤 2：不发生是补事件，概率为 1-2/9=7/9。 步骤 3：得到答案 7/9。,把不发生概率仍写成原概率。,答案 7/9 正确。不发生是补事件，概率为 1-2/9=7/9。,换一组数值，继续练习同一章节的核心结构。
jianzisheng_cn_junior_chapter_expansion_v1_cn-junior-g9-probability-complement_011,发生和不发生构成全部情况。,用 1 减去发生概率。,步骤 1：发生和不发生构成全部情况。 步骤 2：不发生是补事件，概率为 1-3/11=8/11。 步骤 3：得到答案 8/11。,把不发生概率仍写成原概率。,答案 8/11 正确。不发生是补事件，概率为 1-3/11=8/11。,换一组数值，继续练习同一章节的核心结构。
jianzisheng_cn_junior_chapter_expansion_v1_cn-junior-g9-probability-complement_012,发生和不发生构成全部情况。,用 1 减去发生概率。,步骤 1：发生和不发生构成全部情况。 步骤 2：不发生是补事件，概率为 1-4/7=3/7。 步骤 3：得到答案 3/7。,把不发生概率仍写成原概率。,答案 3/7 正确。不发生是补事件，概率为 1-4/7=3/7。,换一组数值，继续练习同一章节的核心结构。
jianzisheng_cn_junior_chapter_expansion_v1_cn-junior-g9-probability-complement_013,发生和不发生构成全部情况。,用 1 减去发生概率。,步骤 1：发生和不发生构成全部情况。 步骤 2：不发生是补事件，概率为 1-5/9=4/9。 步骤 3：得到答案 4/9。,把不发生概率仍写成原概率。,答案 4/9 正确。不发生是补事件，概率为 1-5/9=4/9。,换一组数值，继续练习同一章节的核心结构。
jianzisheng_cn_junior_chapter_expansion_v1_cn-junior-g9-probability-complement_014,发生和不发生构成全部情况。,用 1 减去发生概率。,步骤 1：发生和不发生构成全部情况。 步骤 2：不发生是补事件，概率为 1-1/6=5/6。 步骤 3：得到答案 5/6。,把不发生概率仍写成原概率。,答案 5/6 正确。不发生是补事件，概率为 1-1/6=5/6。,换一组数值，继续练习同一章节的核心结构。
jianzisheng_cn_junior_chapter_expansion_v1_cn-junior-g9-statistics-range_001,先找到最大值和最小值。,极差是最大值减最小值。,步骤 1：先找到最大值和最小值。 步骤 2：极差=最大值-最小值=24-8=16。 步骤 3：得到答案 16。,把中位数当成极差。,答案 16 正确。极差=最大值-最小值=24-8=16。,换一组数值，继续练习同一章节的核心结构。
jianzisheng_cn_junior_chapter_expansion_v1_cn-junior-g9-statistics-range_002,先找到最大值和最小值。,极差是最大值减最小值。,步骤 1：先找到最大值和最小值。 步骤 2：极差=最大值-最小值=10-1=9。 步骤 3：得到答案 9。,把中位数当成极差。,答案 9 正确。极差=最大值-最小值=10-1=9。,换一组数值，继续练习同一章节的核心结构。
jianzisheng_cn_junior_chapter_expansion_v1_cn-junior-g9-statistics-range_003,先找到最大值和最小值。,极差是最大值减最小值。,步骤 1：先找到最大值和最小值。 步骤 2：极差=最大值-最小值=12-2=10。 步骤 3：得到答案 10。,把中位数当成极差。,答案 10 正确。极差=最大值-最小值=12-2=10。,换一组数值，继续练习同一章节的核心结构。
jianzisheng_cn_junior_chapter_expansion_v1_cn-junior-g9-statistics-range_004,先找到最大值和最小值。,极差是最大值减最小值。,步骤 1：先找到最大值和最小值。 步骤 2：极差=最大值-最小值=14-3=11。 步骤 3：得到答案 11。,把中位数当成极差。,答案 11 正确。极差=最大值-最小值=14-3=11。,换一组数值，继续练习同一章节的核心结构。
jianzisheng_cn_junior_chapter_expansion_v1_cn-junior-g9-statistics-range_005,先找到最大值和最小值。,极差是最大值减最小值。,步骤 1：先找到最大值和最小值。 步骤 2：极差=最大值-最小值=16-4=12。 步骤 3：得到答案 12。,把中位数当成极差。,答案 12 正确。极差=最大值-最小值=16-4=12。,换一组数值，继续练习同一章节的核心结构。
jianzisheng_cn_junior_chapter_expansion_v1_cn-junior-g9-statistics-range_006,先找到最大值和最小值。,极差是最大值减最小值。,步骤 1：先找到最大值和最小值。 步骤 2：极差=最大值-最小值=18-5=13。 步骤 3：得到答案 13。,把中位数当成极差。,答案 13 正确。极差=最大值-最小值=18-5=13。,换一组数值，继续练习同一章节的核心结构。
jianzisheng_cn_junior_chapter_expansion_v1_cn-junior-g9-statistics-range_007,先找到最大值和最小值。,极差是最大值减最小值。,步骤 1：先找到最大值和最小值。 步骤 2：极差=最大值-最小值=20-6=14。 步骤 3：得到答案 14。,把中位数当成极差。,答案 14 正确。极差=最大值-最小值=20-6=14。,换一组数值，继续练习同一章节的核心结构。
jianzisheng_cn_junior_chapter_expansion_v1_cn-junior-g9-statistics-range_008,先找到最大值和最小值。,极差是最大值减最小值。,步骤 1：先找到最大值和最小值。 步骤 2：极差=最大值-最小值=22-7=15。 步骤 3：得到答案 15。,把中位数当成极差。,答案 15 正确。极差=最大值-最小值=22-7=15。,换一组数值，继续练习同一章节的核心结构。
jianzisheng_cn_junior_chapter_expansion_v1_cn-junior-g9-statistics-range_009,先找到最大值和最小值。,极差是最大值减最小值。,步骤 1：先找到最大值和最小值。 步骤 2：极差=最大值-最小值=24-8=16。 步骤 3：得到答案 16。,把中位数当成极差。,答案 16 正确。极差=最大值-最小值=24-8=16。,换一组数值，继续练习同一章节的核心结构。
jianzisheng_cn_junior_chapter_expansion_v1_cn-junior-g9-statistics-range_010,先找到最大值和最小值。,极差是最大值减最小值。,步骤 1：先找到最大值和最小值。 步骤 2：极差=最大值-最小值=10-1=9。 步骤 3：得到答案 9。,把中位数当成极差。,答案 9 正确。极差=最大值-最小值=10-1=9。,换一组数值，继续练习同一章节的核心结构。
jianzisheng_cn_junior_chapter_expansion_v1_cn-junior-g9-statistics-range_011,先找到最大值和最小值。,极差是最大值减最小值。,步骤 1：先找到最大值和最小值。 步骤 2：极差=最大值-最小值=12-2=10。 步骤 3：得到答案 10。,把中位数当成极差。,答案 10 正确。极差=最大值-最小值=12-2=10。,换一组数值，继续练习同一章节的核心结构。
jianzisheng_cn_junior_chapter_expansion_v1_cn-junior-g9-statistics-range_012,先找到最大值和最小值。,极差是最大值减最小值。,步骤 1：先找到最大值和最小值。 步骤 2：极差=最大值-最小值=14-3=11。 步骤 3：得到答案 11。,把中位数当成极差。,答案 11 正确。极差=最大值-最小值=14-3=11。,换一组数值，继续练习同一章节的核心结构。
jianzisheng_cn_junior_chapter_expansion_v1_cn-junior-g9-statistics-range_013,先找到最大值和最小值。,极差是最大值减最小值。,步骤 1：先找到最大值和最小值。 步骤 2：极差=最大值-最小值=16-4=12。 步骤 3：得到答案 12。,把中位数当成极差。,答案 12 正确。极差=最大值-最小值=16-4=12。,换一组数值，继续练习同一章节的核心结构。
jianzisheng_cn_junior_chapter_expansion_v1_cn-junior-g9-statistics-range_014,先找到最大值和最小值。,极差是最大值减最小值。,步骤 1：先找到最大值和最小值。 步骤 2：极差=最大值-最小值=18-5=13。 步骤 3：得到答案 13。,把中位数当成极差。,答案 13 正确。极差=最大值-最小值=18-5=13。,换一组数值，继续练习同一章节的核心结构。
jianzisheng_cn_junior_chapter_expansion_v1_cn-junior-g9-quadratic-discriminant_001,先找出 a、b、c。,判别式公式是 Δ=b^2-4ac。,步骤 1：先找出 a、b、c。 步骤 2：判别式 Δ=b^2-4ac=-1^2-4×2×-2=17。 步骤 3：得到答案 17。,把减号写成加号。,答案 17 正确。判别式 Δ=b^2-4ac=-1^2-4×2×-2=17。,换一组数值，继续练习同一章节的核心结构。
jianzisheng_cn_junior_chapter_expansion_v1_cn-junior-g9-quadratic-discriminant_002,先找出 a、b、c。,判别式公式是 Δ=b^2-4ac。,步骤 1：先找出 a、b、c。 步骤 2：判别式 Δ=b^2-4ac=0^2-4×3×0=0。 步骤 3：得到答案 0。,把减号写成加号。,答案 0 正确。判别式 Δ=b^2-4ac=0^2-4×3×0=0。,换一组数值，继续练习同一章节的核心结构。
jianzisheng_cn_junior_chapter_expansion_v1_cn-junior-g9-quadratic-discriminant_003,先找出 a、b、c。,判别式公式是 Δ=b^2-4ac。,步骤 1：先找出 a、b、c。 步骤 2：判别式 Δ=b^2-4ac=1^2-4×1×2=-7。 步骤 3：得到答案 -7。,把减号写成加号。,答案 -7 正确。判别式 Δ=b^2-4ac=1^2-4×1×2=-7。,换一组数值，继续练习同一章节的核心结构。
jianzisheng_cn_junior_chapter_expansion_v1_cn-junior-g9-quadratic-discriminant_004,先找出 a、b、c。,判别式公式是 Δ=b^2-4ac。,步骤 1：先找出 a、b、c。 步骤 2：判别式 Δ=b^2-4ac=2^2-4×2×4=-28。 步骤 3：得到答案 -28。,把减号写成加号。,答案 -28 正确。判别式 Δ=b^2-4ac=2^2-4×2×4=-28。,换一组数值，继续练习同一章节的核心结构。
jianzisheng_cn_junior_chapter_expansion_v1_cn-junior-g9-quadratic-discriminant_005,先找出 a、b、c。,判别式公式是 Δ=b^2-4ac。,步骤 1：先找出 a、b、c。 步骤 2：判别式 Δ=b^2-4ac=3^2-4×3×-5=69。 步骤 3：得到答案 69。,把减号写成加号。,答案 69 正确。判别式 Δ=b^2-4ac=3^2-4×3×-5=69。,换一组数值，继续练习同一章节的核心结构。
jianzisheng_cn_junior_chapter_expansion_v1_cn-junior-g9-quadratic-discriminant_006,先找出 a、b、c。,判别式公式是 Δ=b^2-4ac。,步骤 1：先找出 a、b、c。 步骤 2：判别式 Δ=b^2-4ac=4^2-4×1×-3=28。 步骤 3：得到答案 28。,把减号写成加号。,答案 28 正确。判别式 Δ=b^2-4ac=4^2-4×1×-3=28。,换一组数值，继续练习同一章节的核心结构。
jianzisheng_cn_junior_chapter_expansion_v1_cn-junior-g9-quadratic-discriminant_007,先找出 a、b、c。,判别式公式是 Δ=b^2-4ac。,步骤 1：先找出 a、b、c。 步骤 2：判别式 Δ=b^2-4ac=5^2-4×2×-1=33。 步骤 3：得到答案 33。,把减号写成加号。,答案 33 正确。判别式 Δ=b^2-4ac=5^2-4×2×-1=33。,换一组数值，继续练习同一章节的核心结构。
jianzisheng_cn_junior_chapter_expansion_v1_cn-junior-g9-quadratic-discriminant_008,先找出 a、b、c。,判别式公式是 Δ=b^2-4ac。,步骤 1：先找出 a、b、c。 步骤 2：判别式 Δ=b^2-4ac=6^2-4×3×1=24。 步骤 3：得到答案 24。,把减号写成加号。,答案 24 正确。判别式 Δ=b^2-4ac=6^2-4×3×1=24。,换一组数值，继续练习同一章节的核心结构。
jianzisheng_cn_junior_chapter_expansion_v1_cn-junior-g9-quadratic-discriminant_009,先找出 a、b、c。,判别式公式是 Δ=b^2-4ac。,步骤 1：先找出 a、b、c。 步骤 2：判别式 Δ=b^2-4ac=7^2-4×1×3=37。 步骤 3：得到答案 37。,把减号写成加号。,答案 37 正确。判别式 Δ=b^2-4ac=7^2-4×1×3=37。,换一组数值，继续练习同一章节的核心结构。
jianzisheng_cn_junior_chapter_expansion_v1_cn-junior-g9-quadratic-discriminant_010,先找出 a、b、c。,判别式公式是 Δ=b^2-4ac。,步骤 1：先找出 a、b、c。 步骤 2：判别式 Δ=b^2-4ac=8^2-4×2×5=24。 步骤 3：得到答案 24。,把减号写成加号。,答案 24 正确。判别式 Δ=b^2-4ac=8^2-4×2×5=24。,换一组数值，继续练习同一章节的核心结构。
jianzisheng_cn_junior_chapter_expansion_v1_cn-junior-g9-quadratic-discriminant_011,先找出 a、b、c。,判别式公式是 Δ=b^2-4ac。,步骤 1：先找出 a、b、c。 步骤 2：判别式 Δ=b^2-4ac=-8^2-4×3×-4=112。 步骤 3：得到答案 112。,把减号写成加号。,答案 112 正确。判别式 Δ=b^2-4ac=-8^2-4×3×-4=112。,换一组数值，继续练习同一章节的核心结构。
jianzisheng_cn_junior_chapter_expansion_v1_cn-junior-g9-quadratic-discriminant_012,先找出 a、b、c。,判别式公式是 Δ=b^2-4ac。,步骤 1：先找出 a、b、c。 步骤 2：判别式 Δ=b^2-4ac=-7^2-4×1×-2=57。 步骤 3：得到答案 57。,把减号写成加号。,答案 57 正确。判别式 Δ=b^2-4ac=-7^2-4×1×-2=57。,换一组数值，继续练习同一章节的核心结构。
jianzisheng_cn_junior_chapter_expansion_v1_cn-junior-g9-quadratic-discriminant_013,先找出 a、b、c。,判别式公式是 Δ=b^2-4ac。,步骤 1：先找出 a、b、c。 步骤 2：判别式 Δ=b^2-4ac=-6^2-4×2×0=36。 步骤 3：得到答案 36。,把减号写成加号。,答案 36 正确。判别式 Δ=b^2-4ac=-6^2-4×2×0=36。,换一组数值，继续练习同一章节的核心结构。
jianzisheng_cn_junior_chapter_expansion_v1_cn-junior-g9-quadratic-discriminant_014,先找出 a、b、c。,判别式公式是 Δ=b^2-4ac。,步骤 1：先找出 a、b、c。 步骤 2：判别式 Δ=b^2-4ac=-5^2-4×3×2=1。 步骤 3：得到答案 1。,把减号写成加号。,答案 1 正确。判别式 Δ=b^2-4ac=-5^2-4×3×2=1。,换一组数值，继续练习同一章节的核心结构。
jianzisheng_cn_junior_chapter_expansion_v1_cn-junior-g9-quadratic-modeling_001,寻找两个数的和与积。,分解后用零乘积性质求根。,步骤 1：寻找两个数的和与积。 步骤 2：该方程可分解为 (x--3)(x-2)=0，所以 x=-3 或 x=2。 步骤 3：得到答案 -3或2。,把根的符号写反。,答案 -3或2 正确。该方程可分解为 (x--3)(x-2)=0，所以 x=-3 或 x=2。,换一组数值，继续练习同一章节的核心结构。
jianzisheng_cn_junior_chapter_expansion_v1_cn-junior-g9-quadratic-modeling_002,寻找两个数的和与积。,分解后用零乘积性质求根。,步骤 1：寻找两个数的和与积。 步骤 2：该方程可分解为 (x--2)(x-4)=0，所以 x=-2 或 x=4。 步骤 3：得到答案 -2或4。,把根的符号写反。,答案 -2或4 正确。该方程可分解为 (x--2)(x-4)=0，所以 x=-2 或 x=4。,换一组数值，继续练习同一章节的核心结构。
jianzisheng_cn_junior_chapter_expansion_v1_cn-junior-g9-quadratic-modeling_003,寻找两个数的和与积。,分解后用零乘积性质求根。,步骤 1：寻找两个数的和与积。 步骤 2：该方程可分解为 (x--1)(x-6)=0，所以 x=-1 或 x=6。 步骤 3：得到答案 -1或6。,把根的符号写反。,答案 -1或6 正确。该方程可分解为 (x--1)(x-6)=0，所以 x=-1 或 x=6。,换一组数值，继续练习同一章节的核心结构。
jianzisheng_cn_junior_chapter_expansion_v1_cn-junior-g9-quadratic-modeling_004,寻找两个数的和与积。,分解后用零乘积性质求根。,步骤 1：寻找两个数的和与积。 步骤 2：该方程可分解为 (x-0)(x-3)=0，所以 x=0 或 x=3。 步骤 3：得到答案 0或3。,把根的符号写反。,答案 0或3 正确。该方程可分解为 (x-0)(x-3)=0，所以 x=0 或 x=3。,换一组数值，继续练习同一章节的核心结构。
jianzisheng_cn_junior_chapter_expansion_v1_cn-junior-g9-quadratic-modeling_005,寻找两个数的和与积。,分解后用零乘积性质求根。,步骤 1：寻找两个数的和与积。 步骤 2：该方程可分解为 (x-1)(x-5)=0，所以 x=1 或 x=5。 步骤 3：得到答案 1或5。,把根的符号写反。,答案 1或5 正确。该方程可分解为 (x-1)(x-5)=0，所以 x=1 或 x=5。,换一组数值，继续练习同一章节的核心结构。
jianzisheng_cn_junior_chapter_expansion_v1_cn-junior-g9-quadratic-modeling_006,寻找两个数的和与积。,分解后用零乘积性质求根。,步骤 1：寻找两个数的和与积。 步骤 2：该方程可分解为 (x-2)(x-7)=0，所以 x=2 或 x=7。 步骤 3：得到答案 2或7。,把根的符号写反。,答案 2或7 正确。该方程可分解为 (x-2)(x-7)=0，所以 x=2 或 x=7。,换一组数值，继续练习同一章节的核心结构。
jianzisheng_cn_junior_chapter_expansion_v1_cn-junior-g9-quadratic-modeling_007,寻找两个数的和与积。,分解后用零乘积性质求根。,步骤 1：寻找两个数的和与积。 步骤 2：该方程可分解为 (x-3)(x-9)=0，所以 x=3 或 x=9。 步骤 3：得到答案 3或9。,把根的符号写反。,答案 3或9 正确。该方程可分解为 (x-3)(x-9)=0，所以 x=3 或 x=9。,换一组数值，继续练习同一章节的核心结构。
jianzisheng_cn_junior_chapter_expansion_v1_cn-junior-g9-quadratic-modeling_008,寻找两个数的和与积。,分解后用零乘积性质求根。,步骤 1：寻找两个数的和与积。 步骤 2：该方程可分解为 (x--3)(x-4)=0，所以 x=-3 或 x=4。 步骤 3：得到答案 -3或4。,把根的符号写反。,答案 -3或4 正确。该方程可分解为 (x--3)(x-4)=0，所以 x=-3 或 x=4。,换一组数值，继续练习同一章节的核心结构。
jianzisheng_cn_junior_chapter_expansion_v1_cn-junior-g9-quadratic-modeling_009,寻找两个数的和与积。,分解后用零乘积性质求根。,步骤 1：寻找两个数的和与积。 步骤 2：该方程可分解为 (x--2)(x-1)=0，所以 x=-2 或 x=1。 步骤 3：得到答案 -2或1。,把根的符号写反。,答案 -2或1 正确。该方程可分解为 (x--2)(x-1)=0，所以 x=-2 或 x=1。,换一组数值，继续练习同一章节的核心结构。
jianzisheng_cn_junior_chapter_expansion_v1_cn-junior-g9-quadratic-modeling_010,寻找两个数的和与积。,分解后用零乘积性质求根。,步骤 1：寻找两个数的和与积。 步骤 2：该方程可分解为 (x--1)(x-3)=0，所以 x=-1 或 x=3。 步骤 3：得到答案 -1或3。,把根的符号写反。,答案 -1或3 正确。该方程可分解为 (x--1)(x-3)=0，所以 x=-1 或 x=3。,换一组数值，继续练习同一章节的核心结构。
jianzisheng_cn_junior_chapter_expansion_v1_cn-junior-g9-quadratic-modeling_011,寻找两个数的和与积。,分解后用零乘积性质求根。,步骤 1：寻找两个数的和与积。 步骤 2：该方程可分解为 (x-0)(x-5)=0，所以 x=0 或 x=5。 步骤 3：得到答案 0或5。,把根的符号写反。,答案 0或5 正确。该方程可分解为 (x-0)(x-5)=0，所以 x=0 或 x=5。,换一组数值，继续练习同一章节的核心结构。
jianzisheng_cn_junior_chapter_expansion_v1_cn-junior-g9-quadratic-modeling_012,寻找两个数的和与积。,分解后用零乘积性质求根。,步骤 1：寻找两个数的和与积。 步骤 2：该方程可分解为 (x-1)(x-7)=0，所以 x=1 或 x=7。 步骤 3：得到答案 1或7。,把根的符号写反。,答案 1或7 正确。该方程可分解为 (x-1)(x-7)=0，所以 x=1 或 x=7。,换一组数值，继续练习同一章节的核心结构。
jianzisheng_cn_junior_chapter_expansion_v1_cn-junior-g9-quadratic-modeling_013,寻找两个数的和与积。,分解后用零乘积性质求根。,步骤 1：寻找两个数的和与积。 步骤 2：该方程可分解为 (x-2)(x-9)=0，所以 x=2 或 x=9。 步骤 3：得到答案 2或9。,把根的符号写反。,答案 2或9 正确。该方程可分解为 (x-2)(x-9)=0，所以 x=2 或 x=9。,换一组数值，继续练习同一章节的核心结构。
jianzisheng_cn_junior_chapter_expansion_v1_cn-junior-g9-quadratic-modeling_014,寻找两个数的和与积。,分解后用零乘积性质求根。,步骤 1：寻找两个数的和与积。 步骤 2：该方程可分解为 (x-3)(x-6)=0，所以 x=3 或 x=6。 步骤 3：得到答案 3或6。,把根的符号写反。,答案 3或6 正确。该方程可分解为 (x-3)(x-6)=0，所以 x=3 或 x=6。,换一组数值，继续练习同一章节的核心结构。
jianzisheng_cn_junior_chapter_expansion_v1_cn-junior-g9-arc-length_001,先求完整圆的周长。,再乘圆心角占 360° 的比例。,步骤 1：先求完整圆的周长。 步骤 2：弧长=2πr×圆心角/360°，所以弧长为 11π。 步骤 3：得到答案 11π。,直接使用完整圆周长。,答案 11π 正确。弧长=2πr×圆心角/360°，所以弧长为 11π。,换一组数值，继续练习同一章节的核心结构。
jianzisheng_cn_junior_chapter_expansion_v1_cn-junior-g9-arc-length_002,先求完整圆的周长。,再乘圆心角占 360° 的比例。,步骤 1：先求完整圆的周长。 步骤 2：弧长=2πr×圆心角/360°，所以弧长为 4π。 步骤 3：得到答案 4π。,直接使用完整圆周长。,答案 4π 正确。弧长=2πr×圆心角/360°，所以弧长为 4π。,换一组数值，继续练习同一章节的核心结构。
jianzisheng_cn_junior_chapter_expansion_v1_cn-junior-g9-arc-length_003,先求完整圆的周长。,再乘圆心角占 360° 的比例。,步骤 1：先求完整圆的周长。 步骤 2：弧长=2πr×圆心角/360°，所以弧长为 2π。 步骤 3：得到答案 2π。,直接使用完整圆周长。,答案 2π 正确。弧长=2πr×圆心角/360°，所以弧长为 2π。,换一组数值，继续练习同一章节的核心结构。
jianzisheng_cn_junior_chapter_expansion_v1_cn-junior-g9-arc-length_004,先求完整圆的周长。,再乘圆心角占 360° 的比例。,步骤 1：先求完整圆的周长。 步骤 2：弧长=2πr×圆心角/360°，所以弧长为 10/3π。 步骤 3：得到答案 10/3π。,直接使用完整圆周长。,答案 10/3π 正确。弧长=2πr×圆心角/360°，所以弧长为 10/3π。,换一组数值，继续练习同一章节的核心结构。
jianzisheng_cn_junior_chapter_expansion_v1_cn-junior-g9-arc-length_005,先求完整圆的周长。,再乘圆心角占 360° 的比例。,步骤 1：先求完整圆的周长。 步骤 2：弧长=2πr×圆心角/360°，所以弧长为 6π。 步骤 3：得到答案 6π。,直接使用完整圆周长。,答案 6π 正确。弧长=2πr×圆心角/360°，所以弧长为 6π。,换一组数值，继续练习同一章节的核心结构。
jianzisheng_cn_junior_chapter_expansion_v1_cn-junior-g9-arc-length_006,先求完整圆的周长。,再乘圆心角占 360° 的比例。,步骤 1：先求完整圆的周长。 步骤 2：弧长=2πr×圆心角/360°，所以弧长为 7/3π。 步骤 3：得到答案 7/3π。,直接使用完整圆周长。,答案 7/3π 正确。弧长=2πr×圆心角/360°，所以弧长为 7/3π。,换一组数值，继续练习同一章节的核心结构。
jianzisheng_cn_junior_chapter_expansion_v1_cn-junior-g9-arc-length_007,先求完整圆的周长。,再乘圆心角占 360° 的比例。,步骤 1：先求完整圆的周长。 步骤 2：弧长=2πr×圆心角/360°，所以弧长为 4π。 步骤 3：得到答案 4π。,直接使用完整圆周长。,答案 4π 正确。弧长=2πr×圆心角/360°，所以弧长为 4π。,换一组数值，继续练习同一章节的核心结构。
jianzisheng_cn_junior_chapter_expansion_v1_cn-junior-g9-arc-length_008,先求完整圆的周长。,再乘圆心角占 360° 的比例。,步骤 1：先求完整圆的周长。 步骤 2：弧长=2πr×圆心角/360°，所以弧长为 6π。 步骤 3：得到答案 6π。,直接使用完整圆周长。,答案 6π 正确。弧长=2πr×圆心角/360°，所以弧长为 6π。,换一组数值，继续练习同一章节的核心结构。
jianzisheng_cn_junior_chapter_expansion_v1_cn-junior-g9-arc-length_009,先求完整圆的周长。,再乘圆心角占 360° 的比例。,步骤 1：先求完整圆的周长。 步骤 2：弧长=2πr×圆心角/360°，所以弧长为 10π。 步骤 3：得到答案 10π。,直接使用完整圆周长。,答案 10π 正确。弧长=2πr×圆心角/360°，所以弧长为 10π。,换一组数值，继续练习同一章节的核心结构。
jianzisheng_cn_junior_chapter_expansion_v1_cn-junior-g9-arc-length_010,先求完整圆的周长。,再乘圆心角占 360° 的比例。,步骤 1：先求完整圆的周长。 步骤 2：弧长=2πr×圆心角/360°，所以弧长为 11/3π。 步骤 3：得到答案 11/3π。,直接使用完整圆周长。,答案 11/3π 正确。弧长=2πr×圆心角/360°，所以弧长为 11/3π。,换一组数值，继续练习同一章节的核心结构。
jianzisheng_cn_junior_chapter_expansion_v1_cn-junior-g9-arc-length_011,先求完整圆的周长。,再乘圆心角占 360° 的比例。,步骤 1：先求完整圆的周长。 步骤 2：弧长=2πr×圆心角/360°，所以弧长为 6π。 步骤 3：得到答案 6π。,直接使用完整圆周长。,答案 6π 正确。弧长=2πr×圆心角/360°，所以弧长为 6π。,换一组数值，继续练习同一章节的核心结构。
jianzisheng_cn_junior_chapter_expansion_v1_cn-junior-g9-arc-length_012,先求完整圆的周长。,再乘圆心角占 360° 的比例。,步骤 1：先求完整圆的周长。 步骤 2：弧长=2πr×圆心角/360°，所以弧长为 8/3π。 步骤 3：得到答案 8/3π。,直接使用完整圆周长。,答案 8/3π 正确。弧长=2πr×圆心角/360°，所以弧长为 8/3π。,换一组数值，继续练习同一章节的核心结构。
jianzisheng_cn_junior_chapter_expansion_v1_cn-junior-g9-arc-length_013,先求完整圆的周长。,再乘圆心角占 360° 的比例。,步骤 1：先求完整圆的周长。 步骤 2：弧长=2πr×圆心角/360°，所以弧长为 5π。 步骤 3：得到答案 5π。,直接使用完整圆周长。,答案 5π 正确。弧长=2πr×圆心角/360°，所以弧长为 5π。,换一组数值，继续练习同一章节的核心结构。
jianzisheng_cn_junior_chapter_expansion_v1_cn-junior-g9-arc-length_014,先求完整圆的周长。,再乘圆心角占 360° 的比例。,步骤 1：先求完整圆的周长。 步骤 2：弧长=2πr×圆心角/360°，所以弧长为 2π。 步骤 3：得到答案 2π。,直接使用完整圆周长。,答案 2π 正确。弧长=2πr×圆心角/360°，所以弧长为 2π。,换一组数值，继续练习同一章节的核心结构。
jianzisheng_cn_junior_chapter_expansion_v1_cn-junior-g9-chord-distance_001,切点处半径与切线垂直。,用勾股定理。,步骤 1：切点处半径与切线垂直。 步骤 2：半径与切线垂直，形成直角三角形，所以距离为 √(8^2+15^2)=17。 步骤 3：得到答案 17。,直接把半径和切线长相加。,答案 17 正确。半径与切线垂直，形成直角三角形，所以距离为 √(8^2+15^2)=17。,换一组数值，继续练习同一章节的核心结构。
jianzisheng_cn_junior_chapter_expansion_v1_cn-junior-g9-chord-distance_002,切点处半径与切线垂直。,用勾股定理。,步骤 1：切点处半径与切线垂直。 步骤 2：半径与切线垂直，形成直角三角形，所以距离为 √(7^2+24^2)=25。 步骤 3：得到答案 25。,直接把半径和切线长相加。,答案 25 正确。半径与切线垂直，形成直角三角形，所以距离为 √(7^2+24^2)=25。,换一组数值，继续练习同一章节的核心结构。
jianzisheng_cn_junior_chapter_expansion_v1_cn-junior-g9-chord-distance_003,切点处半径与切线垂直。,用勾股定理。,步骤 1：切点处半径与切线垂直。 步骤 2：半径与切线垂直，形成直角三角形，所以距离为 √(9^2+12^2)=15。 步骤 3：得到答案 15。,直接把半径和切线长相加。,答案 15 正确。半径与切线垂直，形成直角三角形，所以距离为 √(9^2+12^2)=15。,换一组数值，继续练习同一章节的核心结构。
jianzisheng_cn_junior_chapter_expansion_v1_cn-junior-g9-chord-distance_004,切点处半径与切线垂直。,用勾股定理。,步骤 1：切点处半径与切线垂直。 步骤 2：半径与切线垂直，形成直角三角形，所以距离为 √(5^2+12^2)=13。 步骤 3：得到答案 13。,直接把半径和切线长相加。,答案 13 正确。半径与切线垂直，形成直角三角形，所以距离为 √(5^2+12^2)=13。,换一组数值，继续练习同一章节的核心结构。
jianzisheng_cn_junior_chapter_expansion_v1_cn-junior-g9-chord-distance_005,切点处半径与切线垂直。,用勾股定理。,步骤 1：切点处半径与切线垂直。 步骤 2：半径与切线垂直，形成直角三角形，所以距离为 √(6^2+8^2)=10。 步骤 3：得到答案 10。,直接把半径和切线长相加。,答案 10 正确。半径与切线垂直，形成直角三角形，所以距离为 √(6^2+8^2)=10。,换一组数值，继续练习同一章节的核心结构。
jianzisheng_cn_junior_chapter_expansion_v1_cn-junior-g9-chord-distance_006,切点处半径与切线垂直。,用勾股定理。,步骤 1：切点处半径与切线垂直。 步骤 2：半径与切线垂直，形成直角三角形，所以距离为 √(8^2+15^2)=17。 步骤 3：得到答案 17。,直接把半径和切线长相加。,答案 17 正确。半径与切线垂直，形成直角三角形，所以距离为 √(8^2+15^2)=17。,换一组数值，继续练习同一章节的核心结构。
jianzisheng_cn_junior_chapter_expansion_v1_cn-junior-g9-chord-distance_007,切点处半径与切线垂直。,用勾股定理。,步骤 1：切点处半径与切线垂直。 步骤 2：半径与切线垂直，形成直角三角形，所以距离为 √(7^2+24^2)=25。 步骤 3：得到答案 25。,直接把半径和切线长相加。,答案 25 正确。半径与切线垂直，形成直角三角形，所以距离为 √(7^2+24^2)=25。,换一组数值，继续练习同一章节的核心结构。
jianzisheng_cn_junior_chapter_expansion_v1_cn-junior-g9-chord-distance_008,切点处半径与切线垂直。,用勾股定理。,步骤 1：切点处半径与切线垂直。 步骤 2：半径与切线垂直，形成直角三角形，所以距离为 √(9^2+12^2)=15。 步骤 3：得到答案 15。,直接把半径和切线长相加。,答案 15 正确。半径与切线垂直，形成直角三角形，所以距离为 √(9^2+12^2)=15。,换一组数值，继续练习同一章节的核心结构。
jianzisheng_cn_junior_chapter_expansion_v1_cn-junior-g9-chord-distance_009,切点处半径与切线垂直。,用勾股定理。,步骤 1：切点处半径与切线垂直。 步骤 2：半径与切线垂直，形成直角三角形，所以距离为 √(5^2+12^2)=13。 步骤 3：得到答案 13。,直接把半径和切线长相加。,答案 13 正确。半径与切线垂直，形成直角三角形，所以距离为 √(5^2+12^2)=13。,换一组数值，继续练习同一章节的核心结构。
jianzisheng_cn_junior_chapter_expansion_v1_cn-junior-g9-chord-distance_010,切点处半径与切线垂直。,用勾股定理。,步骤 1：切点处半径与切线垂直。 步骤 2：半径与切线垂直，形成直角三角形，所以距离为 √(6^2+8^2)=10。 步骤 3：得到答案 10。,直接把半径和切线长相加。,答案 10 正确。半径与切线垂直，形成直角三角形，所以距离为 √(6^2+8^2)=10。,换一组数值，继续练习同一章节的核心结构。
jianzisheng_cn_junior_chapter_expansion_v1_cn-junior-g9-chord-distance_011,切点处半径与切线垂直。,用勾股定理。,步骤 1：切点处半径与切线垂直。 步骤 2：半径与切线垂直，形成直角三角形，所以距离为 √(8^2+15^2)=17。 步骤 3：得到答案 17。,直接把半径和切线长相加。,答案 17 正确。半径与切线垂直，形成直角三角形，所以距离为 √(8^2+15^2)=17。,换一组数值，继续练习同一章节的核心结构。
jianzisheng_cn_junior_chapter_expansion_v1_cn-junior-g9-chord-distance_012,切点处半径与切线垂直。,用勾股定理。,步骤 1：切点处半径与切线垂直。 步骤 2：半径与切线垂直，形成直角三角形，所以距离为 √(7^2+24^2)=25。 步骤 3：得到答案 25。,直接把半径和切线长相加。,答案 25 正确。半径与切线垂直，形成直角三角形，所以距离为 √(7^2+24^2)=25。,换一组数值，继续练习同一章节的核心结构。
jianzisheng_cn_junior_chapter_expansion_v1_cn-junior-g9-chord-distance_013,切点处半径与切线垂直。,用勾股定理。,步骤 1：切点处半径与切线垂直。 步骤 2：半径与切线垂直，形成直角三角形，所以距离为 √(9^2+12^2)=15。 步骤 3：得到答案 15。,直接把半径和切线长相加。,答案 15 正确。半径与切线垂直，形成直角三角形，所以距离为 √(9^2+12^2)=15。,换一组数值，继续练习同一章节的核心结构。
jianzisheng_cn_junior_chapter_expansion_v1_cn-junior-g9-chord-distance_014,切点处半径与切线垂直。,用勾股定理。,步骤 1：切点处半径与切线垂直。 步骤 2：半径与切线垂直，形成直角三角形，所以距离为 √(5^2+12^2)=13。 步骤 3：得到答案 13。,直接把半径和切线长相加。,答案 13 正确。半径与切线垂直，形成直角三角形，所以距离为 √(5^2+12^2)=13。,换一组数值，继续练习同一章节的核心结构。
jianzisheng_cn_junior_chapter_expansion_v1_cn-junior-g9-similarity-application_001,先求两个三角形之间的放大倍数。,相似图形对应边用同一个倍数变化。,步骤 1：先求两个三角形之间的放大倍数。 步骤 2：相似比为 5，所以对应边为 9×5=45。 步骤 3：得到答案 45。,把边长差当作固定增加量。,答案 45 正确。相似比为 5，所以对应边为 9×5=45。,换一组数值，继续练习同一章节的核心结构。
jianzisheng_cn_junior_chapter_expansion_v1_cn-junior-g9-similarity-application_002,先求两个三角形之间的放大倍数。,相似图形对应边用同一个倍数变化。,步骤 1：先求两个三角形之间的放大倍数。 步骤 2：相似比为 2，所以对应边为 11×2=22。 步骤 3：得到答案 22。,把边长差当作固定增加量。,答案 22 正确。相似比为 2，所以对应边为 11×2=22。,换一组数值，继续练习同一章节的核心结构。
jianzisheng_cn_junior_chapter_expansion_v1_cn-junior-g9-similarity-application_003,先求两个三角形之间的放大倍数。,相似图形对应边用同一个倍数变化。,步骤 1：先求两个三角形之间的放大倍数。 步骤 2：相似比为 3，所以对应边为 4×3=12。 步骤 3：得到答案 12。,把边长差当作固定增加量。,答案 12 正确。相似比为 3，所以对应边为 4×3=12。,换一组数值，继续练习同一章节的核心结构。
jianzisheng_cn_junior_chapter_expansion_v1_cn-junior-g9-similarity-application_004,先求两个三角形之间的放大倍数。,相似图形对应边用同一个倍数变化。,步骤 1：先求两个三角形之间的放大倍数。 步骤 2：相似比为 4，所以对应边为 6×4=24。 步骤 3：得到答案 24。,把边长差当作固定增加量。,答案 24 正确。相似比为 4，所以对应边为 6×4=24。,换一组数值，继续练习同一章节的核心结构。
jianzisheng_cn_junior_chapter_expansion_v1_cn-junior-g9-similarity-application_005,先求两个三角形之间的放大倍数。,相似图形对应边用同一个倍数变化。,步骤 1：先求两个三角形之间的放大倍数。 步骤 2：相似比为 5，所以对应边为 8×5=40。 步骤 3：得到答案 40。,把边长差当作固定增加量。,答案 40 正确。相似比为 5，所以对应边为 8×5=40。,换一组数值，继续练习同一章节的核心结构。
jianzisheng_cn_junior_chapter_expansion_v1_cn-junior-g9-similarity-application_006,先求两个三角形之间的放大倍数。,相似图形对应边用同一个倍数变化。,步骤 1：先求两个三角形之间的放大倍数。 步骤 2：相似比为 2，所以对应边为 10×2=20。 步骤 3：得到答案 20。,把边长差当作固定增加量。,答案 20 正确。相似比为 2，所以对应边为 10×2=20。,换一组数值，继续练习同一章节的核心结构。
jianzisheng_cn_junior_chapter_expansion_v1_cn-junior-g9-similarity-application_007,先求两个三角形之间的放大倍数。,相似图形对应边用同一个倍数变化。,步骤 1：先求两个三角形之间的放大倍数。 步骤 2：相似比为 3，所以对应边为 12×3=36。 步骤 3：得到答案 36。,把边长差当作固定增加量。,答案 36 正确。相似比为 3，所以对应边为 12×3=36。,换一组数值，继续练习同一章节的核心结构。
jianzisheng_cn_junior_chapter_expansion_v1_cn-junior-g9-similarity-application_008,先求两个三角形之间的放大倍数。,相似图形对应边用同一个倍数变化。,步骤 1：先求两个三角形之间的放大倍数。 步骤 2：相似比为 4，所以对应边为 5×4=20。 步骤 3：得到答案 20。,把边长差当作固定增加量。,答案 20 正确。相似比为 4，所以对应边为 5×4=20。,换一组数值，继续练习同一章节的核心结构。
jianzisheng_cn_junior_chapter_expansion_v1_cn-junior-g9-similarity-application_009,先求两个三角形之间的放大倍数。,相似图形对应边用同一个倍数变化。,步骤 1：先求两个三角形之间的放大倍数。 步骤 2：相似比为 5，所以对应边为 7×5=35。 步骤 3：得到答案 35。,把边长差当作固定增加量。,答案 35 正确。相似比为 5，所以对应边为 7×5=35。,换一组数值，继续练习同一章节的核心结构。
jianzisheng_cn_junior_chapter_expansion_v1_cn-junior-g9-similarity-application_010,先求两个三角形之间的放大倍数。,相似图形对应边用同一个倍数变化。,步骤 1：先求两个三角形之间的放大倍数。 步骤 2：相似比为 2，所以对应边为 9×2=18。 步骤 3：得到答案 18。,把边长差当作固定增加量。,答案 18 正确。相似比为 2，所以对应边为 9×2=18。,换一组数值，继续练习同一章节的核心结构。
jianzisheng_cn_junior_chapter_expansion_v1_cn-junior-g9-similarity-application_011,先求两个三角形之间的放大倍数。,相似图形对应边用同一个倍数变化。,步骤 1：先求两个三角形之间的放大倍数。 步骤 2：相似比为 3，所以对应边为 11×3=33。 步骤 3：得到答案 33。,把边长差当作固定增加量。,答案 33 正确。相似比为 3，所以对应边为 11×3=33。,换一组数值，继续练习同一章节的核心结构。
jianzisheng_cn_junior_chapter_expansion_v1_cn-junior-g9-similarity-application_012,先求两个三角形之间的放大倍数。,相似图形对应边用同一个倍数变化。,步骤 1：先求两个三角形之间的放大倍数。 步骤 2：相似比为 4，所以对应边为 4×4=16。 步骤 3：得到答案 16。,把边长差当作固定增加量。,答案 16 正确。相似比为 4，所以对应边为 4×4=16。,换一组数值，继续练习同一章节的核心结构。
jianzisheng_cn_junior_chapter_expansion_v1_cn-junior-g9-similarity-application_013,先求两个三角形之间的放大倍数。,相似图形对应边用同一个倍数变化。,步骤 1：先求两个三角形之间的放大倍数。 步骤 2：相似比为 5，所以对应边为 6×5=30。 步骤 3：得到答案 30。,把边长差当作固定增加量。,答案 30 正确。相似比为 5，所以对应边为 6×5=30。,换一组数值，继续练习同一章节的核心结构。
jianzisheng_cn_junior_chapter_expansion_v1_cn-junior-g9-similarity-application_014,先求两个三角形之间的放大倍数。,相似图形对应边用同一个倍数变化。,步骤 1：先求两个三角形之间的放大倍数。 步骤 2：相似比为 2，所以对应边为 8×2=16。 步骤 3：得到答案 16。,把边长差当作固定增加量。,答案 16 正确。相似比为 2，所以对应边为 8×2=16。,换一组数值，继续练习同一章节的核心结构。
jianzisheng_cn_junior_chapter_expansion_v1_cn-junior-g9-probability-two-step_001,概率等于有利结果数除以总结果数。,总数包括红球和蓝球。,步骤 1：概率等于有利结果数除以总结果数。 步骤 2：概率=有利结果数÷总结果数，所以为 2/10=1/5。 步骤 3：得到答案 1/5。,用红球数除以蓝球数。,答案 1/5 正确。概率=有利结果数÷总结果数，所以为 2/10=1/5。,换一组数值，继续练习同一章节的核心结构。
jianzisheng_cn_junior_chapter_expansion_v1_cn-junior-g9-probability-two-step_002,概率等于有利结果数除以总结果数。,总数包括红球和蓝球。,步骤 1：概率等于有利结果数除以总结果数。 步骤 2：概率=有利结果数÷总结果数，所以为 3/13=3/13。 步骤 3：得到答案 3/13。,用红球数除以蓝球数。,答案 3/13 正确。概率=有利结果数÷总结果数，所以为 3/13=3/13。,换一组数值，继续练习同一章节的核心结构。
jianzisheng_cn_junior_chapter_expansion_v1_cn-junior-g9-probability-two-step_003,概率等于有利结果数除以总结果数。,总数包括红球和蓝球。,步骤 1：概率等于有利结果数除以总结果数。 步骤 2：概率=有利结果数÷总结果数，所以为 4/7=4/7。 步骤 3：得到答案 4/7。,用红球数除以蓝球数。,答案 4/7 正确。概率=有利结果数÷总结果数，所以为 4/7=4/7。,换一组数值，继续练习同一章节的核心结构。
jianzisheng_cn_junior_chapter_expansion_v1_cn-junior-g9-probability-two-step_004,概率等于有利结果数除以总结果数。,总数包括红球和蓝球。,步骤 1：概率等于有利结果数除以总结果数。 步骤 2：概率=有利结果数÷总结果数，所以为 5/10=1/2。 步骤 3：得到答案 1/2。,用红球数除以蓝球数。,答案 1/2 正确。概率=有利结果数÷总结果数，所以为 5/10=1/2。,换一组数值，继续练习同一章节的核心结构。
jianzisheng_cn_junior_chapter_expansion_v1_cn-junior-g9-probability-two-step_005,概率等于有利结果数除以总结果数。,总数包括红球和蓝球。,步骤 1：概率等于有利结果数除以总结果数。 步骤 2：概率=有利结果数÷总结果数，所以为 6/13=6/13。 步骤 3：得到答案 6/13。,用红球数除以蓝球数。,答案 6/13 正确。概率=有利结果数÷总结果数，所以为 6/13=6/13。,换一组数值，继续练习同一章节的核心结构。
jianzisheng_cn_junior_chapter_expansion_v1_cn-junior-g9-probability-two-step_006,概率等于有利结果数除以总结果数。,总数包括红球和蓝球。,步骤 1：概率等于有利结果数除以总结果数。 步骤 2：概率=有利结果数÷总结果数，所以为 7/16=7/16。 步骤 3：得到答案 7/16。,用红球数除以蓝球数。,答案 7/16 正确。概率=有利结果数÷总结果数，所以为 7/16=7/16。,换一组数值，继续练习同一章节的核心结构。
jianzisheng_cn_junior_chapter_expansion_v1_cn-junior-g9-probability-two-step_007,概率等于有利结果数除以总结果数。,总数包括红球和蓝球。,步骤 1：概率等于有利结果数除以总结果数。 步骤 2：概率=有利结果数÷总结果数，所以为 8/19=8/19。 步骤 3：得到答案 8/19。,用红球数除以蓝球数。,答案 8/19 正确。概率=有利结果数÷总结果数，所以为 8/19=8/19。,换一组数值，继续练习同一章节的核心结构。
jianzisheng_cn_junior_chapter_expansion_v1_cn-junior-g9-probability-two-step_008,概率等于有利结果数除以总结果数。,总数包括红球和蓝球。,步骤 1：概率等于有利结果数除以总结果数。 步骤 2：概率=有利结果数÷总结果数，所以为 2/6=1/3。 步骤 3：得到答案 1/3。,用红球数除以蓝球数。,答案 1/3 正确。概率=有利结果数÷总结果数，所以为 2/6=1/3。,换一组数值，继续练习同一章节的核心结构。
jianzisheng_cn_junior_chapter_expansion_v1_cn-junior-g9-probability-two-step_009,概率等于有利结果数除以总结果数。,总数包括红球和蓝球。,步骤 1：概率等于有利结果数除以总结果数。 步骤 2：概率=有利结果数÷总结果数，所以为 3/9=1/3。 步骤 3：得到答案 1/3。,用红球数除以蓝球数。,答案 1/3 正确。概率=有利结果数÷总结果数，所以为 3/9=1/3。,换一组数值，继续练习同一章节的核心结构。
jianzisheng_cn_junior_chapter_expansion_v1_cn-junior-g9-probability-two-step_010,概率等于有利结果数除以总结果数。,总数包括红球和蓝球。,步骤 1：概率等于有利结果数除以总结果数。 步骤 2：概率=有利结果数÷总结果数，所以为 4/12=1/3。 步骤 3：得到答案 1/3。,用红球数除以蓝球数。,答案 1/3 正确。概率=有利结果数÷总结果数，所以为 4/12=1/3。,换一组数值，继续练习同一章节的核心结构。
jianzisheng_cn_junior_chapter_expansion_v1_cn-junior-g9-probability-two-step_011,概率等于有利结果数除以总结果数。,总数包括红球和蓝球。,步骤 1：概率等于有利结果数除以总结果数。 步骤 2：概率=有利结果数÷总结果数，所以为 5/15=1/3。 步骤 3：得到答案 1/3。,用红球数除以蓝球数。,答案 1/3 正确。概率=有利结果数÷总结果数，所以为 5/15=1/3。,换一组数值，继续练习同一章节的核心结构。
jianzisheng_cn_junior_chapter_expansion_v1_cn-junior-g9-probability-two-step_012,概率等于有利结果数除以总结果数。,总数包括红球和蓝球。,步骤 1：概率等于有利结果数除以总结果数。 步骤 2：概率=有利结果数÷总结果数，所以为 6/9=2/3。 步骤 3：得到答案 2/3。,用红球数除以蓝球数。,答案 2/3 正确。概率=有利结果数÷总结果数，所以为 6/9=2/3。,换一组数值，继续练习同一章节的核心结构。
jianzisheng_cn_junior_chapter_expansion_v1_cn-junior-g9-probability-two-step_013,概率等于有利结果数除以总结果数。,总数包括红球和蓝球。,步骤 1：概率等于有利结果数除以总结果数。 步骤 2：概率=有利结果数÷总结果数，所以为 7/12=7/12。 步骤 3：得到答案 7/12。,用红球数除以蓝球数。,答案 7/12 正确。概率=有利结果数÷总结果数，所以为 7/12=7/12。,换一组数值，继续练习同一章节的核心结构。
jianzisheng_cn_junior_chapter_expansion_v1_cn-junior-g9-probability-two-step_014,概率等于有利结果数除以总结果数。,总数包括红球和蓝球。,步骤 1：概率等于有利结果数除以总结果数。 步骤 2：概率=有利结果数÷总结果数，所以为 8/15=8/15。 步骤 3：得到答案 8/15。,用红球数除以蓝球数。,答案 8/15 正确。概率=有利结果数÷总结果数，所以为 8/15=8/15。,换一组数值，继续练习同一章节的核心结构。
jianzisheng_cn_junior_chapter_expansion_v1_cn-junior-g9-quadratic-x-intercepts_001,先找出 a、b、c。,判别式公式是 Δ=b^2-4ac。,步骤 1：先找出 a、b、c。 步骤 2：判别式 Δ=b^2-4ac=-1^2-4×2×-2=17。 步骤 3：得到答案 17。,把减号写成加号。,答案 17 正确。判别式 Δ=b^2-4ac=-1^2-4×2×-2=17。,换一组数值，继续练习同一章节的核心结构。
jianzisheng_cn_junior_chapter_expansion_v1_cn-junior-g9-quadratic-x-intercepts_002,先找出 a、b、c。,判别式公式是 Δ=b^2-4ac。,步骤 1：先找出 a、b、c。 步骤 2：判别式 Δ=b^2-4ac=0^2-4×3×0=0。 步骤 3：得到答案 0。,把减号写成加号。,答案 0 正确。判别式 Δ=b^2-4ac=0^2-4×3×0=0。,换一组数值，继续练习同一章节的核心结构。
jianzisheng_cn_junior_chapter_expansion_v1_cn-junior-g9-quadratic-x-intercepts_003,先找出 a、b、c。,判别式公式是 Δ=b^2-4ac。,步骤 1：先找出 a、b、c。 步骤 2：判别式 Δ=b^2-4ac=1^2-4×1×2=-7。 步骤 3：得到答案 -7。,把减号写成加号。,答案 -7 正确。判别式 Δ=b^2-4ac=1^2-4×1×2=-7。,换一组数值，继续练习同一章节的核心结构。
jianzisheng_cn_junior_chapter_expansion_v1_cn-junior-g9-quadratic-x-intercepts_004,先找出 a、b、c。,判别式公式是 Δ=b^2-4ac。,步骤 1：先找出 a、b、c。 步骤 2：判别式 Δ=b^2-4ac=2^2-4×2×4=-28。 步骤 3：得到答案 -28。,把减号写成加号。,答案 -28 正确。判别式 Δ=b^2-4ac=2^2-4×2×4=-28。,换一组数值，继续练习同一章节的核心结构。
jianzisheng_cn_junior_chapter_expansion_v1_cn-junior-g9-quadratic-x-intercepts_005,先找出 a、b、c。,判别式公式是 Δ=b^2-4ac。,步骤 1：先找出 a、b、c。 步骤 2：判别式 Δ=b^2-4ac=3^2-4×3×-5=69。 步骤 3：得到答案 69。,把减号写成加号。,答案 69 正确。判别式 Δ=b^2-4ac=3^2-4×3×-5=69。,换一组数值，继续练习同一章节的核心结构。
jianzisheng_cn_junior_chapter_expansion_v1_cn-junior-g9-quadratic-x-intercepts_006,先找出 a、b、c。,判别式公式是 Δ=b^2-4ac。,步骤 1：先找出 a、b、c。 步骤 2：判别式 Δ=b^2-4ac=4^2-4×1×-3=28。 步骤 3：得到答案 28。,把减号写成加号。,答案 28 正确。判别式 Δ=b^2-4ac=4^2-4×1×-3=28。,换一组数值，继续练习同一章节的核心结构。
jianzisheng_cn_junior_chapter_expansion_v1_cn-junior-g9-quadratic-x-intercepts_007,先找出 a、b、c。,判别式公式是 Δ=b^2-4ac。,步骤 1：先找出 a、b、c。 步骤 2：判别式 Δ=b^2-4ac=5^2-4×2×-1=33。 步骤 3：得到答案 33。,把减号写成加号。,答案 33 正确。判别式 Δ=b^2-4ac=5^2-4×2×-1=33。,换一组数值，继续练习同一章节的核心结构。
jianzisheng_cn_junior_chapter_expansion_v1_cn-junior-g9-quadratic-x-intercepts_008,先找出 a、b、c。,判别式公式是 Δ=b^2-4ac。,步骤 1：先找出 a、b、c。 步骤 2：判别式 Δ=b^2-4ac=6^2-4×3×1=24。 步骤 3：得到答案 24。,把减号写成加号。,答案 24 正确。判别式 Δ=b^2-4ac=6^2-4×3×1=24。,换一组数值，继续练习同一章节的核心结构。
jianzisheng_cn_junior_chapter_expansion_v1_cn-junior-g9-quadratic-x-intercepts_009,先找出 a、b、c。,判别式公式是 Δ=b^2-4ac。,步骤 1：先找出 a、b、c。 步骤 2：判别式 Δ=b^2-4ac=7^2-4×1×3=37。 步骤 3：得到答案 37。,把减号写成加号。,答案 37 正确。判别式 Δ=b^2-4ac=7^2-4×1×3=37。,换一组数值，继续练习同一章节的核心结构。
jianzisheng_cn_junior_chapter_expansion_v1_cn-junior-g9-quadratic-x-intercepts_010,先找出 a、b、c。,判别式公式是 Δ=b^2-4ac。,步骤 1：先找出 a、b、c。 步骤 2：判别式 Δ=b^2-4ac=8^2-4×2×5=24。 步骤 3：得到答案 24。,把减号写成加号。,答案 24 正确。判别式 Δ=b^2-4ac=8^2-4×2×5=24。,换一组数值，继续练习同一章节的核心结构。
jianzisheng_cn_junior_chapter_expansion_v1_cn-junior-g9-quadratic-x-intercepts_011,先找出 a、b、c。,判别式公式是 Δ=b^2-4ac。,步骤 1：先找出 a、b、c。 步骤 2：判别式 Δ=b^2-4ac=-8^2-4×3×-4=112。 步骤 3：得到答案 112。,把减号写成加号。,答案 112 正确。判别式 Δ=b^2-4ac=-8^2-4×3×-4=112。,换一组数值，继续练习同一章节的核心结构。
jianzisheng_cn_junior_chapter_expansion_v1_cn-junior-g9-quadratic-x-intercepts_012,先找出 a、b、c。,判别式公式是 Δ=b^2-4ac。,步骤 1：先找出 a、b、c。 步骤 2：判别式 Δ=b^2-4ac=-7^2-4×1×-2=57。 步骤 3：得到答案 57。,把减号写成加号。,答案 57 正确。判别式 Δ=b^2-4ac=-7^2-4×1×-2=57。,换一组数值，继续练习同一章节的核心结构。
jianzisheng_cn_junior_chapter_expansion_v1_cn-junior-g9-quadratic-x-intercepts_013,先找出 a、b、c。,判别式公式是 Δ=b^2-4ac。,步骤 1：先找出 a、b、c。 步骤 2：判别式 Δ=b^2-4ac=-6^2-4×2×0=36。 步骤 3：得到答案 36。,把减号写成加号。,答案 36 正确。判别式 Δ=b^2-4ac=-6^2-4×2×0=36。,换一组数值，继续练习同一章节的核心结构。
jianzisheng_cn_junior_chapter_expansion_v1_cn-junior-g9-quadratic-x-intercepts_014,先找出 a、b、c。,判别式公式是 Δ=b^2-4ac。,步骤 1：先找出 a、b、c。 步骤 2：判别式 Δ=b^2-4ac=-5^2-4×3×2=1。 步骤 3：得到答案 1。,把减号写成加号。,答案 1 正确。判别式 Δ=b^2-4ac=-5^2-4×3×2=1。,换一组数值，继续练习同一章节的核心结构。
jianzisheng_cn_junior_chapter_expansion_v1_cn-junior-g9-rectangle-area-model_001,先回忆长方形面积公式。,系数相乘，x 保留。,步骤 1：先回忆长方形面积公式。 步骤 2：面积=长×宽，所以 9x×10=90x。 步骤 3：得到答案 90x。,把面积算成周长或漏写 x。,答案 90x 正确。面积=长×宽，所以 9x×10=90x。,换一组数值，继续练习同一章节的核心结构。
jianzisheng_cn_junior_chapter_expansion_v1_cn-junior-g9-rectangle-area-model_002,先回忆长方形面积公式。,系数相乘，x 保留。,步骤 1：先回忆长方形面积公式。 步骤 2：面积=长×宽，所以 2x×11=22x。 步骤 3：得到答案 22x。,把面积算成周长或漏写 x。,答案 22x 正确。面积=长×宽，所以 2x×11=22x。,换一组数值，继续练习同一章节的核心结构。
jianzisheng_cn_junior_chapter_expansion_v1_cn-junior-g9-rectangle-area-model_003,先回忆长方形面积公式。,系数相乘，x 保留。,步骤 1：先回忆长方形面积公式。 步骤 2：面积=长×宽，所以 3x×3=9x。 步骤 3：得到答案 9x。,把面积算成周长或漏写 x。,答案 9x 正确。面积=长×宽，所以 3x×3=9x。,换一组数值，继续练习同一章节的核心结构。
jianzisheng_cn_junior_chapter_expansion_v1_cn-junior-g9-rectangle-area-model_004,先回忆长方形面积公式。,系数相乘，x 保留。,步骤 1：先回忆长方形面积公式。 步骤 2：面积=长×宽，所以 4x×4=16x。 步骤 3：得到答案 16x。,把面积算成周长或漏写 x。,答案 16x 正确。面积=长×宽，所以 4x×4=16x。,换一组数值，继续练习同一章节的核心结构。
jianzisheng_cn_junior_chapter_expansion_v1_cn-junior-g9-rectangle-area-model_005,先回忆长方形面积公式。,系数相乘，x 保留。,步骤 1：先回忆长方形面积公式。 步骤 2：面积=长×宽，所以 5x×5=25x。 步骤 3：得到答案 25x。,把面积算成周长或漏写 x。,答案 25x 正确。面积=长×宽，所以 5x×5=25x。,换一组数值，继续练习同一章节的核心结构。
jianzisheng_cn_junior_chapter_expansion_v1_cn-junior-g9-rectangle-area-model_006,先回忆长方形面积公式。,系数相乘，x 保留。,步骤 1：先回忆长方形面积公式。 步骤 2：面积=长×宽，所以 6x×6=36x。 步骤 3：得到答案 36x。,把面积算成周长或漏写 x。,答案 36x 正确。面积=长×宽，所以 6x×6=36x。,换一组数值，继续练习同一章节的核心结构。
jianzisheng_cn_junior_chapter_expansion_v1_cn-junior-g9-rectangle-area-model_007,先回忆长方形面积公式。,系数相乘，x 保留。,步骤 1：先回忆长方形面积公式。 步骤 2：面积=长×宽，所以 7x×7=49x。 步骤 3：得到答案 49x。,把面积算成周长或漏写 x。,答案 49x 正确。面积=长×宽，所以 7x×7=49x。,换一组数值，继续练习同一章节的核心结构。
jianzisheng_cn_junior_chapter_expansion_v1_cn-junior-g9-rectangle-area-model_008,先回忆长方形面积公式。,系数相乘，x 保留。,步骤 1：先回忆长方形面积公式。 步骤 2：面积=长×宽，所以 8x×8=64x。 步骤 3：得到答案 64x。,把面积算成周长或漏写 x。,答案 64x 正确。面积=长×宽，所以 8x×8=64x。,换一组数值，继续练习同一章节的核心结构。
jianzisheng_cn_junior_chapter_expansion_v1_cn-junior-g9-rectangle-area-model_009,先回忆长方形面积公式。,系数相乘，x 保留。,步骤 1：先回忆长方形面积公式。 步骤 2：面积=长×宽，所以 9x×9=81x。 步骤 3：得到答案 81x。,把面积算成周长或漏写 x。,答案 81x 正确。面积=长×宽，所以 9x×9=81x。,换一组数值，继续练习同一章节的核心结构。
jianzisheng_cn_junior_chapter_expansion_v1_cn-junior-g9-rectangle-area-model_010,先回忆长方形面积公式。,系数相乘，x 保留。,步骤 1：先回忆长方形面积公式。 步骤 2：面积=长×宽，所以 2x×10=20x。 步骤 3：得到答案 20x。,把面积算成周长或漏写 x。,答案 20x 正确。面积=长×宽，所以 2x×10=20x。,换一组数值，继续练习同一章节的核心结构。
jianzisheng_cn_junior_chapter_expansion_v1_cn-junior-g9-rectangle-area-model_011,先回忆长方形面积公式。,系数相乘，x 保留。,步骤 1：先回忆长方形面积公式。 步骤 2：面积=长×宽，所以 3x×11=33x。 步骤 3：得到答案 33x。,把面积算成周长或漏写 x。,答案 33x 正确。面积=长×宽，所以 3x×11=33x。,换一组数值，继续练习同一章节的核心结构。
jianzisheng_cn_junior_chapter_expansion_v1_cn-junior-g9-rectangle-area-model_012,先回忆长方形面积公式。,系数相乘，x 保留。,步骤 1：先回忆长方形面积公式。 步骤 2：面积=长×宽，所以 4x×3=12x。 步骤 3：得到答案 12x。,把面积算成周长或漏写 x。,答案 12x 正确。面积=长×宽，所以 4x×3=12x。,换一组数值，继续练习同一章节的核心结构。
jianzisheng_cn_junior_chapter_expansion_v1_cn-junior-g9-rectangle-area-model_013,先回忆长方形面积公式。,系数相乘，x 保留。,步骤 1：先回忆长方形面积公式。 步骤 2：面积=长×宽，所以 5x×4=20x。 步骤 3：得到答案 20x。,把面积算成周长或漏写 x。,答案 20x 正确。面积=长×宽，所以 5x×4=20x。,换一组数值，继续练习同一章节的核心结构。
jianzisheng_cn_junior_chapter_expansion_v1_cn-junior-g9-rectangle-area-model_014,先回忆长方形面积公式。,系数相乘，x 保留。,步骤 1：先回忆长方形面积公式。 步骤 2：面积=长×宽，所以 6x×5=30x。 步骤 3：得到答案 30x。,把面积算成周长或漏写 x。,答案 30x 正确。面积=长×宽，所以 6x×5=30x。,换一组数值，继续练习同一章节的核心结构。
jianzisheng_cn_junior_chapter_expansion_v1_cn-junior-g9-sector-area_001,扇形面积是整个圆面积的一部分。,比例是圆心角除以 360°。,步骤 1：扇形面积是整个圆面积的一部分。 步骤 2：扇形面积=πr^2×圆心角/360°，所以面积为 121/2π。 步骤 3：得到答案 121/2π。,把弧长公式当成扇形面积公式。,答案 121/2π 正确。扇形面积=πr^2×圆心角/360°，所以面积为 121/2π。,换一组数值，继续练习同一章节的核心结构。
jianzisheng_cn_junior_chapter_expansion_v1_cn-junior-g9-sector-area_002,扇形面积是整个圆面积的一部分。,比例是圆心角除以 360°。,步骤 1：扇形面积是整个圆面积的一部分。 步骤 2：扇形面积=πr^2×圆心角/360°，所以面积为 24π。 步骤 3：得到答案 24π。,把弧长公式当成扇形面积公式。,答案 24π 正确。扇形面积=πr^2×圆心角/360°，所以面积为 24π。,换一组数值，继续练习同一章节的核心结构。
jianzisheng_cn_junior_chapter_expansion_v1_cn-junior-g9-sector-area_003,扇形面积是整个圆面积的一部分。,比例是圆心角除以 360°。,步骤 1：扇形面积是整个圆面积的一部分。 步骤 2：扇形面积=πr^2×圆心角/360°，所以面积为 4π。 步骤 3：得到答案 4π。,把弧长公式当成扇形面积公式。,答案 4π 正确。扇形面积=πr^2×圆心角/360°，所以面积为 4π。,换一组数值，继续练习同一章节的核心结构。
jianzisheng_cn_junior_chapter_expansion_v1_cn-junior-g9-sector-area_004,扇形面积是整个圆面积的一部分。,比例是圆心角除以 360°。,步骤 1：扇形面积是整个圆面积的一部分。 步骤 2：扇形面积=πr^2×圆心角/360°，所以面积为 25/3π。 步骤 3：得到答案 25/3π。,把弧长公式当成扇形面积公式。,答案 25/3π 正确。扇形面积=πr^2×圆心角/360°，所以面积为 25/3π。,换一组数值，继续练习同一章节的核心结构。
jianzisheng_cn_junior_chapter_expansion_v1_cn-junior-g9-sector-area_005,扇形面积是整个圆面积的一部分。,比例是圆心角除以 360°。,步骤 1：扇形面积是整个圆面积的一部分。 步骤 2：扇形面积=πr^2×圆心角/360°，所以面积为 18π。 步骤 3：得到答案 18π。,把弧长公式当成扇形面积公式。,答案 18π 正确。扇形面积=πr^2×圆心角/360°，所以面积为 18π。,换一组数值，继续练习同一章节的核心结构。
jianzisheng_cn_junior_chapter_expansion_v1_cn-junior-g9-sector-area_006,扇形面积是整个圆面积的一部分。,比例是圆心角除以 360°。,步骤 1：扇形面积是整个圆面积的一部分。 步骤 2：扇形面积=πr^2×圆心角/360°，所以面积为 49/6π。 步骤 3：得到答案 49/6π。,把弧长公式当成扇形面积公式。,答案 49/6π 正确。扇形面积=πr^2×圆心角/360°，所以面积为 49/6π。,换一组数值，继续练习同一章节的核心结构。
jianzisheng_cn_junior_chapter_expansion_v1_cn-junior-g9-sector-area_007,扇形面积是整个圆面积的一部分。,比例是圆心角除以 360°。,步骤 1：扇形面积是整个圆面积的一部分。 步骤 2：扇形面积=πr^2×圆心角/360°，所以面积为 16π。 步骤 3：得到答案 16π。,把弧长公式当成扇形面积公式。,答案 16π 正确。扇形面积=πr^2×圆心角/360°，所以面积为 16π。,换一组数值，继续练习同一章节的核心结构。
jianzisheng_cn_junior_chapter_expansion_v1_cn-junior-g9-sector-area_008,扇形面积是整个圆面积的一部分。,比例是圆心角除以 360°。,步骤 1：扇形面积是整个圆面积的一部分。 步骤 2：扇形面积=πr^2×圆心角/360°，所以面积为 27π。 步骤 3：得到答案 27π。,把弧长公式当成扇形面积公式。,答案 27π 正确。扇形面积=πr^2×圆心角/360°，所以面积为 27π。,换一组数值，继续练习同一章节的核心结构。
jianzisheng_cn_junior_chapter_expansion_v1_cn-junior-g9-sector-area_009,扇形面积是整个圆面积的一部分。,比例是圆心角除以 360°。,步骤 1：扇形面积是整个圆面积的一部分。 步骤 2：扇形面积=πr^2×圆心角/360°，所以面积为 50π。 步骤 3：得到答案 50π。,把弧长公式当成扇形面积公式。,答案 50π 正确。扇形面积=πr^2×圆心角/360°，所以面积为 50π。,换一组数值，继续练习同一章节的核心结构。
jianzisheng_cn_junior_chapter_expansion_v1_cn-junior-g9-sector-area_010,扇形面积是整个圆面积的一部分。,比例是圆心角除以 360°。,步骤 1：扇形面积是整个圆面积的一部分。 步骤 2：扇形面积=πr^2×圆心角/360°，所以面积为 121/6π。 步骤 3：得到答案 121/6π。,把弧长公式当成扇形面积公式。,答案 121/6π 正确。扇形面积=πr^2×圆心角/360°，所以面积为 121/6π。,换一组数值，继续练习同一章节的核心结构。
jianzisheng_cn_junior_chapter_expansion_v1_cn-junior-g9-sector-area_011,扇形面积是整个圆面积的一部分。,比例是圆心角除以 360°。,步骤 1：扇形面积是整个圆面积的一部分。 步骤 2：扇形面积=πr^2×圆心角/360°，所以面积为 36π。 步骤 3：得到答案 36π。,把弧长公式当成扇形面积公式。,答案 36π 正确。扇形面积=πr^2×圆心角/360°，所以面积为 36π。,换一组数值，继续练习同一章节的核心结构。
jianzisheng_cn_junior_chapter_expansion_v1_cn-junior-g9-sector-area_012,扇形面积是整个圆面积的一部分。,比例是圆心角除以 360°。,步骤 1：扇形面积是整个圆面积的一部分。 步骤 2：扇形面积=πr^2×圆心角/360°，所以面积为 16/3π。 步骤 3：得到答案 16/3π。,把弧长公式当成扇形面积公式。,答案 16/3π 正确。扇形面积=πr^2×圆心角/360°，所以面积为 16/3π。,换一组数值，继续练习同一章节的核心结构。
jianzisheng_cn_junior_chapter_expansion_v1_cn-junior-g9-sector-area_013,扇形面积是整个圆面积的一部分。,比例是圆心角除以 360°。,步骤 1：扇形面积是整个圆面积的一部分。 步骤 2：扇形面积=πr^2×圆心角/360°，所以面积为 25/2π。 步骤 3：得到答案 25/2π。,把弧长公式当成扇形面积公式。,答案 25/2π 正确。扇形面积=πr^2×圆心角/360°，所以面积为 25/2π。,换一组数值，继续练习同一章节的核心结构。
jianzisheng_cn_junior_chapter_expansion_v1_cn-junior-g9-sector-area_014,扇形面积是整个圆面积的一部分。,比例是圆心角除以 360°。,步骤 1：扇形面积是整个圆面积的一部分。 步骤 2：扇形面积=πr^2×圆心角/360°，所以面积为 6π。 步骤 3：得到答案 6π。,把弧长公式当成扇形面积公式。,答案 6π 正确。扇形面积=πr^2×圆心角/360°，所以面积为 6π。,换一组数值，继续练习同一章节的核心结构。
jianzisheng_cn_junior_chapter_expansion_v1_cn-junior-g9-circle-ratio_001,圆周长和半径成正比。,周长比就是半径比。,步骤 1：圆周长和半径成正比。 步骤 2：圆周长与半径成正比，所以周长比等于半径比 1:3。 步骤 3：得到答案 1:3。,把周长比误写成半径平方比。,答案 1:3 正确。圆周长与半径成正比，所以周长比等于半径比 1:3。,换一组数值，继续练习同一章节的核心结构。
jianzisheng_cn_junior_chapter_expansion_v1_cn-junior-g9-circle-ratio_002,圆周长和半径成正比。,周长比就是半径比。,步骤 1：圆周长和半径成正比。 步骤 2：圆周长与半径成正比，所以周长比等于半径比 1:4。 步骤 3：得到答案 1:4。,把周长比误写成半径平方比。,答案 1:4 正确。圆周长与半径成正比，所以周长比等于半径比 1:4。,换一组数值，继续练习同一章节的核心结构。
jianzisheng_cn_junior_chapter_expansion_v1_cn-junior-g9-circle-ratio_003,圆周长和半径成正比。,周长比就是半径比。,步骤 1：圆周长和半径成正比。 步骤 2：圆周长与半径成正比，所以周长比等于半径比 1:2。 步骤 3：得到答案 1:2。,把周长比误写成半径平方比。,答案 1:2 正确。圆周长与半径成正比，所以周长比等于半径比 1:2。,换一组数值，继续练习同一章节的核心结构。
jianzisheng_cn_junior_chapter_expansion_v1_cn-junior-g9-circle-ratio_004,圆周长和半径成正比。,周长比就是半径比。,步骤 1：圆周长和半径成正比。 步骤 2：圆周长与半径成正比，所以周长比等于半径比 1:3。 步骤 3：得到答案 1:3。,把周长比误写成半径平方比。,答案 1:3 正确。圆周长与半径成正比，所以周长比等于半径比 1:3。,换一组数值，继续练习同一章节的核心结构。
jianzisheng_cn_junior_chapter_expansion_v1_cn-junior-g9-circle-ratio_005,圆周长和半径成正比。,周长比就是半径比。,步骤 1：圆周长和半径成正比。 步骤 2：圆周长与半径成正比，所以周长比等于半径比 1:4。 步骤 3：得到答案 1:4。,把周长比误写成半径平方比。,答案 1:4 正确。圆周长与半径成正比，所以周长比等于半径比 1:4。,换一组数值，继续练习同一章节的核心结构。
jianzisheng_cn_junior_chapter_expansion_v1_cn-junior-g9-circle-ratio_006,圆周长和半径成正比。,周长比就是半径比。,步骤 1：圆周长和半径成正比。 步骤 2：圆周长与半径成正比，所以周长比等于半径比 1:2。 步骤 3：得到答案 1:2。,把周长比误写成半径平方比。,答案 1:2 正确。圆周长与半径成正比，所以周长比等于半径比 1:2。,换一组数值，继续练习同一章节的核心结构。
jianzisheng_cn_junior_chapter_expansion_v1_cn-junior-g9-circle-ratio_007,圆周长和半径成正比。,周长比就是半径比。,步骤 1：圆周长和半径成正比。 步骤 2：圆周长与半径成正比，所以周长比等于半径比 1:3。 步骤 3：得到答案 1:3。,把周长比误写成半径平方比。,答案 1:3 正确。圆周长与半径成正比，所以周长比等于半径比 1:3。,换一组数值，继续练习同一章节的核心结构。
jianzisheng_cn_junior_chapter_expansion_v1_cn-junior-g9-circle-ratio_008,圆周长和半径成正比。,周长比就是半径比。,步骤 1：圆周长和半径成正比。 步骤 2：圆周长与半径成正比，所以周长比等于半径比 1:4。 步骤 3：得到答案 1:4。,把周长比误写成半径平方比。,答案 1:4 正确。圆周长与半径成正比，所以周长比等于半径比 1:4。,换一组数值，继续练习同一章节的核心结构。
jianzisheng_cn_junior_chapter_expansion_v1_cn-junior-g9-circle-ratio_009,圆周长和半径成正比。,周长比就是半径比。,步骤 1：圆周长和半径成正比。 步骤 2：圆周长与半径成正比，所以周长比等于半径比 1:2。 步骤 3：得到答案 1:2。,把周长比误写成半径平方比。,答案 1:2 正确。圆周长与半径成正比，所以周长比等于半径比 1:2。,换一组数值，继续练习同一章节的核心结构。
jianzisheng_cn_junior_chapter_expansion_v1_cn-junior-g9-circle-ratio_010,圆周长和半径成正比。,周长比就是半径比。,步骤 1：圆周长和半径成正比。 步骤 2：圆周长与半径成正比，所以周长比等于半径比 1:3。 步骤 3：得到答案 1:3。,把周长比误写成半径平方比。,答案 1:3 正确。圆周长与半径成正比，所以周长比等于半径比 1:3。,换一组数值，继续练习同一章节的核心结构。
jianzisheng_cn_junior_chapter_expansion_v1_cn-junior-g9-circle-ratio_011,圆周长和半径成正比。,周长比就是半径比。,步骤 1：圆周长和半径成正比。 步骤 2：圆周长与半径成正比，所以周长比等于半径比 1:4。 步骤 3：得到答案 1:4。,把周长比误写成半径平方比。,答案 1:4 正确。圆周长与半径成正比，所以周长比等于半径比 1:4。,换一组数值，继续练习同一章节的核心结构。
jianzisheng_cn_junior_chapter_expansion_v1_cn-junior-g9-circle-ratio_012,圆周长和半径成正比。,周长比就是半径比。,步骤 1：圆周长和半径成正比。 步骤 2：圆周长与半径成正比，所以周长比等于半径比 1:2。 步骤 3：得到答案 1:2。,把周长比误写成半径平方比。,答案 1:2 正确。圆周长与半径成正比，所以周长比等于半径比 1:2。,换一组数值，继续练习同一章节的核心结构。
jianzisheng_cn_junior_chapter_expansion_v1_cn-junior-g9-circle-ratio_013,圆周长和半径成正比。,周长比就是半径比。,步骤 1：圆周长和半径成正比。 步骤 2：圆周长与半径成正比，所以周长比等于半径比 1:3。 步骤 3：得到答案 1:3。,把周长比误写成半径平方比。,答案 1:3 正确。圆周长与半径成正比，所以周长比等于半径比 1:3。,换一组数值，继续练习同一章节的核心结构。
jianzisheng_cn_junior_chapter_expansion_v1_cn-junior-g9-circle-ratio_014,圆周长和半径成正比。,周长比就是半径比。,步骤 1：圆周长和半径成正比。 步骤 2：圆周长与半径成正比，所以周长比等于半径比 1:4。 步骤 3：得到答案 1:4。,把周长比误写成半径平方比。,答案 1:4 正确。圆周长与半径成正比，所以周长比等于半径比 1:4。,换一组数值，继续练习同一章节的核心结构。
jianzisheng_cn_junior_chapter_expansion_v1_cn-junior-g9-expected-count_001,概率可以看成长期频率。,用概率乘以总次数。,步骤 1：概率可以看成长期频率。 步骤 2：预计次数=概率×试验次数，所以约为 2/4×60=30 次。 步骤 3：得到答案 30。,把概率当成次数。,答案 30 正确。预计次数=概率×试验次数，所以约为 2/4×60=30 次。,换一组数值，继续练习同一章节的核心结构。
jianzisheng_cn_junior_chapter_expansion_v1_cn-junior-g9-expected-count_002,概率可以看成长期频率。,用概率乘以总次数。,步骤 1：概率可以看成长期频率。 步骤 2：预计次数=概率×试验次数，所以约为 1/5×40=8 次。 步骤 3：得到答案 8。,把概率当成次数。,答案 8 正确。预计次数=概率×试验次数，所以约为 1/5×40=8 次。,换一组数值，继续练习同一章节的核心结构。
jianzisheng_cn_junior_chapter_expansion_v1_cn-junior-g9-expected-count_003,概率可以看成长期频率。,用概率乘以总次数。,步骤 1：概率可以看成长期频率。 步骤 2：预计次数=概率×试验次数，所以约为 5/6×54=45 次。 步骤 3：得到答案 45。,把概率当成次数。,答案 45 正确。预计次数=概率×试验次数，所以约为 5/6×54=45 次。,换一组数值，继续练习同一章节的核心结构。
jianzisheng_cn_junior_chapter_expansion_v1_cn-junior-g9-expected-count_004,概率可以看成长期频率。,用概率乘以总次数。,步骤 1：概率可以看成长期频率。 步骤 2：预计次数=概率×试验次数，所以约为 5/7×70=50 次。 步骤 3：得到答案 50。,把概率当成次数。,答案 50 正确。预计次数=概率×试验次数，所以约为 5/7×70=50 次。,换一组数值，继续练习同一章节的核心结构。
jianzisheng_cn_junior_chapter_expansion_v1_cn-junior-g9-expected-count_005,概率可以看成长期频率。,用概率乘以总次数。,步骤 1：概率可以看成长期频率。 步骤 2：预计次数=概率×试验次数，所以约为 5/8×88=55 次。 步骤 3：得到答案 55。,把概率当成次数。,答案 55 正确。预计次数=概率×试验次数，所以约为 5/8×88=55 次。,换一组数值，继续练习同一章节的核心结构。
jianzisheng_cn_junior_chapter_expansion_v1_cn-junior-g9-expected-count_006,概率可以看成长期频率。,用概率乘以总次数。,步骤 1：概率可以看成长期频率。 步骤 2：预计次数=概率×试验次数，所以约为 5/9×108=60 次。 步骤 3：得到答案 60。,把概率当成次数。,答案 60 正确。预计次数=概率×试验次数，所以约为 5/9×108=60 次。,换一组数值，继续练习同一章节的核心结构。
jianzisheng_cn_junior_chapter_expansion_v1_cn-junior-g9-expected-count_007,概率可以看成长期频率。,用概率乘以总次数。,步骤 1：概率可以看成长期频率。 步骤 2：预计次数=概率×试验次数，所以约为 5/10×130=65 次。 步骤 3：得到答案 65。,把概率当成次数。,答案 65 正确。预计次数=概率×试验次数，所以约为 5/10×130=65 次。,换一组数值，继续练习同一章节的核心结构。
jianzisheng_cn_junior_chapter_expansion_v1_cn-junior-g9-expected-count_008,概率可以看成长期频率。,用概率乘以总次数。,步骤 1：概率可以看成长期频率。 步骤 2：预计次数=概率×试验次数，所以约为 3/4×56=42 次。 步骤 3：得到答案 42。,把概率当成次数。,答案 42 正确。预计次数=概率×试验次数，所以约为 3/4×56=42 次。,换一组数值，继续练习同一章节的核心结构。
jianzisheng_cn_junior_chapter_expansion_v1_cn-junior-g9-expected-count_009,概率可以看成长期频率。,用概率乘以总次数。,步骤 1：概率可以看成长期频率。 步骤 2：预计次数=概率×试验次数，所以约为 4/5×75=60 次。 步骤 3：得到答案 60。,把概率当成次数。,答案 60 正确。预计次数=概率×试验次数，所以约为 4/5×75=60 次。,换一组数值，继续练习同一章节的核心结构。
jianzisheng_cn_junior_chapter_expansion_v1_cn-junior-g9-expected-count_010,概率可以看成长期频率。,用概率乘以总次数。,步骤 1：概率可以看成长期频率。 步骤 2：预计次数=概率×试验次数，所以约为 2/6×48=16 次。 步骤 3：得到答案 16。,把概率当成次数。,答案 16 正确。预计次数=概率×试验次数，所以约为 2/6×48=16 次。,换一组数值，继续练习同一章节的核心结构。
jianzisheng_cn_junior_chapter_expansion_v1_cn-junior-g9-expected-count_011,概率可以看成长期频率。,用概率乘以总次数。,步骤 1：概率可以看成长期频率。 步骤 2：预计次数=概率×试验次数，所以约为 6/7×63=54 次。 步骤 3：得到答案 54。,把概率当成次数。,答案 54 正确。预计次数=概率×试验次数，所以约为 6/7×63=54 次。,换一组数值，继续练习同一章节的核心结构。
jianzisheng_cn_junior_chapter_expansion_v1_cn-junior-g9-expected-count_012,概率可以看成长期频率。,用概率乘以总次数。,步骤 1：概率可以看成长期频率。 步骤 2：预计次数=概率×试验次数，所以约为 5/8×80=50 次。 步骤 3：得到答案 50。,把概率当成次数。,答案 50 正确。预计次数=概率×试验次数，所以约为 5/8×80=50 次。,换一组数值，继续练习同一章节的核心结构。
jianzisheng_cn_junior_chapter_expansion_v1_cn-junior-g9-expected-count_013,概率可以看成长期频率。,用概率乘以总次数。,步骤 1：概率可以看成长期频率。 步骤 2：预计次数=概率×试验次数，所以约为 4/9×99=44 次。 步骤 3：得到答案 44。,把概率当成次数。,答案 44 正确。预计次数=概率×试验次数，所以约为 4/9×99=44 次。,换一组数值，继续练习同一章节的核心结构。
jianzisheng_cn_junior_chapter_expansion_v1_cn-junior-g9-expected-count_014,概率可以看成长期频率。,用概率乘以总次数。,步骤 1：概率可以看成长期频率。 步骤 2：预计次数=概率×试验次数，所以约为 3/10×120=36 次。 步骤 3：得到答案 36。,把概率当成次数。,答案 36 正确。预计次数=概率×试验次数，所以约为 3/10×120=36 次。,换一组数值，继续练习同一章节的核心结构。
jianzisheng_cn_junior_chapter_expansion_v1_cn-junior-g9-statistics-missing-value_001,平均数乘以个数得到总和。,用总和减去已知数据和。,步骤 1：平均数乘以个数得到总和。 步骤 2：5 个数总和为 9.8×5，减去已知 4 个数的和，得到第 5 个数为 13。 步骤 3：得到答案 13。,直接把平均数当成缺失值。,答案 13 正确。5 个数总和为 9.8×5，减去已知 4 个数的和，得到第 5 个数为 13。,换一组数值，继续练习同一章节的核心结构。
jianzisheng_cn_junior_chapter_expansion_v1_cn-junior-g9-statistics-missing-value_002,平均数乘以个数得到总和。,用总和减去已知数据和。,步骤 1：平均数乘以个数得到总和。 步骤 2：5 个数总和为 9.2×5，减去已知 4 个数的和，得到第 5 个数为 14。 步骤 3：得到答案 14。,直接把平均数当成缺失值。,答案 14 正确。5 个数总和为 9.2×5，减去已知 4 个数的和，得到第 5 个数为 14。,换一组数值，继续练习同一章节的核心结构。
jianzisheng_cn_junior_chapter_expansion_v1_cn-junior-g9-statistics-missing-value_003,平均数乘以个数得到总和。,用总和减去已知数据和。,步骤 1：平均数乘以个数得到总和。 步骤 2：5 个数总和为 10.2×5，减去已知 4 个数的和，得到第 5 个数为 15。 步骤 3：得到答案 15。,直接把平均数当成缺失值。,答案 15 正确。5 个数总和为 10.2×5，减去已知 4 个数的和，得到第 5 个数为 15。,换一组数值，继续练习同一章节的核心结构。
jianzisheng_cn_junior_chapter_expansion_v1_cn-junior-g9-statistics-missing-value_004,平均数乘以个数得到总和。,用总和减去已知数据和。,步骤 1：平均数乘以个数得到总和。 步骤 2：5 个数总和为 8.2×5，减去已知 4 个数的和，得到第 5 个数为 6。 步骤 3：得到答案 6。,直接把平均数当成缺失值。,答案 6 正确。5 个数总和为 8.2×5，减去已知 4 个数的和，得到第 5 个数为 6。,换一组数值，继续练习同一章节的核心结构。
jianzisheng_cn_junior_chapter_expansion_v1_cn-junior-g9-statistics-missing-value_005,平均数乘以个数得到总和。,用总和减去已知数据和。,步骤 1：平均数乘以个数得到总和。 步骤 2：5 个数总和为 9.2×5，减去已知 4 个数的和，得到第 5 个数为 7。 步骤 3：得到答案 7。,直接把平均数当成缺失值。,答案 7 正确。5 个数总和为 9.2×5，减去已知 4 个数的和，得到第 5 个数为 7。,换一组数值，继续练习同一章节的核心结构。
jianzisheng_cn_junior_chapter_expansion_v1_cn-junior-g9-statistics-missing-value_006,平均数乘以个数得到总和。,用总和减去已知数据和。,步骤 1：平均数乘以个数得到总和。 步骤 2：5 个数总和为 9×5，减去已知 4 个数的和，得到第 5 个数为 8。 步骤 3：得到答案 8。,直接把平均数当成缺失值。,答案 8 正确。5 个数总和为 9×5，减去已知 4 个数的和，得到第 5 个数为 8。,换一组数值，继续练习同一章节的核心结构。
jianzisheng_cn_junior_chapter_expansion_v1_cn-junior-g9-statistics-missing-value_007,平均数乘以个数得到总和。,用总和减去已知数据和。,步骤 1：平均数乘以个数得到总和。 步骤 2：5 个数总和为 10×5，减去已知 4 个数的和，得到第 5 个数为 9。 步骤 3：得到答案 9。,直接把平均数当成缺失值。,答案 9 正确。5 个数总和为 10×5，减去已知 4 个数的和，得到第 5 个数为 9。,换一组数值，继续练习同一章节的核心结构。
jianzisheng_cn_junior_chapter_expansion_v1_cn-junior-g9-statistics-missing-value_008,平均数乘以个数得到总和。,用总和减去已知数据和。,步骤 1：平均数乘以个数得到总和。 步骤 2：5 个数总和为 9.6×5，减去已知 4 个数的和，得到第 5 个数为 10。 步骤 3：得到答案 10。,直接把平均数当成缺失值。,答案 10 正确。5 个数总和为 9.6×5，减去已知 4 个数的和，得到第 5 个数为 10。,换一组数值，继续练习同一章节的核心结构。
jianzisheng_cn_junior_chapter_expansion_v1_cn-junior-g9-statistics-missing-value_009,平均数乘以个数得到总和。,用总和减去已知数据和。,步骤 1：平均数乘以个数得到总和。 步骤 2：5 个数总和为 9.6×5，减去已知 4 个数的和，得到第 5 个数为 11。 步骤 3：得到答案 11。,直接把平均数当成缺失值。,答案 11 正确。5 个数总和为 9.6×5，减去已知 4 个数的和，得到第 5 个数为 11。,换一组数值，继续练习同一章节的核心结构。
jianzisheng_cn_junior_chapter_expansion_v1_cn-junior-g9-statistics-missing-value_010,平均数乘以个数得到总和。,用总和减去已知数据和。,步骤 1：平均数乘以个数得到总和。 步骤 2：5 个数总和为 9×5，减去已知 4 个数的和，得到第 5 个数为 12。 步骤 3：得到答案 12。,直接把平均数当成缺失值。,答案 12 正确。5 个数总和为 9×5，减去已知 4 个数的和，得到第 5 个数为 12。,换一组数值，继续练习同一章节的核心结构。
jianzisheng_cn_junior_chapter_expansion_v1_cn-junior-g9-statistics-missing-value_011,平均数乘以个数得到总和。,用总和减去已知数据和。,步骤 1：平均数乘以个数得到总和。 步骤 2：5 个数总和为 10×5，减去已知 4 个数的和，得到第 5 个数为 13。 步骤 3：得到答案 13。,直接把平均数当成缺失值。,答案 13 正确。5 个数总和为 10×5，减去已知 4 个数的和，得到第 5 个数为 13。,换一组数值，继续练习同一章节的核心结构。
jianzisheng_cn_junior_chapter_expansion_v1_cn-junior-g9-statistics-missing-value_012,平均数乘以个数得到总和。,用总和减去已知数据和。,步骤 1：平均数乘以个数得到总和。 步骤 2：5 个数总和为 9.8×5，减去已知 4 个数的和，得到第 5 个数为 14。 步骤 3：得到答案 14。,直接把平均数当成缺失值。,答案 14 正确。5 个数总和为 9.8×5，减去已知 4 个数的和，得到第 5 个数为 14。,换一组数值，继续练习同一章节的核心结构。
jianzisheng_cn_junior_chapter_expansion_v1_cn-junior-g9-statistics-missing-value_013,平均数乘以个数得到总和。,用总和减去已知数据和。,步骤 1：平均数乘以个数得到总和。 步骤 2：5 个数总和为 10.8×5，减去已知 4 个数的和，得到第 5 个数为 15。 步骤 3：得到答案 15。,直接把平均数当成缺失值。,答案 15 正确。5 个数总和为 10.8×5，减去已知 4 个数的和，得到第 5 个数为 15。,换一组数值，继续练习同一章节的核心结构。
jianzisheng_cn_junior_chapter_expansion_v1_cn-junior-g9-statistics-missing-value_014,平均数乘以个数得到总和。,用总和减去已知数据和。,步骤 1：平均数乘以个数得到总和。 步骤 2：5 个数总和为 8.8×5，减去已知 4 个数的和，得到第 5 个数为 6。 步骤 3：得到答案 6。,直接把平均数当成缺失值。,答案 6 正确。5 个数总和为 8.8×5，减去已知 4 个数的和，得到第 5 个数为 6。,换一组数值，继续练习同一章节的核心结构。
