id,statement,answer,answer_type,choices,difficulty,concepts,skills,patterns,misconceptions,solution,course,theme,chapter,chapter_title,sequence,source_collection,source_file,taxonomy_layer,taxonomy_stage,problem_type,cognitive_tags,estimated_time_seconds,notes,language,curriculum_system,region,display_track,grade_band,content_status
jianzisheng_cn_junior_chapter_expansion_v1_cn-junior-01-linear-equations_001,解方程：4x+2=22，x 的值是多少？,5,multiple_choice,A:5|B:20|C:6|D:-5|E:10,3,alg_linear_equations;prealg_expressions,one_variable_equation;inverse_operations,linear_equation_structure;equation_balance,inverse_operation_order_error;constant_term_error,先移项得 4x=20，再两边除以 4，得到 x=5。,CN Junior High Math,方程与代数,cn-junior-01-linear-equations,初中一元一次方程,24000,jianzisheng_cn_junior_chapter_expansion_v1,local-ocr-derived: cn_curriculum_pilot_v0; chapter=cn-junior-01-linear-equations; expansion=v1,Standard,Algebra Readiness,cn_linear_equation_solving,inverse_operations;symbolic_fluency,80,Chapter-level expansion from existing cleaned Jian Zi Sheng junior OCR coverage signals. Project-native original-equivalent variants; no direct textbook exercise text is reproduced.,zh,CN,CN,中文校内,初中,production
jianzisheng_cn_junior_chapter_expansion_v1_cn-junior-01-linear-equations_002,解方程：5x+7=37，x 的值是多少？,6,multiple_choice,A:30|B:7|C:-6|D:11|E:6,3,alg_linear_equations;prealg_expressions,one_variable_equation;inverse_operations,linear_equation_structure;equation_balance,inverse_operation_order_error;constant_term_error,先移项得 5x=30，再两边除以 5，得到 x=6。,CN Junior High Math,方程与代数,cn-junior-01-linear-equations,初中一元一次方程,24001,jianzisheng_cn_junior_chapter_expansion_v1,local-ocr-derived: cn_curriculum_pilot_v0; chapter=cn-junior-01-linear-equations; expansion=v1,Standard,Algebra Readiness,cn_linear_equation_solving,inverse_operations;symbolic_fluency,80,Chapter-level expansion from existing cleaned Jian Zi Sheng junior OCR coverage signals. Project-native original-equivalent variants; no direct textbook exercise text is reproduced.,zh,CN,CN,中文校内,初中,production
jianzisheng_cn_junior_chapter_expansion_v1_cn-junior-01-linear-equations_003,解方程：6x-5=37，x 的值是多少？,7,multiple_choice,A:6|B:8|C:-7|D:7|E:42,3,alg_linear_equations;prealg_expressions,one_variable_equation;inverse_operations,linear_equation_structure;equation_balance,inverse_operation_order_error;constant_term_error,先移项得 6x=42，再两边除以 6，得到 x=7。,CN Junior High Math,方程与代数,cn-junior-01-linear-equations,初中一元一次方程,24002,jianzisheng_cn_junior_chapter_expansion_v1,local-ocr-derived: cn_curriculum_pilot_v0; chapter=cn-junior-01-linear-equations; expansion=v1,Standard,Algebra Readiness,cn_linear_equation_solving,inverse_operations;symbolic_fluency,80,Chapter-level expansion from existing cleaned Jian Zi Sheng junior OCR coverage signals. Project-native original-equivalent variants; no direct textbook exercise text is reproduced.,zh,CN,CN,中文校内,初中,production
jianzisheng_cn_junior_chapter_expansion_v1_cn-junior-01-linear-equations_004,解方程：7x+0=56，x 的值是多少？,8,multiple_choice,A:-8|B:13|C:8|D:56|E:9,3,alg_linear_equations;prealg_expressions,one_variable_equation;inverse_operations,linear_equation_structure;equation_balance,inverse_operation_order_error;constant_term_error,先移项得 7x=56，再两边除以 7，得到 x=8。,CN Junior High Math,方程与代数,cn-junior-01-linear-equations,初中一元一次方程,24003,jianzisheng_cn_junior_chapter_expansion_v1,local-ocr-derived: cn_curriculum_pilot_v0; chapter=cn-junior-01-linear-equations; expansion=v1,Standard,Algebra Readiness,cn_linear_equation_solving,inverse_operations;symbolic_fluency,80,Chapter-level expansion from existing cleaned Jian Zi Sheng junior OCR coverage signals. Project-native original-equivalent variants; no direct textbook exercise text is reproduced.,zh,CN,CN,中文校内,初中,production
jianzisheng_cn_junior_chapter_expansion_v1_cn-junior-01-linear-equations_005,解方程：8x+5=77，x 的值是多少？,9,multiple_choice,A:14|B:9|C:72|D:10|E:-9,3,alg_linear_equations;prealg_expressions,one_variable_equation;inverse_operations,linear_equation_structure;equation_balance,inverse_operation_order_error;constant_term_error,先移项得 8x=72，再两边除以 8，得到 x=9。,CN Junior High Math,方程与代数,cn-junior-01-linear-equations,初中一元一次方程,24004,jianzisheng_cn_junior_chapter_expansion_v1,local-ocr-derived: cn_curriculum_pilot_v0; chapter=cn-junior-01-linear-equations; expansion=v1,Standard,Algebra Readiness,cn_linear_equation_solving,inverse_operations;symbolic_fluency,80,Chapter-level expansion from existing cleaned Jian Zi Sheng junior OCR coverage signals. Project-native original-equivalent variants; no direct textbook exercise text is reproduced.,zh,CN,CN,中文校内,初中,production
jianzisheng_cn_junior_chapter_expansion_v1_cn-junior-01-linear-equations_006,解方程：2x-7=13，x 的值是多少？,10,multiple_choice,A:10|B:20|C:7|D:11|E:-10,3,alg_linear_equations;prealg_expressions,one_variable_equation;inverse_operations,linear_equation_structure;equation_balance,inverse_operation_order_error;constant_term_error,先移项得 2x=20，再两边除以 2，得到 x=10。,CN Junior High Math,方程与代数,cn-junior-01-linear-equations,初中一元一次方程,24005,jianzisheng_cn_junior_chapter_expansion_v1,local-ocr-derived: cn_curriculum_pilot_v0; chapter=cn-junior-01-linear-equations; expansion=v1,Standard,Algebra Readiness,cn_linear_equation_solving,inverse_operations;symbolic_fluency,80,Chapter-level expansion from existing cleaned Jian Zi Sheng junior OCR coverage signals. Project-native original-equivalent variants; no direct textbook exercise text is reproduced.,zh,CN,CN,中文校内,初中,production
jianzisheng_cn_junior_chapter_expansion_v1_cn-junior-01-linear-equations_007,解方程：3x-2=31，x 的值是多少？,11,multiple_choice,A:33|B:10|C:12|D:-11|E:11,3,alg_linear_equations;prealg_expressions,one_variable_equation;inverse_operations,linear_equation_structure;equation_balance,inverse_operation_order_error;constant_term_error,先移项得 3x=33，再两边除以 3，得到 x=11。,CN Junior High Math,方程与代数,cn-junior-01-linear-equations,初中一元一次方程,24006,jianzisheng_cn_junior_chapter_expansion_v1,local-ocr-derived: cn_curriculum_pilot_v0; chapter=cn-junior-01-linear-equations; expansion=v1,Standard,Algebra Readiness,cn_linear_equation_solving,inverse_operations;symbolic_fluency,80,Chapter-level expansion from existing cleaned Jian Zi Sheng junior OCR coverage signals. Project-native original-equivalent variants; no direct textbook exercise text is reproduced.,zh,CN,CN,中文校内,初中,production
jianzisheng_cn_junior_chapter_expansion_v1_cn-junior-01-linear-equations_008,解方程：4x+3=15，x 的值是多少？,3,multiple_choice,A:4|B:-3|C:8|D:3|E:12,3,alg_linear_equations;prealg_expressions,one_variable_equation;inverse_operations,linear_equation_structure;equation_balance,inverse_operation_order_error;constant_term_error,先移项得 4x=12，再两边除以 4，得到 x=3。,CN Junior High Math,方程与代数,cn-junior-01-linear-equations,初中一元一次方程,24007,jianzisheng_cn_junior_chapter_expansion_v1,local-ocr-derived: cn_curriculum_pilot_v0; chapter=cn-junior-01-linear-equations; expansion=v1,Standard,Algebra Readiness,cn_linear_equation_solving,inverse_operations;symbolic_fluency,80,Chapter-level expansion from existing cleaned Jian Zi Sheng junior OCR coverage signals. Project-native original-equivalent variants; no direct textbook exercise text is reproduced.,zh,CN,CN,中文校内,初中,production
jianzisheng_cn_junior_chapter_expansion_v1_cn-junior-01-linear-equations_009,解方程：5x+8=28，x 的值是多少？,4,multiple_choice,A:5|B:-4|C:4|D:20|E:6,3,alg_linear_equations;prealg_expressions,one_variable_equation;inverse_operations,linear_equation_structure;equation_balance,inverse_operation_order_error;constant_term_error,先移项得 5x=20，再两边除以 5，得到 x=4。,CN Junior High Math,方程与代数,cn-junior-01-linear-equations,初中一元一次方程,24008,jianzisheng_cn_junior_chapter_expansion_v1,local-ocr-derived: cn_curriculum_pilot_v0; chapter=cn-junior-01-linear-equations; expansion=v1,Standard,Algebra Readiness,cn_linear_equation_solving,inverse_operations;symbolic_fluency,80,Chapter-level expansion from existing cleaned Jian Zi Sheng junior OCR coverage signals. Project-native original-equivalent variants; no direct textbook exercise text is reproduced.,zh,CN,CN,中文校内,初中,production
jianzisheng_cn_junior_chapter_expansion_v1_cn-junior-01-linear-equations_010,解方程：6x-4=26，x 的值是多少？,5,multiple_choice,A:-5|B:5|C:30|D:4|E:6,3,alg_linear_equations;prealg_expressions,one_variable_equation;inverse_operations,linear_equation_structure;equation_balance,inverse_operation_order_error;constant_term_error,先移项得 6x=30，再两边除以 6，得到 x=5。,CN Junior High Math,方程与代数,cn-junior-01-linear-equations,初中一元一次方程,24009,jianzisheng_cn_junior_chapter_expansion_v1,local-ocr-derived: cn_curriculum_pilot_v0; chapter=cn-junior-01-linear-equations; expansion=v1,Standard,Algebra Readiness,cn_linear_equation_solving,inverse_operations;symbolic_fluency,80,Chapter-level expansion from existing cleaned Jian Zi Sheng junior OCR coverage signals. Project-native original-equivalent variants; no direct textbook exercise text is reproduced.,zh,CN,CN,中文校内,初中,production
jianzisheng_cn_junior_chapter_expansion_v1_cn-junior-01-linear-equations_011,解方程：7x+1=43，x 的值是多少？,6,multiple_choice,A:6|B:42|C:7|D:-6|E:11,3,alg_linear_equations;prealg_expressions,one_variable_equation;inverse_operations,linear_equation_structure;equation_balance,inverse_operation_order_error;constant_term_error,先移项得 7x=42，再两边除以 7，得到 x=6。,CN Junior High Math,方程与代数,cn-junior-01-linear-equations,初中一元一次方程,24010,jianzisheng_cn_junior_chapter_expansion_v1,local-ocr-derived: cn_curriculum_pilot_v0; chapter=cn-junior-01-linear-equations; expansion=v1,Standard,Algebra Readiness,cn_linear_equation_solving,inverse_operations;symbolic_fluency,80,Chapter-level expansion from existing cleaned Jian Zi Sheng junior OCR coverage signals. Project-native original-equivalent variants; no direct textbook exercise text is reproduced.,zh,CN,CN,中文校内,初中,production
jianzisheng_cn_junior_chapter_expansion_v1_cn-junior-01-linear-equations_012,解方程：8x+6=62，x 的值是多少？,7,multiple_choice,A:56|B:8|C:-7|D:12|E:7,3,alg_linear_equations;prealg_expressions,one_variable_equation;inverse_operations,linear_equation_structure;equation_balance,inverse_operation_order_error;constant_term_error,先移项得 8x=56，再两边除以 8，得到 x=7。,CN Junior High Math,方程与代数,cn-junior-01-linear-equations,初中一元一次方程,24011,jianzisheng_cn_junior_chapter_expansion_v1,local-ocr-derived: cn_curriculum_pilot_v0; chapter=cn-junior-01-linear-equations; expansion=v1,Standard,Algebra Readiness,cn_linear_equation_solving,inverse_operations;symbolic_fluency,80,Chapter-level expansion from existing cleaned Jian Zi Sheng junior OCR coverage signals. Project-native original-equivalent variants; no direct textbook exercise text is reproduced.,zh,CN,CN,中文校内,初中,production
jianzisheng_cn_junior_chapter_expansion_v1_cn-junior-01-linear-equations_013,解方程：2x-6=10，x 的值是多少？,8,multiple_choice,A:5|B:9|C:-8|D:8|E:16,3,alg_linear_equations;prealg_expressions,one_variable_equation;inverse_operations,linear_equation_structure;equation_balance,inverse_operation_order_error;constant_term_error,先移项得 2x=16，再两边除以 2，得到 x=8。,CN Junior High Math,方程与代数,cn-junior-01-linear-equations,初中一元一次方程,24012,jianzisheng_cn_junior_chapter_expansion_v1,local-ocr-derived: cn_curriculum_pilot_v0; chapter=cn-junior-01-linear-equations; expansion=v1,Standard,Algebra Readiness,cn_linear_equation_solving,inverse_operations;symbolic_fluency,80,Chapter-level expansion from existing cleaned Jian Zi Sheng junior OCR coverage signals. Project-native original-equivalent variants; no direct textbook exercise text is reproduced.,zh,CN,CN,中文校内,初中,production
jianzisheng_cn_junior_chapter_expansion_v1_cn-junior-01-linear-equations_014,解方程：3x-1=26，x 的值是多少？,9,multiple_choice,A:-9|B:14|C:9|D:27|E:10,3,alg_linear_equations;prealg_expressions,one_variable_equation;inverse_operations,linear_equation_structure;equation_balance,inverse_operation_order_error;constant_term_error,先移项得 3x=27，再两边除以 3，得到 x=9。,CN Junior High Math,方程与代数,cn-junior-01-linear-equations,初中一元一次方程,24013,jianzisheng_cn_junior_chapter_expansion_v1,local-ocr-derived: cn_curriculum_pilot_v0; chapter=cn-junior-01-linear-equations; expansion=v1,Standard,Algebra Readiness,cn_linear_equation_solving,inverse_operations;symbolic_fluency,80,Chapter-level expansion from existing cleaned Jian Zi Sheng junior OCR coverage signals. Project-native original-equivalent variants; no direct textbook exercise text is reproduced.,zh,CN,CN,中文校内,初中,production
jianzisheng_cn_junior_chapter_expansion_v1_cn-junior-01-linear-equations_015,解方程：4x+4=44，x 的值是多少？,10,multiple_choice,A:15|B:10|C:40|D:11|E:-10,3,alg_linear_equations;prealg_expressions,one_variable_equation;inverse_operations,linear_equation_structure;equation_balance,inverse_operation_order_error;constant_term_error,先移项得 4x=40，再两边除以 4，得到 x=10。,CN Junior High Math,方程与代数,cn-junior-01-linear-equations,初中一元一次方程,24014,jianzisheng_cn_junior_chapter_expansion_v1,local-ocr-derived: cn_curriculum_pilot_v0; chapter=cn-junior-01-linear-equations; expansion=v1,Standard,Algebra Readiness,cn_linear_equation_solving,inverse_operations;symbolic_fluency,80,Chapter-level expansion from existing cleaned Jian Zi Sheng junior OCR coverage signals. Project-native original-equivalent variants; no direct textbook exercise text is reproduced.,zh,CN,CN,中文校内,初中,production
jianzisheng_cn_junior_chapter_expansion_v1_cn-junior-01-linear-equations_016,解方程：5x-8=47，x 的值是多少？,11,multiple_choice,A:11|B:55|C:9|D:12|E:-11,3,alg_linear_equations;prealg_expressions,one_variable_equation;inverse_operations,linear_equation_structure;equation_balance,inverse_operation_order_error;constant_term_error,先移项得 5x=55，再两边除以 5，得到 x=11。,CN Junior High Math,方程与代数,cn-junior-01-linear-equations,初中一元一次方程,24015,jianzisheng_cn_junior_chapter_expansion_v1,local-ocr-derived: cn_curriculum_pilot_v0; chapter=cn-junior-01-linear-equations; expansion=v1,Standard,Algebra Readiness,cn_linear_equation_solving,inverse_operations;symbolic_fluency,80,Chapter-level expansion from existing cleaned Jian Zi Sheng junior OCR coverage signals. Project-native original-equivalent variants; no direct textbook exercise text is reproduced.,zh,CN,CN,中文校内,初中,production
jianzisheng_cn_junior_chapter_expansion_v1_cn-junior-01-linear-equations_017,解方程：6x-3=15，x 的值是多少？,3,multiple_choice,A:18|B:4|C:-3|D:8|E:3,3,alg_linear_equations;prealg_expressions,one_variable_equation;inverse_operations,linear_equation_structure;equation_balance,inverse_operation_order_error;constant_term_error,先移项得 6x=18，再两边除以 6，得到 x=3。,CN Junior High Math,方程与代数,cn-junior-01-linear-equations,初中一元一次方程,24016,jianzisheng_cn_junior_chapter_expansion_v1,local-ocr-derived: cn_curriculum_pilot_v0; chapter=cn-junior-01-linear-equations; expansion=v1,Standard,Algebra Readiness,cn_linear_equation_solving,inverse_operations;symbolic_fluency,80,Chapter-level expansion from existing cleaned Jian Zi Sheng junior OCR coverage signals. Project-native original-equivalent variants; no direct textbook exercise text is reproduced.,zh,CN,CN,中文校内,初中,production
jianzisheng_cn_junior_chapter_expansion_v1_cn-junior-01-linear-equations_018,解方程：7x+2=30，x 的值是多少？,4,multiple_choice,A:5|B:-4|C:9|D:4|E:28,3,alg_linear_equations;prealg_expressions,one_variable_equation;inverse_operations,linear_equation_structure;equation_balance,inverse_operation_order_error;constant_term_error,先移项得 7x=28，再两边除以 7，得到 x=4。,CN Junior High Math,方程与代数,cn-junior-01-linear-equations,初中一元一次方程,24017,jianzisheng_cn_junior_chapter_expansion_v1,local-ocr-derived: cn_curriculum_pilot_v0; chapter=cn-junior-01-linear-equations; expansion=v1,Standard,Algebra Readiness,cn_linear_equation_solving,inverse_operations;symbolic_fluency,80,Chapter-level expansion from existing cleaned Jian Zi Sheng junior OCR coverage signals. Project-native original-equivalent variants; no direct textbook exercise text is reproduced.,zh,CN,CN,中文校内,初中,production
jianzisheng_cn_junior_chapter_expansion_v1_cn-junior-01-linear-equations_019,解方程：8x+7=47，x 的值是多少？,5,multiple_choice,A:-5|B:10|C:5|D:40|E:6,3,alg_linear_equations;prealg_expressions,one_variable_equation;inverse_operations,linear_equation_structure;equation_balance,inverse_operation_order_error;constant_term_error,先移项得 8x=40，再两边除以 8，得到 x=5。,CN Junior High Math,方程与代数,cn-junior-01-linear-equations,初中一元一次方程,24018,jianzisheng_cn_junior_chapter_expansion_v1,local-ocr-derived: cn_curriculum_pilot_v0; chapter=cn-junior-01-linear-equations; expansion=v1,Standard,Algebra Readiness,cn_linear_equation_solving,inverse_operations;symbolic_fluency,80,Chapter-level expansion from existing cleaned Jian Zi Sheng junior OCR coverage signals. Project-native original-equivalent variants; no direct textbook exercise text is reproduced.,zh,CN,CN,中文校内,初中,production
jianzisheng_cn_junior_chapter_expansion_v1_cn-junior-02-factorization_001,方程 x^2-3x-4=0 的两个根是多少？,-1或4,multiple_choice,A:-1或4|B:1或-4|C:3|D:-4|E:0或5,4,alg_factoring;alg_quadratics,quadratic_factorization;factor_pair_reasoning,trinomial_factor_pattern;structure_recognition,factor_pair_error;sign_error,该方程可分解为 (x--1)(x-4)=0，所以 x=-1 或 x=4。,CN Junior High Math,整式与因式分解,cn-junior-02-factorization,初中因式分解,24020,jianzisheng_cn_junior_chapter_expansion_v1,local-ocr-derived: cn_curriculum_pilot_v0; chapter=cn-junior-02-factorization; expansion=v1,Standard,Algebra Readiness,cn_factorization,factor_structure;structure_recognition,100,Chapter-level expansion from existing cleaned Jian Zi Sheng junior OCR coverage signals. Project-native original-equivalent variants; no direct textbook exercise text is reproduced.,zh,CN,CN,中文校内,初中,production
jianzisheng_cn_junior_chapter_expansion_v1_cn-junior-02-factorization_002,方程 x^2-6x+0=0 的两个根是多少？,0或6,multiple_choice,A:0或-6|B:6|C:0|D:1或7|E:0或6,4,alg_factoring;alg_quadratics,quadratic_factorization;factor_pair_reasoning,trinomial_factor_pattern;structure_recognition,factor_pair_error;sign_error,该方程可分解为 (x-0)(x-6)=0，所以 x=0 或 x=6。,CN Junior High Math,整式与因式分解,cn-junior-02-factorization,初中因式分解,24021,jianzisheng_cn_junior_chapter_expansion_v1,local-ocr-derived: cn_curriculum_pilot_v0; chapter=cn-junior-02-factorization; expansion=v1,Standard,Algebra Readiness,cn_factorization,factor_structure;structure_recognition,100,Chapter-level expansion from existing cleaned Jian Zi Sheng junior OCR coverage signals. Project-native original-equivalent variants; no direct textbook exercise text is reproduced.,zh,CN,CN,中文校内,初中,production
jianzisheng_cn_junior_chapter_expansion_v1_cn-junior-02-factorization_003,方程 x^2-9x+8=0 的两个根是多少？,1或8,multiple_choice,A:9|B:8|C:2或9|D:1或8|E:-1或-8,4,alg_factoring;alg_quadratics,quadratic_factorization;factor_pair_reasoning,trinomial_factor_pattern;structure_recognition,factor_pair_error;sign_error,该方程可分解为 (x-1)(x-8)=0，所以 x=1 或 x=8。,CN Junior High Math,整式与因式分解,cn-junior-02-factorization,初中因式分解,24022,jianzisheng_cn_junior_chapter_expansion_v1,local-ocr-derived: cn_curriculum_pilot_v0; chapter=cn-junior-02-factorization; expansion=v1,Standard,Algebra Readiness,cn_factorization,factor_structure;structure_recognition,100,Chapter-level expansion from existing cleaned Jian Zi Sheng junior OCR coverage signals. Project-native original-equivalent variants; no direct textbook exercise text is reproduced.,zh,CN,CN,中文校内,初中,production
jianzisheng_cn_junior_chapter_expansion_v1_cn-junior-02-factorization_004,方程 x^2-7x+10=0 的两个根是多少？,2或5,multiple_choice,A:10|B:3或6|C:2或5|D:-2或-5|E:7,4,alg_factoring;alg_quadratics,quadratic_factorization;factor_pair_reasoning,trinomial_factor_pattern;structure_recognition,factor_pair_error;sign_error,该方程可分解为 (x-2)(x-5)=0，所以 x=2 或 x=5。,CN Junior High Math,整式与因式分解,cn-junior-02-factorization,初中因式分解,24023,jianzisheng_cn_junior_chapter_expansion_v1,local-ocr-derived: cn_curriculum_pilot_v0; chapter=cn-junior-02-factorization; expansion=v1,Standard,Algebra Readiness,cn_factorization,factor_structure;structure_recognition,100,Chapter-level expansion from existing cleaned Jian Zi Sheng junior OCR coverage signals. Project-native original-equivalent variants; no direct textbook exercise text is reproduced.,zh,CN,CN,中文校内,初中,production
jianzisheng_cn_junior_chapter_expansion_v1_cn-junior-02-factorization_005,方程 x^2-10x+21=0 的两个根是多少？,3或7,multiple_choice,A:4或8|B:3或7|C:-3或-7|D:10|E:21,4,alg_factoring;alg_quadratics,quadratic_factorization;factor_pair_reasoning,trinomial_factor_pattern;structure_recognition,factor_pair_error;sign_error,该方程可分解为 (x-3)(x-7)=0，所以 x=3 或 x=7。,CN Junior High Math,整式与因式分解,cn-junior-02-factorization,初中因式分解,24024,jianzisheng_cn_junior_chapter_expansion_v1,local-ocr-derived: cn_curriculum_pilot_v0; chapter=cn-junior-02-factorization; expansion=v1,Standard,Algebra Readiness,cn_factorization,factor_structure;structure_recognition,100,Chapter-level expansion from existing cleaned Jian Zi Sheng junior OCR coverage signals. Project-native original-equivalent variants; no direct textbook exercise text is reproduced.,zh,CN,CN,中文校内,初中,production
jianzisheng_cn_junior_chapter_expansion_v1_cn-junior-02-factorization_006,方程 x^2+1x-6=0 的两个根是多少？,-3或2,multiple_choice,A:-3或2|B:3或-2|C:-1|D:-6|E:-2或3,4,alg_factoring;alg_quadratics,quadratic_factorization;factor_pair_reasoning,trinomial_factor_pattern;structure_recognition,factor_pair_error;sign_error,该方程可分解为 (x--3)(x-2)=0，所以 x=-3 或 x=2。,CN Junior High Math,整式与因式分解,cn-junior-02-factorization,初中因式分解,24025,jianzisheng_cn_junior_chapter_expansion_v1,local-ocr-derived: cn_curriculum_pilot_v0; chapter=cn-junior-02-factorization; expansion=v1,Standard,Algebra Readiness,cn_factorization,factor_structure;structure_recognition,100,Chapter-level expansion from existing cleaned Jian Zi Sheng junior OCR coverage signals. Project-native original-equivalent variants; no direct textbook exercise text is reproduced.,zh,CN,CN,中文校内,初中,production
jianzisheng_cn_junior_chapter_expansion_v1_cn-junior-02-factorization_007,方程 x^2-2x-8=0 的两个根是多少？,-2或4,multiple_choice,A:2或-4|B:2|C:-8|D:-1或5|E:-2或4,4,alg_factoring;alg_quadratics,quadratic_factorization;factor_pair_reasoning,trinomial_factor_pattern;structure_recognition,factor_pair_error;sign_error,该方程可分解为 (x--2)(x-4)=0，所以 x=-2 或 x=4。,CN Junior High Math,整式与因式分解,cn-junior-02-factorization,初中因式分解,24026,jianzisheng_cn_junior_chapter_expansion_v1,local-ocr-derived: cn_curriculum_pilot_v0; chapter=cn-junior-02-factorization; expansion=v1,Standard,Algebra Readiness,cn_factorization,factor_structure;structure_recognition,100,Chapter-level expansion from existing cleaned Jian Zi Sheng junior OCR coverage signals. Project-native original-equivalent variants; no direct textbook exercise text is reproduced.,zh,CN,CN,中文校内,初中,production
jianzisheng_cn_junior_chapter_expansion_v1_cn-junior-02-factorization_008,方程 x^2-5x-6=0 的两个根是多少？,-1或6,multiple_choice,A:5|B:-6|C:0或7|D:-1或6|E:1或-6,4,alg_factoring;alg_quadratics,quadratic_factorization;factor_pair_reasoning,trinomial_factor_pattern;structure_recognition,factor_pair_error;sign_error,该方程可分解为 (x--1)(x-6)=0，所以 x=-1 或 x=6。,CN Junior High Math,整式与因式分解,cn-junior-02-factorization,初中因式分解,24027,jianzisheng_cn_junior_chapter_expansion_v1,local-ocr-derived: cn_curriculum_pilot_v0; chapter=cn-junior-02-factorization; expansion=v1,Standard,Algebra Readiness,cn_factorization,factor_structure;structure_recognition,100,Chapter-level expansion from existing cleaned Jian Zi Sheng junior OCR coverage signals. Project-native original-equivalent variants; no direct textbook exercise text is reproduced.,zh,CN,CN,中文校内,初中,production
jianzisheng_cn_junior_chapter_expansion_v1_cn-junior-02-factorization_009,方程 x^2-3x+0=0 的两个根是多少？,0或3,multiple_choice,A:0|B:1或4|C:0或3|D:0或-3|E:3,4,alg_factoring;alg_quadratics,quadratic_factorization;factor_pair_reasoning,trinomial_factor_pattern;structure_recognition,factor_pair_error;sign_error,该方程可分解为 (x-0)(x-3)=0，所以 x=0 或 x=3。,CN Junior High Math,整式与因式分解,cn-junior-02-factorization,初中因式分解,24028,jianzisheng_cn_junior_chapter_expansion_v1,local-ocr-derived: cn_curriculum_pilot_v0; chapter=cn-junior-02-factorization; expansion=v1,Standard,Algebra Readiness,cn_factorization,factor_structure;structure_recognition,100,Chapter-level expansion from existing cleaned Jian Zi Sheng junior OCR coverage signals. Project-native original-equivalent variants; no direct textbook exercise text is reproduced.,zh,CN,CN,中文校内,初中,production
jianzisheng_cn_junior_chapter_expansion_v1_cn-junior-02-factorization_010,方程 x^2-6x+5=0 的两个根是多少？,1或5,multiple_choice,A:2或6|B:1或5|C:-1或-5|D:6|E:5,4,alg_factoring;alg_quadratics,quadratic_factorization;factor_pair_reasoning,trinomial_factor_pattern;structure_recognition,factor_pair_error;sign_error,该方程可分解为 (x-1)(x-5)=0，所以 x=1 或 x=5。,CN Junior High Math,整式与因式分解,cn-junior-02-factorization,初中因式分解,24029,jianzisheng_cn_junior_chapter_expansion_v1,local-ocr-derived: cn_curriculum_pilot_v0; chapter=cn-junior-02-factorization; expansion=v1,Standard,Algebra Readiness,cn_factorization,factor_structure;structure_recognition,100,Chapter-level expansion from existing cleaned Jian Zi Sheng junior OCR coverage signals. Project-native original-equivalent variants; no direct textbook exercise text is reproduced.,zh,CN,CN,中文校内,初中,production
jianzisheng_cn_junior_chapter_expansion_v1_cn-junior-02-factorization_011,方程 x^2-9x+14=0 的两个根是多少？,2或7,multiple_choice,A:2或7|B:-2或-7|C:9|D:14|E:3或8,4,alg_factoring;alg_quadratics,quadratic_factorization;factor_pair_reasoning,trinomial_factor_pattern;structure_recognition,factor_pair_error;sign_error,该方程可分解为 (x-2)(x-7)=0，所以 x=2 或 x=7。,CN Junior High Math,整式与因式分解,cn-junior-02-factorization,初中因式分解,24030,jianzisheng_cn_junior_chapter_expansion_v1,local-ocr-derived: cn_curriculum_pilot_v0; chapter=cn-junior-02-factorization; expansion=v1,Standard,Algebra Readiness,cn_factorization,factor_structure;structure_recognition,100,Chapter-level expansion from existing cleaned Jian Zi Sheng junior OCR coverage signals. Project-native original-equivalent variants; no direct textbook exercise text is reproduced.,zh,CN,CN,中文校内,初中,production
jianzisheng_cn_junior_chapter_expansion_v1_cn-junior-02-factorization_012,方程 x^2-12x+27=0 的两个根是多少？,3或9,multiple_choice,A:-3或-9|B:12|C:27|D:4或10|E:3或9,4,alg_factoring;alg_quadratics,quadratic_factorization;factor_pair_reasoning,trinomial_factor_pattern;structure_recognition,factor_pair_error;sign_error,该方程可分解为 (x-3)(x-9)=0，所以 x=3 或 x=9。,CN Junior High Math,整式与因式分解,cn-junior-02-factorization,初中因式分解,24031,jianzisheng_cn_junior_chapter_expansion_v1,local-ocr-derived: cn_curriculum_pilot_v0; chapter=cn-junior-02-factorization; expansion=v1,Standard,Algebra Readiness,cn_factorization,factor_structure;structure_recognition,100,Chapter-level expansion from existing cleaned Jian Zi Sheng junior OCR coverage signals. Project-native original-equivalent variants; no direct textbook exercise text is reproduced.,zh,CN,CN,中文校内,初中,production
jianzisheng_cn_junior_chapter_expansion_v1_cn-junior-02-factorization_013,方程 x^2-1x-12=0 的两个根是多少？,-3或4,multiple_choice,A:1|B:-12|C:-2或5|D:-3或4|E:3或-4,4,alg_factoring;alg_quadratics,quadratic_factorization;factor_pair_reasoning,trinomial_factor_pattern;structure_recognition,factor_pair_error;sign_error,该方程可分解为 (x--3)(x-4)=0，所以 x=-3 或 x=4。,CN Junior High Math,整式与因式分解,cn-junior-02-factorization,初中因式分解,24032,jianzisheng_cn_junior_chapter_expansion_v1,local-ocr-derived: cn_curriculum_pilot_v0; chapter=cn-junior-02-factorization; expansion=v1,Standard,Algebra Readiness,cn_factorization,factor_structure;structure_recognition,100,Chapter-level expansion from existing cleaned Jian Zi Sheng junior OCR coverage signals. Project-native original-equivalent variants; no direct textbook exercise text is reproduced.,zh,CN,CN,中文校内,初中,production
jianzisheng_cn_junior_chapter_expansion_v1_cn-junior-02-factorization_014,方程 x^2+1x-2=0 的两个根是多少？,-2或1,multiple_choice,A:-2|B:-1或2|C:-2或1|D:2或-1|E:-1,4,alg_factoring;alg_quadratics,quadratic_factorization;factor_pair_reasoning,trinomial_factor_pattern;structure_recognition,factor_pair_error;sign_error,该方程可分解为 (x--2)(x-1)=0，所以 x=-2 或 x=1。,CN Junior High Math,整式与因式分解,cn-junior-02-factorization,初中因式分解,24033,jianzisheng_cn_junior_chapter_expansion_v1,local-ocr-derived: cn_curriculum_pilot_v0; chapter=cn-junior-02-factorization; expansion=v1,Standard,Algebra Readiness,cn_factorization,factor_structure;structure_recognition,100,Chapter-level expansion from existing cleaned Jian Zi Sheng junior OCR coverage signals. Project-native original-equivalent variants; no direct textbook exercise text is reproduced.,zh,CN,CN,中文校内,初中,production
jianzisheng_cn_junior_chapter_expansion_v1_cn-junior-02-factorization_015,方程 x^2-2x-3=0 的两个根是多少？,-1或3,multiple_choice,A:0或4|B:-1或3|C:1或-3|D:2|E:-3,4,alg_factoring;alg_quadratics,quadratic_factorization;factor_pair_reasoning,trinomial_factor_pattern;structure_recognition,factor_pair_error;sign_error,该方程可分解为 (x--1)(x-3)=0，所以 x=-1 或 x=3。,CN Junior High Math,整式与因式分解,cn-junior-02-factorization,初中因式分解,24034,jianzisheng_cn_junior_chapter_expansion_v1,local-ocr-derived: cn_curriculum_pilot_v0; chapter=cn-junior-02-factorization; expansion=v1,Standard,Algebra Readiness,cn_factorization,factor_structure;structure_recognition,100,Chapter-level expansion from existing cleaned Jian Zi Sheng junior OCR coverage signals. Project-native original-equivalent variants; no direct textbook exercise text is reproduced.,zh,CN,CN,中文校内,初中,production
jianzisheng_cn_junior_chapter_expansion_v1_cn-junior-02-factorization_016,方程 x^2-5x+0=0 的两个根是多少？,0或5,multiple_choice,A:0或5|B:0或-5|C:5|D:0|E:1或6,4,alg_factoring;alg_quadratics,quadratic_factorization;factor_pair_reasoning,trinomial_factor_pattern;structure_recognition,factor_pair_error;sign_error,该方程可分解为 (x-0)(x-5)=0，所以 x=0 或 x=5。,CN Junior High Math,整式与因式分解,cn-junior-02-factorization,初中因式分解,24035,jianzisheng_cn_junior_chapter_expansion_v1,local-ocr-derived: cn_curriculum_pilot_v0; chapter=cn-junior-02-factorization; expansion=v1,Standard,Algebra Readiness,cn_factorization,factor_structure;structure_recognition,100,Chapter-level expansion from existing cleaned Jian Zi Sheng junior OCR coverage signals. Project-native original-equivalent variants; no direct textbook exercise text is reproduced.,zh,CN,CN,中文校内,初中,production
jianzisheng_cn_junior_chapter_expansion_v1_cn-junior-02-factorization_017,方程 x^2-8x+7=0 的两个根是多少？,1或7,multiple_choice,A:-1或-7|B:8|C:7|D:2或8|E:1或7,4,alg_factoring;alg_quadratics,quadratic_factorization;factor_pair_reasoning,trinomial_factor_pattern;structure_recognition,factor_pair_error;sign_error,该方程可分解为 (x-1)(x-7)=0，所以 x=1 或 x=7。,CN Junior High Math,整式与因式分解,cn-junior-02-factorization,初中因式分解,24036,jianzisheng_cn_junior_chapter_expansion_v1,local-ocr-derived: cn_curriculum_pilot_v0; chapter=cn-junior-02-factorization; expansion=v1,Standard,Algebra Readiness,cn_factorization,factor_structure;structure_recognition,100,Chapter-level expansion from existing cleaned Jian Zi Sheng junior OCR coverage signals. Project-native original-equivalent variants; no direct textbook exercise text is reproduced.,zh,CN,CN,中文校内,初中,production
jianzisheng_cn_junior_chapter_expansion_v1_cn-junior-02-factorization_018,方程 x^2-11x+18=0 的两个根是多少？,2或9,multiple_choice,A:11|B:18|C:3或10|D:2或9|E:-2或-9,4,alg_factoring;alg_quadratics,quadratic_factorization;factor_pair_reasoning,trinomial_factor_pattern;structure_recognition,factor_pair_error;sign_error,该方程可分解为 (x-2)(x-9)=0，所以 x=2 或 x=9。,CN Junior High Math,整式与因式分解,cn-junior-02-factorization,初中因式分解,24037,jianzisheng_cn_junior_chapter_expansion_v1,local-ocr-derived: cn_curriculum_pilot_v0; chapter=cn-junior-02-factorization; expansion=v1,Standard,Algebra Readiness,cn_factorization,factor_structure;structure_recognition,100,Chapter-level expansion from existing cleaned Jian Zi Sheng junior OCR coverage signals. Project-native original-equivalent variants; no direct textbook exercise text is reproduced.,zh,CN,CN,中文校内,初中,production
jianzisheng_cn_junior_chapter_expansion_v1_cn-junior-02-factorization_019,方程 x^2-9x+18=0 的两个根是多少？,3或6,multiple_choice,A:18|B:4或7|C:3或6|D:-3或-6|E:9,4,alg_factoring;alg_quadratics,quadratic_factorization;factor_pair_reasoning,trinomial_factor_pattern;structure_recognition,factor_pair_error;sign_error,该方程可分解为 (x-3)(x-6)=0，所以 x=3 或 x=6。,CN Junior High Math,整式与因式分解,cn-junior-02-factorization,初中因式分解,24038,jianzisheng_cn_junior_chapter_expansion_v1,local-ocr-derived: cn_curriculum_pilot_v0; chapter=cn-junior-02-factorization; expansion=v1,Standard,Algebra Readiness,cn_factorization,factor_structure;structure_recognition,100,Chapter-level expansion from existing cleaned Jian Zi Sheng junior OCR coverage signals. Project-native original-equivalent variants; no direct textbook exercise text is reproduced.,zh,CN,CN,中文校内,初中,production
jianzisheng_cn_junior_chapter_expansion_v1_cn-junior-03-linear-functions_001,当 x=-1 时，代数式 -2x+0 的值是多少？,2,multiple_choice,A:2|B:-3|C:4|D:-2|E:7,3,alg_functions;prealg_substitution,function_evaluation;substitution,input_output_mapping;linear_function_evaluation,variable_meaning_error;operation_order_error,把 x=-1 代入，得到 -2×-1+0=2。,CN Junior High Math,函数初步,cn-junior-03-linear-functions,初中一次函数,24040,jianzisheng_cn_junior_chapter_expansion_v1,local-ocr-derived: cn_curriculum_pilot_v0; chapter=cn-junior-03-linear-functions; expansion=v1,Standard,Algebra Readiness,cn_function_evaluation,input_output_mapping;symbol_evaluation,80,Chapter-level expansion from existing cleaned Jian Zi Sheng junior OCR coverage signals. Project-native original-equivalent variants; no direct textbook exercise text is reproduced.,zh,CN,CN,中文校内,初中,production
jianzisheng_cn_junior_chapter_expansion_v1_cn-junior-03-linear-functions_002,当 x=0 时，代数式 -1x+3 的值是多少？,3,multiple_choice,A:2|B:0|C:5|D:-3|E:3,3,alg_functions;prealg_substitution,function_evaluation;substitution,input_output_mapping;linear_function_evaluation,variable_meaning_error;operation_order_error,把 x=0 代入，得到 -1×0+3=3。,CN Junior High Math,函数初步,cn-junior-03-linear-functions,初中一次函数,24041,jianzisheng_cn_junior_chapter_expansion_v1,local-ocr-derived: cn_curriculum_pilot_v0; chapter=cn-junior-03-linear-functions; expansion=v1,Standard,Algebra Readiness,cn_function_evaluation,input_output_mapping;symbol_evaluation,80,Chapter-level expansion from existing cleaned Jian Zi Sheng junior OCR coverage signals. Project-native original-equivalent variants; no direct textbook exercise text is reproduced.,zh,CN,CN,中文校内,初中,production
jianzisheng_cn_junior_chapter_expansion_v1_cn-junior-03-linear-functions_003,当 x=1 时，代数式 0x+6 的值是多少？,6,multiple_choice,A:0|B:8|C:-6|D:6|E:7,3,alg_functions;prealg_substitution,function_evaluation;substitution,input_output_mapping;linear_function_evaluation,variable_meaning_error;operation_order_error,把 x=1 代入，得到 0×1+6=6。,CN Junior High Math,函数初步,cn-junior-03-linear-functions,初中一次函数,24042,jianzisheng_cn_junior_chapter_expansion_v1,local-ocr-derived: cn_curriculum_pilot_v0; chapter=cn-junior-03-linear-functions; expansion=v1,Standard,Algebra Readiness,cn_function_evaluation,input_output_mapping;symbol_evaluation,80,Chapter-level expansion from existing cleaned Jian Zi Sheng junior OCR coverage signals. Project-native original-equivalent variants; no direct textbook exercise text is reproduced.,zh,CN,CN,中文校内,初中,production
jianzisheng_cn_junior_chapter_expansion_v1_cn-junior-03-linear-functions_004,当 x=2 时，代数式 1x-4 的值是多少？,-2,multiple_choice,A:0|B:3|C:-2|D:-1|E:2,3,alg_functions;prealg_substitution,function_evaluation;substitution,input_output_mapping;linear_function_evaluation,variable_meaning_error;operation_order_error,把 x=2 代入，得到 1×2-4=-2。,CN Junior High Math,函数初步,cn-junior-03-linear-functions,初中一次函数,24043,jianzisheng_cn_junior_chapter_expansion_v1,local-ocr-derived: cn_curriculum_pilot_v0; chapter=cn-junior-03-linear-functions; expansion=v1,Standard,Algebra Readiness,cn_function_evaluation,input_output_mapping;symbol_evaluation,80,Chapter-level expansion from existing cleaned Jian Zi Sheng junior OCR coverage signals. Project-native original-equivalent variants; no direct textbook exercise text is reproduced.,zh,CN,CN,中文校内,初中,production
jianzisheng_cn_junior_chapter_expansion_v1_cn-junior-03-linear-functions_005,当 x=3 时，代数式 2x-1 的值是多少？,5,multiple_choice,A:-5|B:5|C:4|D:6|E:7,3,alg_functions;prealg_substitution,function_evaluation;substitution,input_output_mapping;linear_function_evaluation,variable_meaning_error;operation_order_error,把 x=3 代入，得到 2×3-1=5。,CN Junior High Math,函数初步,cn-junior-03-linear-functions,初中一次函数,24044,jianzisheng_cn_junior_chapter_expansion_v1,local-ocr-derived: cn_curriculum_pilot_v0; chapter=cn-junior-03-linear-functions; expansion=v1,Standard,Algebra Readiness,cn_function_evaluation,input_output_mapping;symbol_evaluation,80,Chapter-level expansion from existing cleaned Jian Zi Sheng junior OCR coverage signals. Project-native original-equivalent variants; no direct textbook exercise text is reproduced.,zh,CN,CN,中文校内,初中,production
jianzisheng_cn_junior_chapter_expansion_v1_cn-junior-03-linear-functions_006,当 x=4 时，代数式 3x+2 的值是多少？,14,multiple_choice,A:14|B:9|C:12|D:16|E:-14,3,alg_functions;prealg_substitution,function_evaluation;substitution,input_output_mapping;linear_function_evaluation,variable_meaning_error;operation_order_error,把 x=4 代入，得到 3×4+2=14。,CN Junior High Math,函数初步,cn-junior-03-linear-functions,初中一次函数,24045,jianzisheng_cn_junior_chapter_expansion_v1,local-ocr-derived: cn_curriculum_pilot_v0; chapter=cn-junior-03-linear-functions; expansion=v1,Standard,Algebra Readiness,cn_function_evaluation,input_output_mapping;symbol_evaluation,80,Chapter-level expansion from existing cleaned Jian Zi Sheng junior OCR coverage signals. Project-native original-equivalent variants; no direct textbook exercise text is reproduced.,zh,CN,CN,中文校内,初中,production
jianzisheng_cn_junior_chapter_expansion_v1_cn-junior-03-linear-functions_007,当 x=-3 时，代数式 4x+5 的值是多少？,-7,multiple_choice,A:6|B:-12|C:-5|D:7|E:-7,3,alg_functions;prealg_substitution,function_evaluation;substitution,input_output_mapping;linear_function_evaluation,variable_meaning_error;operation_order_error,把 x=-3 代入，得到 4×-3+5=-7。,CN Junior High Math,函数初步,cn-junior-03-linear-functions,初中一次函数,24046,jianzisheng_cn_junior_chapter_expansion_v1,local-ocr-derived: cn_curriculum_pilot_v0; chapter=cn-junior-03-linear-functions; expansion=v1,Standard,Algebra Readiness,cn_function_evaluation,input_output_mapping;symbol_evaluation,80,Chapter-level expansion from existing cleaned Jian Zi Sheng junior OCR coverage signals. Project-native original-equivalent variants; no direct textbook exercise text is reproduced.,zh,CN,CN,中文校内,初中,production
jianzisheng_cn_junior_chapter_expansion_v1_cn-junior-03-linear-functions_008,当 x=-2 时，代数式 -4x-5 的值是多少？,3,multiple_choice,A:8|B:5|C:-3|D:3|E:-11,3,alg_functions;prealg_substitution,function_evaluation;substitution,input_output_mapping;linear_function_evaluation,variable_meaning_error;operation_order_error,把 x=-2 代入，得到 -4×-2-5=3。,CN Junior High Math,函数初步,cn-junior-03-linear-functions,初中一次函数,24047,jianzisheng_cn_junior_chapter_expansion_v1,local-ocr-derived: cn_curriculum_pilot_v0; chapter=cn-junior-03-linear-functions; expansion=v1,Standard,Algebra Readiness,cn_function_evaluation,input_output_mapping;symbol_evaluation,80,Chapter-level expansion from existing cleaned Jian Zi Sheng junior OCR coverage signals. Project-native original-equivalent variants; no direct textbook exercise text is reproduced.,zh,CN,CN,中文校内,初中,production
jianzisheng_cn_junior_chapter_expansion_v1_cn-junior-03-linear-functions_009,当 x=-1 时，代数式 -3x-2 的值是多少？,1,multiple_choice,A:-1|B:6|C:1|D:-6|E:3,3,alg_functions;prealg_substitution,function_evaluation;substitution,input_output_mapping;linear_function_evaluation,variable_meaning_error;operation_order_error,把 x=-1 代入，得到 -3×-1-2=1。,CN Junior High Math,函数初步,cn-junior-03-linear-functions,初中一次函数,24048,jianzisheng_cn_junior_chapter_expansion_v1,local-ocr-derived: cn_curriculum_pilot_v0; chapter=cn-junior-03-linear-functions; expansion=v1,Standard,Algebra Readiness,cn_function_evaluation,input_output_mapping;symbol_evaluation,80,Chapter-level expansion from existing cleaned Jian Zi Sheng junior OCR coverage signals. Project-native original-equivalent variants; no direct textbook exercise text is reproduced.,zh,CN,CN,中文校内,初中,production
jianzisheng_cn_junior_chapter_expansion_v1_cn-junior-03-linear-functions_010,当 x=0 时，代数式 -2x+1 的值是多少？,1,multiple_choice,A:6|B:1|C:-1|D:0|E:3,3,alg_functions;prealg_substitution,function_evaluation;substitution,input_output_mapping;linear_function_evaluation,variable_meaning_error;operation_order_error,把 x=0 代入，得到 -2×0+1=1。,CN Junior High Math,函数初步,cn-junior-03-linear-functions,初中一次函数,24049,jianzisheng_cn_junior_chapter_expansion_v1,local-ocr-derived: cn_curriculum_pilot_v0; chapter=cn-junior-03-linear-functions; expansion=v1,Standard,Algebra Readiness,cn_function_evaluation,input_output_mapping;symbol_evaluation,80,Chapter-level expansion from existing cleaned Jian Zi Sheng junior OCR coverage signals. Project-native original-equivalent variants; no direct textbook exercise text is reproduced.,zh,CN,CN,中文校内,初中,production
jianzisheng_cn_junior_chapter_expansion_v1_cn-junior-03-linear-functions_011,当 x=1 时，代数式 -1x+4 的值是多少？,3,multiple_choice,A:3|B:4|C:-1|D:5|E:-3,3,alg_functions;prealg_substitution,function_evaluation;substitution,input_output_mapping;linear_function_evaluation,variable_meaning_error;operation_order_error,把 x=1 代入，得到 -1×1+4=3。,CN Junior High Math,函数初步,cn-junior-03-linear-functions,初中一次函数,24050,jianzisheng_cn_junior_chapter_expansion_v1,local-ocr-derived: cn_curriculum_pilot_v0; chapter=cn-junior-03-linear-functions; expansion=v1,Standard,Algebra Readiness,cn_function_evaluation,input_output_mapping;symbol_evaluation,80,Chapter-level expansion from existing cleaned Jian Zi Sheng junior OCR coverage signals. Project-native original-equivalent variants; no direct textbook exercise text is reproduced.,zh,CN,CN,中文校内,初中,production
jianzisheng_cn_junior_chapter_expansion_v1_cn-junior-03-linear-functions_012,当 x=2 时，代数式 0x-6 的值是多少？,-6,multiple_choice,A:-4|B:0|C:6|D:-1|E:-6,3,alg_functions;prealg_substitution,function_evaluation;substitution,input_output_mapping;linear_function_evaluation,variable_meaning_error;operation_order_error,把 x=2 代入，得到 0×2-6=-6。,CN Junior High Math,函数初步,cn-junior-03-linear-functions,初中一次函数,24051,jianzisheng_cn_junior_chapter_expansion_v1,local-ocr-derived: cn_curriculum_pilot_v0; chapter=cn-junior-03-linear-functions; expansion=v1,Standard,Algebra Readiness,cn_function_evaluation,input_output_mapping;symbol_evaluation,80,Chapter-level expansion from existing cleaned Jian Zi Sheng junior OCR coverage signals. Project-native original-equivalent variants; no direct textbook exercise text is reproduced.,zh,CN,CN,中文校内,初中,production
jianzisheng_cn_junior_chapter_expansion_v1_cn-junior-03-linear-functions_013,当 x=3 时，代数式 1x-3 的值是多少？,0,multiple_choice,A:3|B:2|C:5|D:0|E:1,3,alg_functions;prealg_substitution,function_evaluation;substitution,input_output_mapping;linear_function_evaluation,variable_meaning_error;operation_order_error,把 x=3 代入，得到 1×3-3=0。,CN Junior High Math,函数初步,cn-junior-03-linear-functions,初中一次函数,24052,jianzisheng_cn_junior_chapter_expansion_v1,local-ocr-derived: cn_curriculum_pilot_v0; chapter=cn-junior-03-linear-functions; expansion=v1,Standard,Algebra Readiness,cn_function_evaluation,input_output_mapping;symbol_evaluation,80,Chapter-level expansion from existing cleaned Jian Zi Sheng junior OCR coverage signals. Project-native original-equivalent variants; no direct textbook exercise text is reproduced.,zh,CN,CN,中文校内,初中,production
jianzisheng_cn_junior_chapter_expansion_v1_cn-junior-03-linear-functions_014,当 x=4 时，代数式 2x+0 的值是多少？,8,multiple_choice,A:-8|B:13|C:8|D:6|E:10,3,alg_functions;prealg_substitution,function_evaluation;substitution,input_output_mapping;linear_function_evaluation,variable_meaning_error;operation_order_error,把 x=4 代入，得到 2×4+0=8。,CN Junior High Math,函数初步,cn-junior-03-linear-functions,初中一次函数,24053,jianzisheng_cn_junior_chapter_expansion_v1,local-ocr-derived: cn_curriculum_pilot_v0; chapter=cn-junior-03-linear-functions; expansion=v1,Standard,Algebra Readiness,cn_function_evaluation,input_output_mapping;symbol_evaluation,80,Chapter-level expansion from existing cleaned Jian Zi Sheng junior OCR coverage signals. Project-native original-equivalent variants; no direct textbook exercise text is reproduced.,zh,CN,CN,中文校内,初中,production
jianzisheng_cn_junior_chapter_expansion_v1_cn-junior-03-linear-functions_015,当 x=-3 时，代数式 3x+3 的值是多少？,-6,multiple_choice,A:6|B:-6|C:3|D:-9|E:-4,3,alg_functions;prealg_substitution,function_evaluation;substitution,input_output_mapping;linear_function_evaluation,variable_meaning_error;operation_order_error,把 x=-3 代入，得到 3×-3+3=-6。,CN Junior High Math,函数初步,cn-junior-03-linear-functions,初中一次函数,24054,jianzisheng_cn_junior_chapter_expansion_v1,local-ocr-derived: cn_curriculum_pilot_v0; chapter=cn-junior-03-linear-functions; expansion=v1,Standard,Algebra Readiness,cn_function_evaluation,input_output_mapping;symbol_evaluation,80,Chapter-level expansion from existing cleaned Jian Zi Sheng junior OCR coverage signals. Project-native original-equivalent variants; no direct textbook exercise text is reproduced.,zh,CN,CN,中文校内,初中,production
jianzisheng_cn_junior_chapter_expansion_v1_cn-junior-03-linear-functions_016,当 x=-2 时，代数式 4x+6 的值是多少？,-2,multiple_choice,A:-2|B:8|C:-8|D:0|E:2,3,alg_functions;prealg_substitution,function_evaluation;substitution,input_output_mapping;linear_function_evaluation,variable_meaning_error;operation_order_error,把 x=-2 代入，得到 4×-2+6=-2。,CN Junior High Math,函数初步,cn-junior-03-linear-functions,初中一次函数,24055,jianzisheng_cn_junior_chapter_expansion_v1,local-ocr-derived: cn_curriculum_pilot_v0; chapter=cn-junior-03-linear-functions; expansion=v1,Standard,Algebra Readiness,cn_function_evaluation,input_output_mapping;symbol_evaluation,80,Chapter-level expansion from existing cleaned Jian Zi Sheng junior OCR coverage signals. Project-native original-equivalent variants; no direct textbook exercise text is reproduced.,zh,CN,CN,中文校内,初中,production
jianzisheng_cn_junior_chapter_expansion_v1_cn-junior-03-linear-functions_017,当 x=-1 时，代数式 -4x-4 的值是多少？,0,multiple_choice,A:-9|B:4|C:2|D:5|E:0,3,alg_functions;prealg_substitution,function_evaluation;substitution,input_output_mapping;linear_function_evaluation,variable_meaning_error;operation_order_error,把 x=-1 代入，得到 -4×-1-4=0。,CN Junior High Math,函数初步,cn-junior-03-linear-functions,初中一次函数,24056,jianzisheng_cn_junior_chapter_expansion_v1,local-ocr-derived: cn_curriculum_pilot_v0; chapter=cn-junior-03-linear-functions; expansion=v1,Standard,Algebra Readiness,cn_function_evaluation,input_output_mapping;symbol_evaluation,80,Chapter-level expansion from existing cleaned Jian Zi Sheng junior OCR coverage signals. Project-native original-equivalent variants; no direct textbook exercise text is reproduced.,zh,CN,CN,中文校内,初中,production
jianzisheng_cn_junior_chapter_expansion_v1_cn-junior-03-linear-functions_018,当 x=0 时，代数式 -3x-1 的值是多少？,-1,multiple_choice,A:0|B:1|C:4|D:-1|E:-4,3,alg_functions;prealg_substitution,function_evaluation;substitution,input_output_mapping;linear_function_evaluation,variable_meaning_error;operation_order_error,把 x=0 代入，得到 -3×0-1=-1。,CN Junior High Math,函数初步,cn-junior-03-linear-functions,初中一次函数,24057,jianzisheng_cn_junior_chapter_expansion_v1,local-ocr-derived: cn_curriculum_pilot_v0; chapter=cn-junior-03-linear-functions; expansion=v1,Standard,Algebra Readiness,cn_function_evaluation,input_output_mapping;symbol_evaluation,80,Chapter-level expansion from existing cleaned Jian Zi Sheng junior OCR coverage signals. Project-native original-equivalent variants; no direct textbook exercise text is reproduced.,zh,CN,CN,中文校内,初中,production
jianzisheng_cn_junior_chapter_expansion_v1_cn-junior-03-linear-functions_019,当 x=1 时，代数式 -2x+2 的值是多少？,0,multiple_choice,A:2|B:5|C:0|D:1|E:-2,3,alg_functions;prealg_substitution,function_evaluation;substitution,input_output_mapping;linear_function_evaluation,variable_meaning_error;operation_order_error,把 x=1 代入，得到 -2×1+2=0。,CN Junior High Math,函数初步,cn-junior-03-linear-functions,初中一次函数,24058,jianzisheng_cn_junior_chapter_expansion_v1,local-ocr-derived: cn_curriculum_pilot_v0; chapter=cn-junior-03-linear-functions; expansion=v1,Standard,Algebra Readiness,cn_function_evaluation,input_output_mapping;symbol_evaluation,80,Chapter-level expansion from existing cleaned Jian Zi Sheng junior OCR coverage signals. Project-native original-equivalent variants; no direct textbook exercise text is reproduced.,zh,CN,CN,中文校内,初中,production
jianzisheng_cn_junior_chapter_expansion_v1_cn-junior-04-triangle-angles_001,三角形两个内角分别是 37° 和 46°，第三个内角是多少度？,97,multiple_choice,A:97|B:83|C:143|D:134|E:107,3,geo_triangle_angles;arith_ratios,ratio_partition;triangle_angle_sum,part_whole_reasoning;geometry_modeling,ratio_sum_error;angle_sum_error,三角形内角和为 180°，第三个角为 180°-37°-46°=97°。,CN Junior High Math,几何基础,cn-junior-04-triangle-angles,初中三角形内角,24060,jianzisheng_cn_junior_chapter_expansion_v1,local-ocr-derived: cn_curriculum_pilot_v0; chapter=cn-junior-04-triangle-angles; expansion=v1,Standard,Bridge,cn_geometry_ratio_angle,geometric_reasoning;multiplicative_reasoning,95,Chapter-level expansion from existing cleaned Jian Zi Sheng junior OCR coverage signals. Project-native original-equivalent variants; no direct textbook exercise text is reproduced.,zh,CN,CN,中文校内,初中,production
jianzisheng_cn_junior_chapter_expansion_v1_cn-junior-04-triangle-angles_002,三角形两个内角分别是 38° 和 49°，第三个内角是多少度？,93,multiple_choice,A:87|B:142|C:131|D:103|E:93,3,geo_triangle_angles;arith_ratios,ratio_partition;triangle_angle_sum,part_whole_reasoning;geometry_modeling,ratio_sum_error;angle_sum_error,三角形内角和为 180°，第三个角为 180°-38°-49°=93°。,CN Junior High Math,几何基础,cn-junior-04-triangle-angles,初中三角形内角,24061,jianzisheng_cn_junior_chapter_expansion_v1,local-ocr-derived: cn_curriculum_pilot_v0; chapter=cn-junior-04-triangle-angles; expansion=v1,Standard,Bridge,cn_geometry_ratio_angle,geometric_reasoning;multiplicative_reasoning,95,Chapter-level expansion from existing cleaned Jian Zi Sheng junior OCR coverage signals. Project-native original-equivalent variants; no direct textbook exercise text is reproduced.,zh,CN,CN,中文校内,初中,production
jianzisheng_cn_junior_chapter_expansion_v1_cn-junior-04-triangle-angles_003,三角形两个内角分别是 39° 和 52°，第三个内角是多少度？,89,multiple_choice,A:141|B:128|C:99|D:89|E:91,3,geo_triangle_angles;arith_ratios,ratio_partition;triangle_angle_sum,part_whole_reasoning;geometry_modeling,ratio_sum_error;angle_sum_error,三角形内角和为 180°，第三个角为 180°-39°-52°=89°。,CN Junior High Math,几何基础,cn-junior-04-triangle-angles,初中三角形内角,24062,jianzisheng_cn_junior_chapter_expansion_v1,local-ocr-derived: cn_curriculum_pilot_v0; chapter=cn-junior-04-triangle-angles; expansion=v1,Standard,Bridge,cn_geometry_ratio_angle,geometric_reasoning;multiplicative_reasoning,95,Chapter-level expansion from existing cleaned Jian Zi Sheng junior OCR coverage signals. Project-native original-equivalent variants; no direct textbook exercise text is reproduced.,zh,CN,CN,中文校内,初中,production
jianzisheng_cn_junior_chapter_expansion_v1_cn-junior-04-triangle-angles_004,三角形两个内角分别是 40° 和 55°，第三个内角是多少度？,85,multiple_choice,A:125|B:90|C:85|D:95|E:140,3,geo_triangle_angles;arith_ratios,ratio_partition;triangle_angle_sum,part_whole_reasoning;geometry_modeling,ratio_sum_error;angle_sum_error,三角形内角和为 180°，第三个角为 180°-40°-55°=85°。,CN Junior High Math,几何基础,cn-junior-04-triangle-angles,初中三角形内角,24063,jianzisheng_cn_junior_chapter_expansion_v1,local-ocr-derived: cn_curriculum_pilot_v0; chapter=cn-junior-04-triangle-angles; expansion=v1,Standard,Bridge,cn_geometry_ratio_angle,geometric_reasoning;multiplicative_reasoning,95,Chapter-level expansion from existing cleaned Jian Zi Sheng junior OCR coverage signals. Project-native original-equivalent variants; no direct textbook exercise text is reproduced.,zh,CN,CN,中文校内,初中,production
jianzisheng_cn_junior_chapter_expansion_v1_cn-junior-04-triangle-angles_005,三角形两个内角分别是 41° 和 58°，第三个内角是多少度？,81,multiple_choice,A:91|B:81|C:99|D:139|E:122,3,geo_triangle_angles;arith_ratios,ratio_partition;triangle_angle_sum,part_whole_reasoning;geometry_modeling,ratio_sum_error;angle_sum_error,三角形内角和为 180°，第三个角为 180°-41°-58°=81°。,CN Junior High Math,几何基础,cn-junior-04-triangle-angles,初中三角形内角,24064,jianzisheng_cn_junior_chapter_expansion_v1,local-ocr-derived: cn_curriculum_pilot_v0; chapter=cn-junior-04-triangle-angles; expansion=v1,Standard,Bridge,cn_geometry_ratio_angle,geometric_reasoning;multiplicative_reasoning,95,Chapter-level expansion from existing cleaned Jian Zi Sheng junior OCR coverage signals. Project-native original-equivalent variants; no direct textbook exercise text is reproduced.,zh,CN,CN,中文校内,初中,production
jianzisheng_cn_junior_chapter_expansion_v1_cn-junior-04-triangle-angles_006,三角形两个内角分别是 42° 和 61°，第三个内角是多少度？,77,multiple_choice,A:77|B:103|C:138|D:119|E:87,3,geo_triangle_angles;arith_ratios,ratio_partition;triangle_angle_sum,part_whole_reasoning;geometry_modeling,ratio_sum_error;angle_sum_error,三角形内角和为 180°，第三个角为 180°-42°-61°=77°。,CN Junior High Math,几何基础,cn-junior-04-triangle-angles,初中三角形内角,24065,jianzisheng_cn_junior_chapter_expansion_v1,local-ocr-derived: cn_curriculum_pilot_v0; chapter=cn-junior-04-triangle-angles; expansion=v1,Standard,Bridge,cn_geometry_ratio_angle,geometric_reasoning;multiplicative_reasoning,95,Chapter-level expansion from existing cleaned Jian Zi Sheng junior OCR coverage signals. Project-native original-equivalent variants; no direct textbook exercise text is reproduced.,zh,CN,CN,中文校内,初中,production
jianzisheng_cn_junior_chapter_expansion_v1_cn-junior-04-triangle-angles_007,三角形两个内角分别是 43° 和 64°，第三个内角是多少度？,73,multiple_choice,A:107|B:137|C:116|D:83|E:73,3,geo_triangle_angles;arith_ratios,ratio_partition;triangle_angle_sum,part_whole_reasoning;geometry_modeling,ratio_sum_error;angle_sum_error,三角形内角和为 180°，第三个角为 180°-43°-64°=73°。,CN Junior High Math,几何基础,cn-junior-04-triangle-angles,初中三角形内角,24066,jianzisheng_cn_junior_chapter_expansion_v1,local-ocr-derived: cn_curriculum_pilot_v0; chapter=cn-junior-04-triangle-angles; expansion=v1,Standard,Bridge,cn_geometry_ratio_angle,geometric_reasoning;multiplicative_reasoning,95,Chapter-level expansion from existing cleaned Jian Zi Sheng junior OCR coverage signals. Project-native original-equivalent variants; no direct textbook exercise text is reproduced.,zh,CN,CN,中文校内,初中,production
jianzisheng_cn_junior_chapter_expansion_v1_cn-junior-04-triangle-angles_008,三角形两个内角分别是 44° 和 67°，第三个内角是多少度？,69,multiple_choice,A:136|B:113|C:79|D:69|E:111,3,geo_triangle_angles;arith_ratios,ratio_partition;triangle_angle_sum,part_whole_reasoning;geometry_modeling,ratio_sum_error;angle_sum_error,三角形内角和为 180°，第三个角为 180°-44°-67°=69°。,CN Junior High Math,几何基础,cn-junior-04-triangle-angles,初中三角形内角,24067,jianzisheng_cn_junior_chapter_expansion_v1,local-ocr-derived: cn_curriculum_pilot_v0; chapter=cn-junior-04-triangle-angles; expansion=v1,Standard,Bridge,cn_geometry_ratio_angle,geometric_reasoning;multiplicative_reasoning,95,Chapter-level expansion from existing cleaned Jian Zi Sheng junior OCR coverage signals. Project-native original-equivalent variants; no direct textbook exercise text is reproduced.,zh,CN,CN,中文校内,初中,production
jianzisheng_cn_junior_chapter_expansion_v1_cn-junior-04-triangle-angles_009,三角形两个内角分别是 45° 和 70°，第三个内角是多少度？,65,multiple_choice,A:110|B:75|C:65|D:115|E:135,3,geo_triangle_angles;arith_ratios,ratio_partition;triangle_angle_sum,part_whole_reasoning;geometry_modeling,ratio_sum_error;angle_sum_error,三角形内角和为 180°，第三个角为 180°-45°-70°=65°。,CN Junior High Math,几何基础,cn-junior-04-triangle-angles,初中三角形内角,24068,jianzisheng_cn_junior_chapter_expansion_v1,local-ocr-derived: cn_curriculum_pilot_v0; chapter=cn-junior-04-triangle-angles; expansion=v1,Standard,Bridge,cn_geometry_ratio_angle,geometric_reasoning;multiplicative_reasoning,95,Chapter-level expansion from existing cleaned Jian Zi Sheng junior OCR coverage signals. Project-native original-equivalent variants; no direct textbook exercise text is reproduced.,zh,CN,CN,中文校内,初中,production
jianzisheng_cn_junior_chapter_expansion_v1_cn-junior-04-triangle-angles_010,三角形两个内角分别是 46° 和 73°，第三个内角是多少度？,61,multiple_choice,A:71|B:61|C:119|D:134|E:107,3,geo_triangle_angles;arith_ratios,ratio_partition;triangle_angle_sum,part_whole_reasoning;geometry_modeling,ratio_sum_error;angle_sum_error,三角形内角和为 180°，第三个角为 180°-46°-73°=61°。,CN Junior High Math,几何基础,cn-junior-04-triangle-angles,初中三角形内角,24069,jianzisheng_cn_junior_chapter_expansion_v1,local-ocr-derived: cn_curriculum_pilot_v0; chapter=cn-junior-04-triangle-angles; expansion=v1,Standard,Bridge,cn_geometry_ratio_angle,geometric_reasoning;multiplicative_reasoning,95,Chapter-level expansion from existing cleaned Jian Zi Sheng junior OCR coverage signals. Project-native original-equivalent variants; no direct textbook exercise text is reproduced.,zh,CN,CN,中文校内,初中,production
jianzisheng_cn_junior_chapter_expansion_v1_cn-junior-04-triangle-angles_011,三角形两个内角分别是 47° 和 76°，第三个内角是多少度？,57,multiple_choice,A:57|B:123|C:133|D:104|E:67,3,geo_triangle_angles;arith_ratios,ratio_partition;triangle_angle_sum,part_whole_reasoning;geometry_modeling,ratio_sum_error;angle_sum_error,三角形内角和为 180°，第三个角为 180°-47°-76°=57°。,CN Junior High Math,几何基础,cn-junior-04-triangle-angles,初中三角形内角,24070,jianzisheng_cn_junior_chapter_expansion_v1,local-ocr-derived: cn_curriculum_pilot_v0; chapter=cn-junior-04-triangle-angles; expansion=v1,Standard,Bridge,cn_geometry_ratio_angle,geometric_reasoning;multiplicative_reasoning,95,Chapter-level expansion from existing cleaned Jian Zi Sheng junior OCR coverage signals. Project-native original-equivalent variants; no direct textbook exercise text is reproduced.,zh,CN,CN,中文校内,初中,production
jianzisheng_cn_junior_chapter_expansion_v1_cn-junior-04-triangle-angles_012,三角形两个内角分别是 48° 和 79°，第三个内角是多少度？,53,multiple_choice,A:127|B:132|C:101|D:63|E:53,3,geo_triangle_angles;arith_ratios,ratio_partition;triangle_angle_sum,part_whole_reasoning;geometry_modeling,ratio_sum_error;angle_sum_error,三角形内角和为 180°，第三个角为 180°-48°-79°=53°。,CN Junior High Math,几何基础,cn-junior-04-triangle-angles,初中三角形内角,24071,jianzisheng_cn_junior_chapter_expansion_v1,local-ocr-derived: cn_curriculum_pilot_v0; chapter=cn-junior-04-triangle-angles; expansion=v1,Standard,Bridge,cn_geometry_ratio_angle,geometric_reasoning;multiplicative_reasoning,95,Chapter-level expansion from existing cleaned Jian Zi Sheng junior OCR coverage signals. Project-native original-equivalent variants; no direct textbook exercise text is reproduced.,zh,CN,CN,中文校内,初中,production
jianzisheng_cn_junior_chapter_expansion_v1_cn-junior-04-triangle-angles_013,三角形两个内角分别是 49° 和 82°，第三个内角是多少度？,49,multiple_choice,A:98|B:59|C:54|D:49|E:131,3,geo_triangle_angles;arith_ratios,ratio_partition;triangle_angle_sum,part_whole_reasoning;geometry_modeling,ratio_sum_error;angle_sum_error,三角形内角和为 180°，第三个角为 180°-49°-82°=49°。,CN Junior High Math,几何基础,cn-junior-04-triangle-angles,初中三角形内角,24072,jianzisheng_cn_junior_chapter_expansion_v1,local-ocr-derived: cn_curriculum_pilot_v0; chapter=cn-junior-04-triangle-angles; expansion=v1,Standard,Bridge,cn_geometry_ratio_angle,geometric_reasoning;multiplicative_reasoning,95,Chapter-level expansion from existing cleaned Jian Zi Sheng junior OCR coverage signals. Project-native original-equivalent variants; no direct textbook exercise text is reproduced.,zh,CN,CN,中文校内,初中,production
jianzisheng_cn_junior_chapter_expansion_v1_cn-junior-04-triangle-angles_014,三角形两个内角分别是 50° 和 85°，第三个内角是多少度？,45,multiple_choice,A:95|B:55|C:45|D:135|E:130,3,geo_triangle_angles;arith_ratios,ratio_partition;triangle_angle_sum,part_whole_reasoning;geometry_modeling,ratio_sum_error;angle_sum_error,三角形内角和为 180°，第三个角为 180°-50°-85°=45°。,CN Junior High Math,几何基础,cn-junior-04-triangle-angles,初中三角形内角,24073,jianzisheng_cn_junior_chapter_expansion_v1,local-ocr-derived: cn_curriculum_pilot_v0; chapter=cn-junior-04-triangle-angles; expansion=v1,Standard,Bridge,cn_geometry_ratio_angle,geometric_reasoning;multiplicative_reasoning,95,Chapter-level expansion from existing cleaned Jian Zi Sheng junior OCR coverage signals. Project-native original-equivalent variants; no direct textbook exercise text is reproduced.,zh,CN,CN,中文校内,初中,production
jianzisheng_cn_junior_chapter_expansion_v1_cn-junior-04-triangle-angles_015,三角形两个内角分别是 51° 和 88°，第三个内角是多少度？,41,multiple_choice,A:51|B:41|C:139|D:129|E:92,3,geo_triangle_angles;arith_ratios,ratio_partition;triangle_angle_sum,part_whole_reasoning;geometry_modeling,ratio_sum_error;angle_sum_error,三角形内角和为 180°，第三个角为 180°-51°-88°=41°。,CN Junior High Math,几何基础,cn-junior-04-triangle-angles,初中三角形内角,24074,jianzisheng_cn_junior_chapter_expansion_v1,local-ocr-derived: cn_curriculum_pilot_v0; chapter=cn-junior-04-triangle-angles; expansion=v1,Standard,Bridge,cn_geometry_ratio_angle,geometric_reasoning;multiplicative_reasoning,95,Chapter-level expansion from existing cleaned Jian Zi Sheng junior OCR coverage signals. Project-native original-equivalent variants; no direct textbook exercise text is reproduced.,zh,CN,CN,中文校内,初中,production
jianzisheng_cn_junior_chapter_expansion_v1_cn-junior-04-triangle-angles_016,三角形两个内角分别是 52° 和 41°，第三个内角是多少度？,87,multiple_choice,A:87|B:93|C:128|D:139|E:97,3,geo_triangle_angles;arith_ratios,ratio_partition;triangle_angle_sum,part_whole_reasoning;geometry_modeling,ratio_sum_error;angle_sum_error,三角形内角和为 180°，第三个角为 180°-52°-41°=87°。,CN Junior High Math,几何基础,cn-junior-04-triangle-angles,初中三角形内角,24075,jianzisheng_cn_junior_chapter_expansion_v1,local-ocr-derived: cn_curriculum_pilot_v0; chapter=cn-junior-04-triangle-angles; expansion=v1,Standard,Bridge,cn_geometry_ratio_angle,geometric_reasoning;multiplicative_reasoning,95,Chapter-level expansion from existing cleaned Jian Zi Sheng junior OCR coverage signals. Project-native original-equivalent variants; no direct textbook exercise text is reproduced.,zh,CN,CN,中文校内,初中,production
jianzisheng_cn_junior_chapter_expansion_v1_cn-junior-04-triangle-angles_017,三角形两个内角分别是 53° 和 44°，第三个内角是多少度？,83,multiple_choice,A:97|B:127|C:136|D:93|E:83,3,geo_triangle_angles;arith_ratios,ratio_partition;triangle_angle_sum,part_whole_reasoning;geometry_modeling,ratio_sum_error;angle_sum_error,三角形内角和为 180°，第三个角为 180°-53°-44°=83°。,CN Junior High Math,几何基础,cn-junior-04-triangle-angles,初中三角形内角,24076,jianzisheng_cn_junior_chapter_expansion_v1,local-ocr-derived: cn_curriculum_pilot_v0; chapter=cn-junior-04-triangle-angles; expansion=v1,Standard,Bridge,cn_geometry_ratio_angle,geometric_reasoning;multiplicative_reasoning,95,Chapter-level expansion from existing cleaned Jian Zi Sheng junior OCR coverage signals. Project-native original-equivalent variants; no direct textbook exercise text is reproduced.,zh,CN,CN,中文校内,初中,production
jianzisheng_cn_junior_chapter_expansion_v1_cn-junior-04-triangle-angles_018,三角形两个内角分别是 54° 和 47°，第三个内角是多少度？,79,multiple_choice,A:126|B:133|C:89|D:79|E:101,3,geo_triangle_angles;arith_ratios,ratio_partition;triangle_angle_sum,part_whole_reasoning;geometry_modeling,ratio_sum_error;angle_sum_error,三角形内角和为 180°，第三个角为 180°-54°-47°=79°。,CN Junior High Math,几何基础,cn-junior-04-triangle-angles,初中三角形内角,24077,jianzisheng_cn_junior_chapter_expansion_v1,local-ocr-derived: cn_curriculum_pilot_v0; chapter=cn-junior-04-triangle-angles; expansion=v1,Standard,Bridge,cn_geometry_ratio_angle,geometric_reasoning;multiplicative_reasoning,95,Chapter-level expansion from existing cleaned Jian Zi Sheng junior OCR coverage signals. Project-native original-equivalent variants; no direct textbook exercise text is reproduced.,zh,CN,CN,中文校内,初中,production
jianzisheng_cn_junior_chapter_expansion_v1_cn-junior-04-triangle-angles_019,三角形两个内角分别是 55° 和 50°，第三个内角是多少度？,75,multiple_choice,A:130|B:85|C:75|D:105|E:125,3,geo_triangle_angles;arith_ratios,ratio_partition;triangle_angle_sum,part_whole_reasoning;geometry_modeling,ratio_sum_error;angle_sum_error,三角形内角和为 180°，第三个角为 180°-55°-50°=75°。,CN Junior High Math,几何基础,cn-junior-04-triangle-angles,初中三角形内角,24078,jianzisheng_cn_junior_chapter_expansion_v1,local-ocr-derived: cn_curriculum_pilot_v0; chapter=cn-junior-04-triangle-angles; expansion=v1,Standard,Bridge,cn_geometry_ratio_angle,geometric_reasoning;multiplicative_reasoning,95,Chapter-level expansion from existing cleaned Jian Zi Sheng junior OCR coverage signals. Project-native original-equivalent variants; no direct textbook exercise text is reproduced.,zh,CN,CN,中文校内,初中,production
jianzisheng_cn_junior_chapter_expansion_v1_cn-junior-g7-rational-numbers_001,把 -10，-4，2，9 按从小到大的顺序排列，正确的是哪一项？,-10<-4<2<9,multiple_choice,A:-10<-4<2<9|B:9<2<-4<-10|C:-4<-10<2<9|D:-10<2<-4<9|E:-10<-4<2<9+5,2,arith_integers,rational_number_ordering;number_line_reasoning,number_line_order;negative_number_comparison,absolute_value_order_error;negative_number_order_error,在数轴上越靠左的数越小，所以顺序为 -10<-4<2<9。,CN Junior High Math,有理数,cn-junior-g7-rational-numbers,七年级：有理数与数轴,24140,jianzisheng_cn_junior_chapter_expansion_v1,local-ocr-derived: jianzisheng_cn_junior_grade7_batch1_v0; chapter=cn-junior-g7-rational-numbers; expansion=v1,Foundation,Foundation,cn_rational_number_order,number_sense;constraint_reasoning,90,Chapter-level expansion from existing cleaned Jian Zi Sheng junior OCR coverage signals. Project-native original-equivalent variants; no direct textbook exercise text is reproduced.,zh,CN,CN,中文校内,初中,production
jianzisheng_cn_junior_chapter_expansion_v1_cn-junior-g7-rational-numbers_002,把 -11，-5，3，10 按从小到大的顺序排列，正确的是哪一项？,-11<-5<3<10,multiple_choice,A:10<3<-5<-11|B:-5<-11<3<10|C:-11<3<-5<10|D:-11<-5<3<10+5|E:-11<-5<3<10,2,arith_integers,rational_number_ordering;number_line_reasoning,number_line_order;negative_number_comparison,absolute_value_order_error;negative_number_order_error,在数轴上越靠左的数越小，所以顺序为 -11<-5<3<10。,CN Junior High Math,有理数,cn-junior-g7-rational-numbers,七年级：有理数与数轴,24141,jianzisheng_cn_junior_chapter_expansion_v1,local-ocr-derived: jianzisheng_cn_junior_grade7_batch1_v0; chapter=cn-junior-g7-rational-numbers; expansion=v1,Foundation,Foundation,cn_rational_number_order,number_sense;constraint_reasoning,90,Chapter-level expansion from existing cleaned Jian Zi Sheng junior OCR coverage signals. Project-native original-equivalent variants; no direct textbook exercise text is reproduced.,zh,CN,CN,中文校内,初中,production
jianzisheng_cn_junior_chapter_expansion_v1_cn-junior-g7-rational-numbers_003,把 -12，-5，4，11 按从小到大的顺序排列，正确的是哪一项？,-12<-5<4<11,multiple_choice,A:-5<-12<4<11|B:-12<4<-5<11|C:-12<-5<4<11+5|D:-12<-5<4<11|E:11<4<-5<-12,2,arith_integers,rational_number_ordering;number_line_reasoning,number_line_order;negative_number_comparison,absolute_value_order_error;negative_number_order_error,在数轴上越靠左的数越小，所以顺序为 -12<-5<4<11。,CN Junior High Math,有理数,cn-junior-g7-rational-numbers,七年级：有理数与数轴,24142,jianzisheng_cn_junior_chapter_expansion_v1,local-ocr-derived: jianzisheng_cn_junior_grade7_batch1_v0; chapter=cn-junior-g7-rational-numbers; expansion=v1,Foundation,Foundation,cn_rational_number_order,number_sense;constraint_reasoning,90,Chapter-level expansion from existing cleaned Jian Zi Sheng junior OCR coverage signals. Project-native original-equivalent variants; no direct textbook exercise text is reproduced.,zh,CN,CN,中文校内,初中,production
jianzisheng_cn_junior_chapter_expansion_v1_cn-junior-g7-rational-numbers_004,把 -13，-6，0，12 按从小到大的顺序排列，正确的是哪一项？,-13<-6<0<12,multiple_choice,A:-13<0<-6<12|B:-13<-6<0<12+5|C:-13<-6<0<12|D:12<0<-6<-13|E:-6<-13<0<12,2,arith_integers,rational_number_ordering;number_line_reasoning,number_line_order;negative_number_comparison,absolute_value_order_error;negative_number_order_error,在数轴上越靠左的数越小，所以顺序为 -13<-6<0<12。,CN Junior High Math,有理数,cn-junior-g7-rational-numbers,七年级：有理数与数轴,24143,jianzisheng_cn_junior_chapter_expansion_v1,local-ocr-derived: jianzisheng_cn_junior_grade7_batch1_v0; chapter=cn-junior-g7-rational-numbers; expansion=v1,Foundation,Foundation,cn_rational_number_order,number_sense;constraint_reasoning,90,Chapter-level expansion from existing cleaned Jian Zi Sheng junior OCR coverage signals. Project-native original-equivalent variants; no direct textbook exercise text is reproduced.,zh,CN,CN,中文校内,初中,production
jianzisheng_cn_junior_chapter_expansion_v1_cn-junior-g7-rational-numbers_005,把 -14，-6，1，13 按从小到大的顺序排列，正确的是哪一项？,-14<-6<1<13,multiple_choice,A:-14<-6<1<13+5|B:-14<-6<1<13|C:13<1<-6<-14|D:-6<-14<1<13|E:-14<1<-6<13,2,arith_integers,rational_number_ordering;number_line_reasoning,number_line_order;negative_number_comparison,absolute_value_order_error;negative_number_order_error,在数轴上越靠左的数越小，所以顺序为 -14<-6<1<13。,CN Junior High Math,有理数,cn-junior-g7-rational-numbers,七年级：有理数与数轴,24144,jianzisheng_cn_junior_chapter_expansion_v1,local-ocr-derived: jianzisheng_cn_junior_grade7_batch1_v0; chapter=cn-junior-g7-rational-numbers; expansion=v1,Foundation,Foundation,cn_rational_number_order,number_sense;constraint_reasoning,90,Chapter-level expansion from existing cleaned Jian Zi Sheng junior OCR coverage signals. Project-native original-equivalent variants; no direct textbook exercise text is reproduced.,zh,CN,CN,中文校内,初中,production
jianzisheng_cn_junior_chapter_expansion_v1_cn-junior-g7-rational-numbers_006,把 -15，-7，2，14 按从小到大的顺序排列，正确的是哪一项？,-15<-7<2<14,multiple_choice,A:-15<-7<2<14|B:14<2<-7<-15|C:-7<-15<2<14|D:-15<2<-7<14|E:-15<-7<2<14+5,2,arith_integers,rational_number_ordering;number_line_reasoning,number_line_order;negative_number_comparison,absolute_value_order_error;negative_number_order_error,在数轴上越靠左的数越小，所以顺序为 -15<-7<2<14。,CN Junior High Math,有理数,cn-junior-g7-rational-numbers,七年级：有理数与数轴,24145,jianzisheng_cn_junior_chapter_expansion_v1,local-ocr-derived: jianzisheng_cn_junior_grade7_batch1_v0; chapter=cn-junior-g7-rational-numbers; expansion=v1,Foundation,Foundation,cn_rational_number_order,number_sense;constraint_reasoning,90,Chapter-level expansion from existing cleaned Jian Zi Sheng junior OCR coverage signals. Project-native original-equivalent variants; no direct textbook exercise text is reproduced.,zh,CN,CN,中文校内,初中,production
jianzisheng_cn_junior_chapter_expansion_v1_cn-junior-g7-rational-numbers_007,把 -16，-7，3，15 按从小到大的顺序排列，正确的是哪一项？,-16<-7<3<15,multiple_choice,A:15<3<-7<-16|B:-7<-16<3<15|C:-16<3<-7<15|D:-16<-7<3<15+5|E:-16<-7<3<15,2,arith_integers,rational_number_ordering;number_line_reasoning,number_line_order;negative_number_comparison,absolute_value_order_error;negative_number_order_error,在数轴上越靠左的数越小，所以顺序为 -16<-7<3<15。,CN Junior High Math,有理数,cn-junior-g7-rational-numbers,七年级：有理数与数轴,24146,jianzisheng_cn_junior_chapter_expansion_v1,local-ocr-derived: jianzisheng_cn_junior_grade7_batch1_v0; chapter=cn-junior-g7-rational-numbers; expansion=v1,Foundation,Foundation,cn_rational_number_order,number_sense;constraint_reasoning,90,Chapter-level expansion from existing cleaned Jian Zi Sheng junior OCR coverage signals. Project-native original-equivalent variants; no direct textbook exercise text is reproduced.,zh,CN,CN,中文校内,初中,production
jianzisheng_cn_junior_chapter_expansion_v1_cn-junior-g7-rational-numbers_008,把 -17，-8，4，16 按从小到大的顺序排列，正确的是哪一项？,-17<-8<4<16,multiple_choice,A:-8<-17<4<16|B:-17<4<-8<16|C:-17<-8<4<16+5|D:-17<-8<4<16|E:16<4<-8<-17,2,arith_integers,rational_number_ordering;number_line_reasoning,number_line_order;negative_number_comparison,absolute_value_order_error;negative_number_order_error,在数轴上越靠左的数越小，所以顺序为 -17<-8<4<16。,CN Junior High Math,有理数,cn-junior-g7-rational-numbers,七年级：有理数与数轴,24147,jianzisheng_cn_junior_chapter_expansion_v1,local-ocr-derived: jianzisheng_cn_junior_grade7_batch1_v0; chapter=cn-junior-g7-rational-numbers; expansion=v1,Foundation,Foundation,cn_rational_number_order,number_sense;constraint_reasoning,90,Chapter-level expansion from existing cleaned Jian Zi Sheng junior OCR coverage signals. Project-native original-equivalent variants; no direct textbook exercise text is reproduced.,zh,CN,CN,中文校内,初中,production
jianzisheng_cn_junior_chapter_expansion_v1_cn-junior-g7-rational-numbers_009,把 -18，-8，0，17 按从小到大的顺序排列，正确的是哪一项？,-18<-8<0<17,multiple_choice,A:-18<0<-8<17|B:-18<-8<0<17+5|C:-18<-8<0<17|D:17<0<-8<-18|E:-8<-18<0<17,2,arith_integers,rational_number_ordering;number_line_reasoning,number_line_order;negative_number_comparison,absolute_value_order_error;negative_number_order_error,在数轴上越靠左的数越小，所以顺序为 -18<-8<0<17。,CN Junior High Math,有理数,cn-junior-g7-rational-numbers,七年级：有理数与数轴,24148,jianzisheng_cn_junior_chapter_expansion_v1,local-ocr-derived: jianzisheng_cn_junior_grade7_batch1_v0; chapter=cn-junior-g7-rational-numbers; expansion=v1,Foundation,Foundation,cn_rational_number_order,number_sense;constraint_reasoning,90,Chapter-level expansion from existing cleaned Jian Zi Sheng junior OCR coverage signals. Project-native original-equivalent variants; no direct textbook exercise text is reproduced.,zh,CN,CN,中文校内,初中,production
jianzisheng_cn_junior_chapter_expansion_v1_cn-junior-g7-rational-numbers_010,把 -19，-9，1，18 按从小到大的顺序排列，正确的是哪一项？,-19<-9<1<18,multiple_choice,A:-19<-9<1<18+5|B:-19<-9<1<18|C:18<1<-9<-19|D:-9<-19<1<18|E:-19<1<-9<18,2,arith_integers,rational_number_ordering;number_line_reasoning,number_line_order;negative_number_comparison,absolute_value_order_error;negative_number_order_error,在数轴上越靠左的数越小，所以顺序为 -19<-9<1<18。,CN Junior High Math,有理数,cn-junior-g7-rational-numbers,七年级：有理数与数轴,24149,jianzisheng_cn_junior_chapter_expansion_v1,local-ocr-derived: jianzisheng_cn_junior_grade7_batch1_v0; chapter=cn-junior-g7-rational-numbers; expansion=v1,Foundation,Foundation,cn_rational_number_order,number_sense;constraint_reasoning,90,Chapter-level expansion from existing cleaned Jian Zi Sheng junior OCR coverage signals. Project-native original-equivalent variants; no direct textbook exercise text is reproduced.,zh,CN,CN,中文校内,初中,production
jianzisheng_cn_junior_chapter_expansion_v1_cn-junior-g7-rational-numbers_011,把 -20，-9，2，19 按从小到大的顺序排列，正确的是哪一项？,-20<-9<2<19,multiple_choice,A:-20<-9<2<19|B:19<2<-9<-20|C:-9<-20<2<19|D:-20<2<-9<19|E:-20<-9<2<19+5,2,arith_integers,rational_number_ordering;number_line_reasoning,number_line_order;negative_number_comparison,absolute_value_order_error;negative_number_order_error,在数轴上越靠左的数越小，所以顺序为 -20<-9<2<19。,CN Junior High Math,有理数,cn-junior-g7-rational-numbers,七年级：有理数与数轴,24150,jianzisheng_cn_junior_chapter_expansion_v1,local-ocr-derived: jianzisheng_cn_junior_grade7_batch1_v0; chapter=cn-junior-g7-rational-numbers; expansion=v1,Foundation,Foundation,cn_rational_number_order,number_sense;constraint_reasoning,90,Chapter-level expansion from existing cleaned Jian Zi Sheng junior OCR coverage signals. Project-native original-equivalent variants; no direct textbook exercise text is reproduced.,zh,CN,CN,中文校内,初中,production
jianzisheng_cn_junior_chapter_expansion_v1_cn-junior-g7-rational-numbers_012,把 -21，-10，3，20 按从小到大的顺序排列，正确的是哪一项？,-21<-10<3<20,multiple_choice,A:20<3<-10<-21|B:-10<-21<3<20|C:-21<3<-10<20|D:-21<-10<3<20+5|E:-21<-10<3<20,2,arith_integers,rational_number_ordering;number_line_reasoning,number_line_order;negative_number_comparison,absolute_value_order_error;negative_number_order_error,在数轴上越靠左的数越小，所以顺序为 -21<-10<3<20。,CN Junior High Math,有理数,cn-junior-g7-rational-numbers,七年级：有理数与数轴,24151,jianzisheng_cn_junior_chapter_expansion_v1,local-ocr-derived: jianzisheng_cn_junior_grade7_batch1_v0; chapter=cn-junior-g7-rational-numbers; expansion=v1,Foundation,Foundation,cn_rational_number_order,number_sense;constraint_reasoning,90,Chapter-level expansion from existing cleaned Jian Zi Sheng junior OCR coverage signals. Project-native original-equivalent variants; no direct textbook exercise text is reproduced.,zh,CN,CN,中文校内,初中,production
jianzisheng_cn_junior_chapter_expansion_v1_cn-junior-g7-rational-numbers_013,把 -22，-10，4，21 按从小到大的顺序排列，正确的是哪一项？,-22<-10<4<21,multiple_choice,A:-10<-22<4<21|B:-22<4<-10<21|C:-22<-10<4<21+5|D:-22<-10<4<21|E:21<4<-10<-22,2,arith_integers,rational_number_ordering;number_line_reasoning,number_line_order;negative_number_comparison,absolute_value_order_error;negative_number_order_error,在数轴上越靠左的数越小，所以顺序为 -22<-10<4<21。,CN Junior High Math,有理数,cn-junior-g7-rational-numbers,七年级：有理数与数轴,24152,jianzisheng_cn_junior_chapter_expansion_v1,local-ocr-derived: jianzisheng_cn_junior_grade7_batch1_v0; chapter=cn-junior-g7-rational-numbers; expansion=v1,Foundation,Foundation,cn_rational_number_order,number_sense;constraint_reasoning,90,Chapter-level expansion from existing cleaned Jian Zi Sheng junior OCR coverage signals. Project-native original-equivalent variants; no direct textbook exercise text is reproduced.,zh,CN,CN,中文校内,初中,production
jianzisheng_cn_junior_chapter_expansion_v1_cn-junior-g7-rational-numbers_014,把 -23，-11，0，22 按从小到大的顺序排列，正确的是哪一项？,-23<-11<0<22,multiple_choice,A:-23<0<-11<22|B:-23<-11<0<22+5|C:-23<-11<0<22|D:22<0<-11<-23|E:-11<-23<0<22,2,arith_integers,rational_number_ordering;number_line_reasoning,number_line_order;negative_number_comparison,absolute_value_order_error;negative_number_order_error,在数轴上越靠左的数越小，所以顺序为 -23<-11<0<22。,CN Junior High Math,有理数,cn-junior-g7-rational-numbers,七年级：有理数与数轴,24153,jianzisheng_cn_junior_chapter_expansion_v1,local-ocr-derived: jianzisheng_cn_junior_grade7_batch1_v0; chapter=cn-junior-g7-rational-numbers; expansion=v1,Foundation,Foundation,cn_rational_number_order,number_sense;constraint_reasoning,90,Chapter-level expansion from existing cleaned Jian Zi Sheng junior OCR coverage signals. Project-native original-equivalent variants; no direct textbook exercise text is reproduced.,zh,CN,CN,中文校内,初中,production
jianzisheng_cn_junior_chapter_expansion_v1_cn-junior-g7-absolute-value_001,数轴上点 A 表示 -19，点 B 表示 10，AB 的长度是多少？,29,multiple_choice,A:29|B:-9|C:30|D:27|E:34,2,arith_absolute_value;arith_integers,absolute_value;number_line_distance,distance_from_zero;absolute_value_definition,absolute_value_sign_error;distance_negative_error,数轴上两点距离等于差的绝对值：|10--19|=29。,CN Junior High Math,有理数,cn-junior-g7-absolute-value,七年级：相反数与绝对值,24160,jianzisheng_cn_junior_chapter_expansion_v1,local-ocr-derived: jianzisheng_cn_junior_grade7_batch1_v0; chapter=cn-junior-g7-absolute-value; expansion=v1,Foundation,Foundation,cn_absolute_value_distance,number_sense;definition_recall,90,Chapter-level expansion from existing cleaned Jian Zi Sheng junior OCR coverage signals. Project-native original-equivalent variants; no direct textbook exercise text is reproduced.,zh,CN,CN,中文校内,初中,production
jianzisheng_cn_junior_chapter_expansion_v1_cn-junior-g7-absolute-value_002,数轴上点 A 表示 -12，点 B 表示 13，AB 的长度是多少？,25,multiple_choice,A:1|B:26|C:23|D:30|E:25,2,arith_absolute_value;arith_integers,absolute_value;number_line_distance,distance_from_zero;absolute_value_definition,absolute_value_sign_error;distance_negative_error,数轴上两点距离等于差的绝对值：|13--12|=25。,CN Junior High Math,有理数,cn-junior-g7-absolute-value,七年级：相反数与绝对值,24161,jianzisheng_cn_junior_chapter_expansion_v1,local-ocr-derived: jianzisheng_cn_junior_grade7_batch1_v0; chapter=cn-junior-g7-absolute-value; expansion=v1,Foundation,Foundation,cn_absolute_value_distance,number_sense;definition_recall,90,Chapter-level expansion from existing cleaned Jian Zi Sheng junior OCR coverage signals. Project-native original-equivalent variants; no direct textbook exercise text is reproduced.,zh,CN,CN,中文校内,初中,production
jianzisheng_cn_junior_chapter_expansion_v1_cn-junior-g7-absolute-value_003,数轴上点 A 表示 -13，点 B 表示 16，AB 的长度是多少？,29,multiple_choice,A:30|B:27|C:34|D:29|E:3,2,arith_absolute_value;arith_integers,absolute_value;number_line_distance,distance_from_zero;absolute_value_definition,absolute_value_sign_error;distance_negative_error,数轴上两点距离等于差的绝对值：|16--13|=29。,CN Junior High Math,有理数,cn-junior-g7-absolute-value,七年级：相反数与绝对值,24162,jianzisheng_cn_junior_chapter_expansion_v1,local-ocr-derived: jianzisheng_cn_junior_grade7_batch1_v0; chapter=cn-junior-g7-absolute-value; expansion=v1,Foundation,Foundation,cn_absolute_value_distance,number_sense;definition_recall,90,Chapter-level expansion from existing cleaned Jian Zi Sheng junior OCR coverage signals. Project-native original-equivalent variants; no direct textbook exercise text is reproduced.,zh,CN,CN,中文校内,初中,production
jianzisheng_cn_junior_chapter_expansion_v1_cn-junior-g7-absolute-value_004,数轴上点 A 表示 -14，点 B 表示 5，AB 的长度是多少？,19,multiple_choice,A:17|B:24|C:19|D:-9|E:20,2,arith_absolute_value;arith_integers,absolute_value;number_line_distance,distance_from_zero;absolute_value_definition,absolute_value_sign_error;distance_negative_error,数轴上两点距离等于差的绝对值：|5--14|=19。,CN Junior High Math,有理数,cn-junior-g7-absolute-value,七年级：相反数与绝对值,24163,jianzisheng_cn_junior_chapter_expansion_v1,local-ocr-derived: jianzisheng_cn_junior_grade7_batch1_v0; chapter=cn-junior-g7-absolute-value; expansion=v1,Foundation,Foundation,cn_absolute_value_distance,number_sense;definition_recall,90,Chapter-level expansion from existing cleaned Jian Zi Sheng junior OCR coverage signals. Project-native original-equivalent variants; no direct textbook exercise text is reproduced.,zh,CN,CN,中文校内,初中,production
jianzisheng_cn_junior_chapter_expansion_v1_cn-junior-g7-absolute-value_005,数轴上点 A 表示 -15，点 B 表示 8，AB 的长度是多少？,23,multiple_choice,A:28|B:23|C:-7|D:24|E:21,2,arith_absolute_value;arith_integers,absolute_value;number_line_distance,distance_from_zero;absolute_value_definition,absolute_value_sign_error;distance_negative_error,数轴上两点距离等于差的绝对值：|8--15|=23。,CN Junior High Math,有理数,cn-junior-g7-absolute-value,七年级：相反数与绝对值,24164,jianzisheng_cn_junior_chapter_expansion_v1,local-ocr-derived: jianzisheng_cn_junior_grade7_batch1_v0; chapter=cn-junior-g7-absolute-value; expansion=v1,Foundation,Foundation,cn_absolute_value_distance,number_sense;definition_recall,90,Chapter-level expansion from existing cleaned Jian Zi Sheng junior OCR coverage signals. Project-native original-equivalent variants; no direct textbook exercise text is reproduced.,zh,CN,CN,中文校内,初中,production
jianzisheng_cn_junior_chapter_expansion_v1_cn-junior-g7-absolute-value_006,数轴上点 A 表示 -16，点 B 表示 11，AB 的长度是多少？,27,multiple_choice,A:27|B:-5|C:28|D:25|E:32,2,arith_absolute_value;arith_integers,absolute_value;number_line_distance,distance_from_zero;absolute_value_definition,absolute_value_sign_error;distance_negative_error,数轴上两点距离等于差的绝对值：|11--16|=27。,CN Junior High Math,有理数,cn-junior-g7-absolute-value,七年级：相反数与绝对值,24165,jianzisheng_cn_junior_chapter_expansion_v1,local-ocr-derived: jianzisheng_cn_junior_grade7_batch1_v0; chapter=cn-junior-g7-absolute-value; expansion=v1,Foundation,Foundation,cn_absolute_value_distance,number_sense;definition_recall,90,Chapter-level expansion from existing cleaned Jian Zi Sheng junior OCR coverage signals. Project-native original-equivalent variants; no direct textbook exercise text is reproduced.,zh,CN,CN,中文校内,初中,production
jianzisheng_cn_junior_chapter_expansion_v1_cn-junior-g7-absolute-value_007,数轴上点 A 表示 -17，点 B 表示 14，AB 的长度是多少？,31,multiple_choice,A:-3|B:32|C:29|D:36|E:31,2,arith_absolute_value;arith_integers,absolute_value;number_line_distance,distance_from_zero;absolute_value_definition,absolute_value_sign_error;distance_negative_error,数轴上两点距离等于差的绝对值：|14--17|=31。,CN Junior High Math,有理数,cn-junior-g7-absolute-value,七年级：相反数与绝对值,24166,jianzisheng_cn_junior_chapter_expansion_v1,local-ocr-derived: jianzisheng_cn_junior_grade7_batch1_v0; chapter=cn-junior-g7-absolute-value; expansion=v1,Foundation,Foundation,cn_absolute_value_distance,number_sense;definition_recall,90,Chapter-level expansion from existing cleaned Jian Zi Sheng junior OCR coverage signals. Project-native original-equivalent variants; no direct textbook exercise text is reproduced.,zh,CN,CN,中文校内,初中,production
jianzisheng_cn_junior_chapter_expansion_v1_cn-junior-g7-absolute-value_008,数轴上点 A 表示 -18，点 B 表示 3，AB 的长度是多少？,21,multiple_choice,A:22|B:19|C:26|D:21|E:-15,2,arith_absolute_value;arith_integers,absolute_value;number_line_distance,distance_from_zero;absolute_value_definition,absolute_value_sign_error;distance_negative_error,数轴上两点距离等于差的绝对值：|3--18|=21。,CN Junior High Math,有理数,cn-junior-g7-absolute-value,七年级：相反数与绝对值,24167,jianzisheng_cn_junior_chapter_expansion_v1,local-ocr-derived: jianzisheng_cn_junior_grade7_batch1_v0; chapter=cn-junior-g7-absolute-value; expansion=v1,Foundation,Foundation,cn_absolute_value_distance,number_sense;definition_recall,90,Chapter-level expansion from existing cleaned Jian Zi Sheng junior OCR coverage signals. Project-native original-equivalent variants; no direct textbook exercise text is reproduced.,zh,CN,CN,中文校内,初中,production
jianzisheng_cn_junior_chapter_expansion_v1_cn-junior-g7-absolute-value_009,数轴上点 A 表示 -19，点 B 表示 6，AB 的长度是多少？,25,multiple_choice,A:23|B:30|C:25|D:-13|E:26,2,arith_absolute_value;arith_integers,absolute_value;number_line_distance,distance_from_zero;absolute_value_definition,absolute_value_sign_error;distance_negative_error,数轴上两点距离等于差的绝对值：|6--19|=25。,CN Junior High Math,有理数,cn-junior-g7-absolute-value,七年级：相反数与绝对值,24168,jianzisheng_cn_junior_chapter_expansion_v1,local-ocr-derived: jianzisheng_cn_junior_grade7_batch1_v0; chapter=cn-junior-g7-absolute-value; expansion=v1,Foundation,Foundation,cn_absolute_value_distance,number_sense;definition_recall,90,Chapter-level expansion from existing cleaned Jian Zi Sheng junior OCR coverage signals. Project-native original-equivalent variants; no direct textbook exercise text is reproduced.,zh,CN,CN,中文校内,初中,production
jianzisheng_cn_junior_chapter_expansion_v1_cn-junior-g7-absolute-value_010,数轴上点 A 表示 -12，点 B 表示 9，AB 的长度是多少？,21,multiple_choice,A:26|B:21|C:-3|D:22|E:19,2,arith_absolute_value;arith_integers,absolute_value;number_line_distance,distance_from_zero;absolute_value_definition,absolute_value_sign_error;distance_negative_error,数轴上两点距离等于差的绝对值：|9--12|=21。,CN Junior High Math,有理数,cn-junior-g7-absolute-value,七年级：相反数与绝对值,24169,jianzisheng_cn_junior_chapter_expansion_v1,local-ocr-derived: jianzisheng_cn_junior_grade7_batch1_v0; chapter=cn-junior-g7-absolute-value; expansion=v1,Foundation,Foundation,cn_absolute_value_distance,number_sense;definition_recall,90,Chapter-level expansion from existing cleaned Jian Zi Sheng junior OCR coverage signals. Project-native original-equivalent variants; no direct textbook exercise text is reproduced.,zh,CN,CN,中文校内,初中,production
jianzisheng_cn_junior_chapter_expansion_v1_cn-junior-g7-absolute-value_011,数轴上点 A 表示 -13，点 B 表示 12，AB 的长度是多少？,25,multiple_choice,A:25|B:-1|C:26|D:23|E:30,2,arith_absolute_value;arith_integers,absolute_value;number_line_distance,distance_from_zero;absolute_value_definition,absolute_value_sign_error;distance_negative_error,数轴上两点距离等于差的绝对值：|12--13|=25。,CN Junior High Math,有理数,cn-junior-g7-absolute-value,七年级：相反数与绝对值,24170,jianzisheng_cn_junior_chapter_expansion_v1,local-ocr-derived: jianzisheng_cn_junior_grade7_batch1_v0; chapter=cn-junior-g7-absolute-value; expansion=v1,Foundation,Foundation,cn_absolute_value_distance,number_sense;definition_recall,90,Chapter-level expansion from existing cleaned Jian Zi Sheng junior OCR coverage signals. Project-native original-equivalent variants; no direct textbook exercise text is reproduced.,zh,CN,CN,中文校内,初中,production
jianzisheng_cn_junior_chapter_expansion_v1_cn-junior-g7-absolute-value_012,数轴上点 A 表示 -14，点 B 表示 15，AB 的长度是多少？,29,multiple_choice,A:1|B:30|C:27|D:34|E:29,2,arith_absolute_value;arith_integers,absolute_value;number_line_distance,distance_from_zero;absolute_value_definition,absolute_value_sign_error;distance_negative_error,数轴上两点距离等于差的绝对值：|15--14|=29。,CN Junior High Math,有理数,cn-junior-g7-absolute-value,七年级：相反数与绝对值,24171,jianzisheng_cn_junior_chapter_expansion_v1,local-ocr-derived: jianzisheng_cn_junior_grade7_batch1_v0; chapter=cn-junior-g7-absolute-value; expansion=v1,Foundation,Foundation,cn_absolute_value_distance,number_sense;definition_recall,90,Chapter-level expansion from existing cleaned Jian Zi Sheng junior OCR coverage signals. Project-native original-equivalent variants; no direct textbook exercise text is reproduced.,zh,CN,CN,中文校内,初中,production
jianzisheng_cn_junior_chapter_expansion_v1_cn-junior-g7-absolute-value_013,数轴上点 A 表示 -15，点 B 表示 4，AB 的长度是多少？,19,multiple_choice,A:20|B:17|C:24|D:19|E:-11,2,arith_absolute_value;arith_integers,absolute_value;number_line_distance,distance_from_zero;absolute_value_definition,absolute_value_sign_error;distance_negative_error,数轴上两点距离等于差的绝对值：|4--15|=19。,CN Junior High Math,有理数,cn-junior-g7-absolute-value,七年级：相反数与绝对值,24172,jianzisheng_cn_junior_chapter_expansion_v1,local-ocr-derived: jianzisheng_cn_junior_grade7_batch1_v0; chapter=cn-junior-g7-absolute-value; expansion=v1,Foundation,Foundation,cn_absolute_value_distance,number_sense;definition_recall,90,Chapter-level expansion from existing cleaned Jian Zi Sheng junior OCR coverage signals. Project-native original-equivalent variants; no direct textbook exercise text is reproduced.,zh,CN,CN,中文校内,初中,production
jianzisheng_cn_junior_chapter_expansion_v1_cn-junior-g7-absolute-value_014,数轴上点 A 表示 -16，点 B 表示 7，AB 的长度是多少？,23,multiple_choice,A:21|B:28|C:23|D:-9|E:24,2,arith_absolute_value;arith_integers,absolute_value;number_line_distance,distance_from_zero;absolute_value_definition,absolute_value_sign_error;distance_negative_error,数轴上两点距离等于差的绝对值：|7--16|=23。,CN Junior High Math,有理数,cn-junior-g7-absolute-value,七年级：相反数与绝对值,24173,jianzisheng_cn_junior_chapter_expansion_v1,local-ocr-derived: jianzisheng_cn_junior_grade7_batch1_v0; chapter=cn-junior-g7-absolute-value; expansion=v1,Foundation,Foundation,cn_absolute_value_distance,number_sense;definition_recall,90,Chapter-level expansion from existing cleaned Jian Zi Sheng junior OCR coverage signals. Project-native original-equivalent variants; no direct textbook exercise text is reproduced.,zh,CN,CN,中文校内,初中,production
jianzisheng_cn_junior_chapter_expansion_v1_cn-junior-g7-polynomials_001,合并同类项：2x+2x+3，结果是多少？,4x+3,multiple_choice,A:4x+3|B:7x|C:0x+3|D:4x|E:2x+2x,3,prealg_expressions;prealg_simplification,combine_like_terms;signed_coefficient_fluency,like_terms;expression_simplification,constant_like_term_error;signed_coefficient_error,只有含 x 的项可以合并，常数项保持不变，所以结果是 4x+3。,CN Junior High Math,整式,cn-junior-g7-polynomials,七年级：整式与同类项,24180,jianzisheng_cn_junior_chapter_expansion_v1,local-ocr-derived: jianzisheng_cn_junior_grade7_batch1_v0; chapter=cn-junior-g7-polynomials; expansion=v1,Standard,Bridge,cn_like_terms_simplification,symbolic_fluency;signed_number_fluency,110,Chapter-level expansion from existing cleaned Jian Zi Sheng junior OCR coverage signals. Project-native original-equivalent variants; no direct textbook exercise text is reproduced.,zh,CN,CN,中文校内,初中,production
jianzisheng_cn_junior_chapter_expansion_v1_cn-junior-g7-polynomials_002,合并同类项：3x+3x-4，结果是多少？,6x-4,multiple_choice,A:2x|B:0x-4|C:6x|D:3x+3x|E:6x-4,3,prealg_expressions;prealg_simplification,combine_like_terms;signed_coefficient_fluency,like_terms;expression_simplification,constant_like_term_error;signed_coefficient_error,只有含 x 的项可以合并，常数项保持不变，所以结果是 6x-4。,CN Junior High Math,整式,cn-junior-g7-polynomials,七年级：整式与同类项,24181,jianzisheng_cn_junior_chapter_expansion_v1,local-ocr-derived: jianzisheng_cn_junior_grade7_batch1_v0; chapter=cn-junior-g7-polynomials; expansion=v1,Standard,Bridge,cn_like_terms_simplification,symbolic_fluency;signed_number_fluency,110,Chapter-level expansion from existing cleaned Jian Zi Sheng junior OCR coverage signals. Project-native original-equivalent variants; no direct textbook exercise text is reproduced.,zh,CN,CN,中文校内,初中,production
jianzisheng_cn_junior_chapter_expansion_v1_cn-junior-g7-polynomials_003,合并同类项：4x-5x-3，结果是多少？,-1x-3,multiple_choice,A:9x-3|B:-1x|C:4x-5x|D:-1x-3|E:-4x,3,prealg_expressions;prealg_simplification,combine_like_terms;signed_coefficient_fluency,like_terms;expression_simplification,constant_like_term_error;signed_coefficient_error,只有含 x 的项可以合并，常数项保持不变，所以结果是 -1x-3。,CN Junior High Math,整式,cn-junior-g7-polynomials,七年级：整式与同类项,24182,jianzisheng_cn_junior_chapter_expansion_v1,local-ocr-derived: jianzisheng_cn_junior_grade7_batch1_v0; chapter=cn-junior-g7-polynomials; expansion=v1,Standard,Bridge,cn_like_terms_simplification,symbolic_fluency;signed_number_fluency,110,Chapter-level expansion from existing cleaned Jian Zi Sheng junior OCR coverage signals. Project-native original-equivalent variants; no direct textbook exercise text is reproduced.,zh,CN,CN,中文校内,初中,production
jianzisheng_cn_junior_chapter_expansion_v1_cn-junior-g7-polynomials_004,合并同类项：5x-4x-2，结果是多少？,1x-2,multiple_choice,A:1x|B:5x-4x|C:1x-2|D:-1x|E:9x-2,3,prealg_expressions;prealg_simplification,combine_like_terms;signed_coefficient_fluency,like_terms;expression_simplification,constant_like_term_error;signed_coefficient_error,只有含 x 的项可以合并，常数项保持不变，所以结果是 1x-2。,CN Junior High Math,整式,cn-junior-g7-polynomials,七年级：整式与同类项,24183,jianzisheng_cn_junior_chapter_expansion_v1,local-ocr-derived: jianzisheng_cn_junior_grade7_batch1_v0; chapter=cn-junior-g7-polynomials; expansion=v1,Standard,Bridge,cn_like_terms_simplification,symbolic_fluency;signed_number_fluency,110,Chapter-level expansion from existing cleaned Jian Zi Sheng junior OCR coverage signals. Project-native original-equivalent variants; no direct textbook exercise text is reproduced.,zh,CN,CN,中文校内,初中,production
jianzisheng_cn_junior_chapter_expansion_v1_cn-junior-g7-polynomials_005,合并同类项：6x-3x-1，结果是多少？,3x-1,multiple_choice,A:6x-3x|B:3x-1|C:2x|D:9x-1|E:3x,3,prealg_expressions;prealg_simplification,combine_like_terms;signed_coefficient_fluency,like_terms;expression_simplification,constant_like_term_error;signed_coefficient_error,只有含 x 的项可以合并，常数项保持不变，所以结果是 3x-1。,CN Junior High Math,整式,cn-junior-g7-polynomials,七年级：整式与同类项,24184,jianzisheng_cn_junior_chapter_expansion_v1,local-ocr-derived: jianzisheng_cn_junior_grade7_batch1_v0; chapter=cn-junior-g7-polynomials; expansion=v1,Standard,Bridge,cn_like_terms_simplification,symbolic_fluency;signed_number_fluency,110,Chapter-level expansion from existing cleaned Jian Zi Sheng junior OCR coverage signals. Project-native original-equivalent variants; no direct textbook exercise text is reproduced.,zh,CN,CN,中文校内,初中,production
jianzisheng_cn_junior_chapter_expansion_v1_cn-junior-g7-polynomials_006,合并同类项：7x-2x+0，结果是多少？,5x+0,multiple_choice,A:5x+0|B:5x|C:9x+0|D:7x-2x|E:5x+0+5,3,prealg_expressions;prealg_simplification,combine_like_terms;signed_coefficient_fluency,like_terms;expression_simplification,constant_like_term_error;signed_coefficient_error,只有含 x 的项可以合并，常数项保持不变，所以结果是 5x+0。,CN Junior High Math,整式,cn-junior-g7-polynomials,七年级：整式与同类项,24185,jianzisheng_cn_junior_chapter_expansion_v1,local-ocr-derived: jianzisheng_cn_junior_grade7_batch1_v0; chapter=cn-junior-g7-polynomials; expansion=v1,Standard,Bridge,cn_like_terms_simplification,symbolic_fluency;signed_number_fluency,110,Chapter-level expansion from existing cleaned Jian Zi Sheng junior OCR coverage signals. Project-native original-equivalent variants; no direct textbook exercise text is reproduced.,zh,CN,CN,中文校内,初中,production
jianzisheng_cn_junior_chapter_expansion_v1_cn-junior-g7-polynomials_007,合并同类项：8x-1x+1，结果是多少？,7x+1,multiple_choice,A:8x|B:9x+1|C:7x|D:8x-1x|E:7x+1,3,prealg_expressions;prealg_simplification,combine_like_terms;signed_coefficient_fluency,like_terms;expression_simplification,constant_like_term_error;signed_coefficient_error,只有含 x 的项可以合并，常数项保持不变，所以结果是 7x+1。,CN Junior High Math,整式,cn-junior-g7-polynomials,七年级：整式与同类项,24186,jianzisheng_cn_junior_chapter_expansion_v1,local-ocr-derived: jianzisheng_cn_junior_grade7_batch1_v0; chapter=cn-junior-g7-polynomials; expansion=v1,Standard,Bridge,cn_like_terms_simplification,symbolic_fluency;signed_number_fluency,110,Chapter-level expansion from existing cleaned Jian Zi Sheng junior OCR coverage signals. Project-native original-equivalent variants; no direct textbook exercise text is reproduced.,zh,CN,CN,中文校内,初中,production
jianzisheng_cn_junior_chapter_expansion_v1_cn-junior-g7-polynomials_008,合并同类项：2x+0x+2，结果是多少？,2x+2,multiple_choice,A:2x|B:2x+0x|C:2x+2+5|D:2x+2|E:4x,3,prealg_expressions;prealg_simplification,combine_like_terms;signed_coefficient_fluency,like_terms;expression_simplification,constant_like_term_error;signed_coefficient_error,只有含 x 的项可以合并，常数项保持不变，所以结果是 2x+2。,CN Junior High Math,整式,cn-junior-g7-polynomials,七年级：整式与同类项,24187,jianzisheng_cn_junior_chapter_expansion_v1,local-ocr-derived: jianzisheng_cn_junior_grade7_batch1_v0; chapter=cn-junior-g7-polynomials; expansion=v1,Standard,Bridge,cn_like_terms_simplification,symbolic_fluency;signed_number_fluency,110,Chapter-level expansion from existing cleaned Jian Zi Sheng junior OCR coverage signals. Project-native original-equivalent variants; no direct textbook exercise text is reproduced.,zh,CN,CN,中文校内,初中,production
jianzisheng_cn_junior_chapter_expansion_v1_cn-junior-g7-polynomials_009,合并同类项：3x+1x+3，结果是多少？,4x+3,multiple_choice,A:4x|B:3x+1x|C:4x+3|D:7x|E:2x+3,3,prealg_expressions;prealg_simplification,combine_like_terms;signed_coefficient_fluency,like_terms;expression_simplification,constant_like_term_error;signed_coefficient_error,只有含 x 的项可以合并，常数项保持不变，所以结果是 4x+3。,CN Junior High Math,整式,cn-junior-g7-polynomials,七年级：整式与同类项,24188,jianzisheng_cn_junior_chapter_expansion_v1,local-ocr-derived: jianzisheng_cn_junior_grade7_batch1_v0; chapter=cn-junior-g7-polynomials; expansion=v1,Standard,Bridge,cn_like_terms_simplification,symbolic_fluency;signed_number_fluency,110,Chapter-level expansion from existing cleaned Jian Zi Sheng junior OCR coverage signals. Project-native original-equivalent variants; no direct textbook exercise text is reproduced.,zh,CN,CN,中文校内,初中,production
jianzisheng_cn_junior_chapter_expansion_v1_cn-junior-g7-polynomials_010,合并同类项：4x+2x-4，结果是多少？,6x-4,multiple_choice,A:4x+2x|B:6x-4|C:2x|D:2x-4|E:6x,3,prealg_expressions;prealg_simplification,combine_like_terms;signed_coefficient_fluency,like_terms;expression_simplification,constant_like_term_error;signed_coefficient_error,只有含 x 的项可以合并，常数项保持不变，所以结果是 6x-4。,CN Junior High Math,整式,cn-junior-g7-polynomials,七年级：整式与同类项,24189,jianzisheng_cn_junior_chapter_expansion_v1,local-ocr-derived: jianzisheng_cn_junior_grade7_batch1_v0; chapter=cn-junior-g7-polynomials; expansion=v1,Standard,Bridge,cn_like_terms_simplification,symbolic_fluency;signed_number_fluency,110,Chapter-level expansion from existing cleaned Jian Zi Sheng junior OCR coverage signals. Project-native original-equivalent variants; no direct textbook exercise text is reproduced.,zh,CN,CN,中文校内,初中,production
jianzisheng_cn_junior_chapter_expansion_v1_cn-junior-g7-polynomials_011,合并同类项：5x+3x-3，结果是多少？,8x-3,multiple_choice,A:8x-3|B:5x|C:2x-3|D:8x|E:5x+3x,3,prealg_expressions;prealg_simplification,combine_like_terms;signed_coefficient_fluency,like_terms;expression_simplification,constant_like_term_error;signed_coefficient_error,只有含 x 的项可以合并，常数项保持不变，所以结果是 8x-3。,CN Junior High Math,整式,cn-junior-g7-polynomials,七年级：整式与同类项,24190,jianzisheng_cn_junior_chapter_expansion_v1,local-ocr-derived: jianzisheng_cn_junior_grade7_batch1_v0; chapter=cn-junior-g7-polynomials; expansion=v1,Standard,Bridge,cn_like_terms_simplification,symbolic_fluency;signed_number_fluency,110,Chapter-level expansion from existing cleaned Jian Zi Sheng junior OCR coverage signals. Project-native original-equivalent variants; no direct textbook exercise text is reproduced.,zh,CN,CN,中文校内,初中,production
jianzisheng_cn_junior_chapter_expansion_v1_cn-junior-g7-polynomials_012,合并同类项：6x-5x-2，结果是多少？,1x-2,multiple_choice,A:-1x|B:11x-2|C:1x|D:6x-5x|E:1x-2,3,prealg_expressions;prealg_simplification,combine_like_terms;signed_coefficient_fluency,like_terms;expression_simplification,constant_like_term_error;signed_coefficient_error,只有含 x 的项可以合并，常数项保持不变，所以结果是 1x-2。,CN Junior High Math,整式,cn-junior-g7-polynomials,七年级：整式与同类项,24191,jianzisheng_cn_junior_chapter_expansion_v1,local-ocr-derived: jianzisheng_cn_junior_grade7_batch1_v0; chapter=cn-junior-g7-polynomials; expansion=v1,Standard,Bridge,cn_like_terms_simplification,symbolic_fluency;signed_number_fluency,110,Chapter-level expansion from existing cleaned Jian Zi Sheng junior OCR coverage signals. Project-native original-equivalent variants; no direct textbook exercise text is reproduced.,zh,CN,CN,中文校内,初中,production
jianzisheng_cn_junior_chapter_expansion_v1_cn-junior-g7-polynomials_013,合并同类项：7x-4x-1，结果是多少？,3x-1,multiple_choice,A:11x-1|B:3x|C:7x-4x|D:3x-1|E:2x,3,prealg_expressions;prealg_simplification,combine_like_terms;signed_coefficient_fluency,like_terms;expression_simplification,constant_like_term_error;signed_coefficient_error,只有含 x 的项可以合并，常数项保持不变，所以结果是 3x-1。,CN Junior High Math,整式,cn-junior-g7-polynomials,七年级：整式与同类项,24192,jianzisheng_cn_junior_chapter_expansion_v1,local-ocr-derived: jianzisheng_cn_junior_grade7_batch1_v0; chapter=cn-junior-g7-polynomials; expansion=v1,Standard,Bridge,cn_like_terms_simplification,symbolic_fluency;signed_number_fluency,110,Chapter-level expansion from existing cleaned Jian Zi Sheng junior OCR coverage signals. Project-native original-equivalent variants; no direct textbook exercise text is reproduced.,zh,CN,CN,中文校内,初中,production
jianzisheng_cn_junior_chapter_expansion_v1_cn-junior-g7-polynomials_014,合并同类项：8x-3x+0，结果是多少？,5x+0,multiple_choice,A:8x-3x|B:5x+0+5|C:5x+0|D:5x|E:11x+0,3,prealg_expressions;prealg_simplification,combine_like_terms;signed_coefficient_fluency,like_terms;expression_simplification,constant_like_term_error;signed_coefficient_error,只有含 x 的项可以合并，常数项保持不变，所以结果是 5x+0。,CN Junior High Math,整式,cn-junior-g7-polynomials,七年级：整式与同类项,24193,jianzisheng_cn_junior_chapter_expansion_v1,local-ocr-derived: jianzisheng_cn_junior_grade7_batch1_v0; chapter=cn-junior-g7-polynomials; expansion=v1,Standard,Bridge,cn_like_terms_simplification,symbolic_fluency;signed_number_fluency,110,Chapter-level expansion from existing cleaned Jian Zi Sheng junior OCR coverage signals. Project-native original-equivalent variants; no direct textbook exercise text is reproduced.,zh,CN,CN,中文校内,初中,production
jianzisheng_cn_junior_chapter_expansion_v1_cn-junior-g7-linear-inequalities_001,解不等式：3x+2>11，正确结果是哪一项？,x>3,multiple_choice,A:x>3|B:x<3|C:x>2|D:x<2|E:x=3,3,alg_linear_inequalities;alg_linear_equations;arith_integers,linear_inequality_solving;inverse_operations,one_step_inequality;positive_coefficient_inequality,inequality_direction_error;inverse_operations_error,先移项，再除以正数 3，不等号方向不变，所以 x>3。,CN Junior High Math,不等式,cn-junior-g7-linear-inequalities,七年级：一元一次不等式,24200,jianzisheng_cn_junior_chapter_expansion_v1,local-ocr-derived: jianzisheng_cn_junior_grade7_batch1_v0; chapter=cn-junior-g7-linear-inequalities; expansion=v1,Standard,Algebra Readiness,cn_g7_linear_inequality_solving,inverse_operations;relation_reasoning,110,Chapter-level expansion from existing cleaned Jian Zi Sheng junior OCR coverage signals. Project-native original-equivalent variants; no direct textbook exercise text is reproduced.,zh,CN,CN,中文校内,初中,production
jianzisheng_cn_junior_chapter_expansion_v1_cn-junior-g7-linear-inequalities_002,解不等式：4x+3>19，正确结果是哪一项？,x>4,multiple_choice,A:x<4|B:x>3|C:x<3|D:x=4|E:x>4,3,alg_linear_inequalities;alg_linear_equations;arith_integers,linear_inequality_solving;inverse_operations,one_step_inequality;positive_coefficient_inequality,inequality_direction_error;inverse_operations_error,先移项，再除以正数 4，不等号方向不变，所以 x>4。,CN Junior High Math,不等式,cn-junior-g7-linear-inequalities,七年级：一元一次不等式,24201,jianzisheng_cn_junior_chapter_expansion_v1,local-ocr-derived: jianzisheng_cn_junior_grade7_batch1_v0; chapter=cn-junior-g7-linear-inequalities; expansion=v1,Standard,Algebra Readiness,cn_g7_linear_inequality_solving,inverse_operations;relation_reasoning,110,Chapter-level expansion from existing cleaned Jian Zi Sheng junior OCR coverage signals. Project-native original-equivalent variants; no direct textbook exercise text is reproduced.,zh,CN,CN,中文校内,初中,production
jianzisheng_cn_junior_chapter_expansion_v1_cn-junior-g7-linear-inequalities_003,解不等式：5x-5>20，正确结果是哪一项？,x>5,multiple_choice,A:x>4|B:x<4|C:x=5|D:x>5|E:x<5,3,alg_linear_inequalities;alg_linear_equations;arith_integers,linear_inequality_solving;inverse_operations,one_step_inequality;positive_coefficient_inequality,inequality_direction_error;inverse_operations_error,先移项，再除以正数 5，不等号方向不变，所以 x>5。,CN Junior High Math,不等式,cn-junior-g7-linear-inequalities,七年级：一元一次不等式,24202,jianzisheng_cn_junior_chapter_expansion_v1,local-ocr-derived: jianzisheng_cn_junior_grade7_batch1_v0; chapter=cn-junior-g7-linear-inequalities; expansion=v1,Standard,Algebra Readiness,cn_g7_linear_inequality_solving,inverse_operations;relation_reasoning,110,Chapter-level expansion from existing cleaned Jian Zi Sheng junior OCR coverage signals. Project-native original-equivalent variants; no direct textbook exercise text is reproduced.,zh,CN,CN,中文校内,初中,production
jianzisheng_cn_junior_chapter_expansion_v1_cn-junior-g7-linear-inequalities_004,解不等式：6x-4>32，正确结果是哪一项？,x>6,multiple_choice,A:x<5|B:x=6|C:x>6|D:x<6|E:x>5,3,alg_linear_inequalities;alg_linear_equations;arith_integers,linear_inequality_solving;inverse_operations,one_step_inequality;positive_coefficient_inequality,inequality_direction_error;inverse_operations_error,先移项，再除以正数 6，不等号方向不变，所以 x>6。,CN Junior High Math,不等式,cn-junior-g7-linear-inequalities,七年级：一元一次不等式,24203,jianzisheng_cn_junior_chapter_expansion_v1,local-ocr-derived: jianzisheng_cn_junior_grade7_batch1_v0; chapter=cn-junior-g7-linear-inequalities; expansion=v1,Standard,Algebra Readiness,cn_g7_linear_inequality_solving,inverse_operations;relation_reasoning,110,Chapter-level expansion from existing cleaned Jian Zi Sheng junior OCR coverage signals. Project-native original-equivalent variants; no direct textbook exercise text is reproduced.,zh,CN,CN,中文校内,初中,production
jianzisheng_cn_junior_chapter_expansion_v1_cn-junior-g7-linear-inequalities_005,解不等式：7x-3>46，正确结果是哪一项？,x>7,multiple_choice,A:x=7|B:x>7|C:x<7|D:x>6|E:x<6,3,alg_linear_inequalities;alg_linear_equations;arith_integers,linear_inequality_solving;inverse_operations,one_step_inequality;positive_coefficient_inequality,inequality_direction_error;inverse_operations_error,先移项，再除以正数 7，不等号方向不变，所以 x>7。,CN Junior High Math,不等式,cn-junior-g7-linear-inequalities,七年级：一元一次不等式,24204,jianzisheng_cn_junior_chapter_expansion_v1,local-ocr-derived: jianzisheng_cn_junior_grade7_batch1_v0; chapter=cn-junior-g7-linear-inequalities; expansion=v1,Standard,Algebra Readiness,cn_g7_linear_inequality_solving,inverse_operations;relation_reasoning,110,Chapter-level expansion from existing cleaned Jian Zi Sheng junior OCR coverage signals. Project-native original-equivalent variants; no direct textbook exercise text is reproduced.,zh,CN,CN,中文校内,初中,production
jianzisheng_cn_junior_chapter_expansion_v1_cn-junior-g7-linear-inequalities_006,解不等式：2x-2>14，正确结果是哪一项？,x>8,multiple_choice,A:x>8|B:x<8|C:x>7|D:x<7|E:x=8,3,alg_linear_inequalities;alg_linear_equations;arith_integers,linear_inequality_solving;inverse_operations,one_step_inequality;positive_coefficient_inequality,inequality_direction_error;inverse_operations_error,先移项，再除以正数 2，不等号方向不变，所以 x>8。,CN Junior High Math,不等式,cn-junior-g7-linear-inequalities,七年级：一元一次不等式,24205,jianzisheng_cn_junior_chapter_expansion_v1,local-ocr-derived: jianzisheng_cn_junior_grade7_batch1_v0; chapter=cn-junior-g7-linear-inequalities; expansion=v1,Standard,Algebra Readiness,cn_g7_linear_inequality_solving,inverse_operations;relation_reasoning,110,Chapter-level expansion from existing cleaned Jian Zi Sheng junior OCR coverage signals. Project-native original-equivalent variants; no direct textbook exercise text is reproduced.,zh,CN,CN,中文校内,初中,production
jianzisheng_cn_junior_chapter_expansion_v1_cn-junior-g7-linear-inequalities_007,解不等式：3x-1>26，正确结果是哪一项？,x>9,multiple_choice,A:x<9|B:x>8|C:x<8|D:x=9|E:x>9,3,alg_linear_inequalities;alg_linear_equations;arith_integers,linear_inequality_solving;inverse_operations,one_step_inequality;positive_coefficient_inequality,inequality_direction_error;inverse_operations_error,先移项，再除以正数 3，不等号方向不变，所以 x>9。,CN Junior High Math,不等式,cn-junior-g7-linear-inequalities,七年级：一元一次不等式,24206,jianzisheng_cn_junior_chapter_expansion_v1,local-ocr-derived: jianzisheng_cn_junior_grade7_batch1_v0; chapter=cn-junior-g7-linear-inequalities; expansion=v1,Standard,Algebra Readiness,cn_g7_linear_inequality_solving,inverse_operations;relation_reasoning,110,Chapter-level expansion from existing cleaned Jian Zi Sheng junior OCR coverage signals. Project-native original-equivalent variants; no direct textbook exercise text is reproduced.,zh,CN,CN,中文校内,初中,production
jianzisheng_cn_junior_chapter_expansion_v1_cn-junior-g7-linear-inequalities_008,解不等式：4x+0>12，正确结果是哪一项？,x>3,multiple_choice,A:x>2|B:x<2|C:x=3|D:x>3|E:x<3,3,alg_linear_inequalities;alg_linear_equations;arith_integers,linear_inequality_solving;inverse_operations,one_step_inequality;positive_coefficient_inequality,inequality_direction_error;inverse_operations_error,先移项，再除以正数 4，不等号方向不变，所以 x>3。,CN Junior High Math,不等式,cn-junior-g7-linear-inequalities,七年级：一元一次不等式,24207,jianzisheng_cn_junior_chapter_expansion_v1,local-ocr-derived: jianzisheng_cn_junior_grade7_batch1_v0; chapter=cn-junior-g7-linear-inequalities; expansion=v1,Standard,Algebra Readiness,cn_g7_linear_inequality_solving,inverse_operations;relation_reasoning,110,Chapter-level expansion from existing cleaned Jian Zi Sheng junior OCR coverage signals. Project-native original-equivalent variants; no direct textbook exercise text is reproduced.,zh,CN,CN,中文校内,初中,production
jianzisheng_cn_junior_chapter_expansion_v1_cn-junior-g7-linear-inequalities_009,解不等式：5x+1>21，正确结果是哪一项？,x>4,multiple_choice,A:x<3|B:x=4|C:x>4|D:x<4|E:x>3,3,alg_linear_inequalities;alg_linear_equations;arith_integers,linear_inequality_solving;inverse_operations,one_step_inequality;positive_coefficient_inequality,inequality_direction_error;inverse_operations_error,先移项，再除以正数 5，不等号方向不变，所以 x>4。,CN Junior High Math,不等式,cn-junior-g7-linear-inequalities,七年级：一元一次不等式,24208,jianzisheng_cn_junior_chapter_expansion_v1,local-ocr-derived: jianzisheng_cn_junior_grade7_batch1_v0; chapter=cn-junior-g7-linear-inequalities; expansion=v1,Standard,Algebra Readiness,cn_g7_linear_inequality_solving,inverse_operations;relation_reasoning,110,Chapter-level expansion from existing cleaned Jian Zi Sheng junior OCR coverage signals. Project-native original-equivalent variants; no direct textbook exercise text is reproduced.,zh,CN,CN,中文校内,初中,production
jianzisheng_cn_junior_chapter_expansion_v1_cn-junior-g7-linear-inequalities_010,解不等式：6x+2>32，正确结果是哪一项？,x>5,multiple_choice,A:x=5|B:x>5|C:x<5|D:x>4|E:x<4,3,alg_linear_inequalities;alg_linear_equations;arith_integers,linear_inequality_solving;inverse_operations,one_step_inequality;positive_coefficient_inequality,inequality_direction_error;inverse_operations_error,先移项，再除以正数 6，不等号方向不变，所以 x>5。,CN Junior High Math,不等式,cn-junior-g7-linear-inequalities,七年级：一元一次不等式,24209,jianzisheng_cn_junior_chapter_expansion_v1,local-ocr-derived: jianzisheng_cn_junior_grade7_batch1_v0; chapter=cn-junior-g7-linear-inequalities; expansion=v1,Standard,Algebra Readiness,cn_g7_linear_inequality_solving,inverse_operations;relation_reasoning,110,Chapter-level expansion from existing cleaned Jian Zi Sheng junior OCR coverage signals. Project-native original-equivalent variants; no direct textbook exercise text is reproduced.,zh,CN,CN,中文校内,初中,production
jianzisheng_cn_junior_chapter_expansion_v1_cn-junior-g7-linear-inequalities_011,解不等式：7x+3>45，正确结果是哪一项？,x>6,multiple_choice,A:x>6|B:x<6|C:x>5|D:x<5|E:x=6,3,alg_linear_inequalities;alg_linear_equations;arith_integers,linear_inequality_solving;inverse_operations,one_step_inequality;positive_coefficient_inequality,inequality_direction_error;inverse_operations_error,先移项，再除以正数 7，不等号方向不变，所以 x>6。,CN Junior High Math,不等式,cn-junior-g7-linear-inequalities,七年级：一元一次不等式,24210,jianzisheng_cn_junior_chapter_expansion_v1,local-ocr-derived: jianzisheng_cn_junior_grade7_batch1_v0; chapter=cn-junior-g7-linear-inequalities; expansion=v1,Standard,Algebra Readiness,cn_g7_linear_inequality_solving,inverse_operations;relation_reasoning,110,Chapter-level expansion from existing cleaned Jian Zi Sheng junior OCR coverage signals. Project-native original-equivalent variants; no direct textbook exercise text is reproduced.,zh,CN,CN,中文校内,初中,production
jianzisheng_cn_junior_chapter_expansion_v1_cn-junior-g7-linear-inequalities_012,解不等式：2x-5>9，正确结果是哪一项？,x>7,multiple_choice,A:x<7|B:x>6|C:x<6|D:x=7|E:x>7,3,alg_linear_inequalities;alg_linear_equations;arith_integers,linear_inequality_solving;inverse_operations,one_step_inequality;positive_coefficient_inequality,inequality_direction_error;inverse_operations_error,先移项，再除以正数 2，不等号方向不变，所以 x>7。,CN Junior High Math,不等式,cn-junior-g7-linear-inequalities,七年级：一元一次不等式,24211,jianzisheng_cn_junior_chapter_expansion_v1,local-ocr-derived: jianzisheng_cn_junior_grade7_batch1_v0; chapter=cn-junior-g7-linear-inequalities; expansion=v1,Standard,Algebra Readiness,cn_g7_linear_inequality_solving,inverse_operations;relation_reasoning,110,Chapter-level expansion from existing cleaned Jian Zi Sheng junior OCR coverage signals. Project-native original-equivalent variants; no direct textbook exercise text is reproduced.,zh,CN,CN,中文校内,初中,production
jianzisheng_cn_junior_chapter_expansion_v1_cn-junior-g7-linear-inequalities_013,解不等式：3x-4>20，正确结果是哪一项？,x>8,multiple_choice,A:x>7|B:x<7|C:x=8|D:x>8|E:x<8,3,alg_linear_inequalities;alg_linear_equations;arith_integers,linear_inequality_solving;inverse_operations,one_step_inequality;positive_coefficient_inequality,inequality_direction_error;inverse_operations_error,先移项，再除以正数 3，不等号方向不变，所以 x>8。,CN Junior High Math,不等式,cn-junior-g7-linear-inequalities,七年级：一元一次不等式,24212,jianzisheng_cn_junior_chapter_expansion_v1,local-ocr-derived: jianzisheng_cn_junior_grade7_batch1_v0; chapter=cn-junior-g7-linear-inequalities; expansion=v1,Standard,Algebra Readiness,cn_g7_linear_inequality_solving,inverse_operations;relation_reasoning,110,Chapter-level expansion from existing cleaned Jian Zi Sheng junior OCR coverage signals. Project-native original-equivalent variants; no direct textbook exercise text is reproduced.,zh,CN,CN,中文校内,初中,production
jianzisheng_cn_junior_chapter_expansion_v1_cn-junior-g7-linear-inequalities_014,解不等式：4x-3>33，正确结果是哪一项？,x>9,multiple_choice,A:x<8|B:x=9|C:x>9|D:x<9|E:x>8,3,alg_linear_inequalities;alg_linear_equations;arith_integers,linear_inequality_solving;inverse_operations,one_step_inequality;positive_coefficient_inequality,inequality_direction_error;inverse_operations_error,先移项，再除以正数 4，不等号方向不变，所以 x>9。,CN Junior High Math,不等式,cn-junior-g7-linear-inequalities,七年级：一元一次不等式,24213,jianzisheng_cn_junior_chapter_expansion_v1,local-ocr-derived: jianzisheng_cn_junior_grade7_batch1_v0; chapter=cn-junior-g7-linear-inequalities; expansion=v1,Standard,Algebra Readiness,cn_g7_linear_inequality_solving,inverse_operations;relation_reasoning,110,Chapter-level expansion from existing cleaned Jian Zi Sheng junior OCR coverage signals. Project-native original-equivalent variants; no direct textbook exercise text is reproduced.,zh,CN,CN,中文校内,初中,production
jianzisheng_cn_junior_chapter_expansion_v1_cn-junior-g7-basic-geometry_001,两个邻补角中，一个角为 3x+12 度，另一个角为 117 度。求 x。,17,multiple_choice,A:17|B:18|C:16|D:56|E:-17,2,geo_angles,supplementary_angles;angle_subtraction,linear_pair;basic_angle_relationship,vertical_vs_supplementary_error;angle_sum_error,邻补角和为 180°，所以 3x+12+117=180，解得 x=17。,CN Junior High Math,基础几何,cn-junior-g7-basic-geometry,七年级：基础几何与角,24220,jianzisheng_cn_junior_chapter_expansion_v1,local-ocr-derived: jianzisheng_cn_junior_grade7_batch1_v0; chapter=cn-junior-g7-basic-geometry; expansion=v1,Foundation,Bridge,cn_basic_geometry_supplementary_angle,geometric_reasoning;relation_selection,90,Chapter-level expansion from existing cleaned Jian Zi Sheng junior OCR coverage signals. Project-native original-equivalent variants; no direct textbook exercise text is reproduced.,zh,CN,CN,中文校内,初中,production
jianzisheng_cn_junior_chapter_expansion_v1_cn-junior-g7-basic-geometry_002,两个邻补角中，一个角为 4x+13 度，另一个角为 95 度。求 x。,18,multiple_choice,A:19|B:17|C:42|D:-18|E:18,2,geo_angles,supplementary_angles;angle_subtraction,linear_pair;basic_angle_relationship,vertical_vs_supplementary_error;angle_sum_error,邻补角和为 180°，所以 4x+13+95=180，解得 x=18。,CN Junior High Math,基础几何,cn-junior-g7-basic-geometry,七年级：基础几何与角,24221,jianzisheng_cn_junior_chapter_expansion_v1,local-ocr-derived: jianzisheng_cn_junior_grade7_batch1_v0; chapter=cn-junior-g7-basic-geometry; expansion=v1,Foundation,Bridge,cn_basic_geometry_supplementary_angle,geometric_reasoning;relation_selection,90,Chapter-level expansion from existing cleaned Jian Zi Sheng junior OCR coverage signals. Project-native original-equivalent variants; no direct textbook exercise text is reproduced.,zh,CN,CN,中文校内,初中,production
jianzisheng_cn_junior_chapter_expansion_v1_cn-junior-g7-basic-geometry_003,两个邻补角中，一个角为 5x+14 度，另一个角为 71 度。求 x。,19,multiple_choice,A:18|B:33|C:-19|D:19|E:20,2,geo_angles,supplementary_angles;angle_subtraction,linear_pair;basic_angle_relationship,vertical_vs_supplementary_error;angle_sum_error,邻补角和为 180°，所以 5x+14+71=180，解得 x=19。,CN Junior High Math,基础几何,cn-junior-g7-basic-geometry,七年级：基础几何与角,24222,jianzisheng_cn_junior_chapter_expansion_v1,local-ocr-derived: jianzisheng_cn_junior_grade7_batch1_v0; chapter=cn-junior-g7-basic-geometry; expansion=v1,Foundation,Bridge,cn_basic_geometry_supplementary_angle,geometric_reasoning;relation_selection,90,Chapter-level expansion from existing cleaned Jian Zi Sheng junior OCR coverage signals. Project-native original-equivalent variants; no direct textbook exercise text is reproduced.,zh,CN,CN,中文校内,初中,production
jianzisheng_cn_junior_chapter_expansion_v1_cn-junior-g7-basic-geometry_004,两个邻补角中，一个角为 6x+15 度，另一个角为 45 度。求 x。,20,multiple_choice,A:28|B:-20|C:20|D:21|E:19,2,geo_angles,supplementary_angles;angle_subtraction,linear_pair;basic_angle_relationship,vertical_vs_supplementary_error;angle_sum_error,邻补角和为 180°，所以 6x+15+45=180，解得 x=20。,CN Junior High Math,基础几何,cn-junior-g7-basic-geometry,七年级：基础几何与角,24223,jianzisheng_cn_junior_chapter_expansion_v1,local-ocr-derived: jianzisheng_cn_junior_grade7_batch1_v0; chapter=cn-junior-g7-basic-geometry; expansion=v1,Foundation,Bridge,cn_basic_geometry_supplementary_angle,geometric_reasoning;relation_selection,90,Chapter-level expansion from existing cleaned Jian Zi Sheng junior OCR coverage signals. Project-native original-equivalent variants; no direct textbook exercise text is reproduced.,zh,CN,CN,中文校内,初中,production
jianzisheng_cn_junior_chapter_expansion_v1_cn-junior-g7-basic-geometry_005,两个邻补角中，一个角为 7x+16 度，另一个角为 17 度。求 x。,21,multiple_choice,A:-21|B:21|C:22|D:20|E:23,2,geo_angles,supplementary_angles;angle_subtraction,linear_pair;basic_angle_relationship,vertical_vs_supplementary_error;angle_sum_error,邻补角和为 180°，所以 7x+16+17=180，解得 x=21。,CN Junior High Math,基础几何,cn-junior-g7-basic-geometry,七年级：基础几何与角,24224,jianzisheng_cn_junior_chapter_expansion_v1,local-ocr-derived: jianzisheng_cn_junior_grade7_batch1_v0; chapter=cn-junior-g7-basic-geometry; expansion=v1,Foundation,Bridge,cn_basic_geometry_supplementary_angle,geometric_reasoning;relation_selection,90,Chapter-level expansion from existing cleaned Jian Zi Sheng junior OCR coverage signals. Project-native original-equivalent variants; no direct textbook exercise text is reproduced.,zh,CN,CN,中文校内,初中,production
jianzisheng_cn_junior_chapter_expansion_v1_cn-junior-g7-basic-geometry_006,两个邻补角中，一个角为 2x+17 度，另一个角为 119 度。求 x。,22,multiple_choice,A:22|B:23|C:21|D:82|E:-22,2,geo_angles,supplementary_angles;angle_subtraction,linear_pair;basic_angle_relationship,vertical_vs_supplementary_error;angle_sum_error,邻补角和为 180°，所以 2x+17+119=180，解得 x=22。,CN Junior High Math,基础几何,cn-junior-g7-basic-geometry,七年级：基础几何与角,24225,jianzisheng_cn_junior_chapter_expansion_v1,local-ocr-derived: jianzisheng_cn_junior_grade7_batch1_v0; chapter=cn-junior-g7-basic-geometry; expansion=v1,Foundation,Bridge,cn_basic_geometry_supplementary_angle,geometric_reasoning;relation_selection,90,Chapter-level expansion from existing cleaned Jian Zi Sheng junior OCR coverage signals. Project-native original-equivalent variants; no direct textbook exercise text is reproduced.,zh,CN,CN,中文校内,初中,production
jianzisheng_cn_junior_chapter_expansion_v1_cn-junior-g7-basic-geometry_007,两个邻补角中，一个角为 3x+18 度，另一个角为 93 度。求 x。,23,multiple_choice,A:24|B:22|C:54|D:-23|E:23,2,geo_angles,supplementary_angles;angle_subtraction,linear_pair;basic_angle_relationship,vertical_vs_supplementary_error;angle_sum_error,邻补角和为 180°，所以 3x+18+93=180，解得 x=23。,CN Junior High Math,基础几何,cn-junior-g7-basic-geometry,七年级：基础几何与角,24226,jianzisheng_cn_junior_chapter_expansion_v1,local-ocr-derived: jianzisheng_cn_junior_grade7_batch1_v0; chapter=cn-junior-g7-basic-geometry; expansion=v1,Foundation,Bridge,cn_basic_geometry_supplementary_angle,geometric_reasoning;relation_selection,90,Chapter-level expansion from existing cleaned Jian Zi Sheng junior OCR coverage signals. Project-native original-equivalent variants; no direct textbook exercise text is reproduced.,zh,CN,CN,中文校内,初中,production
jianzisheng_cn_junior_chapter_expansion_v1_cn-junior-g7-basic-geometry_008,两个邻补角中，一个角为 4x+19 度，另一个角为 65 度。求 x。,24,multiple_choice,A:23|B:40|C:-24|D:24|E:25,2,geo_angles,supplementary_angles;angle_subtraction,linear_pair;basic_angle_relationship,vertical_vs_supplementary_error;angle_sum_error,邻补角和为 180°，所以 4x+19+65=180，解得 x=24。,CN Junior High Math,基础几何,cn-junior-g7-basic-geometry,七年级：基础几何与角,24227,jianzisheng_cn_junior_chapter_expansion_v1,local-ocr-derived: jianzisheng_cn_junior_grade7_batch1_v0; chapter=cn-junior-g7-basic-geometry; expansion=v1,Foundation,Bridge,cn_basic_geometry_supplementary_angle,geometric_reasoning;relation_selection,90,Chapter-level expansion from existing cleaned Jian Zi Sheng junior OCR coverage signals. Project-native original-equivalent variants; no direct textbook exercise text is reproduced.,zh,CN,CN,中文校内,初中,production
jianzisheng_cn_junior_chapter_expansion_v1_cn-junior-g7-basic-geometry_009,两个邻补角中，一个角为 5x+5 度，另一个角为 50 度。求 x。,25,multiple_choice,A:35|B:-25|C:25|D:26|E:24,2,geo_angles,supplementary_angles;angle_subtraction,linear_pair;basic_angle_relationship,vertical_vs_supplementary_error;angle_sum_error,邻补角和为 180°，所以 5x+5+50=180，解得 x=25。,CN Junior High Math,基础几何,cn-junior-g7-basic-geometry,七年级：基础几何与角,24228,jianzisheng_cn_junior_chapter_expansion_v1,local-ocr-derived: jianzisheng_cn_junior_grade7_batch1_v0; chapter=cn-junior-g7-basic-geometry; expansion=v1,Foundation,Bridge,cn_basic_geometry_supplementary_angle,geometric_reasoning;relation_selection,90,Chapter-level expansion from existing cleaned Jian Zi Sheng junior OCR coverage signals. Project-native original-equivalent variants; no direct textbook exercise text is reproduced.,zh,CN,CN,中文校内,初中,production
jianzisheng_cn_junior_chapter_expansion_v1_cn-junior-g7-basic-geometry_010,两个邻补角中，一个角为 6x+6 度，另一个角为 18 度。求 x。,26,multiple_choice,A:-26|B:26|C:27|D:25|E:29,2,geo_angles,supplementary_angles;angle_subtraction,linear_pair;basic_angle_relationship,vertical_vs_supplementary_error;angle_sum_error,邻补角和为 180°，所以 6x+6+18=180，解得 x=26。,CN Junior High Math,基础几何,cn-junior-g7-basic-geometry,七年级：基础几何与角,24229,jianzisheng_cn_junior_chapter_expansion_v1,local-ocr-derived: jianzisheng_cn_junior_grade7_batch1_v0; chapter=cn-junior-g7-basic-geometry; expansion=v1,Foundation,Bridge,cn_basic_geometry_supplementary_angle,geometric_reasoning;relation_selection,90,Chapter-level expansion from existing cleaned Jian Zi Sheng junior OCR coverage signals. Project-native original-equivalent variants; no direct textbook exercise text is reproduced.,zh,CN,CN,中文校内,初中,production
jianzisheng_cn_junior_chapter_expansion_v1_cn-junior-g7-basic-geometry_011,两个邻补角中，一个角为 7x+7 度，另一个角为 -16 度。求 x。,27,multiple_choice,A:27|B:28|C:26|D:25|E:-27,2,geo_angles,supplementary_angles;angle_subtraction,linear_pair;basic_angle_relationship,vertical_vs_supplementary_error;angle_sum_error,邻补角和为 180°，所以 7x+7+-16=180，解得 x=27。,CN Junior High Math,基础几何,cn-junior-g7-basic-geometry,七年级：基础几何与角,24230,jianzisheng_cn_junior_chapter_expansion_v1,local-ocr-derived: jianzisheng_cn_junior_grade7_batch1_v0; chapter=cn-junior-g7-basic-geometry; expansion=v1,Foundation,Bridge,cn_basic_geometry_supplementary_angle,geometric_reasoning;relation_selection,90,Chapter-level expansion from existing cleaned Jian Zi Sheng junior OCR coverage signals. Project-native original-equivalent variants; no direct textbook exercise text is reproduced.,zh,CN,CN,中文校内,初中,production
jianzisheng_cn_junior_chapter_expansion_v1_cn-junior-g7-basic-geometry_012,两个邻补角中，一个角为 2x+8 度，另一个角为 152 度。求 x。,10,multiple_choice,A:11|B:9|C:86|D:-10|E:10,2,geo_angles,supplementary_angles;angle_subtraction,linear_pair;basic_angle_relationship,vertical_vs_supplementary_error;angle_sum_error,邻补角和为 180°，所以 2x+8+152=180，解得 x=10。,CN Junior High Math,基础几何,cn-junior-g7-basic-geometry,七年级：基础几何与角,24231,jianzisheng_cn_junior_chapter_expansion_v1,local-ocr-derived: jianzisheng_cn_junior_grade7_batch1_v0; chapter=cn-junior-g7-basic-geometry; expansion=v1,Foundation,Bridge,cn_basic_geometry_supplementary_angle,geometric_reasoning;relation_selection,90,Chapter-level expansion from existing cleaned Jian Zi Sheng junior OCR coverage signals. Project-native original-equivalent variants; no direct textbook exercise text is reproduced.,zh,CN,CN,中文校内,初中,production
jianzisheng_cn_junior_chapter_expansion_v1_cn-junior-g7-basic-geometry_013,两个邻补角中，一个角为 3x+9 度，另一个角为 138 度。求 x。,11,multiple_choice,A:10|B:57|C:-11|D:11|E:12,2,geo_angles,supplementary_angles;angle_subtraction,linear_pair;basic_angle_relationship,vertical_vs_supplementary_error;angle_sum_error,邻补角和为 180°，所以 3x+9+138=180，解得 x=11。,CN Junior High Math,基础几何,cn-junior-g7-basic-geometry,七年级：基础几何与角,24232,jianzisheng_cn_junior_chapter_expansion_v1,local-ocr-derived: jianzisheng_cn_junior_grade7_batch1_v0; chapter=cn-junior-g7-basic-geometry; expansion=v1,Foundation,Bridge,cn_basic_geometry_supplementary_angle,geometric_reasoning;relation_selection,90,Chapter-level expansion from existing cleaned Jian Zi Sheng junior OCR coverage signals. Project-native original-equivalent variants; no direct textbook exercise text is reproduced.,zh,CN,CN,中文校内,初中,production
jianzisheng_cn_junior_chapter_expansion_v1_cn-junior-g7-basic-geometry_014,两个邻补角中，一个角为 4x+10 度，另一个角为 122 度。求 x。,12,multiple_choice,A:43|B:-12|C:12|D:13|E:11,2,geo_angles,supplementary_angles;angle_subtraction,linear_pair;basic_angle_relationship,vertical_vs_supplementary_error;angle_sum_error,邻补角和为 180°，所以 4x+10+122=180，解得 x=12。,CN Junior High Math,基础几何,cn-junior-g7-basic-geometry,七年级：基础几何与角,24233,jianzisheng_cn_junior_chapter_expansion_v1,local-ocr-derived: jianzisheng_cn_junior_grade7_batch1_v0; chapter=cn-junior-g7-basic-geometry; expansion=v1,Foundation,Bridge,cn_basic_geometry_supplementary_angle,geometric_reasoning;relation_selection,90,Chapter-level expansion from existing cleaned Jian Zi Sheng junior OCR coverage signals. Project-native original-equivalent variants; no direct textbook exercise text is reproduced.,zh,CN,CN,中文校内,初中,production
jianzisheng_cn_junior_chapter_expansion_v1_cn-junior-g7-integer-operations_001,计算：-11+23，结果是多少？,12,multiple_choice,A:12|B:34|C:-12|D:-34|E:14,2,arith_integers,signed_number_addition;integer_fluency,integer_sum;signed_operation,sign_error;absolute_value_addition_error,异号或同号有理数相加时，先判断符号，再处理绝对值，所以结果是 12。,CN Junior High Math,有理数,cn-junior-g7-integer-operations,七年级：有理数加减运算,24240,jianzisheng_cn_junior_chapter_expansion_v1,local-ocr-derived: jianzisheng_cn_junior_grade7_batch2_v0; chapter=cn-junior-g7-integer-operations; expansion=v1,Foundation,Foundation,cn_integer_operation,signed_number_fluency;operation_selection,90,Chapter-level expansion from existing cleaned Jian Zi Sheng junior OCR coverage signals. Project-native original-equivalent variants; no direct textbook exercise text is reproduced.,zh,CN,CN,中文校内,初中,production
jianzisheng_cn_junior_chapter_expansion_v1_cn-junior-g7-integer-operations_002,计算：-10+9，结果是多少？,-1,multiple_choice,A:19|B:1|C:-19|D:4|E:-1,2,arith_integers,signed_number_addition;integer_fluency,integer_sum;signed_operation,sign_error;absolute_value_addition_error,异号或同号有理数相加时，先判断符号，再处理绝对值，所以结果是 -1。,CN Junior High Math,有理数,cn-junior-g7-integer-operations,七年级：有理数加减运算,24241,jianzisheng_cn_junior_chapter_expansion_v1,local-ocr-derived: jianzisheng_cn_junior_grade7_batch2_v0; chapter=cn-junior-g7-integer-operations; expansion=v1,Foundation,Foundation,cn_integer_operation,signed_number_fluency;operation_selection,90,Chapter-level expansion from existing cleaned Jian Zi Sheng junior OCR coverage signals. Project-native original-equivalent variants; no direct textbook exercise text is reproduced.,zh,CN,CN,中文校内,初中,production
jianzisheng_cn_junior_chapter_expansion_v1_cn-junior-g7-integer-operations_003,计算：-9+14，结果是多少？,5,multiple_choice,A:-5|B:-23|C:7|D:5|E:23,2,arith_integers,signed_number_addition;integer_fluency,integer_sum;signed_operation,sign_error;absolute_value_addition_error,异号或同号有理数相加时，先判断符号，再处理绝对值，所以结果是 5。,CN Junior High Math,有理数,cn-junior-g7-integer-operations,七年级：有理数加减运算,24242,jianzisheng_cn_junior_chapter_expansion_v1,local-ocr-derived: jianzisheng_cn_junior_grade7_batch2_v0; chapter=cn-junior-g7-integer-operations; expansion=v1,Foundation,Foundation,cn_integer_operation,signed_number_fluency;operation_selection,90,Chapter-level expansion from existing cleaned Jian Zi Sheng junior OCR coverage signals. Project-native original-equivalent variants; no direct textbook exercise text is reproduced.,zh,CN,CN,中文校内,初中,production
jianzisheng_cn_junior_chapter_expansion_v1_cn-junior-g7-integer-operations_004,计算：-8+19，结果是多少？,11,multiple_choice,A:-27|B:13|C:11|D:27|E:-11,2,arith_integers,signed_number_addition;integer_fluency,integer_sum;signed_operation,sign_error;absolute_value_addition_error,异号或同号有理数相加时，先判断符号，再处理绝对值，所以结果是 11。,CN Junior High Math,有理数,cn-junior-g7-integer-operations,七年级：有理数加减运算,24243,jianzisheng_cn_junior_chapter_expansion_v1,local-ocr-derived: jianzisheng_cn_junior_grade7_batch2_v0; chapter=cn-junior-g7-integer-operations; expansion=v1,Foundation,Foundation,cn_integer_operation,signed_number_fluency;operation_selection,90,Chapter-level expansion from existing cleaned Jian Zi Sheng junior OCR coverage signals. Project-native original-equivalent variants; no direct textbook exercise text is reproduced.,zh,CN,CN,中文校内,初中,production
jianzisheng_cn_junior_chapter_expansion_v1_cn-junior-g7-integer-operations_005,计算：-7+24，结果是多少？,17,multiple_choice,A:19|B:17|C:31|D:-17|E:-31,2,arith_integers,signed_number_addition;integer_fluency,integer_sum;signed_operation,sign_error;absolute_value_addition_error,异号或同号有理数相加时，先判断符号，再处理绝对值，所以结果是 17。,CN Junior High Math,有理数,cn-junior-g7-integer-operations,七年级：有理数加减运算,24244,jianzisheng_cn_junior_chapter_expansion_v1,local-ocr-derived: jianzisheng_cn_junior_grade7_batch2_v0; chapter=cn-junior-g7-integer-operations; expansion=v1,Foundation,Foundation,cn_integer_operation,signed_number_fluency;operation_selection,90,Chapter-level expansion from existing cleaned Jian Zi Sheng junior OCR coverage signals. Project-native original-equivalent variants; no direct textbook exercise text is reproduced.,zh,CN,CN,中文校内,初中,production
jianzisheng_cn_junior_chapter_expansion_v1_cn-junior-g7-integer-operations_006,计算：-6+10，结果是多少？,4,multiple_choice,A:4|B:16|C:-4|D:-16|E:6,2,arith_integers,signed_number_addition;integer_fluency,integer_sum;signed_operation,sign_error;absolute_value_addition_error,异号或同号有理数相加时，先判断符号，再处理绝对值，所以结果是 4。,CN Junior High Math,有理数,cn-junior-g7-integer-operations,七年级：有理数加减运算,24245,jianzisheng_cn_junior_chapter_expansion_v1,local-ocr-derived: jianzisheng_cn_junior_grade7_batch2_v0; chapter=cn-junior-g7-integer-operations; expansion=v1,Foundation,Foundation,cn_integer_operation,signed_number_fluency;operation_selection,90,Chapter-level expansion from existing cleaned Jian Zi Sheng junior OCR coverage signals. Project-native original-equivalent variants; no direct textbook exercise text is reproduced.,zh,CN,CN,中文校内,初中,production
jianzisheng_cn_junior_chapter_expansion_v1_cn-junior-g7-integer-operations_007,计算：-18+15，结果是多少？,-3,multiple_choice,A:33|B:3|C:-33|D:-1|E:-3,2,arith_integers,signed_number_addition;integer_fluency,integer_sum;signed_operation,sign_error;absolute_value_addition_error,异号或同号有理数相加时，先判断符号，再处理绝对值，所以结果是 -3。,CN Junior High Math,有理数,cn-junior-g7-integer-operations,七年级：有理数加减运算,24246,jianzisheng_cn_junior_chapter_expansion_v1,local-ocr-derived: jianzisheng_cn_junior_grade7_batch2_v0; chapter=cn-junior-g7-integer-operations; expansion=v1,Foundation,Foundation,cn_integer_operation,signed_number_fluency;operation_selection,90,Chapter-level expansion from existing cleaned Jian Zi Sheng junior OCR coverage signals. Project-native original-equivalent variants; no direct textbook exercise text is reproduced.,zh,CN,CN,中文校内,初中,production
jianzisheng_cn_junior_chapter_expansion_v1_cn-junior-g7-integer-operations_008,计算：-17+20，结果是多少？,3,multiple_choice,A:-3|B:-37|C:5|D:3|E:37,2,arith_integers,signed_number_addition;integer_fluency,integer_sum;signed_operation,sign_error;absolute_value_addition_error,异号或同号有理数相加时，先判断符号，再处理绝对值，所以结果是 3。,CN Junior High Math,有理数,cn-junior-g7-integer-operations,七年级：有理数加减运算,24247,jianzisheng_cn_junior_chapter_expansion_v1,local-ocr-derived: jianzisheng_cn_junior_grade7_batch2_v0; chapter=cn-junior-g7-integer-operations; expansion=v1,Foundation,Foundation,cn_integer_operation,signed_number_fluency;operation_selection,90,Chapter-level expansion from existing cleaned Jian Zi Sheng junior OCR coverage signals. Project-native original-equivalent variants; no direct textbook exercise text is reproduced.,zh,CN,CN,中文校内,初中,production
jianzisheng_cn_junior_chapter_expansion_v1_cn-junior-g7-integer-operations_009,计算：-16+25，结果是多少？,9,multiple_choice,A:-41|B:11|C:9|D:41|E:-9,2,arith_integers,signed_number_addition;integer_fluency,integer_sum;signed_operation,sign_error;absolute_value_addition_error,异号或同号有理数相加时，先判断符号，再处理绝对值，所以结果是 9。,CN Junior High Math,有理数,cn-junior-g7-integer-operations,七年级：有理数加减运算,24248,jianzisheng_cn_junior_chapter_expansion_v1,local-ocr-derived: jianzisheng_cn_junior_grade7_batch2_v0; chapter=cn-junior-g7-integer-operations; expansion=v1,Foundation,Foundation,cn_integer_operation,signed_number_fluency;operation_selection,90,Chapter-level expansion from existing cleaned Jian Zi Sheng junior OCR coverage signals. Project-native original-equivalent variants; no direct textbook exercise text is reproduced.,zh,CN,CN,中文校内,初中,production
jianzisheng_cn_junior_chapter_expansion_v1_cn-junior-g7-integer-operations_010,计算：-15+11，结果是多少？,-4,multiple_choice,A:-2|B:-4|C:26|D:4|E:-26,2,arith_integers,signed_number_addition;integer_fluency,integer_sum;signed_operation,sign_error;absolute_value_addition_error,异号或同号有理数相加时，先判断符号，再处理绝对值，所以结果是 -4。,CN Junior High Math,有理数,cn-junior-g7-integer-operations,七年级：有理数加减运算,24249,jianzisheng_cn_junior_chapter_expansion_v1,local-ocr-derived: jianzisheng_cn_junior_grade7_batch2_v0; chapter=cn-junior-g7-integer-operations; expansion=v1,Foundation,Foundation,cn_integer_operation,signed_number_fluency;operation_selection,90,Chapter-level expansion from existing cleaned Jian Zi Sheng junior OCR coverage signals. Project-native original-equivalent variants; no direct textbook exercise text is reproduced.,zh,CN,CN,中文校内,初中,production
jianzisheng_cn_junior_chapter_expansion_v1_cn-junior-g7-integer-operations_011,计算：-14+16，结果是多少？,2,multiple_choice,A:2|B:30|C:-2|D:-30|E:4,2,arith_integers,signed_number_addition;integer_fluency,integer_sum;signed_operation,sign_error;absolute_value_addition_error,异号或同号有理数相加时，先判断符号，再处理绝对值，所以结果是 2。,CN Junior High Math,有理数,cn-junior-g7-integer-operations,七年级：有理数加减运算,24250,jianzisheng_cn_junior_chapter_expansion_v1,local-ocr-derived: jianzisheng_cn_junior_grade7_batch2_v0; chapter=cn-junior-g7-integer-operations; expansion=v1,Foundation,Foundation,cn_integer_operation,signed_number_fluency;operation_selection,90,Chapter-level expansion from existing cleaned Jian Zi Sheng junior OCR coverage signals. Project-native original-equivalent variants; no direct textbook exercise text is reproduced.,zh,CN,CN,中文校内,初中,production
jianzisheng_cn_junior_chapter_expansion_v1_cn-junior-g7-integer-operations_012,计算：-13+21，结果是多少？,8,multiple_choice,A:34|B:-8|C:-34|D:10|E:8,2,arith_integers,signed_number_addition;integer_fluency,integer_sum;signed_operation,sign_error;absolute_value_addition_error,异号或同号有理数相加时，先判断符号，再处理绝对值，所以结果是 8。,CN Junior High Math,有理数,cn-junior-g7-integer-operations,七年级：有理数加减运算,24251,jianzisheng_cn_junior_chapter_expansion_v1,local-ocr-derived: jianzisheng_cn_junior_grade7_batch2_v0; chapter=cn-junior-g7-integer-operations; expansion=v1,Foundation,Foundation,cn_integer_operation,signed_number_fluency;operation_selection,90,Chapter-level expansion from existing cleaned Jian Zi Sheng junior OCR coverage signals. Project-native original-equivalent variants; no direct textbook exercise text is reproduced.,zh,CN,CN,中文校内,初中,production
jianzisheng_cn_junior_chapter_expansion_v1_cn-junior-g7-integer-operations_013,计算：-12+7，结果是多少？,-5,multiple_choice,A:5|B:-19|C:-3|D:-5|E:19,2,arith_integers,signed_number_addition;integer_fluency,integer_sum;signed_operation,sign_error;absolute_value_addition_error,异号或同号有理数相加时，先判断符号，再处理绝对值，所以结果是 -5。,CN Junior High Math,有理数,cn-junior-g7-integer-operations,七年级：有理数加减运算,24252,jianzisheng_cn_junior_chapter_expansion_v1,local-ocr-derived: jianzisheng_cn_junior_grade7_batch2_v0; chapter=cn-junior-g7-integer-operations; expansion=v1,Foundation,Foundation,cn_integer_operation,signed_number_fluency;operation_selection,90,Chapter-level expansion from existing cleaned Jian Zi Sheng junior OCR coverage signals. Project-native original-equivalent variants; no direct textbook exercise text is reproduced.,zh,CN,CN,中文校内,初中,production
jianzisheng_cn_junior_chapter_expansion_v1_cn-junior-g7-integer-operations_014,计算：-11+12，结果是多少？,1,multiple_choice,A:-23|B:3|C:1|D:23|E:-1,2,arith_integers,signed_number_addition;integer_fluency,integer_sum;signed_operation,sign_error;absolute_value_addition_error,异号或同号有理数相加时，先判断符号，再处理绝对值，所以结果是 1。,CN Junior High Math,有理数,cn-junior-g7-integer-operations,七年级：有理数加减运算,24253,jianzisheng_cn_junior_chapter_expansion_v1,local-ocr-derived: jianzisheng_cn_junior_grade7_batch2_v0; chapter=cn-junior-g7-integer-operations; expansion=v1,Foundation,Foundation,cn_integer_operation,signed_number_fluency;operation_selection,90,Chapter-level expansion from existing cleaned Jian Zi Sheng junior OCR coverage signals. Project-native original-equivalent variants; no direct textbook exercise text is reproduced.,zh,CN,CN,中文校内,初中,production
jianzisheng_cn_junior_chapter_expansion_v1_cn-junior-g7-distributive-property_001,化简：-4(-3x-2)，结果是多少？,12x+8,multiple_choice,A:12x+8|B:12x-2|C:-7x+8|D:12x|E:8x-3,3,prealg_expressions;prealg_simplification,distributive_property;signed_coefficient_fluency,distribution;expression_simplification,partial_distribution_error;signed_coefficient_error,用 -4 分别乘括号里的每一项，得到 12x 和 8，所以结果是 12x+8。,CN Junior High Math,整式,cn-junior-g7-distributive-property,七年级：去括号与分配律,24260,jianzisheng_cn_junior_chapter_expansion_v1,local-ocr-derived: jianzisheng_cn_junior_grade7_batch2_v0; chapter=cn-junior-g7-distributive-property; expansion=v1,Standard,Bridge,cn_distributive_simplification,symbolic_fluency;operation_selection,110,Chapter-level expansion from existing cleaned Jian Zi Sheng junior OCR coverage signals. Project-native original-equivalent variants; no direct textbook exercise text is reproduced.,zh,CN,CN,中文校内,初中,production
jianzisheng_cn_junior_chapter_expansion_v1_cn-junior-g7-distributive-property_002,化简：-3(-2x+0)，结果是多少？,6x+0,multiple_choice,A:-5x+0|B:6x|C:0x-2|D:6x+0+5|E:6x+0,3,prealg_expressions;prealg_simplification,distributive_property;signed_coefficient_fluency,distribution;expression_simplification,partial_distribution_error;signed_coefficient_error,用 -3 分别乘括号里的每一项，得到 6x 和 0，所以结果是 6x+0。,CN Junior High Math,整式,cn-junior-g7-distributive-property,七年级：去括号与分配律,24261,jianzisheng_cn_junior_chapter_expansion_v1,local-ocr-derived: jianzisheng_cn_junior_grade7_batch2_v0; chapter=cn-junior-g7-distributive-property; expansion=v1,Standard,Bridge,cn_distributive_simplification,symbolic_fluency;operation_selection,110,Chapter-level expansion from existing cleaned Jian Zi Sheng junior OCR coverage signals. Project-native original-equivalent variants; no direct textbook exercise text is reproduced.,zh,CN,CN,中文校内,初中,production
jianzisheng_cn_junior_chapter_expansion_v1_cn-junior-g7-distributive-property_003,化简：-2(-1x+2)，结果是多少？,2x-4,multiple_choice,A:-3x-4|B:2x|C:-4x-1|D:2x-4|E:2x+2,3,prealg_expressions;prealg_simplification,distributive_property;signed_coefficient_fluency,distribution;expression_simplification,partial_distribution_error;signed_coefficient_error,用 -2 分别乘括号里的每一项，得到 2x 和 -4，所以结果是 2x-4。,CN Junior High Math,整式,cn-junior-g7-distributive-property,七年级：去括号与分配律,24262,jianzisheng_cn_junior_chapter_expansion_v1,local-ocr-derived: jianzisheng_cn_junior_grade7_batch2_v0; chapter=cn-junior-g7-distributive-property; expansion=v1,Standard,Bridge,cn_distributive_simplification,symbolic_fluency;operation_selection,110,Chapter-level expansion from existing cleaned Jian Zi Sheng junior OCR coverage signals. Project-native original-equivalent variants; no direct textbook exercise text is reproduced.,zh,CN,CN,中文校内,初中,production
jianzisheng_cn_junior_chapter_expansion_v1_cn-junior-g7-distributive-property_004,化简：2(0x+4)，结果是多少？,0x+8,multiple_choice,A:0x|B:8x+0|C:0x+8|D:0x+4|E:2x+8,3,prealg_expressions;prealg_simplification,distributive_property;signed_coefficient_fluency,distribution;expression_simplification,partial_distribution_error;signed_coefficient_error,用 2 分别乘括号里的每一项，得到 0x 和 8，所以结果是 0x+8。,CN Junior High Math,整式,cn-junior-g7-distributive-property,七年级：去括号与分配律,24263,jianzisheng_cn_junior_chapter_expansion_v1,local-ocr-derived: jianzisheng_cn_junior_grade7_batch2_v0; chapter=cn-junior-g7-distributive-property; expansion=v1,Standard,Bridge,cn_distributive_simplification,symbolic_fluency;operation_selection,110,Chapter-level expansion from existing cleaned Jian Zi Sheng junior OCR coverage signals. Project-native original-equivalent variants; no direct textbook exercise text is reproduced.,zh,CN,CN,中文校内,初中,production
jianzisheng_cn_junior_chapter_expansion_v1_cn-junior-g7-distributive-property_005,化简：3(1x-5)，结果是多少？,3x-15,multiple_choice,A:-15x+1|B:3x-15|C:3x-5|D:4x-15|E:3x,3,prealg_expressions;prealg_simplification,distributive_property;signed_coefficient_fluency,distribution;expression_simplification,partial_distribution_error;signed_coefficient_error,用 3 分别乘括号里的每一项，得到 3x 和 -15，所以结果是 3x-15。,CN Junior High Math,整式,cn-junior-g7-distributive-property,七年级：去括号与分配律,24264,jianzisheng_cn_junior_chapter_expansion_v1,local-ocr-derived: jianzisheng_cn_junior_grade7_batch2_v0; chapter=cn-junior-g7-distributive-property; expansion=v1,Standard,Bridge,cn_distributive_simplification,symbolic_fluency;operation_selection,110,Chapter-level expansion from existing cleaned Jian Zi Sheng junior OCR coverage signals. Project-native original-equivalent variants; no direct textbook exercise text is reproduced.,zh,CN,CN,中文校内,初中,production
jianzisheng_cn_junior_chapter_expansion_v1_cn-junior-g7-distributive-property_006,化简：4(2x-3)，结果是多少？,8x-12,multiple_choice,A:8x-12|B:8x-3|C:6x-12|D:8x|E:-12x+2,3,prealg_expressions;prealg_simplification,distributive_property;signed_coefficient_fluency,distribution;expression_simplification,partial_distribution_error;signed_coefficient_error,用 4 分别乘括号里的每一项，得到 8x 和 -12，所以结果是 8x-12。,CN Junior High Math,整式,cn-junior-g7-distributive-property,七年级：去括号与分配律,24265,jianzisheng_cn_junior_chapter_expansion_v1,local-ocr-derived: jianzisheng_cn_junior_grade7_batch2_v0; chapter=cn-junior-g7-distributive-property; expansion=v1,Standard,Bridge,cn_distributive_simplification,symbolic_fluency;operation_selection,110,Chapter-level expansion from existing cleaned Jian Zi Sheng junior OCR coverage signals. Project-native original-equivalent variants; no direct textbook exercise text is reproduced.,zh,CN,CN,中文校内,初中,production
jianzisheng_cn_junior_chapter_expansion_v1_cn-junior-g7-distributive-property_007,化简：5(3x-1)，结果是多少？,15x-5,multiple_choice,A:15x-1|B:8x-5|C:15x|D:-5x+3|E:15x-5,3,prealg_expressions;prealg_simplification,distributive_property;signed_coefficient_fluency,distribution;expression_simplification,partial_distribution_error;signed_coefficient_error,用 5 分别乘括号里的每一项，得到 15x 和 -5，所以结果是 15x-5。,CN Junior High Math,整式,cn-junior-g7-distributive-property,七年级：去括号与分配律,24266,jianzisheng_cn_junior_chapter_expansion_v1,local-ocr-derived: jianzisheng_cn_junior_grade7_batch2_v0; chapter=cn-junior-g7-distributive-property; expansion=v1,Standard,Bridge,cn_distributive_simplification,symbolic_fluency;operation_selection,110,Chapter-level expansion from existing cleaned Jian Zi Sheng junior OCR coverage signals. Project-native original-equivalent variants; no direct textbook exercise text is reproduced.,zh,CN,CN,中文校内,初中,production
jianzisheng_cn_junior_chapter_expansion_v1_cn-junior-g7-distributive-property_008,化简：-4(-3x+1)，结果是多少？,12x-4,multiple_choice,A:-7x-4|B:12x|C:-4x-3|D:12x-4|E:12x+1,3,prealg_expressions;prealg_simplification,distributive_property;signed_coefficient_fluency,distribution;expression_simplification,partial_distribution_error;signed_coefficient_error,用 -4 分别乘括号里的每一项，得到 12x 和 -4，所以结果是 12x-4。,CN Junior High Math,整式,cn-junior-g7-distributive-property,七年级：去括号与分配律,24267,jianzisheng_cn_junior_chapter_expansion_v1,local-ocr-derived: jianzisheng_cn_junior_grade7_batch2_v0; chapter=cn-junior-g7-distributive-property; expansion=v1,Standard,Bridge,cn_distributive_simplification,symbolic_fluency;operation_selection,110,Chapter-level expansion from existing cleaned Jian Zi Sheng junior OCR coverage signals. Project-native original-equivalent variants; no direct textbook exercise text is reproduced.,zh,CN,CN,中文校内,初中,production
jianzisheng_cn_junior_chapter_expansion_v1_cn-junior-g7-distributive-property_009,化简：-3(-2x+3)，结果是多少？,6x-9,multiple_choice,A:6x|B:-9x-2|C:6x-9|D:6x+3|E:-5x-9,3,prealg_expressions;prealg_simplification,distributive_property;signed_coefficient_fluency,distribution;expression_simplification,partial_distribution_error;signed_coefficient_error,用 -3 分别乘括号里的每一项，得到 6x 和 -9，所以结果是 6x-9。,CN Junior High Math,整式,cn-junior-g7-distributive-property,七年级：去括号与分配律,24268,jianzisheng_cn_junior_chapter_expansion_v1,local-ocr-derived: jianzisheng_cn_junior_grade7_batch2_v0; chapter=cn-junior-g7-distributive-property; expansion=v1,Standard,Bridge,cn_distributive_simplification,symbolic_fluency;operation_selection,110,Chapter-level expansion from existing cleaned Jian Zi Sheng junior OCR coverage signals. Project-native original-equivalent variants; no direct textbook exercise text is reproduced.,zh,CN,CN,中文校内,初中,production
jianzisheng_cn_junior_chapter_expansion_v1_cn-junior-g7-distributive-property_010,化简：-2(-1x+5)，结果是多少？,2x-10,multiple_choice,A:-10x-1|B:2x-10|C:2x+5|D:-3x-10|E:2x,3,prealg_expressions;prealg_simplification,distributive_property;signed_coefficient_fluency,distribution;expression_simplification,partial_distribution_error;signed_coefficient_error,用 -2 分别乘括号里的每一项，得到 2x 和 -10，所以结果是 2x-10。,CN Junior High Math,整式,cn-junior-g7-distributive-property,七年级：去括号与分配律,24269,jianzisheng_cn_junior_chapter_expansion_v1,local-ocr-derived: jianzisheng_cn_junior_grade7_batch2_v0; chapter=cn-junior-g7-distributive-property; expansion=v1,Standard,Bridge,cn_distributive_simplification,symbolic_fluency;operation_selection,110,Chapter-level expansion from existing cleaned Jian Zi Sheng junior OCR coverage signals. Project-native original-equivalent variants; no direct textbook exercise text is reproduced.,zh,CN,CN,中文校内,初中,production
jianzisheng_cn_junior_chapter_expansion_v1_cn-junior-g7-distributive-property_011,化简：2(0x-4)，结果是多少？,0x-8,multiple_choice,A:0x-8|B:0x-4|C:2x-8|D:0x|E:-8x+0,3,prealg_expressions;prealg_simplification,distributive_property;signed_coefficient_fluency,distribution;expression_simplification,partial_distribution_error;signed_coefficient_error,用 2 分别乘括号里的每一项，得到 0x 和 -8，所以结果是 0x-8。,CN Junior High Math,整式,cn-junior-g7-distributive-property,七年级：去括号与分配律,24270,jianzisheng_cn_junior_chapter_expansion_v1,local-ocr-derived: jianzisheng_cn_junior_grade7_batch2_v0; chapter=cn-junior-g7-distributive-property; expansion=v1,Standard,Bridge,cn_distributive_simplification,symbolic_fluency;operation_selection,110,Chapter-level expansion from existing cleaned Jian Zi Sheng junior OCR coverage signals. Project-native original-equivalent variants; no direct textbook exercise text is reproduced.,zh,CN,CN,中文校内,初中,production
jianzisheng_cn_junior_chapter_expansion_v1_cn-junior-g7-distributive-property_012,化简：3(1x-2)，结果是多少？,3x-6,multiple_choice,A:3x-2|B:4x-6|C:3x|D:-6x+1|E:3x-6,3,prealg_expressions;prealg_simplification,distributive_property;signed_coefficient_fluency,distribution;expression_simplification,partial_distribution_error;signed_coefficient_error,用 3 分别乘括号里的每一项，得到 3x 和 -6，所以结果是 3x-6。,CN Junior High Math,整式,cn-junior-g7-distributive-property,七年级：去括号与分配律,24271,jianzisheng_cn_junior_chapter_expansion_v1,local-ocr-derived: jianzisheng_cn_junior_grade7_batch2_v0; chapter=cn-junior-g7-distributive-property; expansion=v1,Standard,Bridge,cn_distributive_simplification,symbolic_fluency;operation_selection,110,Chapter-level expansion from existing cleaned Jian Zi Sheng junior OCR coverage signals. Project-native original-equivalent variants; no direct textbook exercise text is reproduced.,zh,CN,CN,中文校内,初中,production
jianzisheng_cn_junior_chapter_expansion_v1_cn-junior-g7-distributive-property_013,化简：4(2x+0)，结果是多少？,8x+0,multiple_choice,A:8x|B:0x+2|C:8x+0+5|D:8x+0|E:6x+0,3,prealg_expressions;prealg_simplification,distributive_property;signed_coefficient_fluency,distribution;expression_simplification,partial_distribution_error;signed_coefficient_error,用 4 分别乘括号里的每一项，得到 8x 和 0，所以结果是 8x+0。,CN Junior High Math,整式,cn-junior-g7-distributive-property,七年级：去括号与分配律,24272,jianzisheng_cn_junior_chapter_expansion_v1,local-ocr-derived: jianzisheng_cn_junior_grade7_batch2_v0; chapter=cn-junior-g7-distributive-property; expansion=v1,Standard,Bridge,cn_distributive_simplification,symbolic_fluency;operation_selection,110,Chapter-level expansion from existing cleaned Jian Zi Sheng junior OCR coverage signals. Project-native original-equivalent variants; no direct textbook exercise text is reproduced.,zh,CN,CN,中文校内,初中,production
jianzisheng_cn_junior_chapter_expansion_v1_cn-junior-g7-distributive-property_014,化简：5(3x+2)，结果是多少？,15x+10,multiple_choice,A:15x|B:10x+3|C:15x+10|D:15x+2|E:8x+10,3,prealg_expressions;prealg_simplification,distributive_property;signed_coefficient_fluency,distribution;expression_simplification,partial_distribution_error;signed_coefficient_error,用 5 分别乘括号里的每一项，得到 15x 和 10，所以结果是 15x+10。,CN Junior High Math,整式,cn-junior-g7-distributive-property,七年级：去括号与分配律,24273,jianzisheng_cn_junior_chapter_expansion_v1,local-ocr-derived: jianzisheng_cn_junior_grade7_batch2_v0; chapter=cn-junior-g7-distributive-property; expansion=v1,Standard,Bridge,cn_distributive_simplification,symbolic_fluency;operation_selection,110,Chapter-level expansion from existing cleaned Jian Zi Sheng junior OCR coverage signals. Project-native original-equivalent variants; no direct textbook exercise text is reproduced.,zh,CN,CN,中文校内,初中,production
jianzisheng_cn_junior_chapter_expansion_v1_cn-junior-g7-linear-equation-applications_001,某活动门票每张 11 元，另需一次性服务费 2 元。共花 134 元，买了多少张票？,12,multiple_choice,A:12|B:132|C:13|D:11|E:17,4,alg_linear_equations;prealg_word_to_equation,word_problem_modeling;linear_equation_solving,fixed_fee_plus_rate;equation_from_context,missing_fixed_fee;division_before_subtraction_error,设买了 x 张票，列方程 11x+2=134，解得 x=12。,CN Junior High Math,一元一次方程,cn-junior-g7-linear-equation-applications,七年级：一元一次方程应用,24280,jianzisheng_cn_junior_chapter_expansion_v1,local-ocr-derived: jianzisheng_cn_junior_grade7_batch2_v0; chapter=cn-junior-g7-linear-equation-applications; expansion=v1,Honors,Algebra Readiness,cn_g7_linear_equation_word_problem,modeling;inverse_operations,130,Chapter-level expansion from existing cleaned Jian Zi Sheng junior OCR coverage signals. Project-native original-equivalent variants; no direct textbook exercise text is reproduced.,zh,CN,CN,中文校内,初中,production
jianzisheng_cn_junior_chapter_expansion_v1_cn-junior-g7-linear-equation-applications_002,某活动门票每张 4 元，另需一次性服务费 3 元。共花 23 元，买了多少张票？,5,multiple_choice,A:6|B:20|C:4|D:10|E:5,4,alg_linear_equations;prealg_word_to_equation,word_problem_modeling;linear_equation_solving,fixed_fee_plus_rate;equation_from_context,missing_fixed_fee;division_before_subtraction_error,设买了 x 张票，列方程 4x+3=23，解得 x=5。,CN Junior High Math,一元一次方程,cn-junior-g7-linear-equation-applications,七年级：一元一次方程应用,24281,jianzisheng_cn_junior_chapter_expansion_v1,local-ocr-derived: jianzisheng_cn_junior_grade7_batch2_v0; chapter=cn-junior-g7-linear-equation-applications; expansion=v1,Honors,Algebra Readiness,cn_g7_linear_equation_word_problem,modeling;inverse_operations,130,Chapter-level expansion from existing cleaned Jian Zi Sheng junior OCR coverage signals. Project-native original-equivalent variants; no direct textbook exercise text is reproduced.,zh,CN,CN,中文校内,初中,production
jianzisheng_cn_junior_chapter_expansion_v1_cn-junior-g7-linear-equation-applications_003,某活动门票每张 5 元，另需一次性服务费 4 元。共花 34 元，买了多少张票？,6,multiple_choice,A:30|B:5|C:11|D:6|E:7,4,alg_linear_equations;prealg_word_to_equation,word_problem_modeling;linear_equation_solving,fixed_fee_plus_rate;equation_from_context,missing_fixed_fee;division_before_subtraction_error,设买了 x 张票，列方程 5x+4=34，解得 x=6。,CN Junior High Math,一元一次方程,cn-junior-g7-linear-equation-applications,七年级：一元一次方程应用,24282,jianzisheng_cn_junior_chapter_expansion_v1,local-ocr-derived: jianzisheng_cn_junior_grade7_batch2_v0; chapter=cn-junior-g7-linear-equation-applications; expansion=v1,Honors,Algebra Readiness,cn_g7_linear_equation_word_problem,modeling;inverse_operations,130,Chapter-level expansion from existing cleaned Jian Zi Sheng junior OCR coverage signals. Project-native original-equivalent variants; no direct textbook exercise text is reproduced.,zh,CN,CN,中文校内,初中,production
jianzisheng_cn_junior_chapter_expansion_v1_cn-junior-g7-linear-equation-applications_004,某活动门票每张 6 元，另需一次性服务费 5 元。共花 47 元，买了多少张票？,7,multiple_choice,A:6|B:12|C:7|D:8|E:42,4,alg_linear_equations;prealg_word_to_equation,word_problem_modeling;linear_equation_solving,fixed_fee_plus_rate;equation_from_context,missing_fixed_fee;division_before_subtraction_error,设买了 x 张票，列方程 6x+5=47，解得 x=7。,CN Junior High Math,一元一次方程,cn-junior-g7-linear-equation-applications,七年级：一元一次方程应用,24283,jianzisheng_cn_junior_chapter_expansion_v1,local-ocr-derived: jianzisheng_cn_junior_grade7_batch2_v0; chapter=cn-junior-g7-linear-equation-applications; expansion=v1,Honors,Algebra Readiness,cn_g7_linear_equation_word_problem,modeling;inverse_operations,130,Chapter-level expansion from existing cleaned Jian Zi Sheng junior OCR coverage signals. Project-native original-equivalent variants; no direct textbook exercise text is reproduced.,zh,CN,CN,中文校内,初中,production
jianzisheng_cn_junior_chapter_expansion_v1_cn-junior-g7-linear-equation-applications_005,某活动门票每张 7 元，另需一次性服务费 6 元。共花 62 元，买了多少张票？,8,multiple_choice,A:13|B:8|C:9|D:56|E:7,4,alg_linear_equations;prealg_word_to_equation,word_problem_modeling;linear_equation_solving,fixed_fee_plus_rate;equation_from_context,missing_fixed_fee;division_before_subtraction_error,设买了 x 张票，列方程 7x+6=62，解得 x=8。,CN Junior High Math,一元一次方程,cn-junior-g7-linear-equation-applications,七年级：一元一次方程应用,24284,jianzisheng_cn_junior_chapter_expansion_v1,local-ocr-derived: jianzisheng_cn_junior_grade7_batch2_v0; chapter=cn-junior-g7-linear-equation-applications; expansion=v1,Honors,Algebra Readiness,cn_g7_linear_equation_word_problem,modeling;inverse_operations,130,Chapter-level expansion from existing cleaned Jian Zi Sheng junior OCR coverage signals. Project-native original-equivalent variants; no direct textbook exercise text is reproduced.,zh,CN,CN,中文校内,初中,production
jianzisheng_cn_junior_chapter_expansion_v1_cn-junior-g7-linear-equation-applications_006,某活动门票每张 8 元，另需一次性服务费 7 元。共花 79 元，买了多少张票？,9,multiple_choice,A:9|B:10|C:72|D:8|E:14,4,alg_linear_equations;prealg_word_to_equation,word_problem_modeling;linear_equation_solving,fixed_fee_plus_rate;equation_from_context,missing_fixed_fee;division_before_subtraction_error,设买了 x 张票，列方程 8x+7=79，解得 x=9。,CN Junior High Math,一元一次方程,cn-junior-g7-linear-equation-applications,七年级：一元一次方程应用,24285,jianzisheng_cn_junior_chapter_expansion_v1,local-ocr-derived: jianzisheng_cn_junior_grade7_batch2_v0; chapter=cn-junior-g7-linear-equation-applications; expansion=v1,Honors,Algebra Readiness,cn_g7_linear_equation_word_problem,modeling;inverse_operations,130,Chapter-level expansion from existing cleaned Jian Zi Sheng junior OCR coverage signals. Project-native original-equivalent variants; no direct textbook exercise text is reproduced.,zh,CN,CN,中文校内,初中,production
jianzisheng_cn_junior_chapter_expansion_v1_cn-junior-g7-linear-equation-applications_007,某活动门票每张 9 元，另需一次性服务费 8 元。共花 98 元，买了多少张票？,10,multiple_choice,A:11|B:90|C:9|D:15|E:10,4,alg_linear_equations;prealg_word_to_equation,word_problem_modeling;linear_equation_solving,fixed_fee_plus_rate;equation_from_context,missing_fixed_fee;division_before_subtraction_error,设买了 x 张票，列方程 9x+8=98，解得 x=10。,CN Junior High Math,一元一次方程,cn-junior-g7-linear-equation-applications,七年级：一元一次方程应用,24286,jianzisheng_cn_junior_chapter_expansion_v1,local-ocr-derived: jianzisheng_cn_junior_grade7_batch2_v0; chapter=cn-junior-g7-linear-equation-applications; expansion=v1,Honors,Algebra Readiness,cn_g7_linear_equation_word_problem,modeling;inverse_operations,130,Chapter-level expansion from existing cleaned Jian Zi Sheng junior OCR coverage signals. Project-native original-equivalent variants; no direct textbook exercise text is reproduced.,zh,CN,CN,中文校内,初中,production
jianzisheng_cn_junior_chapter_expansion_v1_cn-junior-g7-linear-equation-applications_008,某活动门票每张 10 元，另需一次性服务费 2 元。共花 112 元，买了多少张票？,11,multiple_choice,A:12|B:10|C:16|D:11|E:110,4,alg_linear_equations;prealg_word_to_equation,word_problem_modeling;linear_equation_solving,fixed_fee_plus_rate;equation_from_context,missing_fixed_fee;division_before_subtraction_error,设买了 x 张票，列方程 10x+2=112，解得 x=11。,CN Junior High Math,一元一次方程,cn-junior-g7-linear-equation-applications,七年级：一元一次方程应用,24287,jianzisheng_cn_junior_chapter_expansion_v1,local-ocr-derived: jianzisheng_cn_junior_grade7_batch2_v0; chapter=cn-junior-g7-linear-equation-applications; expansion=v1,Honors,Algebra Readiness,cn_g7_linear_equation_word_problem,modeling;inverse_operations,130,Chapter-level expansion from existing cleaned Jian Zi Sheng junior OCR coverage signals. Project-native original-equivalent variants; no direct textbook exercise text is reproduced.,zh,CN,CN,中文校内,初中,production
jianzisheng_cn_junior_chapter_expansion_v1_cn-junior-g7-linear-equation-applications_009,某活动门票每张 11 元，另需一次性服务费 3 元。共花 135 元，买了多少张票？,12,multiple_choice,A:11|B:17|C:12|D:132|E:13,4,alg_linear_equations;prealg_word_to_equation,word_problem_modeling;linear_equation_solving,fixed_fee_plus_rate;equation_from_context,missing_fixed_fee;division_before_subtraction_error,设买了 x 张票，列方程 11x+3=135，解得 x=12。,CN Junior High Math,一元一次方程,cn-junior-g7-linear-equation-applications,七年级：一元一次方程应用,24288,jianzisheng_cn_junior_chapter_expansion_v1,local-ocr-derived: jianzisheng_cn_junior_grade7_batch2_v0; chapter=cn-junior-g7-linear-equation-applications; expansion=v1,Honors,Algebra Readiness,cn_g7_linear_equation_word_problem,modeling;inverse_operations,130,Chapter-level expansion from existing cleaned Jian Zi Sheng junior OCR coverage signals. Project-native original-equivalent variants; no direct textbook exercise text is reproduced.,zh,CN,CN,中文校内,初中,production
jianzisheng_cn_junior_chapter_expansion_v1_cn-junior-g7-linear-equation-applications_010,某活动门票每张 4 元，另需一次性服务费 4 元。共花 24 元，买了多少张票？,5,multiple_choice,A:10|B:5|C:6|D:20|E:4,4,alg_linear_equations;prealg_word_to_equation,word_problem_modeling;linear_equation_solving,fixed_fee_plus_rate;equation_from_context,missing_fixed_fee;division_before_subtraction_error,设买了 x 张票，列方程 4x+4=24，解得 x=5。,CN Junior High Math,一元一次方程,cn-junior-g7-linear-equation-applications,七年级：一元一次方程应用,24289,jianzisheng_cn_junior_chapter_expansion_v1,local-ocr-derived: jianzisheng_cn_junior_grade7_batch2_v0; chapter=cn-junior-g7-linear-equation-applications; expansion=v1,Honors,Algebra Readiness,cn_g7_linear_equation_word_problem,modeling;inverse_operations,130,Chapter-level expansion from existing cleaned Jian Zi Sheng junior OCR coverage signals. Project-native original-equivalent variants; no direct textbook exercise text is reproduced.,zh,CN,CN,中文校内,初中,production
jianzisheng_cn_junior_chapter_expansion_v1_cn-junior-g7-linear-equation-applications_011,某活动门票每张 5 元，另需一次性服务费 5 元。共花 35 元，买了多少张票？,6,multiple_choice,A:6|B:7|C:30|D:5|E:11,4,alg_linear_equations;prealg_word_to_equation,word_problem_modeling;linear_equation_solving,fixed_fee_plus_rate;equation_from_context,missing_fixed_fee;division_before_subtraction_error,设买了 x 张票，列方程 5x+5=35，解得 x=6。,CN Junior High Math,一元一次方程,cn-junior-g7-linear-equation-applications,七年级：一元一次方程应用,24290,jianzisheng_cn_junior_chapter_expansion_v1,local-ocr-derived: jianzisheng_cn_junior_grade7_batch2_v0; chapter=cn-junior-g7-linear-equation-applications; expansion=v1,Honors,Algebra Readiness,cn_g7_linear_equation_word_problem,modeling;inverse_operations,130,Chapter-level expansion from existing cleaned Jian Zi Sheng junior OCR coverage signals. Project-native original-equivalent variants; no direct textbook exercise text is reproduced.,zh,CN,CN,中文校内,初中,production
jianzisheng_cn_junior_chapter_expansion_v1_cn-junior-g7-linear-equation-applications_012,某活动门票每张 6 元，另需一次性服务费 6 元。共花 48 元，买了多少张票？,7,multiple_choice,A:8|B:42|C:6|D:12|E:7,4,alg_linear_equations;prealg_word_to_equation,word_problem_modeling;linear_equation_solving,fixed_fee_plus_rate;equation_from_context,missing_fixed_fee;division_before_subtraction_error,设买了 x 张票，列方程 6x+6=48，解得 x=7。,CN Junior High Math,一元一次方程,cn-junior-g7-linear-equation-applications,七年级：一元一次方程应用,24291,jianzisheng_cn_junior_chapter_expansion_v1,local-ocr-derived: jianzisheng_cn_junior_grade7_batch2_v0; chapter=cn-junior-g7-linear-equation-applications; expansion=v1,Honors,Algebra Readiness,cn_g7_linear_equation_word_problem,modeling;inverse_operations,130,Chapter-level expansion from existing cleaned Jian Zi Sheng junior OCR coverage signals. Project-native original-equivalent variants; no direct textbook exercise text is reproduced.,zh,CN,CN,中文校内,初中,production
jianzisheng_cn_junior_chapter_expansion_v1_cn-junior-g7-linear-equation-applications_013,某活动门票每张 7 元，另需一次性服务费 7 元。共花 63 元，买了多少张票？,8,multiple_choice,A:56|B:7|C:13|D:8|E:9,4,alg_linear_equations;prealg_word_to_equation,word_problem_modeling;linear_equation_solving,fixed_fee_plus_rate;equation_from_context,missing_fixed_fee;division_before_subtraction_error,设买了 x 张票，列方程 7x+7=63，解得 x=8。,CN Junior High Math,一元一次方程,cn-junior-g7-linear-equation-applications,七年级：一元一次方程应用,24292,jianzisheng_cn_junior_chapter_expansion_v1,local-ocr-derived: jianzisheng_cn_junior_grade7_batch2_v0; chapter=cn-junior-g7-linear-equation-applications; expansion=v1,Honors,Algebra Readiness,cn_g7_linear_equation_word_problem,modeling;inverse_operations,130,Chapter-level expansion from existing cleaned Jian Zi Sheng junior OCR coverage signals. Project-native original-equivalent variants; no direct textbook exercise text is reproduced.,zh,CN,CN,中文校内,初中,production
jianzisheng_cn_junior_chapter_expansion_v1_cn-junior-g7-linear-equation-applications_014,某活动门票每张 8 元，另需一次性服务费 8 元。共花 80 元，买了多少张票？,9,multiple_choice,A:8|B:14|C:9|D:10|E:72,4,alg_linear_equations;prealg_word_to_equation,word_problem_modeling;linear_equation_solving,fixed_fee_plus_rate;equation_from_context,missing_fixed_fee;division_before_subtraction_error,设买了 x 张票，列方程 8x+8=80，解得 x=9。,CN Junior High Math,一元一次方程,cn-junior-g7-linear-equation-applications,七年级：一元一次方程应用,24293,jianzisheng_cn_junior_chapter_expansion_v1,local-ocr-derived: jianzisheng_cn_junior_grade7_batch2_v0; chapter=cn-junior-g7-linear-equation-applications; expansion=v1,Honors,Algebra Readiness,cn_g7_linear_equation_word_problem,modeling;inverse_operations,130,Chapter-level expansion from existing cleaned Jian Zi Sheng junior OCR coverage signals. Project-native original-equivalent variants; no direct textbook exercise text is reproduced.,zh,CN,CN,中文校内,初中,production
jianzisheng_cn_junior_chapter_expansion_v1_cn-junior-g7-negative-inequalities_001,解不等式：-3x+3<-6，正确结果是哪一项？,x>3,multiple_choice,A:x>3|B:x<3|C:x>2|D:x<2|E:x=3,4,alg_linear_inequalities;alg_linear_equations;arith_integers,negative_coefficient_inequality;inverse_operations,inequality_sign_flip;linear_inequality,inequality_direction_error;negative_division_error,移项后两边除以负数 -3，不等号方向要改变，所以 x>3。,CN Junior High Math,不等式,cn-junior-g7-negative-inequalities,七年级：负系数不等式,24300,jianzisheng_cn_junior_chapter_expansion_v1,local-ocr-derived: jianzisheng_cn_junior_grade7_batch2_v0; chapter=cn-junior-g7-negative-inequalities; expansion=v1,Honors,Algebra Readiness,cn_g7_negative_coefficient_inequality,relation_reasoning;signed_number_fluency,130,Chapter-level expansion from existing cleaned Jian Zi Sheng junior OCR coverage signals. Project-native original-equivalent variants; no direct textbook exercise text is reproduced.,zh,CN,CN,中文校内,初中,production
jianzisheng_cn_junior_chapter_expansion_v1_cn-junior-g7-negative-inequalities_002,解不等式：-4x+4<-12，正确结果是哪一项？,x>4,multiple_choice,A:x<4|B:x>3|C:x<3|D:x=4|E:x>4,4,alg_linear_inequalities;alg_linear_equations;arith_integers,negative_coefficient_inequality;inverse_operations,inequality_sign_flip;linear_inequality,inequality_direction_error;negative_division_error,移项后两边除以负数 -4，不等号方向要改变，所以 x>4。,CN Junior High Math,不等式,cn-junior-g7-negative-inequalities,七年级：负系数不等式,24301,jianzisheng_cn_junior_chapter_expansion_v1,local-ocr-derived: jianzisheng_cn_junior_grade7_batch2_v0; chapter=cn-junior-g7-negative-inequalities; expansion=v1,Honors,Algebra Readiness,cn_g7_negative_coefficient_inequality,relation_reasoning;signed_number_fluency,130,Chapter-level expansion from existing cleaned Jian Zi Sheng junior OCR coverage signals. Project-native original-equivalent variants; no direct textbook exercise text is reproduced.,zh,CN,CN,中文校内,初中,production
jianzisheng_cn_junior_chapter_expansion_v1_cn-junior-g7-negative-inequalities_003,解不等式：-5x-4<-29，正确结果是哪一项？,x>5,multiple_choice,A:x>4|B:x<4|C:x=5|D:x>5|E:x<5,4,alg_linear_inequalities;alg_linear_equations;arith_integers,negative_coefficient_inequality;inverse_operations,inequality_sign_flip;linear_inequality,inequality_direction_error;negative_division_error,移项后两边除以负数 -5，不等号方向要改变，所以 x>5。,CN Junior High Math,不等式,cn-junior-g7-negative-inequalities,七年级：负系数不等式,24302,jianzisheng_cn_junior_chapter_expansion_v1,local-ocr-derived: jianzisheng_cn_junior_grade7_batch2_v0; chapter=cn-junior-g7-negative-inequalities; expansion=v1,Honors,Algebra Readiness,cn_g7_negative_coefficient_inequality,relation_reasoning;signed_number_fluency,130,Chapter-level expansion from existing cleaned Jian Zi Sheng junior OCR coverage signals. Project-native original-equivalent variants; no direct textbook exercise text is reproduced.,zh,CN,CN,中文校内,初中,production
jianzisheng_cn_junior_chapter_expansion_v1_cn-junior-g7-negative-inequalities_004,解不等式：-6x-3<-39，正确结果是哪一项？,x>6,multiple_choice,A:x<5|B:x=6|C:x>6|D:x<6|E:x>5,4,alg_linear_inequalities;alg_linear_equations;arith_integers,negative_coefficient_inequality;inverse_operations,inequality_sign_flip;linear_inequality,inequality_direction_error;negative_division_error,移项后两边除以负数 -6，不等号方向要改变，所以 x>6。,CN Junior High Math,不等式,cn-junior-g7-negative-inequalities,七年级：负系数不等式,24303,jianzisheng_cn_junior_chapter_expansion_v1,local-ocr-derived: jianzisheng_cn_junior_grade7_batch2_v0; chapter=cn-junior-g7-negative-inequalities; expansion=v1,Honors,Algebra Readiness,cn_g7_negative_coefficient_inequality,relation_reasoning;signed_number_fluency,130,Chapter-level expansion from existing cleaned Jian Zi Sheng junior OCR coverage signals. Project-native original-equivalent variants; no direct textbook exercise text is reproduced.,zh,CN,CN,中文校内,初中,production
jianzisheng_cn_junior_chapter_expansion_v1_cn-junior-g7-negative-inequalities_005,解不等式：-7x-2<-51，正确结果是哪一项？,x>7,multiple_choice,A:x=7|B:x>7|C:x<7|D:x>6|E:x<6,4,alg_linear_inequalities;alg_linear_equations;arith_integers,negative_coefficient_inequality;inverse_operations,inequality_sign_flip;linear_inequality,inequality_direction_error;negative_division_error,移项后两边除以负数 -7，不等号方向要改变，所以 x>7。,CN Junior High Math,不等式,cn-junior-g7-negative-inequalities,七年级：负系数不等式,24304,jianzisheng_cn_junior_chapter_expansion_v1,local-ocr-derived: jianzisheng_cn_junior_grade7_batch2_v0; chapter=cn-junior-g7-negative-inequalities; expansion=v1,Honors,Algebra Readiness,cn_g7_negative_coefficient_inequality,relation_reasoning;signed_number_fluency,130,Chapter-level expansion from existing cleaned Jian Zi Sheng junior OCR coverage signals. Project-native original-equivalent variants; no direct textbook exercise text is reproduced.,zh,CN,CN,中文校内,初中,production
jianzisheng_cn_junior_chapter_expansion_v1_cn-junior-g7-negative-inequalities_006,解不等式：-2x-1<-17，正确结果是哪一项？,x>8,multiple_choice,A:x>8|B:x<8|C:x>7|D:x<7|E:x=8,4,alg_linear_inequalities;alg_linear_equations;arith_integers,negative_coefficient_inequality;inverse_operations,inequality_sign_flip;linear_inequality,inequality_direction_error;negative_division_error,移项后两边除以负数 -2，不等号方向要改变，所以 x>8。,CN Junior High Math,不等式,cn-junior-g7-negative-inequalities,七年级：负系数不等式,24305,jianzisheng_cn_junior_chapter_expansion_v1,local-ocr-derived: jianzisheng_cn_junior_grade7_batch2_v0; chapter=cn-junior-g7-negative-inequalities; expansion=v1,Honors,Algebra Readiness,cn_g7_negative_coefficient_inequality,relation_reasoning;signed_number_fluency,130,Chapter-level expansion from existing cleaned Jian Zi Sheng junior OCR coverage signals. Project-native original-equivalent variants; no direct textbook exercise text is reproduced.,zh,CN,CN,中文校内,初中,production
jianzisheng_cn_junior_chapter_expansion_v1_cn-junior-g7-negative-inequalities_007,解不等式：-3x+0<-27，正确结果是哪一项？,x>9,multiple_choice,A:x<9|B:x>8|C:x<8|D:x=9|E:x>9,4,alg_linear_inequalities;alg_linear_equations;arith_integers,negative_coefficient_inequality;inverse_operations,inequality_sign_flip;linear_inequality,inequality_direction_error;negative_division_error,移项后两边除以负数 -3，不等号方向要改变，所以 x>9。,CN Junior High Math,不等式,cn-junior-g7-negative-inequalities,七年级：负系数不等式,24306,jianzisheng_cn_junior_chapter_expansion_v1,local-ocr-derived: jianzisheng_cn_junior_grade7_batch2_v0; chapter=cn-junior-g7-negative-inequalities; expansion=v1,Honors,Algebra Readiness,cn_g7_negative_coefficient_inequality,relation_reasoning;signed_number_fluency,130,Chapter-level expansion from existing cleaned Jian Zi Sheng junior OCR coverage signals. Project-native original-equivalent variants; no direct textbook exercise text is reproduced.,zh,CN,CN,中文校内,初中,production
jianzisheng_cn_junior_chapter_expansion_v1_cn-junior-g7-negative-inequalities_008,解不等式：-4x+1<-11，正确结果是哪一项？,x>3,multiple_choice,A:x>2|B:x<2|C:x=3|D:x>3|E:x<3,4,alg_linear_inequalities;alg_linear_equations;arith_integers,negative_coefficient_inequality;inverse_operations,inequality_sign_flip;linear_inequality,inequality_direction_error;negative_division_error,移项后两边除以负数 -4，不等号方向要改变，所以 x>3。,CN Junior High Math,不等式,cn-junior-g7-negative-inequalities,七年级：负系数不等式,24307,jianzisheng_cn_junior_chapter_expansion_v1,local-ocr-derived: jianzisheng_cn_junior_grade7_batch2_v0; chapter=cn-junior-g7-negative-inequalities; expansion=v1,Honors,Algebra Readiness,cn_g7_negative_coefficient_inequality,relation_reasoning;signed_number_fluency,130,Chapter-level expansion from existing cleaned Jian Zi Sheng junior OCR coverage signals. Project-native original-equivalent variants; no direct textbook exercise text is reproduced.,zh,CN,CN,中文校内,初中,production
jianzisheng_cn_junior_chapter_expansion_v1_cn-junior-g7-negative-inequalities_009,解不等式：-5x+2<-18，正确结果是哪一项？,x>4,multiple_choice,A:x<3|B:x=4|C:x>4|D:x<4|E:x>3,4,alg_linear_inequalities;alg_linear_equations;arith_integers,negative_coefficient_inequality;inverse_operations,inequality_sign_flip;linear_inequality,inequality_direction_error;negative_division_error,移项后两边除以负数 -5，不等号方向要改变，所以 x>4。,CN Junior High Math,不等式,cn-junior-g7-negative-inequalities,七年级：负系数不等式,24308,jianzisheng_cn_junior_chapter_expansion_v1,local-ocr-derived: jianzisheng_cn_junior_grade7_batch2_v0; chapter=cn-junior-g7-negative-inequalities; expansion=v1,Honors,Algebra Readiness,cn_g7_negative_coefficient_inequality,relation_reasoning;signed_number_fluency,130,Chapter-level expansion from existing cleaned Jian Zi Sheng junior OCR coverage signals. Project-native original-equivalent variants; no direct textbook exercise text is reproduced.,zh,CN,CN,中文校内,初中,production
jianzisheng_cn_junior_chapter_expansion_v1_cn-junior-g7-negative-inequalities_010,解不等式：-6x+3<-27，正确结果是哪一项？,x>5,multiple_choice,A:x=5|B:x>5|C:x<5|D:x>4|E:x<4,4,alg_linear_inequalities;alg_linear_equations;arith_integers,negative_coefficient_inequality;inverse_operations,inequality_sign_flip;linear_inequality,inequality_direction_error;negative_division_error,移项后两边除以负数 -6，不等号方向要改变，所以 x>5。,CN Junior High Math,不等式,cn-junior-g7-negative-inequalities,七年级：负系数不等式,24309,jianzisheng_cn_junior_chapter_expansion_v1,local-ocr-derived: jianzisheng_cn_junior_grade7_batch2_v0; chapter=cn-junior-g7-negative-inequalities; expansion=v1,Honors,Algebra Readiness,cn_g7_negative_coefficient_inequality,relation_reasoning;signed_number_fluency,130,Chapter-level expansion from existing cleaned Jian Zi Sheng junior OCR coverage signals. Project-native original-equivalent variants; no direct textbook exercise text is reproduced.,zh,CN,CN,中文校内,初中,production
jianzisheng_cn_junior_chapter_expansion_v1_cn-junior-g7-negative-inequalities_011,解不等式：-7x+4<-38，正确结果是哪一项？,x>6,multiple_choice,A:x>6|B:x<6|C:x>5|D:x<5|E:x=6,4,alg_linear_inequalities;alg_linear_equations;arith_integers,negative_coefficient_inequality;inverse_operations,inequality_sign_flip;linear_inequality,inequality_direction_error;negative_division_error,移项后两边除以负数 -7，不等号方向要改变，所以 x>6。,CN Junior High Math,不等式,cn-junior-g7-negative-inequalities,七年级：负系数不等式,24310,jianzisheng_cn_junior_chapter_expansion_v1,local-ocr-derived: jianzisheng_cn_junior_grade7_batch2_v0; chapter=cn-junior-g7-negative-inequalities; expansion=v1,Honors,Algebra Readiness,cn_g7_negative_coefficient_inequality,relation_reasoning;signed_number_fluency,130,Chapter-level expansion from existing cleaned Jian Zi Sheng junior OCR coverage signals. Project-native original-equivalent variants; no direct textbook exercise text is reproduced.,zh,CN,CN,中文校内,初中,production
jianzisheng_cn_junior_chapter_expansion_v1_cn-junior-g7-negative-inequalities_012,解不等式：-2x-4<-18，正确结果是哪一项？,x>7,multiple_choice,A:x<7|B:x>6|C:x<6|D:x=7|E:x>7,4,alg_linear_inequalities;alg_linear_equations;arith_integers,negative_coefficient_inequality;inverse_operations,inequality_sign_flip;linear_inequality,inequality_direction_error;negative_division_error,移项后两边除以负数 -2，不等号方向要改变，所以 x>7。,CN Junior High Math,不等式,cn-junior-g7-negative-inequalities,七年级：负系数不等式,24311,jianzisheng_cn_junior_chapter_expansion_v1,local-ocr-derived: jianzisheng_cn_junior_grade7_batch2_v0; chapter=cn-junior-g7-negative-inequalities; expansion=v1,Honors,Algebra Readiness,cn_g7_negative_coefficient_inequality,relation_reasoning;signed_number_fluency,130,Chapter-level expansion from existing cleaned Jian Zi Sheng junior OCR coverage signals. Project-native original-equivalent variants; no direct textbook exercise text is reproduced.,zh,CN,CN,中文校内,初中,production
jianzisheng_cn_junior_chapter_expansion_v1_cn-junior-g7-negative-inequalities_013,解不等式：-3x-3<-27，正确结果是哪一项？,x>8,multiple_choice,A:x>7|B:x<7|C:x=8|D:x>8|E:x<8,4,alg_linear_inequalities;alg_linear_equations;arith_integers,negative_coefficient_inequality;inverse_operations,inequality_sign_flip;linear_inequality,inequality_direction_error;negative_division_error,移项后两边除以负数 -3，不等号方向要改变，所以 x>8。,CN Junior High Math,不等式,cn-junior-g7-negative-inequalities,七年级：负系数不等式,24312,jianzisheng_cn_junior_chapter_expansion_v1,local-ocr-derived: jianzisheng_cn_junior_grade7_batch2_v0; chapter=cn-junior-g7-negative-inequalities; expansion=v1,Honors,Algebra Readiness,cn_g7_negative_coefficient_inequality,relation_reasoning;signed_number_fluency,130,Chapter-level expansion from existing cleaned Jian Zi Sheng junior OCR coverage signals. Project-native original-equivalent variants; no direct textbook exercise text is reproduced.,zh,CN,CN,中文校内,初中,production
jianzisheng_cn_junior_chapter_expansion_v1_cn-junior-g7-negative-inequalities_014,解不等式：-4x-2<-38，正确结果是哪一项？,x>9,multiple_choice,A:x<8|B:x=9|C:x>9|D:x<9|E:x>8,4,alg_linear_inequalities;alg_linear_equations;arith_integers,negative_coefficient_inequality;inverse_operations,inequality_sign_flip;linear_inequality,inequality_direction_error;negative_division_error,移项后两边除以负数 -4，不等号方向要改变，所以 x>9。,CN Junior High Math,不等式,cn-junior-g7-negative-inequalities,七年级：负系数不等式,24313,jianzisheng_cn_junior_chapter_expansion_v1,local-ocr-derived: jianzisheng_cn_junior_grade7_batch2_v0; chapter=cn-junior-g7-negative-inequalities; expansion=v1,Honors,Algebra Readiness,cn_g7_negative_coefficient_inequality,relation_reasoning;signed_number_fluency,130,Chapter-level expansion from existing cleaned Jian Zi Sheng junior OCR coverage signals. Project-native original-equivalent variants; no direct textbook exercise text is reproduced.,zh,CN,CN,中文校内,初中,production
jianzisheng_cn_junior_chapter_expansion_v1_cn-junior-g7-perimeter-expressions_001,长方形的长为 3x+3，宽为 10，它的周长是多少？,6x+26,multiple_choice,A:6x+26|B:3x+13|C:30x|D:6x+20|E:26x,4,geo_perimeter;prealg_expressions;prealg_simplification,perimeter_expression;expression_simplification,geometry_to_expression;rectangle_perimeter,area_perimeter_confusion;partial_distribution_error,周长为 2(长+宽)，代入并化简得 6x+26。,CN Junior High Math,基础几何,cn-junior-g7-perimeter-expressions,七年级：周长与整式表达,24320,jianzisheng_cn_junior_chapter_expansion_v1,local-ocr-derived: jianzisheng_cn_junior_grade7_batch2_v0; chapter=cn-junior-g7-perimeter-expressions; expansion=v1,Honors,Bridge,cn_perimeter_expression,modeling;symbolic_fluency,130,Chapter-level expansion from existing cleaned Jian Zi Sheng junior OCR coverage signals. Project-native original-equivalent variants; no direct textbook exercise text is reproduced.,zh,CN,CN,中文校内,初中,production
jianzisheng_cn_junior_chapter_expansion_v1_cn-junior-g7-perimeter-expressions_002,长方形的长为 4x+4，宽为 3，它的周长是多少？,8x+14,multiple_choice,A:4x+7|B:12x|C:8x+6|D:14x|E:8x+14,4,geo_perimeter;prealg_expressions;prealg_simplification,perimeter_expression;expression_simplification,geometry_to_expression;rectangle_perimeter,area_perimeter_confusion;partial_distribution_error,周长为 2(长+宽)，代入并化简得 8x+14。,CN Junior High Math,基础几何,cn-junior-g7-perimeter-expressions,七年级：周长与整式表达,24321,jianzisheng_cn_junior_chapter_expansion_v1,local-ocr-derived: jianzisheng_cn_junior_grade7_batch2_v0; chapter=cn-junior-g7-perimeter-expressions; expansion=v1,Honors,Bridge,cn_perimeter_expression,modeling;symbolic_fluency,130,Chapter-level expansion from existing cleaned Jian Zi Sheng junior OCR coverage signals. Project-native original-equivalent variants; no direct textbook exercise text is reproduced.,zh,CN,CN,中文校内,初中,production
jianzisheng_cn_junior_chapter_expansion_v1_cn-junior-g7-perimeter-expressions_003,长方形的长为 5x-4，宽为 4，它的周长是多少？,10x+0,multiple_choice,A:20x|B:10x+8|C:0x|D:10x+0|E:5x+0,4,geo_perimeter;prealg_expressions;prealg_simplification,perimeter_expression;expression_simplification,geometry_to_expression;rectangle_perimeter,area_perimeter_confusion;partial_distribution_error,周长为 2(长+宽)，代入并化简得 10x+0。,CN Junior High Math,基础几何,cn-junior-g7-perimeter-expressions,七年级：周长与整式表达,24322,jianzisheng_cn_junior_chapter_expansion_v1,local-ocr-derived: jianzisheng_cn_junior_grade7_batch2_v0; chapter=cn-junior-g7-perimeter-expressions; expansion=v1,Honors,Bridge,cn_perimeter_expression,modeling;symbolic_fluency,130,Chapter-level expansion from existing cleaned Jian Zi Sheng junior OCR coverage signals. Project-native original-equivalent variants; no direct textbook exercise text is reproduced.,zh,CN,CN,中文校内,初中,production
jianzisheng_cn_junior_chapter_expansion_v1_cn-junior-g7-perimeter-expressions_004,长方形的长为 6x-3，宽为 5，它的周长是多少？,12x+4,multiple_choice,A:12x+10|B:4x|C:12x+4|D:6x+2|E:30x,4,geo_perimeter;prealg_expressions;prealg_simplification,perimeter_expression;expression_simplification,geometry_to_expression;rectangle_perimeter,area_perimeter_confusion;partial_distribution_error,周长为 2(长+宽)，代入并化简得 12x+4。,CN Junior High Math,基础几何,cn-junior-g7-perimeter-expressions,七年级：周长与整式表达,24323,jianzisheng_cn_junior_chapter_expansion_v1,local-ocr-derived: jianzisheng_cn_junior_grade7_batch2_v0; chapter=cn-junior-g7-perimeter-expressions; expansion=v1,Honors,Bridge,cn_perimeter_expression,modeling;symbolic_fluency,130,Chapter-level expansion from existing cleaned Jian Zi Sheng junior OCR coverage signals. Project-native original-equivalent variants; no direct textbook exercise text is reproduced.,zh,CN,CN,中文校内,初中,production
jianzisheng_cn_junior_chapter_expansion_v1_cn-junior-g7-perimeter-expressions_005,长方形的长为 7x-2，宽为 6，它的周长是多少？,14x+8,multiple_choice,A:8x|B:14x+8|C:7x+4|D:42x|E:14x+12,4,geo_perimeter;prealg_expressions;prealg_simplification,perimeter_expression;expression_simplification,geometry_to_expression;rectangle_perimeter,area_perimeter_confusion;partial_distribution_error,周长为 2(长+宽)，代入并化简得 14x+8。,CN Junior High Math,基础几何,cn-junior-g7-perimeter-expressions,七年级：周长与整式表达,24324,jianzisheng_cn_junior_chapter_expansion_v1,local-ocr-derived: jianzisheng_cn_junior_grade7_batch2_v0; chapter=cn-junior-g7-perimeter-expressions; expansion=v1,Honors,Bridge,cn_perimeter_expression,modeling;symbolic_fluency,130,Chapter-level expansion from existing cleaned Jian Zi Sheng junior OCR coverage signals. Project-native original-equivalent variants; no direct textbook exercise text is reproduced.,zh,CN,CN,中文校内,初中,production
jianzisheng_cn_junior_chapter_expansion_v1_cn-junior-g7-perimeter-expressions_006,长方形的长为 2x-1，宽为 7，它的周长是多少？,4x+12,multiple_choice,A:4x+12|B:2x+6|C:14x|D:4x+14|E:12x,4,geo_perimeter;prealg_expressions;prealg_simplification,perimeter_expression;expression_simplification,geometry_to_expression;rectangle_perimeter,area_perimeter_confusion;partial_distribution_error,周长为 2(长+宽)，代入并化简得 4x+12。,CN Junior High Math,基础几何,cn-junior-g7-perimeter-expressions,七年级：周长与整式表达,24325,jianzisheng_cn_junior_chapter_expansion_v1,local-ocr-derived: jianzisheng_cn_junior_grade7_batch2_v0; chapter=cn-junior-g7-perimeter-expressions; expansion=v1,Honors,Bridge,cn_perimeter_expression,modeling;symbolic_fluency,130,Chapter-level expansion from existing cleaned Jian Zi Sheng junior OCR coverage signals. Project-native original-equivalent variants; no direct textbook exercise text is reproduced.,zh,CN,CN,中文校内,初中,production
jianzisheng_cn_junior_chapter_expansion_v1_cn-junior-g7-perimeter-expressions_007,长方形的长为 3x+0，宽为 8，它的周长是多少？,6x+16,multiple_choice,A:3x+8|B:24x|C:16x|D:6x+16+5|E:6x+16,4,geo_perimeter;prealg_expressions;prealg_simplification,perimeter_expression;expression_simplification,geometry_to_expression;rectangle_perimeter,area_perimeter_confusion;partial_distribution_error,周长为 2(长+宽)，代入并化简得 6x+16。,CN Junior High Math,基础几何,cn-junior-g7-perimeter-expressions,七年级：周长与整式表达,24326,jianzisheng_cn_junior_chapter_expansion_v1,local-ocr-derived: jianzisheng_cn_junior_grade7_batch2_v0; chapter=cn-junior-g7-perimeter-expressions; expansion=v1,Honors,Bridge,cn_perimeter_expression,modeling;symbolic_fluency,130,Chapter-level expansion from existing cleaned Jian Zi Sheng junior OCR coverage signals. Project-native original-equivalent variants; no direct textbook exercise text is reproduced.,zh,CN,CN,中文校内,初中,production
jianzisheng_cn_junior_chapter_expansion_v1_cn-junior-g7-perimeter-expressions_008,长方形的长为 4x+1，宽为 9，它的周长是多少？,8x+20,multiple_choice,A:36x|B:8x+18|C:20x|D:8x+20|E:4x+10,4,geo_perimeter;prealg_expressions;prealg_simplification,perimeter_expression;expression_simplification,geometry_to_expression;rectangle_perimeter,area_perimeter_confusion;partial_distribution_error,周长为 2(长+宽)，代入并化简得 8x+20。,CN Junior High Math,基础几何,cn-junior-g7-perimeter-expressions,七年级：周长与整式表达,24327,jianzisheng_cn_junior_chapter_expansion_v1,local-ocr-derived: jianzisheng_cn_junior_grade7_batch2_v0; chapter=cn-junior-g7-perimeter-expressions; expansion=v1,Honors,Bridge,cn_perimeter_expression,modeling;symbolic_fluency,130,Chapter-level expansion from existing cleaned Jian Zi Sheng junior OCR coverage signals. Project-native original-equivalent variants; no direct textbook exercise text is reproduced.,zh,CN,CN,中文校内,初中,production
jianzisheng_cn_junior_chapter_expansion_v1_cn-junior-g7-perimeter-expressions_009,长方形的长为 5x+2，宽为 10，它的周长是多少？,10x+24,multiple_choice,A:10x+20|B:24x|C:10x+24|D:5x+12|E:50x,4,geo_perimeter;prealg_expressions;prealg_simplification,perimeter_expression;expression_simplification,geometry_to_expression;rectangle_perimeter,area_perimeter_confusion;partial_distribution_error,周长为 2(长+宽)，代入并化简得 10x+24。,CN Junior High Math,基础几何,cn-junior-g7-perimeter-expressions,七年级：周长与整式表达,24328,jianzisheng_cn_junior_chapter_expansion_v1,local-ocr-derived: jianzisheng_cn_junior_grade7_batch2_v0; chapter=cn-junior-g7-perimeter-expressions; expansion=v1,Honors,Bridge,cn_perimeter_expression,modeling;symbolic_fluency,130,Chapter-level expansion from existing cleaned Jian Zi Sheng junior OCR coverage signals. Project-native original-equivalent variants; no direct textbook exercise text is reproduced.,zh,CN,CN,中文校内,初中,production
jianzisheng_cn_junior_chapter_expansion_v1_cn-junior-g7-perimeter-expressions_010,长方形的长为 6x+3，宽为 3，它的周长是多少？,12x+12,multiple_choice,A:12x|B:12x+12|C:6x+6|D:18x|E:12x+6,4,geo_perimeter;prealg_expressions;prealg_simplification,perimeter_expression;expression_simplification,geometry_to_expression;rectangle_perimeter,area_perimeter_confusion;partial_distribution_error,周长为 2(长+宽)，代入并化简得 12x+12。,CN Junior High Math,基础几何,cn-junior-g7-perimeter-expressions,七年级：周长与整式表达,24329,jianzisheng_cn_junior_chapter_expansion_v1,local-ocr-derived: jianzisheng_cn_junior_grade7_batch2_v0; chapter=cn-junior-g7-perimeter-expressions; expansion=v1,Honors,Bridge,cn_perimeter_expression,modeling;symbolic_fluency,130,Chapter-level expansion from existing cleaned Jian Zi Sheng junior OCR coverage signals. Project-native original-equivalent variants; no direct textbook exercise text is reproduced.,zh,CN,CN,中文校内,初中,production
jianzisheng_cn_junior_chapter_expansion_v1_cn-junior-g7-perimeter-expressions_011,长方形的长为 7x+4，宽为 4，它的周长是多少？,14x+16,multiple_choice,A:14x+16|B:7x+8|C:28x|D:14x+8|E:16x,4,geo_perimeter;prealg_expressions;prealg_simplification,perimeter_expression;expression_simplification,geometry_to_expression;rectangle_perimeter,area_perimeter_confusion;partial_distribution_error,周长为 2(长+宽)，代入并化简得 14x+16。,CN Junior High Math,基础几何,cn-junior-g7-perimeter-expressions,七年级：周长与整式表达,24330,jianzisheng_cn_junior_chapter_expansion_v1,local-ocr-derived: jianzisheng_cn_junior_grade7_batch2_v0; chapter=cn-junior-g7-perimeter-expressions; expansion=v1,Honors,Bridge,cn_perimeter_expression,modeling;symbolic_fluency,130,Chapter-level expansion from existing cleaned Jian Zi Sheng junior OCR coverage signals. Project-native original-equivalent variants; no direct textbook exercise text is reproduced.,zh,CN,CN,中文校内,初中,production
jianzisheng_cn_junior_chapter_expansion_v1_cn-junior-g7-perimeter-expressions_012,长方形的长为 2x-4，宽为 5，它的周长是多少？,4x+2,multiple_choice,A:2x+1|B:10x|C:4x+10|D:2x|E:4x+2,4,geo_perimeter;prealg_expressions;prealg_simplification,perimeter_expression;expression_simplification,geometry_to_expression;rectangle_perimeter,area_perimeter_confusion;partial_distribution_error,周长为 2(长+宽)，代入并化简得 4x+2。,CN Junior High Math,基础几何,cn-junior-g7-perimeter-expressions,七年级：周长与整式表达,24331,jianzisheng_cn_junior_chapter_expansion_v1,local-ocr-derived: jianzisheng_cn_junior_grade7_batch2_v0; chapter=cn-junior-g7-perimeter-expressions; expansion=v1,Honors,Bridge,cn_perimeter_expression,modeling;symbolic_fluency,130,Chapter-level expansion from existing cleaned Jian Zi Sheng junior OCR coverage signals. Project-native original-equivalent variants; no direct textbook exercise text is reproduced.,zh,CN,CN,中文校内,初中,production
jianzisheng_cn_junior_chapter_expansion_v1_cn-junior-g7-perimeter-expressions_013,长方形的长为 3x-3，宽为 6，它的周长是多少？,6x+6,multiple_choice,A:18x|B:6x+12|C:6x|D:6x+6|E:3x+3,4,geo_perimeter;prealg_expressions;prealg_simplification,perimeter_expression;expression_simplification,geometry_to_expression;rectangle_perimeter,area_perimeter_confusion;partial_distribution_error,周长为 2(长+宽)，代入并化简得 6x+6。,CN Junior High Math,基础几何,cn-junior-g7-perimeter-expressions,七年级：周长与整式表达,24332,jianzisheng_cn_junior_chapter_expansion_v1,local-ocr-derived: jianzisheng_cn_junior_grade7_batch2_v0; chapter=cn-junior-g7-perimeter-expressions; expansion=v1,Honors,Bridge,cn_perimeter_expression,modeling;symbolic_fluency,130,Chapter-level expansion from existing cleaned Jian Zi Sheng junior OCR coverage signals. Project-native original-equivalent variants; no direct textbook exercise text is reproduced.,zh,CN,CN,中文校内,初中,production
jianzisheng_cn_junior_chapter_expansion_v1_cn-junior-g7-perimeter-expressions_014,长方形的长为 4x-2，宽为 7，它的周长是多少？,8x+10,multiple_choice,A:8x+14|B:10x|C:8x+10|D:4x+5|E:28x,4,geo_perimeter;prealg_expressions;prealg_simplification,perimeter_expression;expression_simplification,geometry_to_expression;rectangle_perimeter,area_perimeter_confusion;partial_distribution_error,周长为 2(长+宽)，代入并化简得 8x+10。,CN Junior High Math,基础几何,cn-junior-g7-perimeter-expressions,七年级：周长与整式表达,24333,jianzisheng_cn_junior_chapter_expansion_v1,local-ocr-derived: jianzisheng_cn_junior_grade7_batch2_v0; chapter=cn-junior-g7-perimeter-expressions; expansion=v1,Honors,Bridge,cn_perimeter_expression,modeling;symbolic_fluency,130,Chapter-level expansion from existing cleaned Jian Zi Sheng junior OCR coverage signals. Project-native original-equivalent variants; no direct textbook exercise text is reproduced.,zh,CN,CN,中文校内,初中,production
jianzisheng_cn_junior_chapter_expansion_v1_cn-junior-g7-vertical-angles_001,两条直线相交，其中一个角为 79°，它的对顶角是多少度？,79,multiple_choice,A:79|B:101|C:11|D:89|E:69,2,geo_angles,vertical_angles;angle_relationship,intersecting_lines;equal_angles,vertical_vs_supplementary_error;angle_relation_mismatch,对顶角相等，所以它的对顶角也是 79°。,CN Junior High Math,基础几何,cn-junior-g7-vertical-angles,七年级：对顶角,24340,jianzisheng_cn_junior_chapter_expansion_v1,local-ocr-derived: jianzisheng_cn_junior_grade7_batch2_v0; chapter=cn-junior-g7-vertical-angles; expansion=v1,Foundation,Bridge,cn_vertical_angle,geometric_reasoning;relation_selection,90,Chapter-level expansion from existing cleaned Jian Zi Sheng junior OCR coverage signals. Project-native original-equivalent variants; no direct textbook exercise text is reproduced.,zh,CN,CN,中文校内,初中,production
jianzisheng_cn_junior_chapter_expansion_v1_cn-junior-g7-vertical-angles_002,两条直线相交，其中一个角为 86°，它的对顶角是多少度？,86,multiple_choice,A:94|B:4|C:96|D:76|E:86,2,geo_angles,vertical_angles;angle_relationship,intersecting_lines;equal_angles,vertical_vs_supplementary_error;angle_relation_mismatch,对顶角相等，所以它的对顶角也是 86°。,CN Junior High Math,基础几何,cn-junior-g7-vertical-angles,七年级：对顶角,24341,jianzisheng_cn_junior_chapter_expansion_v1,local-ocr-derived: jianzisheng_cn_junior_grade7_batch2_v0; chapter=cn-junior-g7-vertical-angles; expansion=v1,Foundation,Bridge,cn_vertical_angle,geometric_reasoning;relation_selection,90,Chapter-level expansion from existing cleaned Jian Zi Sheng junior OCR coverage signals. Project-native original-equivalent variants; no direct textbook exercise text is reproduced.,zh,CN,CN,中文校内,初中,production
jianzisheng_cn_junior_chapter_expansion_v1_cn-junior-g7-vertical-angles_003,两条直线相交，其中一个角为 93°，它的对顶角是多少度？,93,multiple_choice,A:-3|B:103|C:83|D:93|E:87,2,geo_angles,vertical_angles;angle_relationship,intersecting_lines;equal_angles,vertical_vs_supplementary_error;angle_relation_mismatch,对顶角相等，所以它的对顶角也是 93°。,CN Junior High Math,基础几何,cn-junior-g7-vertical-angles,七年级：对顶角,24342,jianzisheng_cn_junior_chapter_expansion_v1,local-ocr-derived: jianzisheng_cn_junior_grade7_batch2_v0; chapter=cn-junior-g7-vertical-angles; expansion=v1,Foundation,Bridge,cn_vertical_angle,geometric_reasoning;relation_selection,90,Chapter-level expansion from existing cleaned Jian Zi Sheng junior OCR coverage signals. Project-native original-equivalent variants; no direct textbook exercise text is reproduced.,zh,CN,CN,中文校内,初中,production
jianzisheng_cn_junior_chapter_expansion_v1_cn-junior-g7-vertical-angles_004,两条直线相交，其中一个角为 100°，它的对顶角是多少度？,100,multiple_choice,A:110|B:90|C:100|D:80|E:-10,2,geo_angles,vertical_angles;angle_relationship,intersecting_lines;equal_angles,vertical_vs_supplementary_error;angle_relation_mismatch,对顶角相等，所以它的对顶角也是 100°。,CN Junior High Math,基础几何,cn-junior-g7-vertical-angles,七年级：对顶角,24343,jianzisheng_cn_junior_chapter_expansion_v1,local-ocr-derived: jianzisheng_cn_junior_grade7_batch2_v0; chapter=cn-junior-g7-vertical-angles; expansion=v1,Foundation,Bridge,cn_vertical_angle,geometric_reasoning;relation_selection,90,Chapter-level expansion from existing cleaned Jian Zi Sheng junior OCR coverage signals. Project-native original-equivalent variants; no direct textbook exercise text is reproduced.,zh,CN,CN,中文校内,初中,production
jianzisheng_cn_junior_chapter_expansion_v1_cn-junior-g7-vertical-angles_005,两条直线相交，其中一个角为 107°，它的对顶角是多少度？,107,multiple_choice,A:97|B:107|C:73|D:-17|E:117,2,geo_angles,vertical_angles;angle_relationship,intersecting_lines;equal_angles,vertical_vs_supplementary_error;angle_relation_mismatch,对顶角相等，所以它的对顶角也是 107°。,CN Junior High Math,基础几何,cn-junior-g7-vertical-angles,七年级：对顶角,24344,jianzisheng_cn_junior_chapter_expansion_v1,local-ocr-derived: jianzisheng_cn_junior_grade7_batch2_v0; chapter=cn-junior-g7-vertical-angles; expansion=v1,Foundation,Bridge,cn_vertical_angle,geometric_reasoning;relation_selection,90,Chapter-level expansion from existing cleaned Jian Zi Sheng junior OCR coverage signals. Project-native original-equivalent variants; no direct textbook exercise text is reproduced.,zh,CN,CN,中文校内,初中,production
jianzisheng_cn_junior_chapter_expansion_v1_cn-junior-g7-vertical-angles_006,两条直线相交，其中一个角为 114°，它的对顶角是多少度？,114,multiple_choice,A:114|B:66|C:-24|D:124|E:104,2,geo_angles,vertical_angles;angle_relationship,intersecting_lines;equal_angles,vertical_vs_supplementary_error;angle_relation_mismatch,对顶角相等，所以它的对顶角也是 114°。,CN Junior High Math,基础几何,cn-junior-g7-vertical-angles,七年级：对顶角,24345,jianzisheng_cn_junior_chapter_expansion_v1,local-ocr-derived: jianzisheng_cn_junior_grade7_batch2_v0; chapter=cn-junior-g7-vertical-angles; expansion=v1,Foundation,Bridge,cn_vertical_angle,geometric_reasoning;relation_selection,90,Chapter-level expansion from existing cleaned Jian Zi Sheng junior OCR coverage signals. Project-native original-equivalent variants; no direct textbook exercise text is reproduced.,zh,CN,CN,中文校内,初中,production
jianzisheng_cn_junior_chapter_expansion_v1_cn-junior-g7-vertical-angles_007,两条直线相交，其中一个角为 121°，它的对顶角是多少度？,121,multiple_choice,A:59|B:-31|C:131|D:111|E:121,2,geo_angles,vertical_angles;angle_relationship,intersecting_lines;equal_angles,vertical_vs_supplementary_error;angle_relation_mismatch,对顶角相等，所以它的对顶角也是 121°。,CN Junior High Math,基础几何,cn-junior-g7-vertical-angles,七年级：对顶角,24346,jianzisheng_cn_junior_chapter_expansion_v1,local-ocr-derived: jianzisheng_cn_junior_grade7_batch2_v0; chapter=cn-junior-g7-vertical-angles; expansion=v1,Foundation,Bridge,cn_vertical_angle,geometric_reasoning;relation_selection,90,Chapter-level expansion from existing cleaned Jian Zi Sheng junior OCR coverage signals. Project-native original-equivalent variants; no direct textbook exercise text is reproduced.,zh,CN,CN,中文校内,初中,production
jianzisheng_cn_junior_chapter_expansion_v1_cn-junior-g7-vertical-angles_008,两条直线相交，其中一个角为 128°，它的对顶角是多少度？,128,multiple_choice,A:-38|B:138|C:118|D:128|E:52,2,geo_angles,vertical_angles;angle_relationship,intersecting_lines;equal_angles,vertical_vs_supplementary_error;angle_relation_mismatch,对顶角相等，所以它的对顶角也是 128°。,CN Junior High Math,基础几何,cn-junior-g7-vertical-angles,七年级：对顶角,24347,jianzisheng_cn_junior_chapter_expansion_v1,local-ocr-derived: jianzisheng_cn_junior_grade7_batch2_v0; chapter=cn-junior-g7-vertical-angles; expansion=v1,Foundation,Bridge,cn_vertical_angle,geometric_reasoning;relation_selection,90,Chapter-level expansion from existing cleaned Jian Zi Sheng junior OCR coverage signals. Project-native original-equivalent variants; no direct textbook exercise text is reproduced.,zh,CN,CN,中文校内,初中,production
jianzisheng_cn_junior_chapter_expansion_v1_cn-junior-g7-vertical-angles_009,两条直线相交，其中一个角为 135°，它的对顶角是多少度？,135,multiple_choice,A:145|B:125|C:135|D:45|E:-45,2,geo_angles,vertical_angles;angle_relationship,intersecting_lines;equal_angles,vertical_vs_supplementary_error;angle_relation_mismatch,对顶角相等，所以它的对顶角也是 135°。,CN Junior High Math,基础几何,cn-junior-g7-vertical-angles,七年级：对顶角,24348,jianzisheng_cn_junior_chapter_expansion_v1,local-ocr-derived: jianzisheng_cn_junior_grade7_batch2_v0; chapter=cn-junior-g7-vertical-angles; expansion=v1,Foundation,Bridge,cn_vertical_angle,geometric_reasoning;relation_selection,90,Chapter-level expansion from existing cleaned Jian Zi Sheng junior OCR coverage signals. Project-native original-equivalent variants; no direct textbook exercise text is reproduced.,zh,CN,CN,中文校内,初中,production
jianzisheng_cn_junior_chapter_expansion_v1_cn-junior-g7-vertical-angles_010,两条直线相交，其中一个角为 142°，它的对顶角是多少度？,142,multiple_choice,A:132|B:142|C:38|D:-52|E:152,2,geo_angles,vertical_angles;angle_relationship,intersecting_lines;equal_angles,vertical_vs_supplementary_error;angle_relation_mismatch,对顶角相等，所以它的对顶角也是 142°。,CN Junior High Math,基础几何,cn-junior-g7-vertical-angles,七年级：对顶角,24349,jianzisheng_cn_junior_chapter_expansion_v1,local-ocr-derived: jianzisheng_cn_junior_grade7_batch2_v0; chapter=cn-junior-g7-vertical-angles; expansion=v1,Foundation,Bridge,cn_vertical_angle,geometric_reasoning;relation_selection,90,Chapter-level expansion from existing cleaned Jian Zi Sheng junior OCR coverage signals. Project-native original-equivalent variants; no direct textbook exercise text is reproduced.,zh,CN,CN,中文校内,初中,production
jianzisheng_cn_junior_chapter_expansion_v1_cn-junior-g7-vertical-angles_011,两条直线相交，其中一个角为 149°，它的对顶角是多少度？,149,multiple_choice,A:149|B:31|C:-59|D:159|E:139,2,geo_angles,vertical_angles;angle_relationship,intersecting_lines;equal_angles,vertical_vs_supplementary_error;angle_relation_mismatch,对顶角相等，所以它的对顶角也是 149°。,CN Junior High Math,基础几何,cn-junior-g7-vertical-angles,七年级：对顶角,24350,jianzisheng_cn_junior_chapter_expansion_v1,local-ocr-derived: jianzisheng_cn_junior_grade7_batch2_v0; chapter=cn-junior-g7-vertical-angles; expansion=v1,Foundation,Bridge,cn_vertical_angle,geometric_reasoning;relation_selection,90,Chapter-level expansion from existing cleaned Jian Zi Sheng junior OCR coverage signals. Project-native original-equivalent variants; no direct textbook exercise text is reproduced.,zh,CN,CN,中文校内,初中,production
jianzisheng_cn_junior_chapter_expansion_v1_cn-junior-g7-vertical-angles_012,两条直线相交，其中一个角为 36°，它的对顶角是多少度？,36,multiple_choice,A:144|B:54|C:46|D:26|E:36,2,geo_angles,vertical_angles;angle_relationship,intersecting_lines;equal_angles,vertical_vs_supplementary_error;angle_relation_mismatch,对顶角相等，所以它的对顶角也是 36°。,CN Junior High Math,基础几何,cn-junior-g7-vertical-angles,七年级：对顶角,24351,jianzisheng_cn_junior_chapter_expansion_v1,local-ocr-derived: jianzisheng_cn_junior_grade7_batch2_v0; chapter=cn-junior-g7-vertical-angles; expansion=v1,Foundation,Bridge,cn_vertical_angle,geometric_reasoning;relation_selection,90,Chapter-level expansion from existing cleaned Jian Zi Sheng junior OCR coverage signals. Project-native original-equivalent variants; no direct textbook exercise text is reproduced.,zh,CN,CN,中文校内,初中,production
jianzisheng_cn_junior_chapter_expansion_v1_cn-junior-g7-vertical-angles_013,两条直线相交，其中一个角为 43°，它的对顶角是多少度？,43,multiple_choice,A:47|B:53|C:33|D:43|E:137,2,geo_angles,vertical_angles;angle_relationship,intersecting_lines;equal_angles,vertical_vs_supplementary_error;angle_relation_mismatch,对顶角相等，所以它的对顶角也是 43°。,CN Junior High Math,基础几何,cn-junior-g7-vertical-angles,七年级：对顶角,24352,jianzisheng_cn_junior_chapter_expansion_v1,local-ocr-derived: jianzisheng_cn_junior_grade7_batch2_v0; chapter=cn-junior-g7-vertical-angles; expansion=v1,Foundation,Bridge,cn_vertical_angle,geometric_reasoning;relation_selection,90,Chapter-level expansion from existing cleaned Jian Zi Sheng junior OCR coverage signals. Project-native original-equivalent variants; no direct textbook exercise text is reproduced.,zh,CN,CN,中文校内,初中,production
jianzisheng_cn_junior_chapter_expansion_v1_cn-junior-g7-vertical-angles_014,两条直线相交，其中一个角为 50°，它的对顶角是多少度？,50,multiple_choice,A:60|B:55|C:50|D:130|E:40,2,geo_angles,vertical_angles;angle_relationship,intersecting_lines;equal_angles,vertical_vs_supplementary_error;angle_relation_mismatch,对顶角相等，所以它的对顶角也是 50°。,CN Junior High Math,基础几何,cn-junior-g7-vertical-angles,七年级：对顶角,24353,jianzisheng_cn_junior_chapter_expansion_v1,local-ocr-derived: jianzisheng_cn_junior_grade7_batch2_v0; chapter=cn-junior-g7-vertical-angles; expansion=v1,Foundation,Bridge,cn_vertical_angle,geometric_reasoning;relation_selection,90,Chapter-level expansion from existing cleaned Jian Zi Sheng junior OCR coverage signals. Project-native original-equivalent variants; no direct textbook exercise text is reproduced.,zh,CN,CN,中文校内,初中,production
jianzisheng_cn_junior_chapter_expansion_v1_cn-junior-g7-fraction-integer-operations_001,计算：4/6+3/6，结果是多少？,7/6,multiple_choice,A:7/6|B:7/12|C:1/6|D:8/6|E:1,3,arith_fractions;arith_integers,fraction_addition;signed_number_operations,same_denominator_fraction_sum;signed_fraction,denominator_addition_error;sign_error,同分母分数相加，分母不变，分子相加，得到 7/6。,CN Junior High Math,有理数,cn-junior-g7-fraction-integer-operations,七年级：有理数分数运算,24360,jianzisheng_cn_junior_chapter_expansion_v1,local-ocr-derived: jianzisheng_cn_junior_grade7_batch3_v0; chapter=cn-junior-g7-fraction-integer-operations; expansion=v1,Standard,Foundation,cn_signed_fraction_operation,fraction_reasoning;signed_number_fluency,110,Chapter-level expansion from existing cleaned Jian Zi Sheng junior OCR coverage signals. Project-native original-equivalent variants; no direct textbook exercise text is reproduced.,zh,CN,CN,中文校内,初中,production
jianzisheng_cn_junior_chapter_expansion_v1_cn-junior-g7-fraction-integer-operations_002,计算：1/7+1/7，结果是多少？,2/7,multiple_choice,A:2/14|B:0/7|C:3/7|D:1|E:2/7,3,arith_fractions;arith_integers,fraction_addition;signed_number_operations,same_denominator_fraction_sum;signed_fraction,denominator_addition_error;sign_error,同分母分数相加，分母不变，分子相加，得到 2/7。,CN Junior High Math,有理数,cn-junior-g7-fraction-integer-operations,七年级：有理数分数运算,24361,jianzisheng_cn_junior_chapter_expansion_v1,local-ocr-derived: jianzisheng_cn_junior_grade7_batch3_v0; chapter=cn-junior-g7-fraction-integer-operations; expansion=v1,Standard,Foundation,cn_signed_fraction_operation,fraction_reasoning;signed_number_fluency,110,Chapter-level expansion from existing cleaned Jian Zi Sheng junior OCR coverage signals. Project-native original-equivalent variants; no direct textbook exercise text is reproduced.,zh,CN,CN,中文校内,初中,production
jianzisheng_cn_junior_chapter_expansion_v1_cn-junior-g7-fraction-integer-operations_003,计算：2/8+3/8，结果是多少？,5/8,multiple_choice,A:1/8|B:6/8|C:1|D:5/8|E:5/16,3,arith_fractions;arith_integers,fraction_addition;signed_number_operations,same_denominator_fraction_sum;signed_fraction,denominator_addition_error;sign_error,同分母分数相加，分母不变，分子相加，得到 5/8。,CN Junior High Math,有理数,cn-junior-g7-fraction-integer-operations,七年级：有理数分数运算,24362,jianzisheng_cn_junior_chapter_expansion_v1,local-ocr-derived: jianzisheng_cn_junior_grade7_batch3_v0; chapter=cn-junior-g7-fraction-integer-operations; expansion=v1,Standard,Foundation,cn_signed_fraction_operation,fraction_reasoning;signed_number_fluency,110,Chapter-level expansion from existing cleaned Jian Zi Sheng junior OCR coverage signals. Project-native original-equivalent variants; no direct textbook exercise text is reproduced.,zh,CN,CN,中文校内,初中,production
jianzisheng_cn_junior_chapter_expansion_v1_cn-junior-g7-fraction-integer-operations_004,计算：3/9+1/9，结果是多少？,4/9,multiple_choice,A:5/9|B:1|C:4/9|D:4/18|E:2/9,3,arith_fractions;arith_integers,fraction_addition;signed_number_operations,same_denominator_fraction_sum;signed_fraction,denominator_addition_error;sign_error,同分母分数相加，分母不变，分子相加，得到 4/9。,CN Junior High Math,有理数,cn-junior-g7-fraction-integer-operations,七年级：有理数分数运算,24363,jianzisheng_cn_junior_chapter_expansion_v1,local-ocr-derived: jianzisheng_cn_junior_grade7_batch3_v0; chapter=cn-junior-g7-fraction-integer-operations; expansion=v1,Standard,Foundation,cn_signed_fraction_operation,fraction_reasoning;signed_number_fluency,110,Chapter-level expansion from existing cleaned Jian Zi Sheng junior OCR coverage signals. Project-native original-equivalent variants; no direct textbook exercise text is reproduced.,zh,CN,CN,中文校内,初中,production
jianzisheng_cn_junior_chapter_expansion_v1_cn-junior-g7-fraction-integer-operations_005,计算：4/10+3/10，结果是多少？,7/10,multiple_choice,A:1|B:7/10|C:7/20|D:1/10|E:8/10,3,arith_fractions;arith_integers,fraction_addition;signed_number_operations,same_denominator_fraction_sum;signed_fraction,denominator_addition_error;sign_error,同分母分数相加，分母不变，分子相加，得到 7/10。,CN Junior High Math,有理数,cn-junior-g7-fraction-integer-operations,七年级：有理数分数运算,24364,jianzisheng_cn_junior_chapter_expansion_v1,local-ocr-derived: jianzisheng_cn_junior_grade7_batch3_v0; chapter=cn-junior-g7-fraction-integer-operations; expansion=v1,Standard,Foundation,cn_signed_fraction_operation,fraction_reasoning;signed_number_fluency,110,Chapter-level expansion from existing cleaned Jian Zi Sheng junior OCR coverage signals. Project-native original-equivalent variants; no direct textbook exercise text is reproduced.,zh,CN,CN,中文校内,初中,production
jianzisheng_cn_junior_chapter_expansion_v1_cn-junior-g7-fraction-integer-operations_006,计算：1/11+1/11，结果是多少？,2/11,multiple_choice,A:2/11|B:2/22|C:0/11|D:3/11|E:1,3,arith_fractions;arith_integers,fraction_addition;signed_number_operations,same_denominator_fraction_sum;signed_fraction,denominator_addition_error;sign_error,同分母分数相加，分母不变，分子相加，得到 2/11。,CN Junior High Math,有理数,cn-junior-g7-fraction-integer-operations,七年级：有理数分数运算,24365,jianzisheng_cn_junior_chapter_expansion_v1,local-ocr-derived: jianzisheng_cn_junior_grade7_batch3_v0; chapter=cn-junior-g7-fraction-integer-operations; expansion=v1,Standard,Foundation,cn_signed_fraction_operation,fraction_reasoning;signed_number_fluency,110,Chapter-level expansion from existing cleaned Jian Zi Sheng junior OCR coverage signals. Project-native original-equivalent variants; no direct textbook exercise text is reproduced.,zh,CN,CN,中文校内,初中,production
jianzisheng_cn_junior_chapter_expansion_v1_cn-junior-g7-fraction-integer-operations_007,计算：2/12+3/12，结果是多少？,5/12,multiple_choice,A:5/24|B:1/12|C:6/12|D:1|E:5/12,3,arith_fractions;arith_integers,fraction_addition;signed_number_operations,same_denominator_fraction_sum;signed_fraction,denominator_addition_error;sign_error,同分母分数相加，分母不变，分子相加，得到 5/12。,CN Junior High Math,有理数,cn-junior-g7-fraction-integer-operations,七年级：有理数分数运算,24366,jianzisheng_cn_junior_chapter_expansion_v1,local-ocr-derived: jianzisheng_cn_junior_grade7_batch3_v0; chapter=cn-junior-g7-fraction-integer-operations; expansion=v1,Standard,Foundation,cn_signed_fraction_operation,fraction_reasoning;signed_number_fluency,110,Chapter-level expansion from existing cleaned Jian Zi Sheng junior OCR coverage signals. Project-native original-equivalent variants; no direct textbook exercise text is reproduced.,zh,CN,CN,中文校内,初中,production
jianzisheng_cn_junior_chapter_expansion_v1_cn-junior-g7-fraction-integer-operations_008,计算：3/6+1/6，结果是多少？,2/3,multiple_choice,A:2/6|B:5/6|C:1|D:2/3|E:4/12,3,arith_fractions;arith_integers,fraction_addition;signed_number_operations,same_denominator_fraction_sum;signed_fraction,denominator_addition_error;sign_error,同分母分数相加，分母不变，分子相加，得到 2/3。,CN Junior High Math,有理数,cn-junior-g7-fraction-integer-operations,七年级：有理数分数运算,24367,jianzisheng_cn_junior_chapter_expansion_v1,local-ocr-derived: jianzisheng_cn_junior_grade7_batch3_v0; chapter=cn-junior-g7-fraction-integer-operations; expansion=v1,Standard,Foundation,cn_signed_fraction_operation,fraction_reasoning;signed_number_fluency,110,Chapter-level expansion from existing cleaned Jian Zi Sheng junior OCR coverage signals. Project-native original-equivalent variants; no direct textbook exercise text is reproduced.,zh,CN,CN,中文校内,初中,production
jianzisheng_cn_junior_chapter_expansion_v1_cn-junior-g7-fraction-integer-operations_009,计算：4/7+3/7，结果是多少？,1,multiple_choice,A:8/7|B:6|C:1|D:7/14|E:1/7,3,arith_fractions;arith_integers,fraction_addition;signed_number_operations,same_denominator_fraction_sum;signed_fraction,denominator_addition_error;sign_error,同分母分数相加，分母不变，分子相加，得到 1。,CN Junior High Math,有理数,cn-junior-g7-fraction-integer-operations,七年级：有理数分数运算,24368,jianzisheng_cn_junior_chapter_expansion_v1,local-ocr-derived: jianzisheng_cn_junior_grade7_batch3_v0; chapter=cn-junior-g7-fraction-integer-operations; expansion=v1,Standard,Foundation,cn_signed_fraction_operation,fraction_reasoning;signed_number_fluency,110,Chapter-level expansion from existing cleaned Jian Zi Sheng junior OCR coverage signals. Project-native original-equivalent variants; no direct textbook exercise text is reproduced.,zh,CN,CN,中文校内,初中,production
jianzisheng_cn_junior_chapter_expansion_v1_cn-junior-g7-fraction-integer-operations_010,计算：1/8+1/8，结果是多少？,1/4,multiple_choice,A:1|B:1/4|C:2/16|D:0/8|E:3/8,3,arith_fractions;arith_integers,fraction_addition;signed_number_operations,same_denominator_fraction_sum;signed_fraction,denominator_addition_error;sign_error,同分母分数相加，分母不变，分子相加，得到 1/4。,CN Junior High Math,有理数,cn-junior-g7-fraction-integer-operations,七年级：有理数分数运算,24369,jianzisheng_cn_junior_chapter_expansion_v1,local-ocr-derived: jianzisheng_cn_junior_grade7_batch3_v0; chapter=cn-junior-g7-fraction-integer-operations; expansion=v1,Standard,Foundation,cn_signed_fraction_operation,fraction_reasoning;signed_number_fluency,110,Chapter-level expansion from existing cleaned Jian Zi Sheng junior OCR coverage signals. Project-native original-equivalent variants; no direct textbook exercise text is reproduced.,zh,CN,CN,中文校内,初中,production
jianzisheng_cn_junior_chapter_expansion_v1_cn-junior-g7-fraction-integer-operations_011,计算：2/9+3/9，结果是多少？,5/9,multiple_choice,A:5/9|B:5/18|C:1/9|D:6/9|E:1,3,arith_fractions;arith_integers,fraction_addition;signed_number_operations,same_denominator_fraction_sum;signed_fraction,denominator_addition_error;sign_error,同分母分数相加，分母不变，分子相加，得到 5/9。,CN Junior High Math,有理数,cn-junior-g7-fraction-integer-operations,七年级：有理数分数运算,24370,jianzisheng_cn_junior_chapter_expansion_v1,local-ocr-derived: jianzisheng_cn_junior_grade7_batch3_v0; chapter=cn-junior-g7-fraction-integer-operations; expansion=v1,Standard,Foundation,cn_signed_fraction_operation,fraction_reasoning;signed_number_fluency,110,Chapter-level expansion from existing cleaned Jian Zi Sheng junior OCR coverage signals. Project-native original-equivalent variants; no direct textbook exercise text is reproduced.,zh,CN,CN,中文校内,初中,production
jianzisheng_cn_junior_chapter_expansion_v1_cn-junior-g7-fraction-integer-operations_012,计算：3/10+1/10，结果是多少？,2/5,multiple_choice,A:4/20|B:2/10|C:5/10|D:1|E:2/5,3,arith_fractions;arith_integers,fraction_addition;signed_number_operations,same_denominator_fraction_sum;signed_fraction,denominator_addition_error;sign_error,同分母分数相加，分母不变，分子相加，得到 2/5。,CN Junior High Math,有理数,cn-junior-g7-fraction-integer-operations,七年级：有理数分数运算,24371,jianzisheng_cn_junior_chapter_expansion_v1,local-ocr-derived: jianzisheng_cn_junior_grade7_batch3_v0; chapter=cn-junior-g7-fraction-integer-operations; expansion=v1,Standard,Foundation,cn_signed_fraction_operation,fraction_reasoning;signed_number_fluency,110,Chapter-level expansion from existing cleaned Jian Zi Sheng junior OCR coverage signals. Project-native original-equivalent variants; no direct textbook exercise text is reproduced.,zh,CN,CN,中文校内,初中,production
jianzisheng_cn_junior_chapter_expansion_v1_cn-junior-g7-fraction-integer-operations_013,计算：4/11+3/11，结果是多少？,7/11,multiple_choice,A:1/11|B:8/11|C:1|D:7/11|E:7/22,3,arith_fractions;arith_integers,fraction_addition;signed_number_operations,same_denominator_fraction_sum;signed_fraction,denominator_addition_error;sign_error,同分母分数相加，分母不变，分子相加，得到 7/11。,CN Junior High Math,有理数,cn-junior-g7-fraction-integer-operations,七年级：有理数分数运算,24372,jianzisheng_cn_junior_chapter_expansion_v1,local-ocr-derived: jianzisheng_cn_junior_grade7_batch3_v0; chapter=cn-junior-g7-fraction-integer-operations; expansion=v1,Standard,Foundation,cn_signed_fraction_operation,fraction_reasoning;signed_number_fluency,110,Chapter-level expansion from existing cleaned Jian Zi Sheng junior OCR coverage signals. Project-native original-equivalent variants; no direct textbook exercise text is reproduced.,zh,CN,CN,中文校内,初中,production
jianzisheng_cn_junior_chapter_expansion_v1_cn-junior-g7-fraction-integer-operations_014,计算：1/12+1/12，结果是多少？,1/6,multiple_choice,A:3/12|B:1|C:1/6|D:2/24|E:0/12,3,arith_fractions;arith_integers,fraction_addition;signed_number_operations,same_denominator_fraction_sum;signed_fraction,denominator_addition_error;sign_error,同分母分数相加，分母不变，分子相加，得到 1/6。,CN Junior High Math,有理数,cn-junior-g7-fraction-integer-operations,七年级：有理数分数运算,24373,jianzisheng_cn_junior_chapter_expansion_v1,local-ocr-derived: jianzisheng_cn_junior_grade7_batch3_v0; chapter=cn-junior-g7-fraction-integer-operations; expansion=v1,Standard,Foundation,cn_signed_fraction_operation,fraction_reasoning;signed_number_fluency,110,Chapter-level expansion from existing cleaned Jian Zi Sheng junior OCR coverage signals. Project-native original-equivalent variants; no direct textbook exercise text is reproduced.,zh,CN,CN,中文校内,初中,production
jianzisheng_cn_junior_chapter_expansion_v1_cn-junior-g7-expression-evaluation_001,当 x=4 时，代数式 3x+2 的值是多少？,14,multiple_choice,A:14|B:9|C:12|D:16|E:-14,3,prealg_substitution;prealg_expressions;arith_integers,expression_evaluation;signed_number_operations,substitution;linear_expression_value,substitution_error;operation_order_error,把 x=4 代入，得到 3×4+2=14。,CN Junior High Math,整式,cn-junior-g7-expression-evaluation,七年级：代数式求值,24380,jianzisheng_cn_junior_chapter_expansion_v1,local-ocr-derived: jianzisheng_cn_junior_grade7_batch3_v0; chapter=cn-junior-g7-expression-evaluation; expansion=v1,Standard,Bridge,cn_expression_evaluation,symbol_evaluation;signed_number_fluency,110,Chapter-level expansion from existing cleaned Jian Zi Sheng junior OCR coverage signals. Project-native original-equivalent variants; no direct textbook exercise text is reproduced.,zh,CN,CN,中文校内,初中,production
jianzisheng_cn_junior_chapter_expansion_v1_cn-junior-g7-expression-evaluation_002,当 x=-3 时，代数式 4x+5 的值是多少？,-7,multiple_choice,A:6|B:-12|C:-5|D:7|E:-7,3,prealg_substitution;prealg_expressions;arith_integers,expression_evaluation;signed_number_operations,substitution;linear_expression_value,substitution_error;operation_order_error,把 x=-3 代入，得到 4×-3+5=-7。,CN Junior High Math,整式,cn-junior-g7-expression-evaluation,七年级：代数式求值,24381,jianzisheng_cn_junior_chapter_expansion_v1,local-ocr-derived: jianzisheng_cn_junior_grade7_batch3_v0; chapter=cn-junior-g7-expression-evaluation; expansion=v1,Standard,Bridge,cn_expression_evaluation,symbol_evaluation;signed_number_fluency,110,Chapter-level expansion from existing cleaned Jian Zi Sheng junior OCR coverage signals. Project-native original-equivalent variants; no direct textbook exercise text is reproduced.,zh,CN,CN,中文校内,初中,production
jianzisheng_cn_junior_chapter_expansion_v1_cn-junior-g7-expression-evaluation_003,当 x=-2 时，代数式 -4x-5 的值是多少？,3,multiple_choice,A:8|B:5|C:-3|D:3|E:-11,3,prealg_substitution;prealg_expressions;arith_integers,expression_evaluation;signed_number_operations,substitution;linear_expression_value,substitution_error;operation_order_error,把 x=-2 代入，得到 -4×-2-5=3。,CN Junior High Math,整式,cn-junior-g7-expression-evaluation,七年级：代数式求值,24382,jianzisheng_cn_junior_chapter_expansion_v1,local-ocr-derived: jianzisheng_cn_junior_grade7_batch3_v0; chapter=cn-junior-g7-expression-evaluation; expansion=v1,Standard,Bridge,cn_expression_evaluation,symbol_evaluation;signed_number_fluency,110,Chapter-level expansion from existing cleaned Jian Zi Sheng junior OCR coverage signals. Project-native original-equivalent variants; no direct textbook exercise text is reproduced.,zh,CN,CN,中文校内,初中,production
jianzisheng_cn_junior_chapter_expansion_v1_cn-junior-g7-expression-evaluation_004,当 x=-1 时，代数式 -3x-2 的值是多少？,1,multiple_choice,A:-1|B:6|C:1|D:-6|E:3,3,prealg_substitution;prealg_expressions;arith_integers,expression_evaluation;signed_number_operations,substitution;linear_expression_value,substitution_error;operation_order_error,把 x=-1 代入，得到 -3×-1-2=1。,CN Junior High Math,整式,cn-junior-g7-expression-evaluation,七年级：代数式求值,24383,jianzisheng_cn_junior_chapter_expansion_v1,local-ocr-derived: jianzisheng_cn_junior_grade7_batch3_v0; chapter=cn-junior-g7-expression-evaluation; expansion=v1,Standard,Bridge,cn_expression_evaluation,symbol_evaluation;signed_number_fluency,110,Chapter-level expansion from existing cleaned Jian Zi Sheng junior OCR coverage signals. Project-native original-equivalent variants; no direct textbook exercise text is reproduced.,zh,CN,CN,中文校内,初中,production
jianzisheng_cn_junior_chapter_expansion_v1_cn-junior-g7-expression-evaluation_005,当 x=0 时，代数式 -2x+1 的值是多少？,1,multiple_choice,A:6|B:1|C:-1|D:0|E:3,3,prealg_substitution;prealg_expressions;arith_integers,expression_evaluation;signed_number_operations,substitution;linear_expression_value,substitution_error;operation_order_error,把 x=0 代入，得到 -2×0+1=1。,CN Junior High Math,整式,cn-junior-g7-expression-evaluation,七年级：代数式求值,24384,jianzisheng_cn_junior_chapter_expansion_v1,local-ocr-derived: jianzisheng_cn_junior_grade7_batch3_v0; chapter=cn-junior-g7-expression-evaluation; expansion=v1,Standard,Bridge,cn_expression_evaluation,symbol_evaluation;signed_number_fluency,110,Chapter-level expansion from existing cleaned Jian Zi Sheng junior OCR coverage signals. Project-native original-equivalent variants; no direct textbook exercise text is reproduced.,zh,CN,CN,中文校内,初中,production
jianzisheng_cn_junior_chapter_expansion_v1_cn-junior-g7-expression-evaluation_006,当 x=1 时，代数式 -1x+4 的值是多少？,3,multiple_choice,A:3|B:4|C:-1|D:5|E:-3,3,prealg_substitution;prealg_expressions;arith_integers,expression_evaluation;signed_number_operations,substitution;linear_expression_value,substitution_error;operation_order_error,把 x=1 代入，得到 -1×1+4=3。,CN Junior High Math,整式,cn-junior-g7-expression-evaluation,七年级：代数式求值,24385,jianzisheng_cn_junior_chapter_expansion_v1,local-ocr-derived: jianzisheng_cn_junior_grade7_batch3_v0; chapter=cn-junior-g7-expression-evaluation; expansion=v1,Standard,Bridge,cn_expression_evaluation,symbol_evaluation;signed_number_fluency,110,Chapter-level expansion from existing cleaned Jian Zi Sheng junior OCR coverage signals. Project-native original-equivalent variants; no direct textbook exercise text is reproduced.,zh,CN,CN,中文校内,初中,production
jianzisheng_cn_junior_chapter_expansion_v1_cn-junior-g7-expression-evaluation_007,当 x=2 时，代数式 0x-6 的值是多少？,-6,multiple_choice,A:-4|B:0|C:6|D:-1|E:-6,3,prealg_substitution;prealg_expressions;arith_integers,expression_evaluation;signed_number_operations,substitution;linear_expression_value,substitution_error;operation_order_error,把 x=2 代入，得到 0×2-6=-6。,CN Junior High Math,整式,cn-junior-g7-expression-evaluation,七年级：代数式求值,24386,jianzisheng_cn_junior_chapter_expansion_v1,local-ocr-derived: jianzisheng_cn_junior_grade7_batch3_v0; chapter=cn-junior-g7-expression-evaluation; expansion=v1,Standard,Bridge,cn_expression_evaluation,symbol_evaluation;signed_number_fluency,110,Chapter-level expansion from existing cleaned Jian Zi Sheng junior OCR coverage signals. Project-native original-equivalent variants; no direct textbook exercise text is reproduced.,zh,CN,CN,中文校内,初中,production
jianzisheng_cn_junior_chapter_expansion_v1_cn-junior-g7-expression-evaluation_008,当 x=3 时，代数式 1x-3 的值是多少？,0,multiple_choice,A:3|B:2|C:5|D:0|E:1,3,prealg_substitution;prealg_expressions;arith_integers,expression_evaluation;signed_number_operations,substitution;linear_expression_value,substitution_error;operation_order_error,把 x=3 代入，得到 1×3-3=0。,CN Junior High Math,整式,cn-junior-g7-expression-evaluation,七年级：代数式求值,24387,jianzisheng_cn_junior_chapter_expansion_v1,local-ocr-derived: jianzisheng_cn_junior_grade7_batch3_v0; chapter=cn-junior-g7-expression-evaluation; expansion=v1,Standard,Bridge,cn_expression_evaluation,symbol_evaluation;signed_number_fluency,110,Chapter-level expansion from existing cleaned Jian Zi Sheng junior OCR coverage signals. Project-native original-equivalent variants; no direct textbook exercise text is reproduced.,zh,CN,CN,中文校内,初中,production
jianzisheng_cn_junior_chapter_expansion_v1_cn-junior-g7-expression-evaluation_009,当 x=4 时，代数式 2x+0 的值是多少？,8,multiple_choice,A:-8|B:13|C:8|D:6|E:10,3,prealg_substitution;prealg_expressions;arith_integers,expression_evaluation;signed_number_operations,substitution;linear_expression_value,substitution_error;operation_order_error,把 x=4 代入，得到 2×4+0=8。,CN Junior High Math,整式,cn-junior-g7-expression-evaluation,七年级：代数式求值,24388,jianzisheng_cn_junior_chapter_expansion_v1,local-ocr-derived: jianzisheng_cn_junior_grade7_batch3_v0; chapter=cn-junior-g7-expression-evaluation; expansion=v1,Standard,Bridge,cn_expression_evaluation,symbol_evaluation;signed_number_fluency,110,Chapter-level expansion from existing cleaned Jian Zi Sheng junior OCR coverage signals. Project-native original-equivalent variants; no direct textbook exercise text is reproduced.,zh,CN,CN,中文校内,初中,production
jianzisheng_cn_junior_chapter_expansion_v1_cn-junior-g7-expression-evaluation_010,当 x=-3 时，代数式 3x+3 的值是多少？,-6,multiple_choice,A:6|B:-6|C:3|D:-9|E:-4,3,prealg_substitution;prealg_expressions;arith_integers,expression_evaluation;signed_number_operations,substitution;linear_expression_value,substitution_error;operation_order_error,把 x=-3 代入，得到 3×-3+3=-6。,CN Junior High Math,整式,cn-junior-g7-expression-evaluation,七年级：代数式求值,24389,jianzisheng_cn_junior_chapter_expansion_v1,local-ocr-derived: jianzisheng_cn_junior_grade7_batch3_v0; chapter=cn-junior-g7-expression-evaluation; expansion=v1,Standard,Bridge,cn_expression_evaluation,symbol_evaluation;signed_number_fluency,110,Chapter-level expansion from existing cleaned Jian Zi Sheng junior OCR coverage signals. Project-native original-equivalent variants; no direct textbook exercise text is reproduced.,zh,CN,CN,中文校内,初中,production
jianzisheng_cn_junior_chapter_expansion_v1_cn-junior-g7-expression-evaluation_011,当 x=-2 时，代数式 4x+6 的值是多少？,-2,multiple_choice,A:-2|B:8|C:-8|D:0|E:2,3,prealg_substitution;prealg_expressions;arith_integers,expression_evaluation;signed_number_operations,substitution;linear_expression_value,substitution_error;operation_order_error,把 x=-2 代入，得到 4×-2+6=-2。,CN Junior High Math,整式,cn-junior-g7-expression-evaluation,七年级：代数式求值,24390,jianzisheng_cn_junior_chapter_expansion_v1,local-ocr-derived: jianzisheng_cn_junior_grade7_batch3_v0; chapter=cn-junior-g7-expression-evaluation; expansion=v1,Standard,Bridge,cn_expression_evaluation,symbol_evaluation;signed_number_fluency,110,Chapter-level expansion from existing cleaned Jian Zi Sheng junior OCR coverage signals. Project-native original-equivalent variants; no direct textbook exercise text is reproduced.,zh,CN,CN,中文校内,初中,production
jianzisheng_cn_junior_chapter_expansion_v1_cn-junior-g7-expression-evaluation_012,当 x=-1 时，代数式 -4x-4 的值是多少？,0,multiple_choice,A:-9|B:4|C:2|D:5|E:0,3,prealg_substitution;prealg_expressions;arith_integers,expression_evaluation;signed_number_operations,substitution;linear_expression_value,substitution_error;operation_order_error,把 x=-1 代入，得到 -4×-1-4=0。,CN Junior High Math,整式,cn-junior-g7-expression-evaluation,七年级：代数式求值,24391,jianzisheng_cn_junior_chapter_expansion_v1,local-ocr-derived: jianzisheng_cn_junior_grade7_batch3_v0; chapter=cn-junior-g7-expression-evaluation; expansion=v1,Standard,Bridge,cn_expression_evaluation,symbol_evaluation;signed_number_fluency,110,Chapter-level expansion from existing cleaned Jian Zi Sheng junior OCR coverage signals. Project-native original-equivalent variants; no direct textbook exercise text is reproduced.,zh,CN,CN,中文校内,初中,production
jianzisheng_cn_junior_chapter_expansion_v1_cn-junior-g7-expression-evaluation_013,当 x=0 时，代数式 -3x-1 的值是多少？,-1,multiple_choice,A:0|B:1|C:4|D:-1|E:-4,3,prealg_substitution;prealg_expressions;arith_integers,expression_evaluation;signed_number_operations,substitution;linear_expression_value,substitution_error;operation_order_error,把 x=0 代入，得到 -3×0-1=-1。,CN Junior High Math,整式,cn-junior-g7-expression-evaluation,七年级：代数式求值,24392,jianzisheng_cn_junior_chapter_expansion_v1,local-ocr-derived: jianzisheng_cn_junior_grade7_batch3_v0; chapter=cn-junior-g7-expression-evaluation; expansion=v1,Standard,Bridge,cn_expression_evaluation,symbol_evaluation;signed_number_fluency,110,Chapter-level expansion from existing cleaned Jian Zi Sheng junior OCR coverage signals. Project-native original-equivalent variants; no direct textbook exercise text is reproduced.,zh,CN,CN,中文校内,初中,production
jianzisheng_cn_junior_chapter_expansion_v1_cn-junior-g7-expression-evaluation_014,当 x=1 时，代数式 -2x+2 的值是多少？,0,multiple_choice,A:2|B:5|C:0|D:1|E:-2,3,prealg_substitution;prealg_expressions;arith_integers,expression_evaluation;signed_number_operations,substitution;linear_expression_value,substitution_error;operation_order_error,把 x=1 代入，得到 -2×1+2=0。,CN Junior High Math,整式,cn-junior-g7-expression-evaluation,七年级：代数式求值,24393,jianzisheng_cn_junior_chapter_expansion_v1,local-ocr-derived: jianzisheng_cn_junior_grade7_batch3_v0; chapter=cn-junior-g7-expression-evaluation; expansion=v1,Standard,Bridge,cn_expression_evaluation,symbol_evaluation;signed_number_fluency,110,Chapter-level expansion from existing cleaned Jian Zi Sheng junior OCR coverage signals. Project-native original-equivalent variants; no direct textbook exercise text is reproduced.,zh,CN,CN,中文校内,初中,production
jianzisheng_cn_junior_chapter_expansion_v1_cn-junior-g7-equations-parentheses_001,解方程：4(x+3)-2=50，x 的值是多少？,10,multiple_choice,A:10|B:11|C:9|D:13|E:-10,4,alg_linear_equations;prealg_simplification,equation_with_parentheses;distributive_property,linear_equation_parentheses;inverse_operations,partial_distribution_error;inverse_operations_error,先去括号或先移项都可以，化简后解得 x=10。,CN Junior High Math,一元一次方程,cn-junior-g7-equations-parentheses,七年级：含括号的一元一次方程,24400,jianzisheng_cn_junior_chapter_expansion_v1,local-ocr-derived: jianzisheng_cn_junior_grade7_batch3_v0; chapter=cn-junior-g7-equations-parentheses; expansion=v1,Honors,Algebra Readiness,cn_g7_equation_with_parentheses,symbolic_fluency;inverse_operations,130,Chapter-level expansion from existing cleaned Jian Zi Sheng junior OCR coverage signals. Project-native original-equivalent variants; no direct textbook exercise text is reproduced.,zh,CN,CN,中文校内,初中,production
jianzisheng_cn_junior_chapter_expansion_v1_cn-junior-g7-equations-parentheses_002,解方程：5(x+4)+0=35，x 的值是多少？,3,multiple_choice,A:4|B:2|C:7|D:-3|E:3,4,alg_linear_equations;prealg_simplification,equation_with_parentheses;distributive_property,linear_equation_parentheses;inverse_operations,partial_distribution_error;inverse_operations_error,先去括号或先移项都可以，化简后解得 x=3。,CN Junior High Math,一元一次方程,cn-junior-g7-equations-parentheses,七年级：含括号的一元一次方程,24401,jianzisheng_cn_junior_chapter_expansion_v1,local-ocr-derived: jianzisheng_cn_junior_grade7_batch3_v0; chapter=cn-junior-g7-equations-parentheses; expansion=v1,Honors,Algebra Readiness,cn_g7_equation_with_parentheses,symbolic_fluency;inverse_operations,130,Chapter-level expansion from existing cleaned Jian Zi Sheng junior OCR coverage signals. Project-native original-equivalent variants; no direct textbook exercise text is reproduced.,zh,CN,CN,中文校内,初中,production
jianzisheng_cn_junior_chapter_expansion_v1_cn-junior-g7-equations-parentheses_003,解方程：6(x-4)+2=2，x 的值是多少？,4,multiple_choice,A:3|B:0|C:-4|D:4|E:5,4,alg_linear_equations;prealg_simplification,equation_with_parentheses;distributive_property,linear_equation_parentheses;inverse_operations,partial_distribution_error;inverse_operations_error,先去括号或先移项都可以，化简后解得 x=4。,CN Junior High Math,一元一次方程,cn-junior-g7-equations-parentheses,七年级：含括号的一元一次方程,24402,jianzisheng_cn_junior_chapter_expansion_v1,local-ocr-derived: jianzisheng_cn_junior_grade7_batch3_v0; chapter=cn-junior-g7-equations-parentheses; expansion=v1,Honors,Algebra Readiness,cn_g7_equation_with_parentheses,symbolic_fluency;inverse_operations,130,Chapter-level expansion from existing cleaned Jian Zi Sheng junior OCR coverage signals. Project-native original-equivalent variants; no direct textbook exercise text is reproduced.,zh,CN,CN,中文校内,初中,production
jianzisheng_cn_junior_chapter_expansion_v1_cn-junior-g7-equations-parentheses_004,解方程：2(x-3)+4=8，x 的值是多少？,5,multiple_choice,A:-5|B:10|C:5|D:6|E:4,4,alg_linear_equations;prealg_simplification,equation_with_parentheses;distributive_property,linear_equation_parentheses;inverse_operations,partial_distribution_error;inverse_operations_error,先去括号或先移项都可以，化简后解得 x=5。,CN Junior High Math,一元一次方程,cn-junior-g7-equations-parentheses,七年级：含括号的一元一次方程,24403,jianzisheng_cn_junior_chapter_expansion_v1,local-ocr-derived: jianzisheng_cn_junior_grade7_batch3_v0; chapter=cn-junior-g7-equations-parentheses; expansion=v1,Honors,Algebra Readiness,cn_g7_equation_with_parentheses,symbolic_fluency;inverse_operations,130,Chapter-level expansion from existing cleaned Jian Zi Sheng junior OCR coverage signals. Project-native original-equivalent variants; no direct textbook exercise text is reproduced.,zh,CN,CN,中文校内,初中,production
jianzisheng_cn_junior_chapter_expansion_v1_cn-junior-g7-equations-parentheses_005,解方程：3(x-2)-5=7，x 的值是多少？,6,multiple_choice,A:-6|B:6|C:7|D:5|E:2,4,alg_linear_equations;prealg_simplification,equation_with_parentheses;distributive_property,linear_equation_parentheses;inverse_operations,partial_distribution_error;inverse_operations_error,先去括号或先移项都可以，化简后解得 x=6。,CN Junior High Math,一元一次方程,cn-junior-g7-equations-parentheses,七年级：含括号的一元一次方程,24404,jianzisheng_cn_junior_chapter_expansion_v1,local-ocr-derived: jianzisheng_cn_junior_grade7_batch3_v0; chapter=cn-junior-g7-equations-parentheses; expansion=v1,Honors,Algebra Readiness,cn_g7_equation_with_parentheses,symbolic_fluency;inverse_operations,130,Chapter-level expansion from existing cleaned Jian Zi Sheng junior OCR coverage signals. Project-native original-equivalent variants; no direct textbook exercise text is reproduced.,zh,CN,CN,中文校内,初中,production
jianzisheng_cn_junior_chapter_expansion_v1_cn-junior-g7-equations-parentheses_006,解方程：4(x-1)-3=21，x 的值是多少？,7,multiple_choice,A:7|B:8|C:6|D:5|E:-7,4,alg_linear_equations;prealg_simplification,equation_with_parentheses;distributive_property,linear_equation_parentheses;inverse_operations,partial_distribution_error;inverse_operations_error,先去括号或先移项都可以，化简后解得 x=7。,CN Junior High Math,一元一次方程,cn-junior-g7-equations-parentheses,七年级：含括号的一元一次方程,24405,jianzisheng_cn_junior_chapter_expansion_v1,local-ocr-derived: jianzisheng_cn_junior_grade7_batch3_v0; chapter=cn-junior-g7-equations-parentheses; expansion=v1,Honors,Algebra Readiness,cn_g7_equation_with_parentheses,symbolic_fluency;inverse_operations,130,Chapter-level expansion from existing cleaned Jian Zi Sheng junior OCR coverage signals. Project-native original-equivalent variants; no direct textbook exercise text is reproduced.,zh,CN,CN,中文校内,初中,production
jianzisheng_cn_junior_chapter_expansion_v1_cn-junior-g7-equations-parentheses_007,解方程：5(x+0)-1=39，x 的值是多少？,8,multiple_choice,A:9|B:7|C:-8|D:13|E:8,4,alg_linear_equations;prealg_simplification,equation_with_parentheses;distributive_property,linear_equation_parentheses;inverse_operations,partial_distribution_error;inverse_operations_error,先去括号或先移项都可以，化简后解得 x=8。,CN Junior High Math,一元一次方程,cn-junior-g7-equations-parentheses,七年级：含括号的一元一次方程,24406,jianzisheng_cn_junior_chapter_expansion_v1,local-ocr-derived: jianzisheng_cn_junior_grade7_batch3_v0; chapter=cn-junior-g7-equations-parentheses; expansion=v1,Honors,Algebra Readiness,cn_g7_equation_with_parentheses,symbolic_fluency;inverse_operations,130,Chapter-level expansion from existing cleaned Jian Zi Sheng junior OCR coverage signals. Project-native original-equivalent variants; no direct textbook exercise text is reproduced.,zh,CN,CN,中文校内,初中,production
jianzisheng_cn_junior_chapter_expansion_v1_cn-junior-g7-equations-parentheses_008,解方程：6(x+1)+1=61，x 的值是多少？,9,multiple_choice,A:8|B:-9|C:14|D:9|E:10,4,alg_linear_equations;prealg_simplification,equation_with_parentheses;distributive_property,linear_equation_parentheses;inverse_operations,partial_distribution_error;inverse_operations_error,先去括号或先移项都可以，化简后解得 x=9。,CN Junior High Math,一元一次方程,cn-junior-g7-equations-parentheses,七年级：含括号的一元一次方程,24407,jianzisheng_cn_junior_chapter_expansion_v1,local-ocr-derived: jianzisheng_cn_junior_grade7_batch3_v0; chapter=cn-junior-g7-equations-parentheses; expansion=v1,Honors,Algebra Readiness,cn_g7_equation_with_parentheses,symbolic_fluency;inverse_operations,130,Chapter-level expansion from existing cleaned Jian Zi Sheng junior OCR coverage signals. Project-native original-equivalent variants; no direct textbook exercise text is reproduced.,zh,CN,CN,中文校内,初中,production
jianzisheng_cn_junior_chapter_expansion_v1_cn-junior-g7-equations-parentheses_009,解方程：2(x+2)+3=27，x 的值是多少？,10,multiple_choice,A:14|B:-10|C:10|D:11|E:9,4,alg_linear_equations;prealg_simplification,equation_with_parentheses;distributive_property,linear_equation_parentheses;inverse_operations,partial_distribution_error;inverse_operations_error,先去括号或先移项都可以，化简后解得 x=10。,CN Junior High Math,一元一次方程,cn-junior-g7-equations-parentheses,七年级：含括号的一元一次方程,24408,jianzisheng_cn_junior_chapter_expansion_v1,local-ocr-derived: jianzisheng_cn_junior_grade7_batch3_v0; chapter=cn-junior-g7-equations-parentheses; expansion=v1,Honors,Algebra Readiness,cn_g7_equation_with_parentheses,symbolic_fluency;inverse_operations,130,Chapter-level expansion from existing cleaned Jian Zi Sheng junior OCR coverage signals. Project-native original-equivalent variants; no direct textbook exercise text is reproduced.,zh,CN,CN,中文校内,初中,production
jianzisheng_cn_junior_chapter_expansion_v1_cn-junior-g7-equations-parentheses_010,解方程：3(x+3)+5=23，x 的值是多少？,3,multiple_choice,A:-3|B:3|C:4|D:2|E:8,4,alg_linear_equations;prealg_simplification,equation_with_parentheses;distributive_property,linear_equation_parentheses;inverse_operations,partial_distribution_error;inverse_operations_error,先去括号或先移项都可以，化简后解得 x=3。,CN Junior High Math,一元一次方程,cn-junior-g7-equations-parentheses,七年级：含括号的一元一次方程,24409,jianzisheng_cn_junior_chapter_expansion_v1,local-ocr-derived: jianzisheng_cn_junior_grade7_batch3_v0; chapter=cn-junior-g7-equations-parentheses; expansion=v1,Honors,Algebra Readiness,cn_g7_equation_with_parentheses,symbolic_fluency;inverse_operations,130,Chapter-level expansion from existing cleaned Jian Zi Sheng junior OCR coverage signals. Project-native original-equivalent variants; no direct textbook exercise text is reproduced.,zh,CN,CN,中文校内,初中,production
jianzisheng_cn_junior_chapter_expansion_v1_cn-junior-g7-equations-parentheses_011,解方程：4(x+4)-4=28，x 的值是多少？,4,multiple_choice,A:4|B:5|C:3|D:7|E:-4,4,alg_linear_equations;prealg_simplification,equation_with_parentheses;distributive_property,linear_equation_parentheses;inverse_operations,partial_distribution_error;inverse_operations_error,先去括号或先移项都可以，化简后解得 x=4。,CN Junior High Math,一元一次方程,cn-junior-g7-equations-parentheses,七年级：含括号的一元一次方程,24410,jianzisheng_cn_junior_chapter_expansion_v1,local-ocr-derived: jianzisheng_cn_junior_grade7_batch3_v0; chapter=cn-junior-g7-equations-parentheses; expansion=v1,Honors,Algebra Readiness,cn_g7_equation_with_parentheses,symbolic_fluency;inverse_operations,130,Chapter-level expansion from existing cleaned Jian Zi Sheng junior OCR coverage signals. Project-native original-equivalent variants; no direct textbook exercise text is reproduced.,zh,CN,CN,中文校内,初中,production
jianzisheng_cn_junior_chapter_expansion_v1_cn-junior-g7-equations-parentheses_012,解方程：5(x-4)-2=3，x 的值是多少？,5,multiple_choice,A:6|B:4|C:1|D:-5|E:5,4,alg_linear_equations;prealg_simplification,equation_with_parentheses;distributive_property,linear_equation_parentheses;inverse_operations,partial_distribution_error;inverse_operations_error,先去括号或先移项都可以，化简后解得 x=5。,CN Junior High Math,一元一次方程,cn-junior-g7-equations-parentheses,七年级：含括号的一元一次方程,24411,jianzisheng_cn_junior_chapter_expansion_v1,local-ocr-derived: jianzisheng_cn_junior_grade7_batch3_v0; chapter=cn-junior-g7-equations-parentheses; expansion=v1,Honors,Algebra Readiness,cn_g7_equation_with_parentheses,symbolic_fluency;inverse_operations,130,Chapter-level expansion from existing cleaned Jian Zi Sheng junior OCR coverage signals. Project-native original-equivalent variants; no direct textbook exercise text is reproduced.,zh,CN,CN,中文校内,初中,production
jianzisheng_cn_junior_chapter_expansion_v1_cn-junior-g7-equations-parentheses_013,解方程：6(x-3)+0=18，x 的值是多少？,6,multiple_choice,A:5|B:3|C:-6|D:6|E:7,4,alg_linear_equations;prealg_simplification,equation_with_parentheses;distributive_property,linear_equation_parentheses;inverse_operations,partial_distribution_error;inverse_operations_error,先去括号或先移项都可以，化简后解得 x=6。,CN Junior High Math,一元一次方程,cn-junior-g7-equations-parentheses,七年级：含括号的一元一次方程,24412,jianzisheng_cn_junior_chapter_expansion_v1,local-ocr-derived: jianzisheng_cn_junior_grade7_batch3_v0; chapter=cn-junior-g7-equations-parentheses; expansion=v1,Honors,Algebra Readiness,cn_g7_equation_with_parentheses,symbolic_fluency;inverse_operations,130,Chapter-level expansion from existing cleaned Jian Zi Sheng junior OCR coverage signals. Project-native original-equivalent variants; no direct textbook exercise text is reproduced.,zh,CN,CN,中文校内,初中,production
jianzisheng_cn_junior_chapter_expansion_v1_cn-junior-g7-equations-parentheses_014,解方程：2(x-2)+2=12，x 的值是多少？,7,multiple_choice,A:-7|B:12|C:7|D:8|E:6,4,alg_linear_equations;prealg_simplification,equation_with_parentheses;distributive_property,linear_equation_parentheses;inverse_operations,partial_distribution_error;inverse_operations_error,先去括号或先移项都可以，化简后解得 x=7。,CN Junior High Math,一元一次方程,cn-junior-g7-equations-parentheses,七年级：含括号的一元一次方程,24413,jianzisheng_cn_junior_chapter_expansion_v1,local-ocr-derived: jianzisheng_cn_junior_grade7_batch3_v0; chapter=cn-junior-g7-equations-parentheses; expansion=v1,Honors,Algebra Readiness,cn_g7_equation_with_parentheses,symbolic_fluency;inverse_operations,130,Chapter-level expansion from existing cleaned Jian Zi Sheng junior OCR coverage signals. Project-native original-equivalent variants; no direct textbook exercise text is reproduced.,zh,CN,CN,中文校内,初中,production
jianzisheng_cn_junior_chapter_expansion_v1_cn-junior-g7-inequality-number-line_001,不等式 x≤3 在数轴上的表示是哪一种？,实心圆在 3，向左,multiple_choice,A:实心圆在 3，向左|B:空心圆在 3，向左|C:实心圆在 3，向右|D:空心圆在 3，向右|E:实心圆在 3，向左+5,3,alg_linear_inequalities;arith_integers,number_line_inequality;inequality_interpretation,inequality_graph;open_closed_endpoint,open_closed_endpoint_error;direction_error,严格不等号用空心圆，含等号用实心圆；大于向右，小于向左。因此答案是“实心圆在 3，向左”。,CN Junior High Math,不等式,cn-junior-g7-inequality-number-line,七年级：不等式解集与数轴,24420,jianzisheng_cn_junior_chapter_expansion_v1,local-ocr-derived: jianzisheng_cn_junior_grade7_batch3_v0; chapter=cn-junior-g7-inequality-number-line; expansion=v1,Standard,Algebra Readiness,cn_g7_inequality_number_line,relation_reasoning;spatial_reasoning,110,Chapter-level expansion from existing cleaned Jian Zi Sheng junior OCR coverage signals. Project-native original-equivalent variants; no direct textbook exercise text is reproduced.,zh,CN,CN,中文校内,初中,production
jianzisheng_cn_junior_chapter_expansion_v1_cn-junior-g7-inequality-number-line_002,不等式 x>4 在数轴上的表示是哪一种？,空心圆在 4，向右,multiple_choice,A:空心圆在 4，向左|B:实心圆在 4，向右|C:实心圆在 4，向左|D:空心圆在 4，向右+5|E:空心圆在 4，向右,3,alg_linear_inequalities;arith_integers,number_line_inequality;inequality_interpretation,inequality_graph;open_closed_endpoint,open_closed_endpoint_error;direction_error,严格不等号用空心圆，含等号用实心圆；大于向右，小于向左。因此答案是“空心圆在 4，向右”。,CN Junior High Math,不等式,cn-junior-g7-inequality-number-line,七年级：不等式解集与数轴,24421,jianzisheng_cn_junior_chapter_expansion_v1,local-ocr-derived: jianzisheng_cn_junior_grade7_batch3_v0; chapter=cn-junior-g7-inequality-number-line; expansion=v1,Standard,Algebra Readiness,cn_g7_inequality_number_line,relation_reasoning;spatial_reasoning,110,Chapter-level expansion from existing cleaned Jian Zi Sheng junior OCR coverage signals. Project-native original-equivalent variants; no direct textbook exercise text is reproduced.,zh,CN,CN,中文校内,初中,production
jianzisheng_cn_junior_chapter_expansion_v1_cn-junior-g7-inequality-number-line_003,不等式 x<5 在数轴上的表示是哪一种？,空心圆在 5，向左,multiple_choice,A:空心圆在 5，向右|B:实心圆在 5，向左|C:空心圆在 5，向左+5|D:空心圆在 5，向左|E:实心圆在 5，向右,3,alg_linear_inequalities;arith_integers,number_line_inequality;inequality_interpretation,inequality_graph;open_closed_endpoint,open_closed_endpoint_error;direction_error,严格不等号用空心圆，含等号用实心圆；大于向右，小于向左。因此答案是“空心圆在 5，向左”。,CN Junior High Math,不等式,cn-junior-g7-inequality-number-line,七年级：不等式解集与数轴,24422,jianzisheng_cn_junior_chapter_expansion_v1,local-ocr-derived: jianzisheng_cn_junior_grade7_batch3_v0; chapter=cn-junior-g7-inequality-number-line; expansion=v1,Standard,Algebra Readiness,cn_g7_inequality_number_line,relation_reasoning;spatial_reasoning,110,Chapter-level expansion from existing cleaned Jian Zi Sheng junior OCR coverage signals. Project-native original-equivalent variants; no direct textbook exercise text is reproduced.,zh,CN,CN,中文校内,初中,production
jianzisheng_cn_junior_chapter_expansion_v1_cn-junior-g7-inequality-number-line_004,不等式 x≥-4 在数轴上的表示是哪一种？,实心圆在 -4，向右,multiple_choice,A:实心圆在 -4，向左|B:实心圆在 -4，向右+5|C:实心圆在 -4，向右|D:空心圆在 -4，向左|E:空心圆在 -4，向右,3,alg_linear_inequalities;arith_integers,number_line_inequality;inequality_interpretation,inequality_graph;open_closed_endpoint,open_closed_endpoint_error;direction_error,严格不等号用空心圆，含等号用实心圆；大于向右，小于向左。因此答案是“实心圆在 -4，向右”。,CN Junior High Math,不等式,cn-junior-g7-inequality-number-line,七年级：不等式解集与数轴,24423,jianzisheng_cn_junior_chapter_expansion_v1,local-ocr-derived: jianzisheng_cn_junior_grade7_batch3_v0; chapter=cn-junior-g7-inequality-number-line; expansion=v1,Standard,Algebra Readiness,cn_g7_inequality_number_line,relation_reasoning;spatial_reasoning,110,Chapter-level expansion from existing cleaned Jian Zi Sheng junior OCR coverage signals. Project-native original-equivalent variants; no direct textbook exercise text is reproduced.,zh,CN,CN,中文校内,初中,production
jianzisheng_cn_junior_chapter_expansion_v1_cn-junior-g7-inequality-number-line_005,不等式 x≤-3 在数轴上的表示是哪一种？,实心圆在 -3，向左,multiple_choice,A:实心圆在 -3，向左+5|B:实心圆在 -3，向左|C:空心圆在 -3，向左|D:实心圆在 -3，向右|E:空心圆在 -3，向右,3,alg_linear_inequalities;arith_integers,number_line_inequality;inequality_interpretation,inequality_graph;open_closed_endpoint,open_closed_endpoint_error;direction_error,严格不等号用空心圆，含等号用实心圆；大于向右，小于向左。因此答案是“实心圆在 -3，向左”。,CN Junior High Math,不等式,cn-junior-g7-inequality-number-line,七年级：不等式解集与数轴,24424,jianzisheng_cn_junior_chapter_expansion_v1,local-ocr-derived: jianzisheng_cn_junior_grade7_batch3_v0; chapter=cn-junior-g7-inequality-number-line; expansion=v1,Standard,Algebra Readiness,cn_g7_inequality_number_line,relation_reasoning;spatial_reasoning,110,Chapter-level expansion from existing cleaned Jian Zi Sheng junior OCR coverage signals. Project-native original-equivalent variants; no direct textbook exercise text is reproduced.,zh,CN,CN,中文校内,初中,production
jianzisheng_cn_junior_chapter_expansion_v1_cn-junior-g7-inequality-number-line_006,不等式 x>-2 在数轴上的表示是哪一种？,空心圆在 -2，向右,multiple_choice,A:空心圆在 -2，向右|B:空心圆在 -2，向左|C:实心圆在 -2，向右|D:实心圆在 -2，向左|E:空心圆在 -2，向右+5,3,alg_linear_inequalities;arith_integers,number_line_inequality;inequality_interpretation,inequality_graph;open_closed_endpoint,open_closed_endpoint_error;direction_error,严格不等号用空心圆，含等号用实心圆；大于向右，小于向左。因此答案是“空心圆在 -2，向右”。,CN Junior High Math,不等式,cn-junior-g7-inequality-number-line,七年级：不等式解集与数轴,24425,jianzisheng_cn_junior_chapter_expansion_v1,local-ocr-derived: jianzisheng_cn_junior_grade7_batch3_v0; chapter=cn-junior-g7-inequality-number-line; expansion=v1,Standard,Algebra Readiness,cn_g7_inequality_number_line,relation_reasoning;spatial_reasoning,110,Chapter-level expansion from existing cleaned Jian Zi Sheng junior OCR coverage signals. Project-native original-equivalent variants; no direct textbook exercise text is reproduced.,zh,CN,CN,中文校内,初中,production
jianzisheng_cn_junior_chapter_expansion_v1_cn-junior-g7-inequality-number-line_007,不等式 x<-1 在数轴上的表示是哪一种？,空心圆在 -1，向左,multiple_choice,A:实心圆在 -1，向右|B:空心圆在 -1，向右|C:实心圆在 -1，向左|D:空心圆在 -1，向左+5|E:空心圆在 -1，向左,3,alg_linear_inequalities;arith_integers,number_line_inequality;inequality_interpretation,inequality_graph;open_closed_endpoint,open_closed_endpoint_error;direction_error,严格不等号用空心圆，含等号用实心圆；大于向右，小于向左。因此答案是“空心圆在 -1，向左”。,CN Junior High Math,不等式,cn-junior-g7-inequality-number-line,七年级：不等式解集与数轴,24426,jianzisheng_cn_junior_chapter_expansion_v1,local-ocr-derived: jianzisheng_cn_junior_grade7_batch3_v0; chapter=cn-junior-g7-inequality-number-line; expansion=v1,Standard,Algebra Readiness,cn_g7_inequality_number_line,relation_reasoning;spatial_reasoning,110,Chapter-level expansion from existing cleaned Jian Zi Sheng junior OCR coverage signals. Project-native original-equivalent variants; no direct textbook exercise text is reproduced.,zh,CN,CN,中文校内,初中,production
jianzisheng_cn_junior_chapter_expansion_v1_cn-junior-g7-inequality-number-line_008,不等式 x≥0 在数轴上的表示是哪一种？,实心圆在 0，向右,multiple_choice,A:空心圆在 0，向右|B:实心圆在 0，向左|C:实心圆在 0，向右+5|D:实心圆在 0，向右|E:空心圆在 0，向左,3,alg_linear_inequalities;arith_integers,number_line_inequality;inequality_interpretation,inequality_graph;open_closed_endpoint,open_closed_endpoint_error;direction_error,严格不等号用空心圆，含等号用实心圆；大于向右，小于向左。因此答案是“实心圆在 0，向右”。,CN Junior High Math,不等式,cn-junior-g7-inequality-number-line,七年级：不等式解集与数轴,24427,jianzisheng_cn_junior_chapter_expansion_v1,local-ocr-derived: jianzisheng_cn_junior_grade7_batch3_v0; chapter=cn-junior-g7-inequality-number-line; expansion=v1,Standard,Algebra Readiness,cn_g7_inequality_number_line,relation_reasoning;spatial_reasoning,110,Chapter-level expansion from existing cleaned Jian Zi Sheng junior OCR coverage signals. Project-native original-equivalent variants; no direct textbook exercise text is reproduced.,zh,CN,CN,中文校内,初中,production
jianzisheng_cn_junior_chapter_expansion_v1_cn-junior-g7-inequality-number-line_009,不等式 x≤1 在数轴上的表示是哪一种？,实心圆在 1，向左,multiple_choice,A:空心圆在 1，向右|B:实心圆在 1，向左+5|C:实心圆在 1，向左|D:空心圆在 1，向左|E:实心圆在 1，向右,3,alg_linear_inequalities;arith_integers,number_line_inequality;inequality_interpretation,inequality_graph;open_closed_endpoint,open_closed_endpoint_error;direction_error,严格不等号用空心圆，含等号用实心圆；大于向右，小于向左。因此答案是“实心圆在 1，向左”。,CN Junior High Math,不等式,cn-junior-g7-inequality-number-line,七年级：不等式解集与数轴,24428,jianzisheng_cn_junior_chapter_expansion_v1,local-ocr-derived: jianzisheng_cn_junior_grade7_batch3_v0; chapter=cn-junior-g7-inequality-number-line; expansion=v1,Standard,Algebra Readiness,cn_g7_inequality_number_line,relation_reasoning;spatial_reasoning,110,Chapter-level expansion from existing cleaned Jian Zi Sheng junior OCR coverage signals. Project-native original-equivalent variants; no direct textbook exercise text is reproduced.,zh,CN,CN,中文校内,初中,production
jianzisheng_cn_junior_chapter_expansion_v1_cn-junior-g7-inequality-number-line_010,不等式 x>2 在数轴上的表示是哪一种？,空心圆在 2，向右,multiple_choice,A:空心圆在 2，向右+5|B:空心圆在 2，向右|C:空心圆在 2，向左|D:实心圆在 2，向右|E:实心圆在 2，向左,3,alg_linear_inequalities;arith_integers,number_line_inequality;inequality_interpretation,inequality_graph;open_closed_endpoint,open_closed_endpoint_error;direction_error,严格不等号用空心圆，含等号用实心圆；大于向右，小于向左。因此答案是“空心圆在 2，向右”。,CN Junior High Math,不等式,cn-junior-g7-inequality-number-line,七年级：不等式解集与数轴,24429,jianzisheng_cn_junior_chapter_expansion_v1,local-ocr-derived: jianzisheng_cn_junior_grade7_batch3_v0; chapter=cn-junior-g7-inequality-number-line; expansion=v1,Standard,Algebra Readiness,cn_g7_inequality_number_line,relation_reasoning;spatial_reasoning,110,Chapter-level expansion from existing cleaned Jian Zi Sheng junior OCR coverage signals. Project-native original-equivalent variants; no direct textbook exercise text is reproduced.,zh,CN,CN,中文校内,初中,production
jianzisheng_cn_junior_chapter_expansion_v1_cn-junior-g7-inequality-number-line_011,不等式 x<3 在数轴上的表示是哪一种？,空心圆在 3，向左,multiple_choice,A:空心圆在 3，向左|B:实心圆在 3，向右|C:空心圆在 3，向右|D:实心圆在 3，向左|E:空心圆在 3，向左+5,3,alg_linear_inequalities;arith_integers,number_line_inequality;inequality_interpretation,inequality_graph;open_closed_endpoint,open_closed_endpoint_error;direction_error,严格不等号用空心圆，含等号用实心圆；大于向右，小于向左。因此答案是“空心圆在 3，向左”。,CN Junior High Math,不等式,cn-junior-g7-inequality-number-line,七年级：不等式解集与数轴,24430,jianzisheng_cn_junior_chapter_expansion_v1,local-ocr-derived: jianzisheng_cn_junior_grade7_batch3_v0; chapter=cn-junior-g7-inequality-number-line; expansion=v1,Standard,Algebra Readiness,cn_g7_inequality_number_line,relation_reasoning;spatial_reasoning,110,Chapter-level expansion from existing cleaned Jian Zi Sheng junior OCR coverage signals. Project-native original-equivalent variants; no direct textbook exercise text is reproduced.,zh,CN,CN,中文校内,初中,production
jianzisheng_cn_junior_chapter_expansion_v1_cn-junior-g7-inequality-number-line_012,不等式 x≥4 在数轴上的表示是哪一种？,实心圆在 4，向右,multiple_choice,A:空心圆在 4，向左|B:空心圆在 4，向右|C:实心圆在 4，向左|D:实心圆在 4，向右+5|E:实心圆在 4，向右,3,alg_linear_inequalities;arith_integers,number_line_inequality;inequality_interpretation,inequality_graph;open_closed_endpoint,open_closed_endpoint_error;direction_error,严格不等号用空心圆，含等号用实心圆；大于向右，小于向左。因此答案是“实心圆在 4，向右”。,CN Junior High Math,不等式,cn-junior-g7-inequality-number-line,七年级：不等式解集与数轴,24431,jianzisheng_cn_junior_chapter_expansion_v1,local-ocr-derived: jianzisheng_cn_junior_grade7_batch3_v0; chapter=cn-junior-g7-inequality-number-line; expansion=v1,Standard,Algebra Readiness,cn_g7_inequality_number_line,relation_reasoning;spatial_reasoning,110,Chapter-level expansion from existing cleaned Jian Zi Sheng junior OCR coverage signals. Project-native original-equivalent variants; no direct textbook exercise text is reproduced.,zh,CN,CN,中文校内,初中,production
jianzisheng_cn_junior_chapter_expansion_v1_cn-junior-g7-inequality-number-line_013,不等式 x≤5 在数轴上的表示是哪一种？,实心圆在 5，向左,multiple_choice,A:实心圆在 5，向右|B:空心圆在 5，向右|C:实心圆在 5，向左+5|D:实心圆在 5，向左|E:空心圆在 5，向左,3,alg_linear_inequalities;arith_integers,number_line_inequality;inequality_interpretation,inequality_graph;open_closed_endpoint,open_closed_endpoint_error;direction_error,严格不等号用空心圆，含等号用实心圆；大于向右，小于向左。因此答案是“实心圆在 5，向左”。,CN Junior High Math,不等式,cn-junior-g7-inequality-number-line,七年级：不等式解集与数轴,24432,jianzisheng_cn_junior_chapter_expansion_v1,local-ocr-derived: jianzisheng_cn_junior_grade7_batch3_v0; chapter=cn-junior-g7-inequality-number-line; expansion=v1,Standard,Algebra Readiness,cn_g7_inequality_number_line,relation_reasoning;spatial_reasoning,110,Chapter-level expansion from existing cleaned Jian Zi Sheng junior OCR coverage signals. Project-native original-equivalent variants; no direct textbook exercise text is reproduced.,zh,CN,CN,中文校内,初中,production
jianzisheng_cn_junior_chapter_expansion_v1_cn-junior-g7-inequality-number-line_014,不等式 x>-4 在数轴上的表示是哪一种？,空心圆在 -4，向右,multiple_choice,A:实心圆在 -4，向左|B:空心圆在 -4，向右+5|C:空心圆在 -4，向右|D:空心圆在 -4，向左|E:实心圆在 -4，向右,3,alg_linear_inequalities;arith_integers,number_line_inequality;inequality_interpretation,inequality_graph;open_closed_endpoint,open_closed_endpoint_error;direction_error,严格不等号用空心圆，含等号用实心圆；大于向右，小于向左。因此答案是“空心圆在 -4，向右”。,CN Junior High Math,不等式,cn-junior-g7-inequality-number-line,七年级：不等式解集与数轴,24433,jianzisheng_cn_junior_chapter_expansion_v1,local-ocr-derived: jianzisheng_cn_junior_grade7_batch3_v0; chapter=cn-junior-g7-inequality-number-line; expansion=v1,Standard,Algebra Readiness,cn_g7_inequality_number_line,relation_reasoning;spatial_reasoning,110,Chapter-level expansion from existing cleaned Jian Zi Sheng junior OCR coverage signals. Project-native original-equivalent variants; no direct textbook exercise text is reproduced.,zh,CN,CN,中文校内,初中,production
jianzisheng_cn_junior_chapter_expansion_v1_cn-junior-g7-area-expressions_001,长方形的长为 9x，宽为 10，面积是多少？,90x,multiple_choice,A:90x|B:19x|C:38x|D:9x+10|E:90,3,geo_area;prealg_expressions,area_expression;monomial_multiplication,rectangle_area_expression;geometry_to_expression,perimeter_area_confusion;missing_variable_error,面积=长×宽，所以 9x×10=90x。,CN Junior High Math,基础几何,cn-junior-g7-area-expressions,七年级：面积与整式表达,24440,jianzisheng_cn_junior_chapter_expansion_v1,local-ocr-derived: jianzisheng_cn_junior_grade7_batch3_v0; chapter=cn-junior-g7-area-expressions; expansion=v1,Standard,Bridge,cn_area_expression,modeling;symbolic_fluency,110,Chapter-level expansion from existing cleaned Jian Zi Sheng junior OCR coverage signals. Project-native original-equivalent variants; no direct textbook exercise text is reproduced.,zh,CN,CN,中文校内,初中,production
jianzisheng_cn_junior_chapter_expansion_v1_cn-junior-g7-area-expressions_002,长方形的长为 2x，宽为 11，面积是多少？,22x,multiple_choice,A:13x|B:26x|C:2x+11|D:22|E:22x,3,geo_area;prealg_expressions,area_expression;monomial_multiplication,rectangle_area_expression;geometry_to_expression,perimeter_area_confusion;missing_variable_error,面积=长×宽，所以 2x×11=22x。,CN Junior High Math,基础几何,cn-junior-g7-area-expressions,七年级：面积与整式表达,24441,jianzisheng_cn_junior_chapter_expansion_v1,local-ocr-derived: jianzisheng_cn_junior_grade7_batch3_v0; chapter=cn-junior-g7-area-expressions; expansion=v1,Standard,Bridge,cn_area_expression,modeling;symbolic_fluency,110,Chapter-level expansion from existing cleaned Jian Zi Sheng junior OCR coverage signals. Project-native original-equivalent variants; no direct textbook exercise text is reproduced.,zh,CN,CN,中文校内,初中,production
jianzisheng_cn_junior_chapter_expansion_v1_cn-junior-g7-area-expressions_003,长方形的长为 3x，宽为 3，面积是多少？,9x,multiple_choice,A:12x|B:3x+3|C:9|D:9x|E:6x,3,geo_area;prealg_expressions,area_expression;monomial_multiplication,rectangle_area_expression;geometry_to_expression,perimeter_area_confusion;missing_variable_error,面积=长×宽，所以 3x×3=9x。,CN Junior High Math,基础几何,cn-junior-g7-area-expressions,七年级：面积与整式表达,24442,jianzisheng_cn_junior_chapter_expansion_v1,local-ocr-derived: jianzisheng_cn_junior_grade7_batch3_v0; chapter=cn-junior-g7-area-expressions; expansion=v1,Standard,Bridge,cn_area_expression,modeling;symbolic_fluency,110,Chapter-level expansion from existing cleaned Jian Zi Sheng junior OCR coverage signals. Project-native original-equivalent variants; no direct textbook exercise text is reproduced.,zh,CN,CN,中文校内,初中,production
jianzisheng_cn_junior_chapter_expansion_v1_cn-junior-g7-area-expressions_004,长方形的长为 4x，宽为 4，面积是多少？,16x,multiple_choice,A:16|B:16x+5|C:16x|D:8x|E:4x+4,3,geo_area;prealg_expressions,area_expression;monomial_multiplication,rectangle_area_expression;geometry_to_expression,perimeter_area_confusion;missing_variable_error,面积=长×宽，所以 4x×4=16x。,CN Junior High Math,基础几何,cn-junior-g7-area-expressions,七年级：面积与整式表达,24443,jianzisheng_cn_junior_chapter_expansion_v1,local-ocr-derived: jianzisheng_cn_junior_grade7_batch3_v0; chapter=cn-junior-g7-area-expressions; expansion=v1,Standard,Bridge,cn_area_expression,modeling;symbolic_fluency,110,Chapter-level expansion from existing cleaned Jian Zi Sheng junior OCR coverage signals. Project-native original-equivalent variants; no direct textbook exercise text is reproduced.,zh,CN,CN,中文校内,初中,production
jianzisheng_cn_junior_chapter_expansion_v1_cn-junior-g7-area-expressions_005,长方形的长为 5x，宽为 5，面积是多少？,25x,multiple_choice,A:25|B:25x|C:10x|D:20x|E:5x+5,3,geo_area;prealg_expressions,area_expression;monomial_multiplication,rectangle_area_expression;geometry_to_expression,perimeter_area_confusion;missing_variable_error,面积=长×宽，所以 5x×5=25x。,CN Junior High Math,基础几何,cn-junior-g7-area-expressions,七年级：面积与整式表达,24444,jianzisheng_cn_junior_chapter_expansion_v1,local-ocr-derived: jianzisheng_cn_junior_grade7_batch3_v0; chapter=cn-junior-g7-area-expressions; expansion=v1,Standard,Bridge,cn_area_expression,modeling;symbolic_fluency,110,Chapter-level expansion from existing cleaned Jian Zi Sheng junior OCR coverage signals. Project-native original-equivalent variants; no direct textbook exercise text is reproduced.,zh,CN,CN,中文校内,初中,production
jianzisheng_cn_junior_chapter_expansion_v1_cn-junior-g7-area-expressions_006,长方形的长为 6x，宽为 6，面积是多少？,36x,multiple_choice,A:36x|B:12x|C:24x|D:6x+6|E:36,3,geo_area;prealg_expressions,area_expression;monomial_multiplication,rectangle_area_expression;geometry_to_expression,perimeter_area_confusion;missing_variable_error,面积=长×宽，所以 6x×6=36x。,CN Junior High Math,基础几何,cn-junior-g7-area-expressions,七年级：面积与整式表达,24445,jianzisheng_cn_junior_chapter_expansion_v1,local-ocr-derived: jianzisheng_cn_junior_grade7_batch3_v0; chapter=cn-junior-g7-area-expressions; expansion=v1,Standard,Bridge,cn_area_expression,modeling;symbolic_fluency,110,Chapter-level expansion from existing cleaned Jian Zi Sheng junior OCR coverage signals. Project-native original-equivalent variants; no direct textbook exercise text is reproduced.,zh,CN,CN,中文校内,初中,production
jianzisheng_cn_junior_chapter_expansion_v1_cn-junior-g7-area-expressions_007,长方形的长为 7x，宽为 7，面积是多少？,49x,multiple_choice,A:14x|B:28x|C:7x+7|D:49|E:49x,3,geo_area;prealg_expressions,area_expression;monomial_multiplication,rectangle_area_expression;geometry_to_expression,perimeter_area_confusion;missing_variable_error,面积=长×宽，所以 7x×7=49x。,CN Junior High Math,基础几何,cn-junior-g7-area-expressions,七年级：面积与整式表达,24446,jianzisheng_cn_junior_chapter_expansion_v1,local-ocr-derived: jianzisheng_cn_junior_grade7_batch3_v0; chapter=cn-junior-g7-area-expressions; expansion=v1,Standard,Bridge,cn_area_expression,modeling;symbolic_fluency,110,Chapter-level expansion from existing cleaned Jian Zi Sheng junior OCR coverage signals. Project-native original-equivalent variants; no direct textbook exercise text is reproduced.,zh,CN,CN,中文校内,初中,production
jianzisheng_cn_junior_chapter_expansion_v1_cn-junior-g7-area-expressions_008,长方形的长为 8x，宽为 8，面积是多少？,64x,multiple_choice,A:32x|B:8x+8|C:64|D:64x|E:16x,3,geo_area;prealg_expressions,area_expression;monomial_multiplication,rectangle_area_expression;geometry_to_expression,perimeter_area_confusion;missing_variable_error,面积=长×宽，所以 8x×8=64x。,CN Junior High Math,基础几何,cn-junior-g7-area-expressions,七年级：面积与整式表达,24447,jianzisheng_cn_junior_chapter_expansion_v1,local-ocr-derived: jianzisheng_cn_junior_grade7_batch3_v0; chapter=cn-junior-g7-area-expressions; expansion=v1,Standard,Bridge,cn_area_expression,modeling;symbolic_fluency,110,Chapter-level expansion from existing cleaned Jian Zi Sheng junior OCR coverage signals. Project-native original-equivalent variants; no direct textbook exercise text is reproduced.,zh,CN,CN,中文校内,初中,production
jianzisheng_cn_junior_chapter_expansion_v1_cn-junior-g7-area-expressions_009,长方形的长为 9x，宽为 9，面积是多少？,81x,multiple_choice,A:9x+9|B:81|C:81x|D:18x|E:36x,3,geo_area;prealg_expressions,area_expression;monomial_multiplication,rectangle_area_expression;geometry_to_expression,perimeter_area_confusion;missing_variable_error,面积=长×宽，所以 9x×9=81x。,CN Junior High Math,基础几何,cn-junior-g7-area-expressions,七年级：面积与整式表达,24448,jianzisheng_cn_junior_chapter_expansion_v1,local-ocr-derived: jianzisheng_cn_junior_grade7_batch3_v0; chapter=cn-junior-g7-area-expressions; expansion=v1,Standard,Bridge,cn_area_expression,modeling;symbolic_fluency,110,Chapter-level expansion from existing cleaned Jian Zi Sheng junior OCR coverage signals. Project-native original-equivalent variants; no direct textbook exercise text is reproduced.,zh,CN,CN,中文校内,初中,production
jianzisheng_cn_junior_chapter_expansion_v1_cn-junior-g7-area-expressions_010,长方形的长为 2x，宽为 10，面积是多少？,20x,multiple_choice,A:20|B:20x|C:12x|D:24x|E:2x+10,3,geo_area;prealg_expressions,area_expression;monomial_multiplication,rectangle_area_expression;geometry_to_expression,perimeter_area_confusion;missing_variable_error,面积=长×宽，所以 2x×10=20x。,CN Junior High Math,基础几何,cn-junior-g7-area-expressions,七年级：面积与整式表达,24449,jianzisheng_cn_junior_chapter_expansion_v1,local-ocr-derived: jianzisheng_cn_junior_grade7_batch3_v0; chapter=cn-junior-g7-area-expressions; expansion=v1,Standard,Bridge,cn_area_expression,modeling;symbolic_fluency,110,Chapter-level expansion from existing cleaned Jian Zi Sheng junior OCR coverage signals. Project-native original-equivalent variants; no direct textbook exercise text is reproduced.,zh,CN,CN,中文校内,初中,production
jianzisheng_cn_junior_chapter_expansion_v1_cn-junior-g7-area-expressions_011,长方形的长为 3x，宽为 11，面积是多少？,33x,multiple_choice,A:33x|B:14x|C:28x|D:3x+11|E:33,3,geo_area;prealg_expressions,area_expression;monomial_multiplication,rectangle_area_expression;geometry_to_expression,perimeter_area_confusion;missing_variable_error,面积=长×宽，所以 3x×11=33x。,CN Junior High Math,基础几何,cn-junior-g7-area-expressions,七年级：面积与整式表达,24450,jianzisheng_cn_junior_chapter_expansion_v1,local-ocr-derived: jianzisheng_cn_junior_grade7_batch3_v0; chapter=cn-junior-g7-area-expressions; expansion=v1,Standard,Bridge,cn_area_expression,modeling;symbolic_fluency,110,Chapter-level expansion from existing cleaned Jian Zi Sheng junior OCR coverage signals. Project-native original-equivalent variants; no direct textbook exercise text is reproduced.,zh,CN,CN,中文校内,初中,production
jianzisheng_cn_junior_chapter_expansion_v1_cn-junior-g7-area-expressions_012,长方形的长为 4x，宽为 3，面积是多少？,12x,multiple_choice,A:7x|B:14x|C:4x+3|D:12|E:12x,3,geo_area;prealg_expressions,area_expression;monomial_multiplication,rectangle_area_expression;geometry_to_expression,perimeter_area_confusion;missing_variable_error,面积=长×宽，所以 4x×3=12x。,CN Junior High Math,基础几何,cn-junior-g7-area-expressions,七年级：面积与整式表达,24451,jianzisheng_cn_junior_chapter_expansion_v1,local-ocr-derived: jianzisheng_cn_junior_grade7_batch3_v0; chapter=cn-junior-g7-area-expressions; expansion=v1,Standard,Bridge,cn_area_expression,modeling;symbolic_fluency,110,Chapter-level expansion from existing cleaned Jian Zi Sheng junior OCR coverage signals. Project-native original-equivalent variants; no direct textbook exercise text is reproduced.,zh,CN,CN,中文校内,初中,production
jianzisheng_cn_junior_chapter_expansion_v1_cn-junior-g7-area-expressions_013,长方形的长为 5x，宽为 4，面积是多少？,20x,multiple_choice,A:18x|B:5x+4|C:20|D:20x|E:9x,3,geo_area;prealg_expressions,area_expression;monomial_multiplication,rectangle_area_expression;geometry_to_expression,perimeter_area_confusion;missing_variable_error,面积=长×宽，所以 5x×4=20x。,CN Junior High Math,基础几何,cn-junior-g7-area-expressions,七年级：面积与整式表达,24452,jianzisheng_cn_junior_chapter_expansion_v1,local-ocr-derived: jianzisheng_cn_junior_grade7_batch3_v0; chapter=cn-junior-g7-area-expressions; expansion=v1,Standard,Bridge,cn_area_expression,modeling;symbolic_fluency,110,Chapter-level expansion from existing cleaned Jian Zi Sheng junior OCR coverage signals. Project-native original-equivalent variants; no direct textbook exercise text is reproduced.,zh,CN,CN,中文校内,初中,production
jianzisheng_cn_junior_chapter_expansion_v1_cn-junior-g7-area-expressions_014,长方形的长为 6x，宽为 5，面积是多少？,30x,multiple_choice,A:6x+5|B:30|C:30x|D:11x|E:22x,3,geo_area;prealg_expressions,area_expression;monomial_multiplication,rectangle_area_expression;geometry_to_expression,perimeter_area_confusion;missing_variable_error,面积=长×宽，所以 6x×5=30x。,CN Junior High Math,基础几何,cn-junior-g7-area-expressions,七年级：面积与整式表达,24453,jianzisheng_cn_junior_chapter_expansion_v1,local-ocr-derived: jianzisheng_cn_junior_grade7_batch3_v0; chapter=cn-junior-g7-area-expressions; expansion=v1,Standard,Bridge,cn_area_expression,modeling;symbolic_fluency,110,Chapter-level expansion from existing cleaned Jian Zi Sheng junior OCR coverage signals. Project-native original-equivalent variants; no direct textbook exercise text is reproduced.,zh,CN,CN,中文校内,初中,production
jianzisheng_cn_junior_chapter_expansion_v1_cn-junior-g7-triangle-angles_001,三角形两个内角分别是 42° 和 61°，第三个内角是多少度？,77,multiple_choice,A:77|B:103|C:138|D:119|E:87,3,geo_triangle_angles;geo_triangles,triangle_angle_sum;angle_subtraction,missing_triangle_angle;angle_sum,angle_sum_error;arithmetic_slip,三角形内角和为 180°，第三个角为 180°-42°-61°=77°。,CN Junior High Math,基础几何,cn-junior-g7-triangle-angles,七年级：三角形内角和,24460,jianzisheng_cn_junior_chapter_expansion_v1,local-ocr-derived: jianzisheng_cn_junior_grade7_batch3_v0; chapter=cn-junior-g7-triangle-angles; expansion=v1,Standard,Bridge,cn_g7_triangle_angle_sum,geometric_reasoning;fluency_precision,110,Chapter-level expansion from existing cleaned Jian Zi Sheng junior OCR coverage signals. Project-native original-equivalent variants; no direct textbook exercise text is reproduced.,zh,CN,CN,中文校内,初中,production
jianzisheng_cn_junior_chapter_expansion_v1_cn-junior-g7-triangle-angles_002,三角形两个内角分别是 43° 和 64°，第三个内角是多少度？,73,multiple_choice,A:107|B:137|C:116|D:83|E:73,3,geo_triangle_angles;geo_triangles,triangle_angle_sum;angle_subtraction,missing_triangle_angle;angle_sum,angle_sum_error;arithmetic_slip,三角形内角和为 180°，第三个角为 180°-43°-64°=73°。,CN Junior High Math,基础几何,cn-junior-g7-triangle-angles,七年级：三角形内角和,24461,jianzisheng_cn_junior_chapter_expansion_v1,local-ocr-derived: jianzisheng_cn_junior_grade7_batch3_v0; chapter=cn-junior-g7-triangle-angles; expansion=v1,Standard,Bridge,cn_g7_triangle_angle_sum,geometric_reasoning;fluency_precision,110,Chapter-level expansion from existing cleaned Jian Zi Sheng junior OCR coverage signals. Project-native original-equivalent variants; no direct textbook exercise text is reproduced.,zh,CN,CN,中文校内,初中,production
jianzisheng_cn_junior_chapter_expansion_v1_cn-junior-g7-triangle-angles_003,三角形两个内角分别是 44° 和 67°，第三个内角是多少度？,69,multiple_choice,A:136|B:113|C:79|D:69|E:111,3,geo_triangle_angles;geo_triangles,triangle_angle_sum;angle_subtraction,missing_triangle_angle;angle_sum,angle_sum_error;arithmetic_slip,三角形内角和为 180°，第三个角为 180°-44°-67°=69°。,CN Junior High Math,基础几何,cn-junior-g7-triangle-angles,七年级：三角形内角和,24462,jianzisheng_cn_junior_chapter_expansion_v1,local-ocr-derived: jianzisheng_cn_junior_grade7_batch3_v0; chapter=cn-junior-g7-triangle-angles; expansion=v1,Standard,Bridge,cn_g7_triangle_angle_sum,geometric_reasoning;fluency_precision,110,Chapter-level expansion from existing cleaned Jian Zi Sheng junior OCR coverage signals. Project-native original-equivalent variants; no direct textbook exercise text is reproduced.,zh,CN,CN,中文校内,初中,production
jianzisheng_cn_junior_chapter_expansion_v1_cn-junior-g7-triangle-angles_004,三角形两个内角分别是 45° 和 70°，第三个内角是多少度？,65,multiple_choice,A:110|B:75|C:65|D:115|E:135,3,geo_triangle_angles;geo_triangles,triangle_angle_sum;angle_subtraction,missing_triangle_angle;angle_sum,angle_sum_error;arithmetic_slip,三角形内角和为 180°，第三个角为 180°-45°-70°=65°。,CN Junior High Math,基础几何,cn-junior-g7-triangle-angles,七年级：三角形内角和,24463,jianzisheng_cn_junior_chapter_expansion_v1,local-ocr-derived: jianzisheng_cn_junior_grade7_batch3_v0; chapter=cn-junior-g7-triangle-angles; expansion=v1,Standard,Bridge,cn_g7_triangle_angle_sum,geometric_reasoning;fluency_precision,110,Chapter-level expansion from existing cleaned Jian Zi Sheng junior OCR coverage signals. Project-native original-equivalent variants; no direct textbook exercise text is reproduced.,zh,CN,CN,中文校内,初中,production
jianzisheng_cn_junior_chapter_expansion_v1_cn-junior-g7-triangle-angles_005,三角形两个内角分别是 46° 和 73°，第三个内角是多少度？,61,multiple_choice,A:71|B:61|C:119|D:134|E:107,3,geo_triangle_angles;geo_triangles,triangle_angle_sum;angle_subtraction,missing_triangle_angle;angle_sum,angle_sum_error;arithmetic_slip,三角形内角和为 180°，第三个角为 180°-46°-73°=61°。,CN Junior High Math,基础几何,cn-junior-g7-triangle-angles,七年级：三角形内角和,24464,jianzisheng_cn_junior_chapter_expansion_v1,local-ocr-derived: jianzisheng_cn_junior_grade7_batch3_v0; chapter=cn-junior-g7-triangle-angles; expansion=v1,Standard,Bridge,cn_g7_triangle_angle_sum,geometric_reasoning;fluency_precision,110,Chapter-level expansion from existing cleaned Jian Zi Sheng junior OCR coverage signals. Project-native original-equivalent variants; no direct textbook exercise text is reproduced.,zh,CN,CN,中文校内,初中,production
jianzisheng_cn_junior_chapter_expansion_v1_cn-junior-g7-triangle-angles_006,三角形两个内角分别是 47° 和 76°，第三个内角是多少度？,57,multiple_choice,A:57|B:123|C:133|D:104|E:67,3,geo_triangle_angles;geo_triangles,triangle_angle_sum;angle_subtraction,missing_triangle_angle;angle_sum,angle_sum_error;arithmetic_slip,三角形内角和为 180°，第三个角为 180°-47°-76°=57°。,CN Junior High Math,基础几何,cn-junior-g7-triangle-angles,七年级：三角形内角和,24465,jianzisheng_cn_junior_chapter_expansion_v1,local-ocr-derived: jianzisheng_cn_junior_grade7_batch3_v0; chapter=cn-junior-g7-triangle-angles; expansion=v1,Standard,Bridge,cn_g7_triangle_angle_sum,geometric_reasoning;fluency_precision,110,Chapter-level expansion from existing cleaned Jian Zi Sheng junior OCR coverage signals. Project-native original-equivalent variants; no direct textbook exercise text is reproduced.,zh,CN,CN,中文校内,初中,production
jianzisheng_cn_junior_chapter_expansion_v1_cn-junior-g7-triangle-angles_007,三角形两个内角分别是 48° 和 79°，第三个内角是多少度？,53,multiple_choice,A:127|B:132|C:101|D:63|E:53,3,geo_triangle_angles;geo_triangles,triangle_angle_sum;angle_subtraction,missing_triangle_angle;angle_sum,angle_sum_error;arithmetic_slip,三角形内角和为 180°，第三个角为 180°-48°-79°=53°。,CN Junior High Math,基础几何,cn-junior-g7-triangle-angles,七年级：三角形内角和,24466,jianzisheng_cn_junior_chapter_expansion_v1,local-ocr-derived: jianzisheng_cn_junior_grade7_batch3_v0; chapter=cn-junior-g7-triangle-angles; expansion=v1,Standard,Bridge,cn_g7_triangle_angle_sum,geometric_reasoning;fluency_precision,110,Chapter-level expansion from existing cleaned Jian Zi Sheng junior OCR coverage signals. Project-native original-equivalent variants; no direct textbook exercise text is reproduced.,zh,CN,CN,中文校内,初中,production
jianzisheng_cn_junior_chapter_expansion_v1_cn-junior-g7-triangle-angles_008,三角形两个内角分别是 49° 和 82°，第三个内角是多少度？,49,multiple_choice,A:98|B:59|C:54|D:49|E:131,3,geo_triangle_angles;geo_triangles,triangle_angle_sum;angle_subtraction,missing_triangle_angle;angle_sum,angle_sum_error;arithmetic_slip,三角形内角和为 180°，第三个角为 180°-49°-82°=49°。,CN Junior High Math,基础几何,cn-junior-g7-triangle-angles,七年级：三角形内角和,24467,jianzisheng_cn_junior_chapter_expansion_v1,local-ocr-derived: jianzisheng_cn_junior_grade7_batch3_v0; chapter=cn-junior-g7-triangle-angles; expansion=v1,Standard,Bridge,cn_g7_triangle_angle_sum,geometric_reasoning;fluency_precision,110,Chapter-level expansion from existing cleaned Jian Zi Sheng junior OCR coverage signals. Project-native original-equivalent variants; no direct textbook exercise text is reproduced.,zh,CN,CN,中文校内,初中,production
jianzisheng_cn_junior_chapter_expansion_v1_cn-junior-g7-triangle-angles_009,三角形两个内角分别是 50° 和 85°，第三个内角是多少度？,45,multiple_choice,A:95|B:55|C:45|D:135|E:130,3,geo_triangle_angles;geo_triangles,triangle_angle_sum;angle_subtraction,missing_triangle_angle;angle_sum,angle_sum_error;arithmetic_slip,三角形内角和为 180°，第三个角为 180°-50°-85°=45°。,CN Junior High Math,基础几何,cn-junior-g7-triangle-angles,七年级：三角形内角和,24468,jianzisheng_cn_junior_chapter_expansion_v1,local-ocr-derived: jianzisheng_cn_junior_grade7_batch3_v0; chapter=cn-junior-g7-triangle-angles; expansion=v1,Standard,Bridge,cn_g7_triangle_angle_sum,geometric_reasoning;fluency_precision,110,Chapter-level expansion from existing cleaned Jian Zi Sheng junior OCR coverage signals. Project-native original-equivalent variants; no direct textbook exercise text is reproduced.,zh,CN,CN,中文校内,初中,production
jianzisheng_cn_junior_chapter_expansion_v1_cn-junior-g7-triangle-angles_010,三角形两个内角分别是 51° 和 88°，第三个内角是多少度？,41,multiple_choice,A:51|B:41|C:139|D:129|E:92,3,geo_triangle_angles;geo_triangles,triangle_angle_sum;angle_subtraction,missing_triangle_angle;angle_sum,angle_sum_error;arithmetic_slip,三角形内角和为 180°，第三个角为 180°-51°-88°=41°。,CN Junior High Math,基础几何,cn-junior-g7-triangle-angles,七年级：三角形内角和,24469,jianzisheng_cn_junior_chapter_expansion_v1,local-ocr-derived: jianzisheng_cn_junior_grade7_batch3_v0; chapter=cn-junior-g7-triangle-angles; expansion=v1,Standard,Bridge,cn_g7_triangle_angle_sum,geometric_reasoning;fluency_precision,110,Chapter-level expansion from existing cleaned Jian Zi Sheng junior OCR coverage signals. Project-native original-equivalent variants; no direct textbook exercise text is reproduced.,zh,CN,CN,中文校内,初中,production
jianzisheng_cn_junior_chapter_expansion_v1_cn-junior-g7-triangle-angles_011,三角形两个内角分别是 52° 和 41°，第三个内角是多少度？,87,multiple_choice,A:87|B:93|C:128|D:139|E:97,3,geo_triangle_angles;geo_triangles,triangle_angle_sum;angle_subtraction,missing_triangle_angle;angle_sum,angle_sum_error;arithmetic_slip,三角形内角和为 180°，第三个角为 180°-52°-41°=87°。,CN Junior High Math,基础几何,cn-junior-g7-triangle-angles,七年级：三角形内角和,24470,jianzisheng_cn_junior_chapter_expansion_v1,local-ocr-derived: jianzisheng_cn_junior_grade7_batch3_v0; chapter=cn-junior-g7-triangle-angles; expansion=v1,Standard,Bridge,cn_g7_triangle_angle_sum,geometric_reasoning;fluency_precision,110,Chapter-level expansion from existing cleaned Jian Zi Sheng junior OCR coverage signals. Project-native original-equivalent variants; no direct textbook exercise text is reproduced.,zh,CN,CN,中文校内,初中,production
jianzisheng_cn_junior_chapter_expansion_v1_cn-junior-g7-triangle-angles_012,三角形两个内角分别是 53° 和 44°，第三个内角是多少度？,83,multiple_choice,A:97|B:127|C:136|D:93|E:83,3,geo_triangle_angles;geo_triangles,triangle_angle_sum;angle_subtraction,missing_triangle_angle;angle_sum,angle_sum_error;arithmetic_slip,三角形内角和为 180°，第三个角为 180°-53°-44°=83°。,CN Junior High Math,基础几何,cn-junior-g7-triangle-angles,七年级：三角形内角和,24471,jianzisheng_cn_junior_chapter_expansion_v1,local-ocr-derived: jianzisheng_cn_junior_grade7_batch3_v0; chapter=cn-junior-g7-triangle-angles; expansion=v1,Standard,Bridge,cn_g7_triangle_angle_sum,geometric_reasoning;fluency_precision,110,Chapter-level expansion from existing cleaned Jian Zi Sheng junior OCR coverage signals. Project-native original-equivalent variants; no direct textbook exercise text is reproduced.,zh,CN,CN,中文校内,初中,production
jianzisheng_cn_junior_chapter_expansion_v1_cn-junior-g7-triangle-angles_013,三角形两个内角分别是 54° 和 47°，第三个内角是多少度？,79,multiple_choice,A:126|B:133|C:89|D:79|E:101,3,geo_triangle_angles;geo_triangles,triangle_angle_sum;angle_subtraction,missing_triangle_angle;angle_sum,angle_sum_error;arithmetic_slip,三角形内角和为 180°，第三个角为 180°-54°-47°=79°。,CN Junior High Math,基础几何,cn-junior-g7-triangle-angles,七年级：三角形内角和,24472,jianzisheng_cn_junior_chapter_expansion_v1,local-ocr-derived: jianzisheng_cn_junior_grade7_batch3_v0; chapter=cn-junior-g7-triangle-angles; expansion=v1,Standard,Bridge,cn_g7_triangle_angle_sum,geometric_reasoning;fluency_precision,110,Chapter-level expansion from existing cleaned Jian Zi Sheng junior OCR coverage signals. Project-native original-equivalent variants; no direct textbook exercise text is reproduced.,zh,CN,CN,中文校内,初中,production
jianzisheng_cn_junior_chapter_expansion_v1_cn-junior-g7-triangle-angles_014,三角形两个内角分别是 55° 和 50°，第三个内角是多少度？,75,multiple_choice,A:130|B:85|C:75|D:105|E:125,3,geo_triangle_angles;geo_triangles,triangle_angle_sum;angle_subtraction,missing_triangle_angle;angle_sum,angle_sum_error;arithmetic_slip,三角形内角和为 180°，第三个角为 180°-55°-50°=75°。,CN Junior High Math,基础几何,cn-junior-g7-triangle-angles,七年级：三角形内角和,24473,jianzisheng_cn_junior_chapter_expansion_v1,local-ocr-derived: jianzisheng_cn_junior_grade7_batch3_v0; chapter=cn-junior-g7-triangle-angles; expansion=v1,Standard,Bridge,cn_g7_triangle_angle_sum,geometric_reasoning;fluency_precision,110,Chapter-level expansion from existing cleaned Jian Zi Sheng junior OCR coverage signals. Project-native original-equivalent variants; no direct textbook exercise text is reproduced.,zh,CN,CN,中文校内,初中,production
jianzisheng_cn_junior_chapter_expansion_v1_cn-junior-g7-number-line-distance_001,数轴上点 A 表示 -19，点 B 表示 10，AB 的长度是多少？,29,multiple_choice,A:29|B:-9|C:30|D:27|E:34,3,arith_absolute_value;arith_integers,number_line_distance;absolute_difference,distance_between_numbers;absolute_value_distance,signed_difference_error;sum_instead_of_distance,数轴上两点距离等于差的绝对值：|10--19|=29。,CN Junior High Math,有理数,cn-junior-g7-number-line-distance,七年级：数轴两点距离,24480,jianzisheng_cn_junior_chapter_expansion_v1,local-ocr-derived: jianzisheng_cn_junior_grade7_batch4_v0; chapter=cn-junior-g7-number-line-distance; expansion=v1,Standard,Foundation,cn_number_line_distance,number_sense;spatial_reasoning,110,Chapter-level expansion from existing cleaned Jian Zi Sheng junior OCR coverage signals. Project-native original-equivalent variants; no direct textbook exercise text is reproduced.,zh,CN,CN,中文校内,初中,production
jianzisheng_cn_junior_chapter_expansion_v1_cn-junior-g7-number-line-distance_002,数轴上点 A 表示 -12，点 B 表示 13，AB 的长度是多少？,25,multiple_choice,A:1|B:26|C:23|D:30|E:25,3,arith_absolute_value;arith_integers,number_line_distance;absolute_difference,distance_between_numbers;absolute_value_distance,signed_difference_error;sum_instead_of_distance,数轴上两点距离等于差的绝对值：|13--12|=25。,CN Junior High Math,有理数,cn-junior-g7-number-line-distance,七年级：数轴两点距离,24481,jianzisheng_cn_junior_chapter_expansion_v1,local-ocr-derived: jianzisheng_cn_junior_grade7_batch4_v0; chapter=cn-junior-g7-number-line-distance; expansion=v1,Standard,Foundation,cn_number_line_distance,number_sense;spatial_reasoning,110,Chapter-level expansion from existing cleaned Jian Zi Sheng junior OCR coverage signals. Project-native original-equivalent variants; no direct textbook exercise text is reproduced.,zh,CN,CN,中文校内,初中,production
jianzisheng_cn_junior_chapter_expansion_v1_cn-junior-g7-number-line-distance_003,数轴上点 A 表示 -13，点 B 表示 16，AB 的长度是多少？,29,multiple_choice,A:30|B:27|C:34|D:29|E:3,3,arith_absolute_value;arith_integers,number_line_distance;absolute_difference,distance_between_numbers;absolute_value_distance,signed_difference_error;sum_instead_of_distance,数轴上两点距离等于差的绝对值：|16--13|=29。,CN Junior High Math,有理数,cn-junior-g7-number-line-distance,七年级：数轴两点距离,24482,jianzisheng_cn_junior_chapter_expansion_v1,local-ocr-derived: jianzisheng_cn_junior_grade7_batch4_v0; chapter=cn-junior-g7-number-line-distance; expansion=v1,Standard,Foundation,cn_number_line_distance,number_sense;spatial_reasoning,110,Chapter-level expansion from existing cleaned Jian Zi Sheng junior OCR coverage signals. Project-native original-equivalent variants; no direct textbook exercise text is reproduced.,zh,CN,CN,中文校内,初中,production
jianzisheng_cn_junior_chapter_expansion_v1_cn-junior-g7-number-line-distance_004,数轴上点 A 表示 -14，点 B 表示 5，AB 的长度是多少？,19,multiple_choice,A:17|B:24|C:19|D:-9|E:20,3,arith_absolute_value;arith_integers,number_line_distance;absolute_difference,distance_between_numbers;absolute_value_distance,signed_difference_error;sum_instead_of_distance,数轴上两点距离等于差的绝对值：|5--14|=19。,CN Junior High Math,有理数,cn-junior-g7-number-line-distance,七年级：数轴两点距离,24483,jianzisheng_cn_junior_chapter_expansion_v1,local-ocr-derived: jianzisheng_cn_junior_grade7_batch4_v0; chapter=cn-junior-g7-number-line-distance; expansion=v1,Standard,Foundation,cn_number_line_distance,number_sense;spatial_reasoning,110,Chapter-level expansion from existing cleaned Jian Zi Sheng junior OCR coverage signals. Project-native original-equivalent variants; no direct textbook exercise text is reproduced.,zh,CN,CN,中文校内,初中,production
jianzisheng_cn_junior_chapter_expansion_v1_cn-junior-g7-number-line-distance_005,数轴上点 A 表示 -15，点 B 表示 8，AB 的长度是多少？,23,multiple_choice,A:28|B:23|C:-7|D:24|E:21,3,arith_absolute_value;arith_integers,number_line_distance;absolute_difference,distance_between_numbers;absolute_value_distance,signed_difference_error;sum_instead_of_distance,数轴上两点距离等于差的绝对值：|8--15|=23。,CN Junior High Math,有理数,cn-junior-g7-number-line-distance,七年级：数轴两点距离,24484,jianzisheng_cn_junior_chapter_expansion_v1,local-ocr-derived: jianzisheng_cn_junior_grade7_batch4_v0; chapter=cn-junior-g7-number-line-distance; expansion=v1,Standard,Foundation,cn_number_line_distance,number_sense;spatial_reasoning,110,Chapter-level expansion from existing cleaned Jian Zi Sheng junior OCR coverage signals. Project-native original-equivalent variants; no direct textbook exercise text is reproduced.,zh,CN,CN,中文校内,初中,production
jianzisheng_cn_junior_chapter_expansion_v1_cn-junior-g7-number-line-distance_006,数轴上点 A 表示 -16，点 B 表示 11，AB 的长度是多少？,27,multiple_choice,A:27|B:-5|C:28|D:25|E:32,3,arith_absolute_value;arith_integers,number_line_distance;absolute_difference,distance_between_numbers;absolute_value_distance,signed_difference_error;sum_instead_of_distance,数轴上两点距离等于差的绝对值：|11--16|=27。,CN Junior High Math,有理数,cn-junior-g7-number-line-distance,七年级：数轴两点距离,24485,jianzisheng_cn_junior_chapter_expansion_v1,local-ocr-derived: jianzisheng_cn_junior_grade7_batch4_v0; chapter=cn-junior-g7-number-line-distance; expansion=v1,Standard,Foundation,cn_number_line_distance,number_sense;spatial_reasoning,110,Chapter-level expansion from existing cleaned Jian Zi Sheng junior OCR coverage signals. Project-native original-equivalent variants; no direct textbook exercise text is reproduced.,zh,CN,CN,中文校内,初中,production
jianzisheng_cn_junior_chapter_expansion_v1_cn-junior-g7-number-line-distance_007,数轴上点 A 表示 -17，点 B 表示 14，AB 的长度是多少？,31,multiple_choice,A:-3|B:32|C:29|D:36|E:31,3,arith_absolute_value;arith_integers,number_line_distance;absolute_difference,distance_between_numbers;absolute_value_distance,signed_difference_error;sum_instead_of_distance,数轴上两点距离等于差的绝对值：|14--17|=31。,CN Junior High Math,有理数,cn-junior-g7-number-line-distance,七年级：数轴两点距离,24486,jianzisheng_cn_junior_chapter_expansion_v1,local-ocr-derived: jianzisheng_cn_junior_grade7_batch4_v0; chapter=cn-junior-g7-number-line-distance; expansion=v1,Standard,Foundation,cn_number_line_distance,number_sense;spatial_reasoning,110,Chapter-level expansion from existing cleaned Jian Zi Sheng junior OCR coverage signals. Project-native original-equivalent variants; no direct textbook exercise text is reproduced.,zh,CN,CN,中文校内,初中,production
jianzisheng_cn_junior_chapter_expansion_v1_cn-junior-g7-number-line-distance_008,数轴上点 A 表示 -18，点 B 表示 3，AB 的长度是多少？,21,multiple_choice,A:22|B:19|C:26|D:21|E:-15,3,arith_absolute_value;arith_integers,number_line_distance;absolute_difference,distance_between_numbers;absolute_value_distance,signed_difference_error;sum_instead_of_distance,数轴上两点距离等于差的绝对值：|3--18|=21。,CN Junior High Math,有理数,cn-junior-g7-number-line-distance,七年级：数轴两点距离,24487,jianzisheng_cn_junior_chapter_expansion_v1,local-ocr-derived: jianzisheng_cn_junior_grade7_batch4_v0; chapter=cn-junior-g7-number-line-distance; expansion=v1,Standard,Foundation,cn_number_line_distance,number_sense;spatial_reasoning,110,Chapter-level expansion from existing cleaned Jian Zi Sheng junior OCR coverage signals. Project-native original-equivalent variants; no direct textbook exercise text is reproduced.,zh,CN,CN,中文校内,初中,production
jianzisheng_cn_junior_chapter_expansion_v1_cn-junior-g7-number-line-distance_009,数轴上点 A 表示 -19，点 B 表示 6，AB 的长度是多少？,25,multiple_choice,A:23|B:30|C:25|D:-13|E:26,3,arith_absolute_value;arith_integers,number_line_distance;absolute_difference,distance_between_numbers;absolute_value_distance,signed_difference_error;sum_instead_of_distance,数轴上两点距离等于差的绝对值：|6--19|=25。,CN Junior High Math,有理数,cn-junior-g7-number-line-distance,七年级：数轴两点距离,24488,jianzisheng_cn_junior_chapter_expansion_v1,local-ocr-derived: jianzisheng_cn_junior_grade7_batch4_v0; chapter=cn-junior-g7-number-line-distance; expansion=v1,Standard,Foundation,cn_number_line_distance,number_sense;spatial_reasoning,110,Chapter-level expansion from existing cleaned Jian Zi Sheng junior OCR coverage signals. Project-native original-equivalent variants; no direct textbook exercise text is reproduced.,zh,CN,CN,中文校内,初中,production
jianzisheng_cn_junior_chapter_expansion_v1_cn-junior-g7-number-line-distance_010,数轴上点 A 表示 -12，点 B 表示 9，AB 的长度是多少？,21,multiple_choice,A:26|B:21|C:-3|D:22|E:19,3,arith_absolute_value;arith_integers,number_line_distance;absolute_difference,distance_between_numbers;absolute_value_distance,signed_difference_error;sum_instead_of_distance,数轴上两点距离等于差的绝对值：|9--12|=21。,CN Junior High Math,有理数,cn-junior-g7-number-line-distance,七年级：数轴两点距离,24489,jianzisheng_cn_junior_chapter_expansion_v1,local-ocr-derived: jianzisheng_cn_junior_grade7_batch4_v0; chapter=cn-junior-g7-number-line-distance; expansion=v1,Standard,Foundation,cn_number_line_distance,number_sense;spatial_reasoning,110,Chapter-level expansion from existing cleaned Jian Zi Sheng junior OCR coverage signals. Project-native original-equivalent variants; no direct textbook exercise text is reproduced.,zh,CN,CN,中文校内,初中,production
jianzisheng_cn_junior_chapter_expansion_v1_cn-junior-g7-number-line-distance_011,数轴上点 A 表示 -13，点 B 表示 12，AB 的长度是多少？,25,multiple_choice,A:25|B:-1|C:26|D:23|E:30,3,arith_absolute_value;arith_integers,number_line_distance;absolute_difference,distance_between_numbers;absolute_value_distance,signed_difference_error;sum_instead_of_distance,数轴上两点距离等于差的绝对值：|12--13|=25。,CN Junior High Math,有理数,cn-junior-g7-number-line-distance,七年级：数轴两点距离,24490,jianzisheng_cn_junior_chapter_expansion_v1,local-ocr-derived: jianzisheng_cn_junior_grade7_batch4_v0; chapter=cn-junior-g7-number-line-distance; expansion=v1,Standard,Foundation,cn_number_line_distance,number_sense;spatial_reasoning,110,Chapter-level expansion from existing cleaned Jian Zi Sheng junior OCR coverage signals. Project-native original-equivalent variants; no direct textbook exercise text is reproduced.,zh,CN,CN,中文校内,初中,production
jianzisheng_cn_junior_chapter_expansion_v1_cn-junior-g7-number-line-distance_012,数轴上点 A 表示 -14，点 B 表示 15，AB 的长度是多少？,29,multiple_choice,A:1|B:30|C:27|D:34|E:29,3,arith_absolute_value;arith_integers,number_line_distance;absolute_difference,distance_between_numbers;absolute_value_distance,signed_difference_error;sum_instead_of_distance,数轴上两点距离等于差的绝对值：|15--14|=29。,CN Junior High Math,有理数,cn-junior-g7-number-line-distance,七年级：数轴两点距离,24491,jianzisheng_cn_junior_chapter_expansion_v1,local-ocr-derived: jianzisheng_cn_junior_grade7_batch4_v0; chapter=cn-junior-g7-number-line-distance; expansion=v1,Standard,Foundation,cn_number_line_distance,number_sense;spatial_reasoning,110,Chapter-level expansion from existing cleaned Jian Zi Sheng junior OCR coverage signals. Project-native original-equivalent variants; no direct textbook exercise text is reproduced.,zh,CN,CN,中文校内,初中,production
jianzisheng_cn_junior_chapter_expansion_v1_cn-junior-g7-number-line-distance_013,数轴上点 A 表示 -15，点 B 表示 4，AB 的长度是多少？,19,multiple_choice,A:20|B:17|C:24|D:19|E:-11,3,arith_absolute_value;arith_integers,number_line_distance;absolute_difference,distance_between_numbers;absolute_value_distance,signed_difference_error;sum_instead_of_distance,数轴上两点距离等于差的绝对值：|4--15|=19。,CN Junior High Math,有理数,cn-junior-g7-number-line-distance,七年级：数轴两点距离,24492,jianzisheng_cn_junior_chapter_expansion_v1,local-ocr-derived: jianzisheng_cn_junior_grade7_batch4_v0; chapter=cn-junior-g7-number-line-distance; expansion=v1,Standard,Foundation,cn_number_line_distance,number_sense;spatial_reasoning,110,Chapter-level expansion from existing cleaned Jian Zi Sheng junior OCR coverage signals. Project-native original-equivalent variants; no direct textbook exercise text is reproduced.,zh,CN,CN,中文校内,初中,production
jianzisheng_cn_junior_chapter_expansion_v1_cn-junior-g7-number-line-distance_014,数轴上点 A 表示 -16，点 B 表示 7，AB 的长度是多少？,23,multiple_choice,A:21|B:28|C:23|D:-9|E:24,3,arith_absolute_value;arith_integers,number_line_distance;absolute_difference,distance_between_numbers;absolute_value_distance,signed_difference_error;sum_instead_of_distance,数轴上两点距离等于差的绝对值：|7--16|=23。,CN Junior High Math,有理数,cn-junior-g7-number-line-distance,七年级：数轴两点距离,24493,jianzisheng_cn_junior_chapter_expansion_v1,local-ocr-derived: jianzisheng_cn_junior_grade7_batch4_v0; chapter=cn-junior-g7-number-line-distance; expansion=v1,Standard,Foundation,cn_number_line_distance,number_sense;spatial_reasoning,110,Chapter-level expansion from existing cleaned Jian Zi Sheng junior OCR coverage signals. Project-native original-equivalent variants; no direct textbook exercise text is reproduced.,zh,CN,CN,中文校内,初中,production
jianzisheng_cn_junior_chapter_expansion_v1_cn-junior-g7-two-step-simplification_001,化简：-4(-3x-2)，结果是多少？,12x+8,multiple_choice,A:12x+8|B:12x-2|C:-7x+8|D:12x|E:8x-3,4,prealg_simplification;prealg_expressions,two_step_simplification;distributive_property,distribute_then_combine;expression_simplification,partial_distribution_error;constant_combination_error,用 -4 分别乘括号里的每一项，得到 12x 和 8，所以结果是 12x+8。,CN Junior High Math,整式,cn-junior-g7-two-step-simplification,七年级：整式两步化简,24500,jianzisheng_cn_junior_chapter_expansion_v1,local-ocr-derived: jianzisheng_cn_junior_grade7_batch4_v0; chapter=cn-junior-g7-two-step-simplification; expansion=v1,Honors,Bridge,cn_two_step_expression_simplification,symbolic_fluency;operation_selection,130,Chapter-level expansion from existing cleaned Jian Zi Sheng junior OCR coverage signals. Project-native original-equivalent variants; no direct textbook exercise text is reproduced.,zh,CN,CN,中文校内,初中,production
jianzisheng_cn_junior_chapter_expansion_v1_cn-junior-g7-two-step-simplification_002,化简：-3(-2x+0)，结果是多少？,6x+0,multiple_choice,A:-5x+0|B:6x|C:0x-2|D:6x+0+5|E:6x+0,4,prealg_simplification;prealg_expressions,two_step_simplification;distributive_property,distribute_then_combine;expression_simplification,partial_distribution_error;constant_combination_error,用 -3 分别乘括号里的每一项，得到 6x 和 0，所以结果是 6x+0。,CN Junior High Math,整式,cn-junior-g7-two-step-simplification,七年级：整式两步化简,24501,jianzisheng_cn_junior_chapter_expansion_v1,local-ocr-derived: jianzisheng_cn_junior_grade7_batch4_v0; chapter=cn-junior-g7-two-step-simplification; expansion=v1,Honors,Bridge,cn_two_step_expression_simplification,symbolic_fluency;operation_selection,130,Chapter-level expansion from existing cleaned Jian Zi Sheng junior OCR coverage signals. Project-native original-equivalent variants; no direct textbook exercise text is reproduced.,zh,CN,CN,中文校内,初中,production
jianzisheng_cn_junior_chapter_expansion_v1_cn-junior-g7-two-step-simplification_003,化简：-2(-1x+2)，结果是多少？,2x-4,multiple_choice,A:-3x-4|B:2x|C:-4x-1|D:2x-4|E:2x+2,4,prealg_simplification;prealg_expressions,two_step_simplification;distributive_property,distribute_then_combine;expression_simplification,partial_distribution_error;constant_combination_error,用 -2 分别乘括号里的每一项，得到 2x 和 -4，所以结果是 2x-4。,CN Junior High Math,整式,cn-junior-g7-two-step-simplification,七年级：整式两步化简,24502,jianzisheng_cn_junior_chapter_expansion_v1,local-ocr-derived: jianzisheng_cn_junior_grade7_batch4_v0; chapter=cn-junior-g7-two-step-simplification; expansion=v1,Honors,Bridge,cn_two_step_expression_simplification,symbolic_fluency;operation_selection,130,Chapter-level expansion from existing cleaned Jian Zi Sheng junior OCR coverage signals. Project-native original-equivalent variants; no direct textbook exercise text is reproduced.,zh,CN,CN,中文校内,初中,production
jianzisheng_cn_junior_chapter_expansion_v1_cn-junior-g7-two-step-simplification_004,化简：2(0x+4)，结果是多少？,0x+8,multiple_choice,A:0x|B:8x+0|C:0x+8|D:0x+4|E:2x+8,4,prealg_simplification;prealg_expressions,two_step_simplification;distributive_property,distribute_then_combine;expression_simplification,partial_distribution_error;constant_combination_error,用 2 分别乘括号里的每一项，得到 0x 和 8，所以结果是 0x+8。,CN Junior High Math,整式,cn-junior-g7-two-step-simplification,七年级：整式两步化简,24503,jianzisheng_cn_junior_chapter_expansion_v1,local-ocr-derived: jianzisheng_cn_junior_grade7_batch4_v0; chapter=cn-junior-g7-two-step-simplification; expansion=v1,Honors,Bridge,cn_two_step_expression_simplification,symbolic_fluency;operation_selection,130,Chapter-level expansion from existing cleaned Jian Zi Sheng junior OCR coverage signals. Project-native original-equivalent variants; no direct textbook exercise text is reproduced.,zh,CN,CN,中文校内,初中,production
jianzisheng_cn_junior_chapter_expansion_v1_cn-junior-g7-two-step-simplification_005,化简：3(1x-5)，结果是多少？,3x-15,multiple_choice,A:-15x+1|B:3x-15|C:3x-5|D:4x-15|E:3x,4,prealg_simplification;prealg_expressions,two_step_simplification;distributive_property,distribute_then_combine;expression_simplification,partial_distribution_error;constant_combination_error,用 3 分别乘括号里的每一项，得到 3x 和 -15，所以结果是 3x-15。,CN Junior High Math,整式,cn-junior-g7-two-step-simplification,七年级：整式两步化简,24504,jianzisheng_cn_junior_chapter_expansion_v1,local-ocr-derived: jianzisheng_cn_junior_grade7_batch4_v0; chapter=cn-junior-g7-two-step-simplification; expansion=v1,Honors,Bridge,cn_two_step_expression_simplification,symbolic_fluency;operation_selection,130,Chapter-level expansion from existing cleaned Jian Zi Sheng junior OCR coverage signals. Project-native original-equivalent variants; no direct textbook exercise text is reproduced.,zh,CN,CN,中文校内,初中,production
jianzisheng_cn_junior_chapter_expansion_v1_cn-junior-g7-two-step-simplification_006,化简：4(2x-3)，结果是多少？,8x-12,multiple_choice,A:8x-12|B:8x-3|C:6x-12|D:8x|E:-12x+2,4,prealg_simplification;prealg_expressions,two_step_simplification;distributive_property,distribute_then_combine;expression_simplification,partial_distribution_error;constant_combination_error,用 4 分别乘括号里的每一项，得到 8x 和 -12，所以结果是 8x-12。,CN Junior High Math,整式,cn-junior-g7-two-step-simplification,七年级：整式两步化简,24505,jianzisheng_cn_junior_chapter_expansion_v1,local-ocr-derived: jianzisheng_cn_junior_grade7_batch4_v0; chapter=cn-junior-g7-two-step-simplification; expansion=v1,Honors,Bridge,cn_two_step_expression_simplification,symbolic_fluency;operation_selection,130,Chapter-level expansion from existing cleaned Jian Zi Sheng junior OCR coverage signals. Project-native original-equivalent variants; no direct textbook exercise text is reproduced.,zh,CN,CN,中文校内,初中,production
jianzisheng_cn_junior_chapter_expansion_v1_cn-junior-g7-two-step-simplification_007,化简：5(3x-1)，结果是多少？,15x-5,multiple_choice,A:15x-1|B:8x-5|C:15x|D:-5x+3|E:15x-5,4,prealg_simplification;prealg_expressions,two_step_simplification;distributive_property,distribute_then_combine;expression_simplification,partial_distribution_error;constant_combination_error,用 5 分别乘括号里的每一项，得到 15x 和 -5，所以结果是 15x-5。,CN Junior High Math,整式,cn-junior-g7-two-step-simplification,七年级：整式两步化简,24506,jianzisheng_cn_junior_chapter_expansion_v1,local-ocr-derived: jianzisheng_cn_junior_grade7_batch4_v0; chapter=cn-junior-g7-two-step-simplification; expansion=v1,Honors,Bridge,cn_two_step_expression_simplification,symbolic_fluency;operation_selection,130,Chapter-level expansion from existing cleaned Jian Zi Sheng junior OCR coverage signals. Project-native original-equivalent variants; no direct textbook exercise text is reproduced.,zh,CN,CN,中文校内,初中,production
jianzisheng_cn_junior_chapter_expansion_v1_cn-junior-g7-two-step-simplification_008,化简：-4(-3x+1)，结果是多少？,12x-4,multiple_choice,A:-7x-4|B:12x|C:-4x-3|D:12x-4|E:12x+1,4,prealg_simplification;prealg_expressions,two_step_simplification;distributive_property,distribute_then_combine;expression_simplification,partial_distribution_error;constant_combination_error,用 -4 分别乘括号里的每一项，得到 12x 和 -4，所以结果是 12x-4。,CN Junior High Math,整式,cn-junior-g7-two-step-simplification,七年级：整式两步化简,24507,jianzisheng_cn_junior_chapter_expansion_v1,local-ocr-derived: jianzisheng_cn_junior_grade7_batch4_v0; chapter=cn-junior-g7-two-step-simplification; expansion=v1,Honors,Bridge,cn_two_step_expression_simplification,symbolic_fluency;operation_selection,130,Chapter-level expansion from existing cleaned Jian Zi Sheng junior OCR coverage signals. Project-native original-equivalent variants; no direct textbook exercise text is reproduced.,zh,CN,CN,中文校内,初中,production
jianzisheng_cn_junior_chapter_expansion_v1_cn-junior-g7-two-step-simplification_009,化简：-3(-2x+3)，结果是多少？,6x-9,multiple_choice,A:6x|B:-9x-2|C:6x-9|D:6x+3|E:-5x-9,4,prealg_simplification;prealg_expressions,two_step_simplification;distributive_property,distribute_then_combine;expression_simplification,partial_distribution_error;constant_combination_error,用 -3 分别乘括号里的每一项，得到 6x 和 -9，所以结果是 6x-9。,CN Junior High Math,整式,cn-junior-g7-two-step-simplification,七年级：整式两步化简,24508,jianzisheng_cn_junior_chapter_expansion_v1,local-ocr-derived: jianzisheng_cn_junior_grade7_batch4_v0; chapter=cn-junior-g7-two-step-simplification; expansion=v1,Honors,Bridge,cn_two_step_expression_simplification,symbolic_fluency;operation_selection,130,Chapter-level expansion from existing cleaned Jian Zi Sheng junior OCR coverage signals. Project-native original-equivalent variants; no direct textbook exercise text is reproduced.,zh,CN,CN,中文校内,初中,production
jianzisheng_cn_junior_chapter_expansion_v1_cn-junior-g7-two-step-simplification_010,化简：-2(-1x+5)，结果是多少？,2x-10,multiple_choice,A:-10x-1|B:2x-10|C:2x+5|D:-3x-10|E:2x,4,prealg_simplification;prealg_expressions,two_step_simplification;distributive_property,distribute_then_combine;expression_simplification,partial_distribution_error;constant_combination_error,用 -2 分别乘括号里的每一项，得到 2x 和 -10，所以结果是 2x-10。,CN Junior High Math,整式,cn-junior-g7-two-step-simplification,七年级：整式两步化简,24509,jianzisheng_cn_junior_chapter_expansion_v1,local-ocr-derived: jianzisheng_cn_junior_grade7_batch4_v0; chapter=cn-junior-g7-two-step-simplification; expansion=v1,Honors,Bridge,cn_two_step_expression_simplification,symbolic_fluency;operation_selection,130,Chapter-level expansion from existing cleaned Jian Zi Sheng junior OCR coverage signals. Project-native original-equivalent variants; no direct textbook exercise text is reproduced.,zh,CN,CN,中文校内,初中,production
jianzisheng_cn_junior_chapter_expansion_v1_cn-junior-g7-two-step-simplification_011,化简：2(0x-4)，结果是多少？,0x-8,multiple_choice,A:0x-8|B:0x-4|C:2x-8|D:0x|E:-8x+0,4,prealg_simplification;prealg_expressions,two_step_simplification;distributive_property,distribute_then_combine;expression_simplification,partial_distribution_error;constant_combination_error,用 2 分别乘括号里的每一项，得到 0x 和 -8，所以结果是 0x-8。,CN Junior High Math,整式,cn-junior-g7-two-step-simplification,七年级：整式两步化简,24510,jianzisheng_cn_junior_chapter_expansion_v1,local-ocr-derived: jianzisheng_cn_junior_grade7_batch4_v0; chapter=cn-junior-g7-two-step-simplification; expansion=v1,Honors,Bridge,cn_two_step_expression_simplification,symbolic_fluency;operation_selection,130,Chapter-level expansion from existing cleaned Jian Zi Sheng junior OCR coverage signals. Project-native original-equivalent variants; no direct textbook exercise text is reproduced.,zh,CN,CN,中文校内,初中,production
jianzisheng_cn_junior_chapter_expansion_v1_cn-junior-g7-two-step-simplification_012,化简：3(1x-2)，结果是多少？,3x-6,multiple_choice,A:3x-2|B:4x-6|C:3x|D:-6x+1|E:3x-6,4,prealg_simplification;prealg_expressions,two_step_simplification;distributive_property,distribute_then_combine;expression_simplification,partial_distribution_error;constant_combination_error,用 3 分别乘括号里的每一项，得到 3x 和 -6，所以结果是 3x-6。,CN Junior High Math,整式,cn-junior-g7-two-step-simplification,七年级：整式两步化简,24511,jianzisheng_cn_junior_chapter_expansion_v1,local-ocr-derived: jianzisheng_cn_junior_grade7_batch4_v0; chapter=cn-junior-g7-two-step-simplification; expansion=v1,Honors,Bridge,cn_two_step_expression_simplification,symbolic_fluency;operation_selection,130,Chapter-level expansion from existing cleaned Jian Zi Sheng junior OCR coverage signals. Project-native original-equivalent variants; no direct textbook exercise text is reproduced.,zh,CN,CN,中文校内,初中,production
jianzisheng_cn_junior_chapter_expansion_v1_cn-junior-g7-two-step-simplification_013,化简：4(2x+0)，结果是多少？,8x+0,multiple_choice,A:8x|B:0x+2|C:8x+0+5|D:8x+0|E:6x+0,4,prealg_simplification;prealg_expressions,two_step_simplification;distributive_property,distribute_then_combine;expression_simplification,partial_distribution_error;constant_combination_error,用 4 分别乘括号里的每一项，得到 8x 和 0，所以结果是 8x+0。,CN Junior High Math,整式,cn-junior-g7-two-step-simplification,七年级：整式两步化简,24512,jianzisheng_cn_junior_chapter_expansion_v1,local-ocr-derived: jianzisheng_cn_junior_grade7_batch4_v0; chapter=cn-junior-g7-two-step-simplification; expansion=v1,Honors,Bridge,cn_two_step_expression_simplification,symbolic_fluency;operation_selection,130,Chapter-level expansion from existing cleaned Jian Zi Sheng junior OCR coverage signals. Project-native original-equivalent variants; no direct textbook exercise text is reproduced.,zh,CN,CN,中文校内,初中,production
jianzisheng_cn_junior_chapter_expansion_v1_cn-junior-g7-two-step-simplification_014,化简：5(3x+2)，结果是多少？,15x+10,multiple_choice,A:15x|B:10x+3|C:15x+10|D:15x+2|E:8x+10,4,prealg_simplification;prealg_expressions,two_step_simplification;distributive_property,distribute_then_combine;expression_simplification,partial_distribution_error;constant_combination_error,用 5 分别乘括号里的每一项，得到 15x 和 10，所以结果是 15x+10。,CN Junior High Math,整式,cn-junior-g7-two-step-simplification,七年级：整式两步化简,24513,jianzisheng_cn_junior_chapter_expansion_v1,local-ocr-derived: jianzisheng_cn_junior_grade7_batch4_v0; chapter=cn-junior-g7-two-step-simplification; expansion=v1,Honors,Bridge,cn_two_step_expression_simplification,symbolic_fluency;operation_selection,130,Chapter-level expansion from existing cleaned Jian Zi Sheng junior OCR coverage signals. Project-native original-equivalent variants; no direct textbook exercise text is reproduced.,zh,CN,CN,中文校内,初中,production
jianzisheng_cn_junior_chapter_expansion_v1_cn-junior-g7-proportion-equations_001,解比例：2:10=x:30，x 的值是多少？,6,multiple_choice,A:6|B:150|C:32|D:8|E:4,4,arith_ratios;arith_proportions;alg_linear_equations,proportion_solving;cross_multiplication,missing_ratio_value;proportion_equation,inverse_ratio_error;cross_multiplication_error,把比例写成 2/10=x/30，所以 x=2×30÷10=6。,CN Junior High Math,方程与比例,cn-junior-g7-proportion-equations,七年级：比例方程,24520,jianzisheng_cn_junior_chapter_expansion_v1,local-ocr-derived: jianzisheng_cn_junior_grade7_batch4_v0; chapter=cn-junior-g7-proportion-equations; expansion=v1,Honors,Algebra Readiness,cn_g7_proportion_equation,multiplicative_reasoning;inverse_operations,130,Chapter-level expansion from existing cleaned Jian Zi Sheng junior OCR coverage signals. Project-native original-equivalent variants; no direct textbook exercise text is reproduced.,zh,CN,CN,中文校内,初中,production
jianzisheng_cn_junior_chapter_expansion_v1_cn-junior-g7-proportion-equations_002,解比例：3:3=x:12，x 的值是多少？,12,multiple_choice,A:15|B:14|C:10|D:17|E:12,4,arith_ratios;arith_proportions;alg_linear_equations,proportion_solving;cross_multiplication,missing_ratio_value;proportion_equation,inverse_ratio_error;cross_multiplication_error,把比例写成 3/3=x/12，所以 x=3×12÷3=12。,CN Junior High Math,方程与比例,cn-junior-g7-proportion-equations,七年级：比例方程,24521,jianzisheng_cn_junior_chapter_expansion_v1,local-ocr-derived: jianzisheng_cn_junior_grade7_batch4_v0; chapter=cn-junior-g7-proportion-equations; expansion=v1,Honors,Algebra Readiness,cn_g7_proportion_equation,multiplicative_reasoning;inverse_operations,130,Chapter-level expansion from existing cleaned Jian Zi Sheng junior OCR coverage signals. Project-native original-equivalent variants; no direct textbook exercise text is reproduced.,zh,CN,CN,中文校内,初中,production
jianzisheng_cn_junior_chapter_expansion_v1_cn-junior-g7-proportion-equations_003,解比例：4:4=x:20，x 的值是多少？,20,multiple_choice,A:22|B:18|C:25|D:20|E:24,4,arith_ratios;arith_proportions;alg_linear_equations,proportion_solving;cross_multiplication,missing_ratio_value;proportion_equation,inverse_ratio_error;cross_multiplication_error,把比例写成 4/4=x/20，所以 x=4×20÷4=20。,CN Junior High Math,方程与比例,cn-junior-g7-proportion-equations,七年级：比例方程,24522,jianzisheng_cn_junior_chapter_expansion_v1,local-ocr-derived: jianzisheng_cn_junior_grade7_batch4_v0; chapter=cn-junior-g7-proportion-equations; expansion=v1,Honors,Algebra Readiness,cn_g7_proportion_equation,multiplicative_reasoning;inverse_operations,130,Chapter-level expansion from existing cleaned Jian Zi Sheng junior OCR coverage signals. Project-native original-equivalent variants; no direct textbook exercise text is reproduced.,zh,CN,CN,中文校内,初中,production
jianzisheng_cn_junior_chapter_expansion_v1_cn-junior-g7-proportion-equations_004,解比例：5:5=x:30，x 的值是多少？,30,multiple_choice,A:28|B:35|C:30|D:35|E:32,4,arith_ratios;arith_proportions;alg_linear_equations,proportion_solving;cross_multiplication,missing_ratio_value;proportion_equation,inverse_ratio_error;cross_multiplication_error,把比例写成 5/5=x/30，所以 x=5×30÷5=30。,CN Junior High Math,方程与比例,cn-junior-g7-proportion-equations,七年级：比例方程,24523,jianzisheng_cn_junior_chapter_expansion_v1,local-ocr-derived: jianzisheng_cn_junior_grade7_batch4_v0; chapter=cn-junior-g7-proportion-equations; expansion=v1,Honors,Algebra Readiness,cn_g7_proportion_equation,multiplicative_reasoning;inverse_operations,130,Chapter-level expansion from existing cleaned Jian Zi Sheng junior OCR coverage signals. Project-native original-equivalent variants; no direct textbook exercise text is reproduced.,zh,CN,CN,中文校内,初中,production
jianzisheng_cn_junior_chapter_expansion_v1_cn-junior-g7-proportion-equations_005,解比例：6:6=x:42，x 的值是多少？,42,multiple_choice,A:47|B:42|C:48|D:44|E:40,4,arith_ratios;arith_proportions;alg_linear_equations,proportion_solving;cross_multiplication,missing_ratio_value;proportion_equation,inverse_ratio_error;cross_multiplication_error,把比例写成 6/6=x/42，所以 x=6×42÷6=42。,CN Junior High Math,方程与比例,cn-junior-g7-proportion-equations,七年级：比例方程,24524,jianzisheng_cn_junior_chapter_expansion_v1,local-ocr-derived: jianzisheng_cn_junior_grade7_batch4_v0; chapter=cn-junior-g7-proportion-equations; expansion=v1,Honors,Algebra Readiness,cn_g7_proportion_equation,multiplicative_reasoning;inverse_operations,130,Chapter-level expansion from existing cleaned Jian Zi Sheng junior OCR coverage signals. Project-native original-equivalent variants; no direct textbook exercise text is reproduced.,zh,CN,CN,中文校内,初中,production
jianzisheng_cn_junior_chapter_expansion_v1_cn-junior-g7-proportion-equations_006,解比例：7:7=x:14，x 的值是多少？,14,multiple_choice,A:14|B:21|C:16|D:12|E:19,4,arith_ratios;arith_proportions;alg_linear_equations,proportion_solving;cross_multiplication,missing_ratio_value;proportion_equation,inverse_ratio_error;cross_multiplication_error,把比例写成 7/7=x/14，所以 x=7×14÷7=14。,CN Junior High Math,方程与比例,cn-junior-g7-proportion-equations,七年级：比例方程,24525,jianzisheng_cn_junior_chapter_expansion_v1,local-ocr-derived: jianzisheng_cn_junior_grade7_batch4_v0; chapter=cn-junior-g7-proportion-equations; expansion=v1,Honors,Algebra Readiness,cn_g7_proportion_equation,multiplicative_reasoning;inverse_operations,130,Chapter-level expansion from existing cleaned Jian Zi Sheng junior OCR coverage signals. Project-native original-equivalent variants; no direct textbook exercise text is reproduced.,zh,CN,CN,中文校内,初中,production
jianzisheng_cn_junior_chapter_expansion_v1_cn-junior-g7-proportion-equations_007,解比例：8:8=x:24，x 的值是多少？,24,multiple_choice,A:32|B:26|C:22|D:29|E:24,4,arith_ratios;arith_proportions;alg_linear_equations,proportion_solving;cross_multiplication,missing_ratio_value;proportion_equation,inverse_ratio_error;cross_multiplication_error,把比例写成 8/8=x/24，所以 x=8×24÷8=24。,CN Junior High Math,方程与比例,cn-junior-g7-proportion-equations,七年级：比例方程,24526,jianzisheng_cn_junior_chapter_expansion_v1,local-ocr-derived: jianzisheng_cn_junior_grade7_batch4_v0; chapter=cn-junior-g7-proportion-equations; expansion=v1,Honors,Algebra Readiness,cn_g7_proportion_equation,multiplicative_reasoning;inverse_operations,130,Chapter-level expansion from existing cleaned Jian Zi Sheng junior OCR coverage signals. Project-native original-equivalent variants; no direct textbook exercise text is reproduced.,zh,CN,CN,中文校内,初中,production
jianzisheng_cn_junior_chapter_expansion_v1_cn-junior-g7-proportion-equations_008,解比例：2:9=x:36，x 的值是多少？,8,multiple_choice,A:38|B:10|C:6|D:8|E:162,4,arith_ratios;arith_proportions;alg_linear_equations,proportion_solving;cross_multiplication,missing_ratio_value;proportion_equation,inverse_ratio_error;cross_multiplication_error,把比例写成 2/9=x/36，所以 x=2×36÷9=8。,CN Junior High Math,方程与比例,cn-junior-g7-proportion-equations,七年级：比例方程,24527,jianzisheng_cn_junior_chapter_expansion_v1,local-ocr-derived: jianzisheng_cn_junior_grade7_batch4_v0; chapter=cn-junior-g7-proportion-equations; expansion=v1,Honors,Algebra Readiness,cn_g7_proportion_equation,multiplicative_reasoning;inverse_operations,130,Chapter-level expansion from existing cleaned Jian Zi Sheng junior OCR coverage signals. Project-native original-equivalent variants; no direct textbook exercise text is reproduced.,zh,CN,CN,中文校内,初中,production
jianzisheng_cn_junior_chapter_expansion_v1_cn-junior-g7-proportion-equations_009,解比例：3:10=x:50，x 的值是多少？,15,multiple_choice,A:17|B:13|C:15|D:166.666667|E:53,4,arith_ratios;arith_proportions;alg_linear_equations,proportion_solving;cross_multiplication,missing_ratio_value;proportion_equation,inverse_ratio_error;cross_multiplication_error,把比例写成 3/10=x/50，所以 x=3×50÷10=15。,CN Junior High Math,方程与比例,cn-junior-g7-proportion-equations,七年级：比例方程,24528,jianzisheng_cn_junior_chapter_expansion_v1,local-ocr-derived: jianzisheng_cn_junior_grade7_batch4_v0; chapter=cn-junior-g7-proportion-equations; expansion=v1,Honors,Algebra Readiness,cn_g7_proportion_equation,multiplicative_reasoning;inverse_operations,130,Chapter-level expansion from existing cleaned Jian Zi Sheng junior OCR coverage signals. Project-native original-equivalent variants; no direct textbook exercise text is reproduced.,zh,CN,CN,中文校内,初中,production
jianzisheng_cn_junior_chapter_expansion_v1_cn-junior-g7-proportion-equations_010,解比例：4:3=x:18，x 的值是多少？,24,multiple_choice,A:29|B:24|C:13.5|D:22|E:26,4,arith_ratios;arith_proportions;alg_linear_equations,proportion_solving;cross_multiplication,missing_ratio_value;proportion_equation,inverse_ratio_error;cross_multiplication_error,把比例写成 4/3=x/18，所以 x=4×18÷3=24。,CN Junior High Math,方程与比例,cn-junior-g7-proportion-equations,七年级：比例方程,24529,jianzisheng_cn_junior_chapter_expansion_v1,local-ocr-derived: jianzisheng_cn_junior_grade7_batch4_v0; chapter=cn-junior-g7-proportion-equations; expansion=v1,Honors,Algebra Readiness,cn_g7_proportion_equation,multiplicative_reasoning;inverse_operations,130,Chapter-level expansion from existing cleaned Jian Zi Sheng junior OCR coverage signals. Project-native original-equivalent variants; no direct textbook exercise text is reproduced.,zh,CN,CN,中文校内,初中,production
jianzisheng_cn_junior_chapter_expansion_v1_cn-junior-g7-proportion-equations_011,解比例：5:4=x:28，x 的值是多少？,35,multiple_choice,A:35|B:22.4|C:33|D:37|E:40,4,arith_ratios;arith_proportions;alg_linear_equations,proportion_solving;cross_multiplication,missing_ratio_value;proportion_equation,inverse_ratio_error;cross_multiplication_error,把比例写成 5/4=x/28，所以 x=5×28÷4=35。,CN Junior High Math,方程与比例,cn-junior-g7-proportion-equations,七年级：比例方程,24530,jianzisheng_cn_junior_chapter_expansion_v1,local-ocr-derived: jianzisheng_cn_junior_grade7_batch4_v0; chapter=cn-junior-g7-proportion-equations; expansion=v1,Honors,Algebra Readiness,cn_g7_proportion_equation,multiplicative_reasoning;inverse_operations,130,Chapter-level expansion from existing cleaned Jian Zi Sheng junior OCR coverage signals. Project-native original-equivalent variants; no direct textbook exercise text is reproduced.,zh,CN,CN,中文校内,初中,production
jianzisheng_cn_junior_chapter_expansion_v1_cn-junior-g7-proportion-equations_012,解比例：6:5=x:10，x 的值是多少？,12,multiple_choice,A:8.333333|B:16|C:14|D:10|E:12,4,arith_ratios;arith_proportions;alg_linear_equations,proportion_solving;cross_multiplication,missing_ratio_value;proportion_equation,inverse_ratio_error;cross_multiplication_error,把比例写成 6/5=x/10，所以 x=6×10÷5=12。,CN Junior High Math,方程与比例,cn-junior-g7-proportion-equations,七年级：比例方程,24531,jianzisheng_cn_junior_chapter_expansion_v1,local-ocr-derived: jianzisheng_cn_junior_grade7_batch4_v0; chapter=cn-junior-g7-proportion-equations; expansion=v1,Honors,Algebra Readiness,cn_g7_proportion_equation,multiplicative_reasoning;inverse_operations,130,Chapter-level expansion from existing cleaned Jian Zi Sheng junior OCR coverage signals. Project-native original-equivalent variants; no direct textbook exercise text is reproduced.,zh,CN,CN,中文校内,初中,production
jianzisheng_cn_junior_chapter_expansion_v1_cn-junior-g7-proportion-equations_013,解比例：7:6=x:18，x 的值是多少？,21,multiple_choice,A:25|B:23|C:19|D:21|E:15.428571,4,arith_ratios;arith_proportions;alg_linear_equations,proportion_solving;cross_multiplication,missing_ratio_value;proportion_equation,inverse_ratio_error;cross_multiplication_error,把比例写成 7/6=x/18，所以 x=7×18÷6=21。,CN Junior High Math,方程与比例,cn-junior-g7-proportion-equations,七年级：比例方程,24532,jianzisheng_cn_junior_chapter_expansion_v1,local-ocr-derived: jianzisheng_cn_junior_grade7_batch4_v0; chapter=cn-junior-g7-proportion-equations; expansion=v1,Honors,Algebra Readiness,cn_g7_proportion_equation,multiplicative_reasoning;inverse_operations,130,Chapter-level expansion from existing cleaned Jian Zi Sheng junior OCR coverage signals. Project-native original-equivalent variants; no direct textbook exercise text is reproduced.,zh,CN,CN,中文校内,初中,production
jianzisheng_cn_junior_chapter_expansion_v1_cn-junior-g7-proportion-equations_014,解比例：8:7=x:28，x 的值是多少？,32,multiple_choice,A:34|B:30|C:32|D:24.5|E:36,4,arith_ratios;arith_proportions;alg_linear_equations,proportion_solving;cross_multiplication,missing_ratio_value;proportion_equation,inverse_ratio_error;cross_multiplication_error,把比例写成 8/7=x/28，所以 x=8×28÷7=32。,CN Junior High Math,方程与比例,cn-junior-g7-proportion-equations,七年级：比例方程,24533,jianzisheng_cn_junior_chapter_expansion_v1,local-ocr-derived: jianzisheng_cn_junior_grade7_batch4_v0; chapter=cn-junior-g7-proportion-equations; expansion=v1,Honors,Algebra Readiness,cn_g7_proportion_equation,multiplicative_reasoning;inverse_operations,130,Chapter-level expansion from existing cleaned Jian Zi Sheng junior OCR coverage signals. Project-native original-equivalent variants; no direct textbook exercise text is reproduced.,zh,CN,CN,中文校内,初中,production
jianzisheng_cn_junior_chapter_expansion_v1_cn-junior-g7-inequality-applications_001,每本练习册 11 元，另需运费 3 元。总费用不超过 142 元，最多可以买几本？,12,multiple_choice,A:12|B:13|C:11|D:14|E:17,4,alg_linear_inequalities;prealg_word_to_equation,inequality_modeling;budget_constraint,at_most_context;linear_inequality_word_problem,inequality_direction_error;missing_fixed_fee,设买 x 本，列不等式 11x+3≤142，解得最多可以买 12 本。,CN Junior High Math,不等式,cn-junior-g7-inequality-applications,七年级：一元一次不等式应用,24540,jianzisheng_cn_junior_chapter_expansion_v1,local-ocr-derived: jianzisheng_cn_junior_grade7_batch4_v0; chapter=cn-junior-g7-inequality-applications; expansion=v1,Honors,Algebra Readiness,cn_g7_inequality_word_problem,modeling;relation_reasoning,130,Chapter-level expansion from existing cleaned Jian Zi Sheng junior OCR coverage signals. Project-native original-equivalent variants; no direct textbook exercise text is reproduced.,zh,CN,CN,中文校内,初中,production
jianzisheng_cn_junior_chapter_expansion_v1_cn-junior-g7-inequality-applications_002,每本练习册 4 元，另需运费 4 元。总费用不超过 24 元，最多可以买几本？,5,multiple_choice,A:6|B:4|C:7|D:10|E:5,4,alg_linear_inequalities;prealg_word_to_equation,inequality_modeling;budget_constraint,at_most_context;linear_inequality_word_problem,inequality_direction_error;missing_fixed_fee,设买 x 本，列不等式 4x+4≤24，解得最多可以买 5 本。,CN Junior High Math,不等式,cn-junior-g7-inequality-applications,七年级：一元一次不等式应用,24541,jianzisheng_cn_junior_chapter_expansion_v1,local-ocr-derived: jianzisheng_cn_junior_grade7_batch4_v0; chapter=cn-junior-g7-inequality-applications; expansion=v1,Honors,Algebra Readiness,cn_g7_inequality_word_problem,modeling;relation_reasoning,130,Chapter-level expansion from existing cleaned Jian Zi Sheng junior OCR coverage signals. Project-native original-equivalent variants; no direct textbook exercise text is reproduced.,zh,CN,CN,中文校内,初中,production
jianzisheng_cn_junior_chapter_expansion_v1_cn-junior-g7-inequality-applications_003,每本练习册 5 元，另需运费 5 元。总费用不超过 39 元，最多可以买几本？,6,multiple_choice,A:5|B:8|C:11|D:6|E:7,4,alg_linear_inequalities;prealg_word_to_equation,inequality_modeling;budget_constraint,at_most_context;linear_inequality_word_problem,inequality_direction_error;missing_fixed_fee,设买 x 本，列不等式 5x+5≤39，解得最多可以买 6 本。,CN Junior High Math,不等式,cn-junior-g7-inequality-applications,七年级：一元一次不等式应用,24542,jianzisheng_cn_junior_chapter_expansion_v1,local-ocr-derived: jianzisheng_cn_junior_grade7_batch4_v0; chapter=cn-junior-g7-inequality-applications; expansion=v1,Honors,Algebra Readiness,cn_g7_inequality_word_problem,modeling;relation_reasoning,130,Chapter-level expansion from existing cleaned Jian Zi Sheng junior OCR coverage signals. Project-native original-equivalent variants; no direct textbook exercise text is reproduced.,zh,CN,CN,中文校内,初中,production
jianzisheng_cn_junior_chapter_expansion_v1_cn-junior-g7-inequality-applications_004,每本练习册 6 元，另需运费 6 元。总费用不超过 52 元，最多可以买几本？,7,multiple_choice,A:9|B:12|C:7|D:8|E:6,4,alg_linear_inequalities;prealg_word_to_equation,inequality_modeling;budget_constraint,at_most_context;linear_inequality_word_problem,inequality_direction_error;missing_fixed_fee,设买 x 本，列不等式 6x+6≤52，解得最多可以买 7 本。,CN Junior High Math,不等式,cn-junior-g7-inequality-applications,七年级：一元一次不等式应用,24543,jianzisheng_cn_junior_chapter_expansion_v1,local-ocr-derived: jianzisheng_cn_junior_grade7_batch4_v0; chapter=cn-junior-g7-inequality-applications; expansion=v1,Honors,Algebra Readiness,cn_g7_inequality_word_problem,modeling;relation_reasoning,130,Chapter-level expansion from existing cleaned Jian Zi Sheng junior OCR coverage signals. Project-native original-equivalent variants; no direct textbook exercise text is reproduced.,zh,CN,CN,中文校内,初中,production
jianzisheng_cn_junior_chapter_expansion_v1_cn-junior-g7-inequality-applications_005,每本练习册 7 元，另需运费 7 元。总费用不超过 67 元，最多可以买几本？,8,multiple_choice,A:13|B:8|C:9|D:7|E:10,4,alg_linear_inequalities;prealg_word_to_equation,inequality_modeling;budget_constraint,at_most_context;linear_inequality_word_problem,inequality_direction_error;missing_fixed_fee,设买 x 本，列不等式 7x+7≤67，解得最多可以买 8 本。,CN Junior High Math,不等式,cn-junior-g7-inequality-applications,七年级：一元一次不等式应用,24544,jianzisheng_cn_junior_chapter_expansion_v1,local-ocr-derived: jianzisheng_cn_junior_grade7_batch4_v0; chapter=cn-junior-g7-inequality-applications; expansion=v1,Honors,Algebra Readiness,cn_g7_inequality_word_problem,modeling;relation_reasoning,130,Chapter-level expansion from existing cleaned Jian Zi Sheng junior OCR coverage signals. Project-native original-equivalent variants; no direct textbook exercise text is reproduced.,zh,CN,CN,中文校内,初中,production
jianzisheng_cn_junior_chapter_expansion_v1_cn-junior-g7-inequality-applications_006,每本练习册 8 元，另需运费 8 元。总费用不超过 84 元，最多可以买几本？,9,multiple_choice,A:9|B:10|C:8|D:11|E:14,4,alg_linear_inequalities;prealg_word_to_equation,inequality_modeling;budget_constraint,at_most_context;linear_inequality_word_problem,inequality_direction_error;missing_fixed_fee,设买 x 本，列不等式 8x+8≤84，解得最多可以买 9 本。,CN Junior High Math,不等式,cn-junior-g7-inequality-applications,七年级：一元一次不等式应用,24545,jianzisheng_cn_junior_chapter_expansion_v1,local-ocr-derived: jianzisheng_cn_junior_grade7_batch4_v0; chapter=cn-junior-g7-inequality-applications; expansion=v1,Honors,Algebra Readiness,cn_g7_inequality_word_problem,modeling;relation_reasoning,130,Chapter-level expansion from existing cleaned Jian Zi Sheng junior OCR coverage signals. Project-native original-equivalent variants; no direct textbook exercise text is reproduced.,zh,CN,CN,中文校内,初中,production
jianzisheng_cn_junior_chapter_expansion_v1_cn-junior-g7-inequality-applications_007,每本练习册 9 元，另需运费 9 元。总费用不超过 103 元，最多可以买几本？,10,multiple_choice,A:11|B:9|C:12|D:15|E:10,4,alg_linear_inequalities;prealg_word_to_equation,inequality_modeling;budget_constraint,at_most_context;linear_inequality_word_problem,inequality_direction_error;missing_fixed_fee,设买 x 本，列不等式 9x+9≤103，解得最多可以买 10 本。,CN Junior High Math,不等式,cn-junior-g7-inequality-applications,七年级：一元一次不等式应用,24546,jianzisheng_cn_junior_chapter_expansion_v1,local-ocr-derived: jianzisheng_cn_junior_grade7_batch4_v0; chapter=cn-junior-g7-inequality-applications; expansion=v1,Honors,Algebra Readiness,cn_g7_inequality_word_problem,modeling;relation_reasoning,130,Chapter-level expansion from existing cleaned Jian Zi Sheng junior OCR coverage signals. Project-native original-equivalent variants; no direct textbook exercise text is reproduced.,zh,CN,CN,中文校内,初中,production
jianzisheng_cn_junior_chapter_expansion_v1_cn-junior-g7-inequality-applications_008,每本练习册 10 元，另需运费 3 元。总费用不超过 117 元，最多可以买几本？,11,multiple_choice,A:10|B:13|C:16|D:11|E:12,4,alg_linear_inequalities;prealg_word_to_equation,inequality_modeling;budget_constraint,at_most_context;linear_inequality_word_problem,inequality_direction_error;missing_fixed_fee,设买 x 本，列不等式 10x+3≤117，解得最多可以买 11 本。,CN Junior High Math,不等式,cn-junior-g7-inequality-applications,七年级：一元一次不等式应用,24547,jianzisheng_cn_junior_chapter_expansion_v1,local-ocr-derived: jianzisheng_cn_junior_grade7_batch4_v0; chapter=cn-junior-g7-inequality-applications; expansion=v1,Honors,Algebra Readiness,cn_g7_inequality_word_problem,modeling;relation_reasoning,130,Chapter-level expansion from existing cleaned Jian Zi Sheng junior OCR coverage signals. Project-native original-equivalent variants; no direct textbook exercise text is reproduced.,zh,CN,CN,中文校内,初中,production
jianzisheng_cn_junior_chapter_expansion_v1_cn-junior-g7-inequality-applications_009,每本练习册 11 元，另需运费 4 元。总费用不超过 140 元，最多可以买几本？,12,multiple_choice,A:14|B:17|C:12|D:13|E:11,4,alg_linear_inequalities;prealg_word_to_equation,inequality_modeling;budget_constraint,at_most_context;linear_inequality_word_problem,inequality_direction_error;missing_fixed_fee,设买 x 本，列不等式 11x+4≤140，解得最多可以买 12 本。,CN Junior High Math,不等式,cn-junior-g7-inequality-applications,七年级：一元一次不等式应用,24548,jianzisheng_cn_junior_chapter_expansion_v1,local-ocr-derived: jianzisheng_cn_junior_grade7_batch4_v0; chapter=cn-junior-g7-inequality-applications; expansion=v1,Honors,Algebra Readiness,cn_g7_inequality_word_problem,modeling;relation_reasoning,130,Chapter-level expansion from existing cleaned Jian Zi Sheng junior OCR coverage signals. Project-native original-equivalent variants; no direct textbook exercise text is reproduced.,zh,CN,CN,中文校内,初中,production
jianzisheng_cn_junior_chapter_expansion_v1_cn-junior-g7-inequality-applications_010,每本练习册 4 元，另需运费 5 元。总费用不超过 25 元，最多可以买几本？,5,multiple_choice,A:10|B:5|C:6|D:4|E:7,4,alg_linear_inequalities;prealg_word_to_equation,inequality_modeling;budget_constraint,at_most_context;linear_inequality_word_problem,inequality_direction_error;missing_fixed_fee,设买 x 本，列不等式 4x+5≤25，解得最多可以买 5 本。,CN Junior High Math,不等式,cn-junior-g7-inequality-applications,七年级：一元一次不等式应用,24549,jianzisheng_cn_junior_chapter_expansion_v1,local-ocr-derived: jianzisheng_cn_junior_grade7_batch4_v0; chapter=cn-junior-g7-inequality-applications; expansion=v1,Honors,Algebra Readiness,cn_g7_inequality_word_problem,modeling;relation_reasoning,130,Chapter-level expansion from existing cleaned Jian Zi Sheng junior OCR coverage signals. Project-native original-equivalent variants; no direct textbook exercise text is reproduced.,zh,CN,CN,中文校内,初中,production
jianzisheng_cn_junior_chapter_expansion_v1_cn-junior-g7-inequality-applications_011,每本练习册 5 元，另需运费 6 元。总费用不超过 38 元，最多可以买几本？,6,multiple_choice,A:6|B:7|C:5|D:8|E:11,4,alg_linear_inequalities;prealg_word_to_equation,inequality_modeling;budget_constraint,at_most_context;linear_inequality_word_problem,inequality_direction_error;missing_fixed_fee,设买 x 本，列不等式 5x+6≤38，解得最多可以买 6 本。,CN Junior High Math,不等式,cn-junior-g7-inequality-applications,七年级：一元一次不等式应用,24550,jianzisheng_cn_junior_chapter_expansion_v1,local-ocr-derived: jianzisheng_cn_junior_grade7_batch4_v0; chapter=cn-junior-g7-inequality-applications; expansion=v1,Honors,Algebra Readiness,cn_g7_inequality_word_problem,modeling;relation_reasoning,130,Chapter-level expansion from existing cleaned Jian Zi Sheng junior OCR coverage signals. Project-native original-equivalent variants; no direct textbook exercise text is reproduced.,zh,CN,CN,中文校内,初中,production
jianzisheng_cn_junior_chapter_expansion_v1_cn-junior-g7-inequality-applications_012,每本练习册 6 元，另需运费 7 元。总费用不超过 49 元，最多可以买几本？,7,multiple_choice,A:8|B:6|C:9|D:12|E:7,4,alg_linear_inequalities;prealg_word_to_equation,inequality_modeling;budget_constraint,at_most_context;linear_inequality_word_problem,inequality_direction_error;missing_fixed_fee,设买 x 本，列不等式 6x+7≤49，解得最多可以买 7 本。,CN Junior High Math,不等式,cn-junior-g7-inequality-applications,七年级：一元一次不等式应用,24551,jianzisheng_cn_junior_chapter_expansion_v1,local-ocr-derived: jianzisheng_cn_junior_grade7_batch4_v0; chapter=cn-junior-g7-inequality-applications; expansion=v1,Honors,Algebra Readiness,cn_g7_inequality_word_problem,modeling;relation_reasoning,130,Chapter-level expansion from existing cleaned Jian Zi Sheng junior OCR coverage signals. Project-native original-equivalent variants; no direct textbook exercise text is reproduced.,zh,CN,CN,中文校内,初中,production
jianzisheng_cn_junior_chapter_expansion_v1_cn-junior-g7-inequality-applications_013,每本练习册 7 元，另需运费 8 元。总费用不超过 69 元，最多可以买几本？,8,multiple_choice,A:7|B:10|C:13|D:8|E:9,4,alg_linear_inequalities;prealg_word_to_equation,inequality_modeling;budget_constraint,at_most_context;linear_inequality_word_problem,inequality_direction_error;missing_fixed_fee,设买 x 本，列不等式 7x+8≤69，解得最多可以买 8 本。,CN Junior High Math,不等式,cn-junior-g7-inequality-applications,七年级：一元一次不等式应用,24552,jianzisheng_cn_junior_chapter_expansion_v1,local-ocr-derived: jianzisheng_cn_junior_grade7_batch4_v0; chapter=cn-junior-g7-inequality-applications; expansion=v1,Honors,Algebra Readiness,cn_g7_inequality_word_problem,modeling;relation_reasoning,130,Chapter-level expansion from existing cleaned Jian Zi Sheng junior OCR coverage signals. Project-native original-equivalent variants; no direct textbook exercise text is reproduced.,zh,CN,CN,中文校内,初中,production
jianzisheng_cn_junior_chapter_expansion_v1_cn-junior-g7-inequality-applications_014,每本练习册 8 元，另需运费 9 元。总费用不超过 85 元，最多可以买几本？,9,multiple_choice,A:11|B:14|C:9|D:10|E:8,4,alg_linear_inequalities;prealg_word_to_equation,inequality_modeling;budget_constraint,at_most_context;linear_inequality_word_problem,inequality_direction_error;missing_fixed_fee,设买 x 本，列不等式 8x+9≤85，解得最多可以买 9 本。,CN Junior High Math,不等式,cn-junior-g7-inequality-applications,七年级：一元一次不等式应用,24553,jianzisheng_cn_junior_chapter_expansion_v1,local-ocr-derived: jianzisheng_cn_junior_grade7_batch4_v0; chapter=cn-junior-g7-inequality-applications; expansion=v1,Honors,Algebra Readiness,cn_g7_inequality_word_problem,modeling;relation_reasoning,130,Chapter-level expansion from existing cleaned Jian Zi Sheng junior OCR coverage signals. Project-native original-equivalent variants; no direct textbook exercise text is reproduced.,zh,CN,CN,中文校内,初中,production
jianzisheng_cn_junior_chapter_expansion_v1_cn-junior-g7-coordinate-plane_001,"点 P(-4,6) 位于哪里？",第二象限,multiple_choice,A:第二象限|B:第一象限|C:第三象限|D:第四象限|E:x轴上,3,geo_coordinate_geometry;alg_graphing,coordinate_quadrant;signed_number_interpretation,point_location;coordinate_plane,coordinate_order_error;axis_quadrant_confusion,根据横坐标和纵坐标的符号判断，点 P 位于第二象限。,CN Junior High Math,平面直角坐标系,cn-junior-g7-coordinate-plane,七年级：平面直角坐标系初步,24560,jianzisheng_cn_junior_chapter_expansion_v1,local-ocr-derived: jianzisheng_cn_junior_grade7_batch4_v0; chapter=cn-junior-g7-coordinate-plane; expansion=v1,Standard,Algebra Readiness,cn_g7_coordinate_quadrant,spatial_reasoning;signed_number_fluency,110,Chapter-level expansion from existing cleaned Jian Zi Sheng junior OCR coverage signals. Project-native original-equivalent variants; no direct textbook exercise text is reproduced.,zh,CN,CN,中文校内,初中,production
jianzisheng_cn_junior_chapter_expansion_v1_cn-junior-g7-coordinate-plane_002,"点 P(-5,-2) 位于哪里？",第三象限,multiple_choice,A:第一象限|B:第二象限|C:第四象限|D:x轴上|E:第三象限,3,geo_coordinate_geometry;alg_graphing,coordinate_quadrant;signed_number_interpretation,point_location;coordinate_plane,coordinate_order_error;axis_quadrant_confusion,根据横坐标和纵坐标的符号判断，点 P 位于第三象限。,CN Junior High Math,平面直角坐标系,cn-junior-g7-coordinate-plane,七年级：平面直角坐标系初步,24561,jianzisheng_cn_junior_chapter_expansion_v1,local-ocr-derived: jianzisheng_cn_junior_grade7_batch4_v0; chapter=cn-junior-g7-coordinate-plane; expansion=v1,Standard,Algebra Readiness,cn_g7_coordinate_quadrant,spatial_reasoning;signed_number_fluency,110,Chapter-level expansion from existing cleaned Jian Zi Sheng junior OCR coverage signals. Project-native original-equivalent variants; no direct textbook exercise text is reproduced.,zh,CN,CN,中文校内,初中,production
jianzisheng_cn_junior_chapter_expansion_v1_cn-junior-g7-coordinate-plane_003,"点 P(7,-3) 位于哪里？",第四象限,multiple_choice,A:第二象限|B:第三象限|C:x轴上|D:第四象限|E:第一象限,3,geo_coordinate_geometry;alg_graphing,coordinate_quadrant;signed_number_interpretation,point_location;coordinate_plane,coordinate_order_error;axis_quadrant_confusion,根据横坐标和纵坐标的符号判断，点 P 位于第四象限。,CN Junior High Math,平面直角坐标系,cn-junior-g7-coordinate-plane,七年级：平面直角坐标系初步,24562,jianzisheng_cn_junior_chapter_expansion_v1,local-ocr-derived: jianzisheng_cn_junior_grade7_batch4_v0; chapter=cn-junior-g7-coordinate-plane; expansion=v1,Standard,Algebra Readiness,cn_g7_coordinate_quadrant,spatial_reasoning;signed_number_fluency,110,Chapter-level expansion from existing cleaned Jian Zi Sheng junior OCR coverage signals. Project-native original-equivalent variants; no direct textbook exercise text is reproduced.,zh,CN,CN,中文校内,初中,production
jianzisheng_cn_junior_chapter_expansion_v1_cn-junior-g7-coordinate-plane_004,"点 P(0,8) 位于哪里？",y轴上,multiple_choice,A:第三象限|B:第四象限|C:y轴上|D:第一象限|E:第二象限,3,geo_coordinate_geometry;alg_graphing,coordinate_quadrant;signed_number_interpretation,point_location;coordinate_plane,coordinate_order_error;axis_quadrant_confusion,根据横坐标和纵坐标的符号判断，点 P 位于y轴上。,CN Junior High Math,平面直角坐标系,cn-junior-g7-coordinate-plane,七年级：平面直角坐标系初步,24563,jianzisheng_cn_junior_chapter_expansion_v1,local-ocr-derived: jianzisheng_cn_junior_grade7_batch4_v0; chapter=cn-junior-g7-coordinate-plane; expansion=v1,Standard,Algebra Readiness,cn_g7_coordinate_quadrant,spatial_reasoning;signed_number_fluency,110,Chapter-level expansion from existing cleaned Jian Zi Sheng junior OCR coverage signals. Project-native original-equivalent variants; no direct textbook exercise text is reproduced.,zh,CN,CN,中文校内,初中,production
jianzisheng_cn_junior_chapter_expansion_v1_cn-junior-g7-coordinate-plane_005,"点 P(-6,0) 位于哪里？",x轴上,multiple_choice,A:第四象限|B:x轴上|C:第一象限|D:第二象限|E:第三象限,3,geo_coordinate_geometry;alg_graphing,coordinate_quadrant;signed_number_interpretation,point_location;coordinate_plane,coordinate_order_error;axis_quadrant_confusion,根据横坐标和纵坐标的符号判断，点 P 位于x轴上。,CN Junior High Math,平面直角坐标系,cn-junior-g7-coordinate-plane,七年级：平面直角坐标系初步,24564,jianzisheng_cn_junior_chapter_expansion_v1,local-ocr-derived: jianzisheng_cn_junior_grade7_batch4_v0; chapter=cn-junior-g7-coordinate-plane; expansion=v1,Standard,Algebra Readiness,cn_g7_coordinate_quadrant,spatial_reasoning;signed_number_fluency,110,Chapter-level expansion from existing cleaned Jian Zi Sheng junior OCR coverage signals. Project-native original-equivalent variants; no direct textbook exercise text is reproduced.,zh,CN,CN,中文校内,初中,production
jianzisheng_cn_junior_chapter_expansion_v1_cn-junior-g7-coordinate-plane_006,"点 P(3,5) 位于哪里？",第一象限,multiple_choice,A:第一象限|B:第二象限|C:第三象限|D:第四象限|E:x轴上,3,geo_coordinate_geometry;alg_graphing,coordinate_quadrant;signed_number_interpretation,point_location;coordinate_plane,coordinate_order_error;axis_quadrant_confusion,根据横坐标和纵坐标的符号判断，点 P 位于第一象限。,CN Junior High Math,平面直角坐标系,cn-junior-g7-coordinate-plane,七年级：平面直角坐标系初步,24565,jianzisheng_cn_junior_chapter_expansion_v1,local-ocr-derived: jianzisheng_cn_junior_grade7_batch4_v0; chapter=cn-junior-g7-coordinate-plane; expansion=v1,Standard,Algebra Readiness,cn_g7_coordinate_quadrant,spatial_reasoning;signed_number_fluency,110,Chapter-level expansion from existing cleaned Jian Zi Sheng junior OCR coverage signals. Project-native original-equivalent variants; no direct textbook exercise text is reproduced.,zh,CN,CN,中文校内,初中,production
jianzisheng_cn_junior_chapter_expansion_v1_cn-junior-g7-coordinate-plane_007,"点 P(-4,6) 位于哪里？",第二象限,multiple_choice,A:第一象限|B:第三象限|C:第四象限|D:x轴上|E:第二象限,3,geo_coordinate_geometry;alg_graphing,coordinate_quadrant;signed_number_interpretation,point_location;coordinate_plane,coordinate_order_error;axis_quadrant_confusion,根据横坐标和纵坐标的符号判断，点 P 位于第二象限。,CN Junior High Math,平面直角坐标系,cn-junior-g7-coordinate-plane,七年级：平面直角坐标系初步,24566,jianzisheng_cn_junior_chapter_expansion_v1,local-ocr-derived: jianzisheng_cn_junior_grade7_batch4_v0; chapter=cn-junior-g7-coordinate-plane; expansion=v1,Standard,Algebra Readiness,cn_g7_coordinate_quadrant,spatial_reasoning;signed_number_fluency,110,Chapter-level expansion from existing cleaned Jian Zi Sheng junior OCR coverage signals. Project-native original-equivalent variants; no direct textbook exercise text is reproduced.,zh,CN,CN,中文校内,初中,production
jianzisheng_cn_junior_chapter_expansion_v1_cn-junior-g7-coordinate-plane_008,"点 P(-5,-2) 位于哪里？",第三象限,multiple_choice,A:第二象限|B:第四象限|C:x轴上|D:第三象限|E:第一象限,3,geo_coordinate_geometry;alg_graphing,coordinate_quadrant;signed_number_interpretation,point_location;coordinate_plane,coordinate_order_error;axis_quadrant_confusion,根据横坐标和纵坐标的符号判断，点 P 位于第三象限。,CN Junior High Math,平面直角坐标系,cn-junior-g7-coordinate-plane,七年级：平面直角坐标系初步,24567,jianzisheng_cn_junior_chapter_expansion_v1,local-ocr-derived: jianzisheng_cn_junior_grade7_batch4_v0; chapter=cn-junior-g7-coordinate-plane; expansion=v1,Standard,Algebra Readiness,cn_g7_coordinate_quadrant,spatial_reasoning;signed_number_fluency,110,Chapter-level expansion from existing cleaned Jian Zi Sheng junior OCR coverage signals. Project-native original-equivalent variants; no direct textbook exercise text is reproduced.,zh,CN,CN,中文校内,初中,production
jianzisheng_cn_junior_chapter_expansion_v1_cn-junior-g7-coordinate-plane_009,"点 P(7,-3) 位于哪里？",第四象限,multiple_choice,A:第三象限|B:x轴上|C:第四象限|D:第一象限|E:第二象限,3,geo_coordinate_geometry;alg_graphing,coordinate_quadrant;signed_number_interpretation,point_location;coordinate_plane,coordinate_order_error;axis_quadrant_confusion,根据横坐标和纵坐标的符号判断，点 P 位于第四象限。,CN Junior High Math,平面直角坐标系,cn-junior-g7-coordinate-plane,七年级：平面直角坐标系初步,24568,jianzisheng_cn_junior_chapter_expansion_v1,local-ocr-derived: jianzisheng_cn_junior_grade7_batch4_v0; chapter=cn-junior-g7-coordinate-plane; expansion=v1,Standard,Algebra Readiness,cn_g7_coordinate_quadrant,spatial_reasoning;signed_number_fluency,110,Chapter-level expansion from existing cleaned Jian Zi Sheng junior OCR coverage signals. Project-native original-equivalent variants; no direct textbook exercise text is reproduced.,zh,CN,CN,中文校内,初中,production
jianzisheng_cn_junior_chapter_expansion_v1_cn-junior-g7-coordinate-plane_010,"点 P(0,8) 位于哪里？",y轴上,multiple_choice,A:第四象限|B:y轴上|C:第一象限|D:第二象限|E:第三象限,3,geo_coordinate_geometry;alg_graphing,coordinate_quadrant;signed_number_interpretation,point_location;coordinate_plane,coordinate_order_error;axis_quadrant_confusion,根据横坐标和纵坐标的符号判断，点 P 位于y轴上。,CN Junior High Math,平面直角坐标系,cn-junior-g7-coordinate-plane,七年级：平面直角坐标系初步,24569,jianzisheng_cn_junior_chapter_expansion_v1,local-ocr-derived: jianzisheng_cn_junior_grade7_batch4_v0; chapter=cn-junior-g7-coordinate-plane; expansion=v1,Standard,Algebra Readiness,cn_g7_coordinate_quadrant,spatial_reasoning;signed_number_fluency,110,Chapter-level expansion from existing cleaned Jian Zi Sheng junior OCR coverage signals. Project-native original-equivalent variants; no direct textbook exercise text is reproduced.,zh,CN,CN,中文校内,初中,production
jianzisheng_cn_junior_chapter_expansion_v1_cn-junior-g7-coordinate-plane_011,"点 P(-6,0) 位于哪里？",x轴上,multiple_choice,A:x轴上|B:第一象限|C:第二象限|D:第三象限|E:第四象限,3,geo_coordinate_geometry;alg_graphing,coordinate_quadrant;signed_number_interpretation,point_location;coordinate_plane,coordinate_order_error;axis_quadrant_confusion,根据横坐标和纵坐标的符号判断，点 P 位于x轴上。,CN Junior High Math,平面直角坐标系,cn-junior-g7-coordinate-plane,七年级：平面直角坐标系初步,24570,jianzisheng_cn_junior_chapter_expansion_v1,local-ocr-derived: jianzisheng_cn_junior_grade7_batch4_v0; chapter=cn-junior-g7-coordinate-plane; expansion=v1,Standard,Algebra Readiness,cn_g7_coordinate_quadrant,spatial_reasoning;signed_number_fluency,110,Chapter-level expansion from existing cleaned Jian Zi Sheng junior OCR coverage signals. Project-native original-equivalent variants; no direct textbook exercise text is reproduced.,zh,CN,CN,中文校内,初中,production
jianzisheng_cn_junior_chapter_expansion_v1_cn-junior-g7-coordinate-plane_012,"点 P(3,5) 位于哪里？",第一象限,multiple_choice,A:第二象限|B:第三象限|C:第四象限|D:x轴上|E:第一象限,3,geo_coordinate_geometry;alg_graphing,coordinate_quadrant;signed_number_interpretation,point_location;coordinate_plane,coordinate_order_error;axis_quadrant_confusion,根据横坐标和纵坐标的符号判断，点 P 位于第一象限。,CN Junior High Math,平面直角坐标系,cn-junior-g7-coordinate-plane,七年级：平面直角坐标系初步,24571,jianzisheng_cn_junior_chapter_expansion_v1,local-ocr-derived: jianzisheng_cn_junior_grade7_batch4_v0; chapter=cn-junior-g7-coordinate-plane; expansion=v1,Standard,Algebra Readiness,cn_g7_coordinate_quadrant,spatial_reasoning;signed_number_fluency,110,Chapter-level expansion from existing cleaned Jian Zi Sheng junior OCR coverage signals. Project-native original-equivalent variants; no direct textbook exercise text is reproduced.,zh,CN,CN,中文校内,初中,production
jianzisheng_cn_junior_chapter_expansion_v1_cn-junior-g7-coordinate-plane_013,"点 P(-4,6) 位于哪里？",第二象限,multiple_choice,A:第三象限|B:第四象限|C:x轴上|D:第二象限|E:第一象限,3,geo_coordinate_geometry;alg_graphing,coordinate_quadrant;signed_number_interpretation,point_location;coordinate_plane,coordinate_order_error;axis_quadrant_confusion,根据横坐标和纵坐标的符号判断，点 P 位于第二象限。,CN Junior High Math,平面直角坐标系,cn-junior-g7-coordinate-plane,七年级：平面直角坐标系初步,24572,jianzisheng_cn_junior_chapter_expansion_v1,local-ocr-derived: jianzisheng_cn_junior_grade7_batch4_v0; chapter=cn-junior-g7-coordinate-plane; expansion=v1,Standard,Algebra Readiness,cn_g7_coordinate_quadrant,spatial_reasoning;signed_number_fluency,110,Chapter-level expansion from existing cleaned Jian Zi Sheng junior OCR coverage signals. Project-native original-equivalent variants; no direct textbook exercise text is reproduced.,zh,CN,CN,中文校内,初中,production
jianzisheng_cn_junior_chapter_expansion_v1_cn-junior-g7-coordinate-plane_014,"点 P(-5,-2) 位于哪里？",第三象限,multiple_choice,A:第四象限|B:x轴上|C:第三象限|D:第一象限|E:第二象限,3,geo_coordinate_geometry;alg_graphing,coordinate_quadrant;signed_number_interpretation,point_location;coordinate_plane,coordinate_order_error;axis_quadrant_confusion,根据横坐标和纵坐标的符号判断，点 P 位于第三象限。,CN Junior High Math,平面直角坐标系,cn-junior-g7-coordinate-plane,七年级：平面直角坐标系初步,24573,jianzisheng_cn_junior_chapter_expansion_v1,local-ocr-derived: jianzisheng_cn_junior_grade7_batch4_v0; chapter=cn-junior-g7-coordinate-plane; expansion=v1,Standard,Algebra Readiness,cn_g7_coordinate_quadrant,spatial_reasoning;signed_number_fluency,110,Chapter-level expansion from existing cleaned Jian Zi Sheng junior OCR coverage signals. Project-native original-equivalent variants; no direct textbook exercise text is reproduced.,zh,CN,CN,中文校内,初中,production
jianzisheng_cn_junior_chapter_expansion_v1_cn-junior-g7-angle-equations_001,两个邻补角中，一个角为 3x+12 度，另一个角为 117 度。求 x。,17,multiple_choice,A:17|B:18|C:16|D:56|E:-17,4,geo_angles;alg_linear_equations,angle_equation;linear_equation_solving,geometry_to_equation;supplementary_angle_equation,angle_sum_error;equation_setup_error,邻补角和为 180°，所以 3x+12+117=180，解得 x=17。,CN Junior High Math,基础几何,cn-junior-g7-angle-equations,七年级：角度方程,24580,jianzisheng_cn_junior_chapter_expansion_v1,local-ocr-derived: jianzisheng_cn_junior_grade7_batch4_v0; chapter=cn-junior-g7-angle-equations; expansion=v1,Honors,Algebra Readiness,cn_g7_angle_equation,modeling;geometric_reasoning,130,Chapter-level expansion from existing cleaned Jian Zi Sheng junior OCR coverage signals. Project-native original-equivalent variants; no direct textbook exercise text is reproduced.,zh,CN,CN,中文校内,初中,production
jianzisheng_cn_junior_chapter_expansion_v1_cn-junior-g7-angle-equations_002,两个邻补角中，一个角为 4x+13 度，另一个角为 95 度。求 x。,18,multiple_choice,A:19|B:17|C:42|D:-18|E:18,4,geo_angles;alg_linear_equations,angle_equation;linear_equation_solving,geometry_to_equation;supplementary_angle_equation,angle_sum_error;equation_setup_error,邻补角和为 180°，所以 4x+13+95=180，解得 x=18。,CN Junior High Math,基础几何,cn-junior-g7-angle-equations,七年级：角度方程,24581,jianzisheng_cn_junior_chapter_expansion_v1,local-ocr-derived: jianzisheng_cn_junior_grade7_batch4_v0; chapter=cn-junior-g7-angle-equations; expansion=v1,Honors,Algebra Readiness,cn_g7_angle_equation,modeling;geometric_reasoning,130,Chapter-level expansion from existing cleaned Jian Zi Sheng junior OCR coverage signals. Project-native original-equivalent variants; no direct textbook exercise text is reproduced.,zh,CN,CN,中文校内,初中,production
jianzisheng_cn_junior_chapter_expansion_v1_cn-junior-g7-angle-equations_003,两个邻补角中，一个角为 5x+14 度，另一个角为 71 度。求 x。,19,multiple_choice,A:18|B:33|C:-19|D:19|E:20,4,geo_angles;alg_linear_equations,angle_equation;linear_equation_solving,geometry_to_equation;supplementary_angle_equation,angle_sum_error;equation_setup_error,邻补角和为 180°，所以 5x+14+71=180，解得 x=19。,CN Junior High Math,基础几何,cn-junior-g7-angle-equations,七年级：角度方程,24582,jianzisheng_cn_junior_chapter_expansion_v1,local-ocr-derived: jianzisheng_cn_junior_grade7_batch4_v0; chapter=cn-junior-g7-angle-equations; expansion=v1,Honors,Algebra Readiness,cn_g7_angle_equation,modeling;geometric_reasoning,130,Chapter-level expansion from existing cleaned Jian Zi Sheng junior OCR coverage signals. Project-native original-equivalent variants; no direct textbook exercise text is reproduced.,zh,CN,CN,中文校内,初中,production
jianzisheng_cn_junior_chapter_expansion_v1_cn-junior-g7-angle-equations_004,两个邻补角中，一个角为 6x+15 度，另一个角为 45 度。求 x。,20,multiple_choice,A:28|B:-20|C:20|D:21|E:19,4,geo_angles;alg_linear_equations,angle_equation;linear_equation_solving,geometry_to_equation;supplementary_angle_equation,angle_sum_error;equation_setup_error,邻补角和为 180°，所以 6x+15+45=180，解得 x=20。,CN Junior High Math,基础几何,cn-junior-g7-angle-equations,七年级：角度方程,24583,jianzisheng_cn_junior_chapter_expansion_v1,local-ocr-derived: jianzisheng_cn_junior_grade7_batch4_v0; chapter=cn-junior-g7-angle-equations; expansion=v1,Honors,Algebra Readiness,cn_g7_angle_equation,modeling;geometric_reasoning,130,Chapter-level expansion from existing cleaned Jian Zi Sheng junior OCR coverage signals. Project-native original-equivalent variants; no direct textbook exercise text is reproduced.,zh,CN,CN,中文校内,初中,production
jianzisheng_cn_junior_chapter_expansion_v1_cn-junior-g7-angle-equations_005,两个邻补角中，一个角为 7x+16 度，另一个角为 17 度。求 x。,21,multiple_choice,A:-21|B:21|C:22|D:20|E:23,4,geo_angles;alg_linear_equations,angle_equation;linear_equation_solving,geometry_to_equation;supplementary_angle_equation,angle_sum_error;equation_setup_error,邻补角和为 180°，所以 7x+16+17=180，解得 x=21。,CN Junior High Math,基础几何,cn-junior-g7-angle-equations,七年级：角度方程,24584,jianzisheng_cn_junior_chapter_expansion_v1,local-ocr-derived: jianzisheng_cn_junior_grade7_batch4_v0; chapter=cn-junior-g7-angle-equations; expansion=v1,Honors,Algebra Readiness,cn_g7_angle_equation,modeling;geometric_reasoning,130,Chapter-level expansion from existing cleaned Jian Zi Sheng junior OCR coverage signals. Project-native original-equivalent variants; no direct textbook exercise text is reproduced.,zh,CN,CN,中文校内,初中,production
jianzisheng_cn_junior_chapter_expansion_v1_cn-junior-g7-angle-equations_006,两个邻补角中，一个角为 2x+17 度，另一个角为 119 度。求 x。,22,multiple_choice,A:22|B:23|C:21|D:82|E:-22,4,geo_angles;alg_linear_equations,angle_equation;linear_equation_solving,geometry_to_equation;supplementary_angle_equation,angle_sum_error;equation_setup_error,邻补角和为 180°，所以 2x+17+119=180，解得 x=22。,CN Junior High Math,基础几何,cn-junior-g7-angle-equations,七年级：角度方程,24585,jianzisheng_cn_junior_chapter_expansion_v1,local-ocr-derived: jianzisheng_cn_junior_grade7_batch4_v0; chapter=cn-junior-g7-angle-equations; expansion=v1,Honors,Algebra Readiness,cn_g7_angle_equation,modeling;geometric_reasoning,130,Chapter-level expansion from existing cleaned Jian Zi Sheng junior OCR coverage signals. Project-native original-equivalent variants; no direct textbook exercise text is reproduced.,zh,CN,CN,中文校内,初中,production
jianzisheng_cn_junior_chapter_expansion_v1_cn-junior-g7-angle-equations_007,两个邻补角中，一个角为 3x+18 度，另一个角为 93 度。求 x。,23,multiple_choice,A:24|B:22|C:54|D:-23|E:23,4,geo_angles;alg_linear_equations,angle_equation;linear_equation_solving,geometry_to_equation;supplementary_angle_equation,angle_sum_error;equation_setup_error,邻补角和为 180°，所以 3x+18+93=180，解得 x=23。,CN Junior High Math,基础几何,cn-junior-g7-angle-equations,七年级：角度方程,24586,jianzisheng_cn_junior_chapter_expansion_v1,local-ocr-derived: jianzisheng_cn_junior_grade7_batch4_v0; chapter=cn-junior-g7-angle-equations; expansion=v1,Honors,Algebra Readiness,cn_g7_angle_equation,modeling;geometric_reasoning,130,Chapter-level expansion from existing cleaned Jian Zi Sheng junior OCR coverage signals. Project-native original-equivalent variants; no direct textbook exercise text is reproduced.,zh,CN,CN,中文校内,初中,production
jianzisheng_cn_junior_chapter_expansion_v1_cn-junior-g7-angle-equations_008,两个邻补角中，一个角为 4x+19 度，另一个角为 65 度。求 x。,24,multiple_choice,A:23|B:40|C:-24|D:24|E:25,4,geo_angles;alg_linear_equations,angle_equation;linear_equation_solving,geometry_to_equation;supplementary_angle_equation,angle_sum_error;equation_setup_error,邻补角和为 180°，所以 4x+19+65=180，解得 x=24。,CN Junior High Math,基础几何,cn-junior-g7-angle-equations,七年级：角度方程,24587,jianzisheng_cn_junior_chapter_expansion_v1,local-ocr-derived: jianzisheng_cn_junior_grade7_batch4_v0; chapter=cn-junior-g7-angle-equations; expansion=v1,Honors,Algebra Readiness,cn_g7_angle_equation,modeling;geometric_reasoning,130,Chapter-level expansion from existing cleaned Jian Zi Sheng junior OCR coverage signals. Project-native original-equivalent variants; no direct textbook exercise text is reproduced.,zh,CN,CN,中文校内,初中,production
jianzisheng_cn_junior_chapter_expansion_v1_cn-junior-g7-angle-equations_009,两个邻补角中，一个角为 5x+5 度，另一个角为 50 度。求 x。,25,multiple_choice,A:35|B:-25|C:25|D:26|E:24,4,geo_angles;alg_linear_equations,angle_equation;linear_equation_solving,geometry_to_equation;supplementary_angle_equation,angle_sum_error;equation_setup_error,邻补角和为 180°，所以 5x+5+50=180，解得 x=25。,CN Junior High Math,基础几何,cn-junior-g7-angle-equations,七年级：角度方程,24588,jianzisheng_cn_junior_chapter_expansion_v1,local-ocr-derived: jianzisheng_cn_junior_grade7_batch4_v0; chapter=cn-junior-g7-angle-equations; expansion=v1,Honors,Algebra Readiness,cn_g7_angle_equation,modeling;geometric_reasoning,130,Chapter-level expansion from existing cleaned Jian Zi Sheng junior OCR coverage signals. Project-native original-equivalent variants; no direct textbook exercise text is reproduced.,zh,CN,CN,中文校内,初中,production
jianzisheng_cn_junior_chapter_expansion_v1_cn-junior-g7-angle-equations_010,两个邻补角中，一个角为 6x+6 度，另一个角为 18 度。求 x。,26,multiple_choice,A:-26|B:26|C:27|D:25|E:29,4,geo_angles;alg_linear_equations,angle_equation;linear_equation_solving,geometry_to_equation;supplementary_angle_equation,angle_sum_error;equation_setup_error,邻补角和为 180°，所以 6x+6+18=180，解得 x=26。,CN Junior High Math,基础几何,cn-junior-g7-angle-equations,七年级：角度方程,24589,jianzisheng_cn_junior_chapter_expansion_v1,local-ocr-derived: jianzisheng_cn_junior_grade7_batch4_v0; chapter=cn-junior-g7-angle-equations; expansion=v1,Honors,Algebra Readiness,cn_g7_angle_equation,modeling;geometric_reasoning,130,Chapter-level expansion from existing cleaned Jian Zi Sheng junior OCR coverage signals. Project-native original-equivalent variants; no direct textbook exercise text is reproduced.,zh,CN,CN,中文校内,初中,production
jianzisheng_cn_junior_chapter_expansion_v1_cn-junior-g7-angle-equations_011,两个邻补角中，一个角为 7x+7 度，另一个角为 -16 度。求 x。,27,multiple_choice,A:27|B:28|C:26|D:25|E:-27,4,geo_angles;alg_linear_equations,angle_equation;linear_equation_solving,geometry_to_equation;supplementary_angle_equation,angle_sum_error;equation_setup_error,邻补角和为 180°，所以 7x+7+-16=180，解得 x=27。,CN Junior High Math,基础几何,cn-junior-g7-angle-equations,七年级：角度方程,24590,jianzisheng_cn_junior_chapter_expansion_v1,local-ocr-derived: jianzisheng_cn_junior_grade7_batch4_v0; chapter=cn-junior-g7-angle-equations; expansion=v1,Honors,Algebra Readiness,cn_g7_angle_equation,modeling;geometric_reasoning,130,Chapter-level expansion from existing cleaned Jian Zi Sheng junior OCR coverage signals. Project-native original-equivalent variants; no direct textbook exercise text is reproduced.,zh,CN,CN,中文校内,初中,production
jianzisheng_cn_junior_chapter_expansion_v1_cn-junior-g7-angle-equations_012,两个邻补角中，一个角为 2x+8 度，另一个角为 152 度。求 x。,10,multiple_choice,A:11|B:9|C:86|D:-10|E:10,4,geo_angles;alg_linear_equations,angle_equation;linear_equation_solving,geometry_to_equation;supplementary_angle_equation,angle_sum_error;equation_setup_error,邻补角和为 180°，所以 2x+8+152=180，解得 x=10。,CN Junior High Math,基础几何,cn-junior-g7-angle-equations,七年级：角度方程,24591,jianzisheng_cn_junior_chapter_expansion_v1,local-ocr-derived: jianzisheng_cn_junior_grade7_batch4_v0; chapter=cn-junior-g7-angle-equations; expansion=v1,Honors,Algebra Readiness,cn_g7_angle_equation,modeling;geometric_reasoning,130,Chapter-level expansion from existing cleaned Jian Zi Sheng junior OCR coverage signals. Project-native original-equivalent variants; no direct textbook exercise text is reproduced.,zh,CN,CN,中文校内,初中,production
jianzisheng_cn_junior_chapter_expansion_v1_cn-junior-g7-angle-equations_013,两个邻补角中，一个角为 3x+9 度，另一个角为 138 度。求 x。,11,multiple_choice,A:10|B:57|C:-11|D:11|E:12,4,geo_angles;alg_linear_equations,angle_equation;linear_equation_solving,geometry_to_equation;supplementary_angle_equation,angle_sum_error;equation_setup_error,邻补角和为 180°，所以 3x+9+138=180，解得 x=11。,CN Junior High Math,基础几何,cn-junior-g7-angle-equations,七年级：角度方程,24592,jianzisheng_cn_junior_chapter_expansion_v1,local-ocr-derived: jianzisheng_cn_junior_grade7_batch4_v0; chapter=cn-junior-g7-angle-equations; expansion=v1,Honors,Algebra Readiness,cn_g7_angle_equation,modeling;geometric_reasoning,130,Chapter-level expansion from existing cleaned Jian Zi Sheng junior OCR coverage signals. Project-native original-equivalent variants; no direct textbook exercise text is reproduced.,zh,CN,CN,中文校内,初中,production
jianzisheng_cn_junior_chapter_expansion_v1_cn-junior-g7-angle-equations_014,两个邻补角中，一个角为 4x+10 度，另一个角为 122 度。求 x。,12,multiple_choice,A:43|B:-12|C:12|D:13|E:11,4,geo_angles;alg_linear_equations,angle_equation;linear_equation_solving,geometry_to_equation;supplementary_angle_equation,angle_sum_error;equation_setup_error,邻补角和为 180°，所以 4x+10+122=180，解得 x=12。,CN Junior High Math,基础几何,cn-junior-g7-angle-equations,七年级：角度方程,24593,jianzisheng_cn_junior_chapter_expansion_v1,local-ocr-derived: jianzisheng_cn_junior_grade7_batch4_v0; chapter=cn-junior-g7-angle-equations; expansion=v1,Honors,Algebra Readiness,cn_g7_angle_equation,modeling;geometric_reasoning,130,Chapter-level expansion from existing cleaned Jian Zi Sheng junior OCR coverage signals. Project-native original-equivalent variants; no direct textbook exercise text is reproduced.,zh,CN,CN,中文校内,初中,production
jianzisheng_cn_junior_chapter_expansion_v1_cn-junior-g8-triangles_001,三角形两边长分别为 9 和 7，第三边长为 x。下面哪个范围正确？,2<x<16,multiple_choice,A:2<x<16|B:x>16|C:x<16|D:2≤x≤16|E:x>2,2,geo_triangles,triangle_inequality;inequality_reasoning,two_sides_bound_third_side;geometric_constraint,endpoint_inclusion_error;one_sided_constraint_error,第三边必须大于两边之差且小于两边之和，所以 2<x<16。,CN Junior High Math,三角形基础,cn-junior-g8-triangles,八年级：三角形基础,24600,jianzisheng_cn_junior_chapter_expansion_v1,local-ocr-derived: jianzisheng_cn_junior_grade8_pilot_v0; chapter=cn-junior-g8-triangles; expansion=v1,Foundation,Bridge,cn_triangle_inequality,geometric_reasoning;constraint_reasoning,90,Chapter-level expansion from existing cleaned Jian Zi Sheng junior OCR coverage signals. Project-native original-equivalent variants; no direct textbook exercise text is reproduced.,zh,CN,CN,中文校内,初中,production
jianzisheng_cn_junior_chapter_expansion_v1_cn-junior-g8-triangles_002,三角形两边长分别为 10 和 9，第三边长为 x。下面哪个范围正确？,1<x<19,multiple_choice,A:x>19|B:x<19|C:1≤x≤19|D:x>1|E:1<x<19,2,geo_triangles,triangle_inequality;inequality_reasoning,two_sides_bound_third_side;geometric_constraint,endpoint_inclusion_error;one_sided_constraint_error,第三边必须大于两边之差且小于两边之和，所以 1<x<19。,CN Junior High Math,三角形基础,cn-junior-g8-triangles,八年级：三角形基础,24601,jianzisheng_cn_junior_chapter_expansion_v1,local-ocr-derived: jianzisheng_cn_junior_grade8_pilot_v0; chapter=cn-junior-g8-triangles; expansion=v1,Foundation,Bridge,cn_triangle_inequality,geometric_reasoning;constraint_reasoning,90,Chapter-level expansion from existing cleaned Jian Zi Sheng junior OCR coverage signals. Project-native original-equivalent variants; no direct textbook exercise text is reproduced.,zh,CN,CN,中文校内,初中,production
jianzisheng_cn_junior_chapter_expansion_v1_cn-junior-g8-triangles_003,三角形两边长分别为 11 和 11，第三边长为 x。下面哪个范围正确？,0<x<22,multiple_choice,A:x<22|B:0≤x≤22|C:x>0|D:0<x<22|E:x>22,2,geo_triangles,triangle_inequality;inequality_reasoning,two_sides_bound_third_side;geometric_constraint,endpoint_inclusion_error;one_sided_constraint_error,第三边必须大于两边之差且小于两边之和，所以 0<x<22。,CN Junior High Math,三角形基础,cn-junior-g8-triangles,八年级：三角形基础,24602,jianzisheng_cn_junior_chapter_expansion_v1,local-ocr-derived: jianzisheng_cn_junior_grade8_pilot_v0; chapter=cn-junior-g8-triangles; expansion=v1,Foundation,Bridge,cn_triangle_inequality,geometric_reasoning;constraint_reasoning,90,Chapter-level expansion from existing cleaned Jian Zi Sheng junior OCR coverage signals. Project-native original-equivalent variants; no direct textbook exercise text is reproduced.,zh,CN,CN,中文校内,初中,production
jianzisheng_cn_junior_chapter_expansion_v1_cn-junior-g8-triangles_004,三角形两边长分别为 12 和 13，第三边长为 x。下面哪个范围正确？,1<x<25,multiple_choice,A:1≤x≤25|B:x>1|C:1<x<25|D:x>25|E:x<25,2,geo_triangles,triangle_inequality;inequality_reasoning,two_sides_bound_third_side;geometric_constraint,endpoint_inclusion_error;one_sided_constraint_error,第三边必须大于两边之差且小于两边之和，所以 1<x<25。,CN Junior High Math,三角形基础,cn-junior-g8-triangles,八年级：三角形基础,24603,jianzisheng_cn_junior_chapter_expansion_v1,local-ocr-derived: jianzisheng_cn_junior_grade8_pilot_v0; chapter=cn-junior-g8-triangles; expansion=v1,Foundation,Bridge,cn_triangle_inequality,geometric_reasoning;constraint_reasoning,90,Chapter-level expansion from existing cleaned Jian Zi Sheng junior OCR coverage signals. Project-native original-equivalent variants; no direct textbook exercise text is reproduced.,zh,CN,CN,中文校内,初中,production
jianzisheng_cn_junior_chapter_expansion_v1_cn-junior-g8-triangles_005,三角形两边长分别为 4 和 15，第三边长为 x。下面哪个范围正确？,11<x<19,multiple_choice,A:x>11|B:11<x<19|C:x>19|D:x<19|E:11≤x≤19,2,geo_triangles,triangle_inequality;inequality_reasoning,two_sides_bound_third_side;geometric_constraint,endpoint_inclusion_error;one_sided_constraint_error,第三边必须大于两边之差且小于两边之和，所以 11<x<19。,CN Junior High Math,三角形基础,cn-junior-g8-triangles,八年级：三角形基础,24604,jianzisheng_cn_junior_chapter_expansion_v1,local-ocr-derived: jianzisheng_cn_junior_grade8_pilot_v0; chapter=cn-junior-g8-triangles; expansion=v1,Foundation,Bridge,cn_triangle_inequality,geometric_reasoning;constraint_reasoning,90,Chapter-level expansion from existing cleaned Jian Zi Sheng junior OCR coverage signals. Project-native original-equivalent variants; no direct textbook exercise text is reproduced.,zh,CN,CN,中文校内,初中,production
jianzisheng_cn_junior_chapter_expansion_v1_cn-junior-g8-triangles_006,三角形两边长分别为 5 和 7，第三边长为 x。下面哪个范围正确？,2<x<12,multiple_choice,A:2<x<12|B:x>12|C:x<12|D:2≤x≤12|E:x>2,2,geo_triangles,triangle_inequality;inequality_reasoning,two_sides_bound_third_side;geometric_constraint,endpoint_inclusion_error;one_sided_constraint_error,第三边必须大于两边之差且小于两边之和，所以 2<x<12。,CN Junior High Math,三角形基础,cn-junior-g8-triangles,八年级：三角形基础,24605,jianzisheng_cn_junior_chapter_expansion_v1,local-ocr-derived: jianzisheng_cn_junior_grade8_pilot_v0; chapter=cn-junior-g8-triangles; expansion=v1,Foundation,Bridge,cn_triangle_inequality,geometric_reasoning;constraint_reasoning,90,Chapter-level expansion from existing cleaned Jian Zi Sheng junior OCR coverage signals. Project-native original-equivalent variants; no direct textbook exercise text is reproduced.,zh,CN,CN,中文校内,初中,production
jianzisheng_cn_junior_chapter_expansion_v1_cn-junior-g8-triangles_007,三角形两边长分别为 6 和 9，第三边长为 x。下面哪个范围正确？,3<x<15,multiple_choice,A:x>15|B:x<15|C:3≤x≤15|D:x>3|E:3<x<15,2,geo_triangles,triangle_inequality;inequality_reasoning,two_sides_bound_third_side;geometric_constraint,endpoint_inclusion_error;one_sided_constraint_error,第三边必须大于两边之差且小于两边之和，所以 3<x<15。,CN Junior High Math,三角形基础,cn-junior-g8-triangles,八年级：三角形基础,24606,jianzisheng_cn_junior_chapter_expansion_v1,local-ocr-derived: jianzisheng_cn_junior_grade8_pilot_v0; chapter=cn-junior-g8-triangles; expansion=v1,Foundation,Bridge,cn_triangle_inequality,geometric_reasoning;constraint_reasoning,90,Chapter-level expansion from existing cleaned Jian Zi Sheng junior OCR coverage signals. Project-native original-equivalent variants; no direct textbook exercise text is reproduced.,zh,CN,CN,中文校内,初中,production
jianzisheng_cn_junior_chapter_expansion_v1_cn-junior-g8-triangles_008,三角形两边长分别为 7 和 11，第三边长为 x。下面哪个范围正确？,4<x<18,multiple_choice,A:x<18|B:4≤x≤18|C:x>4|D:4<x<18|E:x>18,2,geo_triangles,triangle_inequality;inequality_reasoning,two_sides_bound_third_side;geometric_constraint,endpoint_inclusion_error;one_sided_constraint_error,第三边必须大于两边之差且小于两边之和，所以 4<x<18。,CN Junior High Math,三角形基础,cn-junior-g8-triangles,八年级：三角形基础,24607,jianzisheng_cn_junior_chapter_expansion_v1,local-ocr-derived: jianzisheng_cn_junior_grade8_pilot_v0; chapter=cn-junior-g8-triangles; expansion=v1,Foundation,Bridge,cn_triangle_inequality,geometric_reasoning;constraint_reasoning,90,Chapter-level expansion from existing cleaned Jian Zi Sheng junior OCR coverage signals. Project-native original-equivalent variants; no direct textbook exercise text is reproduced.,zh,CN,CN,中文校内,初中,production
jianzisheng_cn_junior_chapter_expansion_v1_cn-junior-g8-triangles_009,三角形两边长分别为 8 和 13，第三边长为 x。下面哪个范围正确？,5<x<21,multiple_choice,A:5≤x≤21|B:x>5|C:5<x<21|D:x>21|E:x<21,2,geo_triangles,triangle_inequality;inequality_reasoning,two_sides_bound_third_side;geometric_constraint,endpoint_inclusion_error;one_sided_constraint_error,第三边必须大于两边之差且小于两边之和，所以 5<x<21。,CN Junior High Math,三角形基础,cn-junior-g8-triangles,八年级：三角形基础,24608,jianzisheng_cn_junior_chapter_expansion_v1,local-ocr-derived: jianzisheng_cn_junior_grade8_pilot_v0; chapter=cn-junior-g8-triangles; expansion=v1,Foundation,Bridge,cn_triangle_inequality,geometric_reasoning;constraint_reasoning,90,Chapter-level expansion from existing cleaned Jian Zi Sheng junior OCR coverage signals. Project-native original-equivalent variants; no direct textbook exercise text is reproduced.,zh,CN,CN,中文校内,初中,production
jianzisheng_cn_junior_chapter_expansion_v1_cn-junior-g8-triangles_010,三角形两边长分别为 9 和 15，第三边长为 x。下面哪个范围正确？,6<x<24,multiple_choice,A:x>6|B:6<x<24|C:x>24|D:x<24|E:6≤x≤24,2,geo_triangles,triangle_inequality;inequality_reasoning,two_sides_bound_third_side;geometric_constraint,endpoint_inclusion_error;one_sided_constraint_error,第三边必须大于两边之差且小于两边之和，所以 6<x<24。,CN Junior High Math,三角形基础,cn-junior-g8-triangles,八年级：三角形基础,24609,jianzisheng_cn_junior_chapter_expansion_v1,local-ocr-derived: jianzisheng_cn_junior_grade8_pilot_v0; chapter=cn-junior-g8-triangles; expansion=v1,Foundation,Bridge,cn_triangle_inequality,geometric_reasoning;constraint_reasoning,90,Chapter-level expansion from existing cleaned Jian Zi Sheng junior OCR coverage signals. Project-native original-equivalent variants; no direct textbook exercise text is reproduced.,zh,CN,CN,中文校内,初中,production
jianzisheng_cn_junior_chapter_expansion_v1_cn-junior-g8-triangles_011,三角形两边长分别为 10 和 7，第三边长为 x。下面哪个范围正确？,3<x<17,multiple_choice,A:3<x<17|B:x>17|C:x<17|D:3≤x≤17|E:x>3,2,geo_triangles,triangle_inequality;inequality_reasoning,two_sides_bound_third_side;geometric_constraint,endpoint_inclusion_error;one_sided_constraint_error,第三边必须大于两边之差且小于两边之和，所以 3<x<17。,CN Junior High Math,三角形基础,cn-junior-g8-triangles,八年级：三角形基础,24610,jianzisheng_cn_junior_chapter_expansion_v1,local-ocr-derived: jianzisheng_cn_junior_grade8_pilot_v0; chapter=cn-junior-g8-triangles; expansion=v1,Foundation,Bridge,cn_triangle_inequality,geometric_reasoning;constraint_reasoning,90,Chapter-level expansion from existing cleaned Jian Zi Sheng junior OCR coverage signals. Project-native original-equivalent variants; no direct textbook exercise text is reproduced.,zh,CN,CN,中文校内,初中,production
jianzisheng_cn_junior_chapter_expansion_v1_cn-junior-g8-triangles_012,三角形两边长分别为 11 和 9，第三边长为 x。下面哪个范围正确？,2<x<20,multiple_choice,A:x>20|B:x<20|C:2≤x≤20|D:x>2|E:2<x<20,2,geo_triangles,triangle_inequality;inequality_reasoning,two_sides_bound_third_side;geometric_constraint,endpoint_inclusion_error;one_sided_constraint_error,第三边必须大于两边之差且小于两边之和，所以 2<x<20。,CN Junior High Math,三角形基础,cn-junior-g8-triangles,八年级：三角形基础,24611,jianzisheng_cn_junior_chapter_expansion_v1,local-ocr-derived: jianzisheng_cn_junior_grade8_pilot_v0; chapter=cn-junior-g8-triangles; expansion=v1,Foundation,Bridge,cn_triangle_inequality,geometric_reasoning;constraint_reasoning,90,Chapter-level expansion from existing cleaned Jian Zi Sheng junior OCR coverage signals. Project-native original-equivalent variants; no direct textbook exercise text is reproduced.,zh,CN,CN,中文校内,初中,production
jianzisheng_cn_junior_chapter_expansion_v1_cn-junior-g8-triangles_013,三角形两边长分别为 12 和 11，第三边长为 x。下面哪个范围正确？,1<x<23,multiple_choice,A:x<23|B:1≤x≤23|C:x>1|D:1<x<23|E:x>23,2,geo_triangles,triangle_inequality;inequality_reasoning,two_sides_bound_third_side;geometric_constraint,endpoint_inclusion_error;one_sided_constraint_error,第三边必须大于两边之差且小于两边之和，所以 1<x<23。,CN Junior High Math,三角形基础,cn-junior-g8-triangles,八年级：三角形基础,24612,jianzisheng_cn_junior_chapter_expansion_v1,local-ocr-derived: jianzisheng_cn_junior_grade8_pilot_v0; chapter=cn-junior-g8-triangles; expansion=v1,Foundation,Bridge,cn_triangle_inequality,geometric_reasoning;constraint_reasoning,90,Chapter-level expansion from existing cleaned Jian Zi Sheng junior OCR coverage signals. Project-native original-equivalent variants; no direct textbook exercise text is reproduced.,zh,CN,CN,中文校内,初中,production
jianzisheng_cn_junior_chapter_expansion_v1_cn-junior-g8-triangles_014,三角形两边长分别为 4 和 13，第三边长为 x。下面哪个范围正确？,9<x<17,multiple_choice,A:9≤x≤17|B:x>9|C:9<x<17|D:x>17|E:x<17,2,geo_triangles,triangle_inequality;inequality_reasoning,two_sides_bound_third_side;geometric_constraint,endpoint_inclusion_error;one_sided_constraint_error,第三边必须大于两边之差且小于两边之和，所以 9<x<17。,CN Junior High Math,三角形基础,cn-junior-g8-triangles,八年级：三角形基础,24613,jianzisheng_cn_junior_chapter_expansion_v1,local-ocr-derived: jianzisheng_cn_junior_grade8_pilot_v0; chapter=cn-junior-g8-triangles; expansion=v1,Foundation,Bridge,cn_triangle_inequality,geometric_reasoning;constraint_reasoning,90,Chapter-level expansion from existing cleaned Jian Zi Sheng junior OCR coverage signals. Project-native original-equivalent variants; no direct textbook exercise text is reproduced.,zh,CN,CN,中文校内,初中,production
jianzisheng_cn_junior_chapter_expansion_v1_cn-junior-g8-triangles_015,三角形两边长分别为 5 和 15，第三边长为 x。下面哪个范围正确？,10<x<20,multiple_choice,A:x>10|B:10<x<20|C:x>20|D:x<20|E:10≤x≤20,2,geo_triangles,triangle_inequality;inequality_reasoning,two_sides_bound_third_side;geometric_constraint,endpoint_inclusion_error;one_sided_constraint_error,第三边必须大于两边之差且小于两边之和，所以 10<x<20。,CN Junior High Math,三角形基础,cn-junior-g8-triangles,八年级：三角形基础,24614,jianzisheng_cn_junior_chapter_expansion_v1,local-ocr-derived: jianzisheng_cn_junior_grade8_pilot_v0; chapter=cn-junior-g8-triangles; expansion=v1,Foundation,Bridge,cn_triangle_inequality,geometric_reasoning;constraint_reasoning,90,Chapter-level expansion from existing cleaned Jian Zi Sheng junior OCR coverage signals. Project-native original-equivalent variants; no direct textbook exercise text is reproduced.,zh,CN,CN,中文校内,初中,production
jianzisheng_cn_junior_chapter_expansion_v1_cn-junior-g8-triangles_016,三角形两边长分别为 6 和 7，第三边长为 x。下面哪个范围正确？,1<x<13,multiple_choice,A:1<x<13|B:x>13|C:x<13|D:1≤x≤13|E:x>1,2,geo_triangles,triangle_inequality;inequality_reasoning,two_sides_bound_third_side;geometric_constraint,endpoint_inclusion_error;one_sided_constraint_error,第三边必须大于两边之差且小于两边之和，所以 1<x<13。,CN Junior High Math,三角形基础,cn-junior-g8-triangles,八年级：三角形基础,24615,jianzisheng_cn_junior_chapter_expansion_v1,local-ocr-derived: jianzisheng_cn_junior_grade8_pilot_v0; chapter=cn-junior-g8-triangles; expansion=v1,Foundation,Bridge,cn_triangle_inequality,geometric_reasoning;constraint_reasoning,90,Chapter-level expansion from existing cleaned Jian Zi Sheng junior OCR coverage signals. Project-native original-equivalent variants; no direct textbook exercise text is reproduced.,zh,CN,CN,中文校内,初中,production
jianzisheng_cn_junior_chapter_expansion_v1_cn-junior-g8-triangle-angles_001,三角形两个内角分别是 40° 和 55°，第三个内角是多少度？,85,multiple_choice,A:85|B:95|C:140|D:125|E:90,2,geo_triangle_angles;geo_triangles,angle_sum;subtraction_fluency,triangle_angle_sum;missing_angle,angle_sum_error;arithmetic_slip,三角形内角和为 180°，第三个角为 180°-40°-55°=85°。,CN Junior High Math,三角形基础,cn-junior-g8-triangle-angles,八年级：三角形内角和,24620,jianzisheng_cn_junior_chapter_expansion_v1,local-ocr-derived: jianzisheng_cn_junior_grade8_pilot_v0; chapter=cn-junior-g8-triangle-angles; expansion=v1,Foundation,Bridge,cn_triangle_angle_sum,geometric_reasoning;fluency_precision,90,Chapter-level expansion from existing cleaned Jian Zi Sheng junior OCR coverage signals. Project-native original-equivalent variants; no direct textbook exercise text is reproduced.,zh,CN,CN,中文校内,初中,production
jianzisheng_cn_junior_chapter_expansion_v1_cn-junior-g8-triangle-angles_002,三角形两个内角分别是 41° 和 58°，第三个内角是多少度？,81,multiple_choice,A:99|B:139|C:122|D:91|E:81,2,geo_triangle_angles;geo_triangles,angle_sum;subtraction_fluency,triangle_angle_sum;missing_angle,angle_sum_error;arithmetic_slip,三角形内角和为 180°，第三个角为 180°-41°-58°=81°。,CN Junior High Math,三角形基础,cn-junior-g8-triangle-angles,八年级：三角形内角和,24621,jianzisheng_cn_junior_chapter_expansion_v1,local-ocr-derived: jianzisheng_cn_junior_grade8_pilot_v0; chapter=cn-junior-g8-triangle-angles; expansion=v1,Foundation,Bridge,cn_triangle_angle_sum,geometric_reasoning;fluency_precision,90,Chapter-level expansion from existing cleaned Jian Zi Sheng junior OCR coverage signals. Project-native original-equivalent variants; no direct textbook exercise text is reproduced.,zh,CN,CN,中文校内,初中,production
jianzisheng_cn_junior_chapter_expansion_v1_cn-junior-g8-triangle-angles_003,三角形两个内角分别是 42° 和 61°，第三个内角是多少度？,77,multiple_choice,A:138|B:119|C:87|D:77|E:103,2,geo_triangle_angles;geo_triangles,angle_sum;subtraction_fluency,triangle_angle_sum;missing_angle,angle_sum_error;arithmetic_slip,三角形内角和为 180°，第三个角为 180°-42°-61°=77°。,CN Junior High Math,三角形基础,cn-junior-g8-triangle-angles,八年级：三角形内角和,24622,jianzisheng_cn_junior_chapter_expansion_v1,local-ocr-derived: jianzisheng_cn_junior_grade8_pilot_v0; chapter=cn-junior-g8-triangle-angles; expansion=v1,Foundation,Bridge,cn_triangle_angle_sum,geometric_reasoning;fluency_precision,90,Chapter-level expansion from existing cleaned Jian Zi Sheng junior OCR coverage signals. Project-native original-equivalent variants; no direct textbook exercise text is reproduced.,zh,CN,CN,中文校内,初中,production
jianzisheng_cn_junior_chapter_expansion_v1_cn-junior-g8-triangle-angles_004,三角形两个内角分别是 43° 和 64°，第三个内角是多少度？,73,multiple_choice,A:116|B:83|C:73|D:107|E:137,2,geo_triangle_angles;geo_triangles,angle_sum;subtraction_fluency,triangle_angle_sum;missing_angle,angle_sum_error;arithmetic_slip,三角形内角和为 180°，第三个角为 180°-43°-64°=73°。,CN Junior High Math,三角形基础,cn-junior-g8-triangle-angles,八年级：三角形内角和,24623,jianzisheng_cn_junior_chapter_expansion_v1,local-ocr-derived: jianzisheng_cn_junior_grade8_pilot_v0; chapter=cn-junior-g8-triangle-angles; expansion=v1,Foundation,Bridge,cn_triangle_angle_sum,geometric_reasoning;fluency_precision,90,Chapter-level expansion from existing cleaned Jian Zi Sheng junior OCR coverage signals. Project-native original-equivalent variants; no direct textbook exercise text is reproduced.,zh,CN,CN,中文校内,初中,production
jianzisheng_cn_junior_chapter_expansion_v1_cn-junior-g8-triangle-angles_005,三角形两个内角分别是 44° 和 67°，第三个内角是多少度？,69,multiple_choice,A:79|B:69|C:111|D:136|E:113,2,geo_triangle_angles;geo_triangles,angle_sum;subtraction_fluency,triangle_angle_sum;missing_angle,angle_sum_error;arithmetic_slip,三角形内角和为 180°，第三个角为 180°-44°-67°=69°。,CN Junior High Math,三角形基础,cn-junior-g8-triangle-angles,八年级：三角形内角和,24624,jianzisheng_cn_junior_chapter_expansion_v1,local-ocr-derived: jianzisheng_cn_junior_grade8_pilot_v0; chapter=cn-junior-g8-triangle-angles; expansion=v1,Foundation,Bridge,cn_triangle_angle_sum,geometric_reasoning;fluency_precision,90,Chapter-level expansion from existing cleaned Jian Zi Sheng junior OCR coverage signals. Project-native original-equivalent variants; no direct textbook exercise text is reproduced.,zh,CN,CN,中文校内,初中,production
jianzisheng_cn_junior_chapter_expansion_v1_cn-junior-g8-triangle-angles_006,三角形两个内角分别是 45° 和 70°，第三个内角是多少度？,65,multiple_choice,A:65|B:115|C:135|D:110|E:75,2,geo_triangle_angles;geo_triangles,angle_sum;subtraction_fluency,triangle_angle_sum;missing_angle,angle_sum_error;arithmetic_slip,三角形内角和为 180°，第三个角为 180°-45°-70°=65°。,CN Junior High Math,三角形基础,cn-junior-g8-triangle-angles,八年级：三角形内角和,24625,jianzisheng_cn_junior_chapter_expansion_v1,local-ocr-derived: jianzisheng_cn_junior_grade8_pilot_v0; chapter=cn-junior-g8-triangle-angles; expansion=v1,Foundation,Bridge,cn_triangle_angle_sum,geometric_reasoning;fluency_precision,90,Chapter-level expansion from existing cleaned Jian Zi Sheng junior OCR coverage signals. Project-native original-equivalent variants; no direct textbook exercise text is reproduced.,zh,CN,CN,中文校内,初中,production
jianzisheng_cn_junior_chapter_expansion_v1_cn-junior-g8-triangle-angles_007,三角形两个内角分别是 46° 和 73°，第三个内角是多少度？,61,multiple_choice,A:119|B:134|C:107|D:71|E:61,2,geo_triangle_angles;geo_triangles,angle_sum;subtraction_fluency,triangle_angle_sum;missing_angle,angle_sum_error;arithmetic_slip,三角形内角和为 180°，第三个角为 180°-46°-73°=61°。,CN Junior High Math,三角形基础,cn-junior-g8-triangle-angles,八年级：三角形内角和,24626,jianzisheng_cn_junior_chapter_expansion_v1,local-ocr-derived: jianzisheng_cn_junior_grade8_pilot_v0; chapter=cn-junior-g8-triangle-angles; expansion=v1,Foundation,Bridge,cn_triangle_angle_sum,geometric_reasoning;fluency_precision,90,Chapter-level expansion from existing cleaned Jian Zi Sheng junior OCR coverage signals. Project-native original-equivalent variants; no direct textbook exercise text is reproduced.,zh,CN,CN,中文校内,初中,production
jianzisheng_cn_junior_chapter_expansion_v1_cn-junior-g8-triangle-angles_008,三角形两个内角分别是 47° 和 76°，第三个内角是多少度？,57,multiple_choice,A:133|B:104|C:67|D:57|E:123,2,geo_triangle_angles;geo_triangles,angle_sum;subtraction_fluency,triangle_angle_sum;missing_angle,angle_sum_error;arithmetic_slip,三角形内角和为 180°，第三个角为 180°-47°-76°=57°。,CN Junior High Math,三角形基础,cn-junior-g8-triangle-angles,八年级：三角形内角和,24627,jianzisheng_cn_junior_chapter_expansion_v1,local-ocr-derived: jianzisheng_cn_junior_grade8_pilot_v0; chapter=cn-junior-g8-triangle-angles; expansion=v1,Foundation,Bridge,cn_triangle_angle_sum,geometric_reasoning;fluency_precision,90,Chapter-level expansion from existing cleaned Jian Zi Sheng junior OCR coverage signals. Project-native original-equivalent variants; no direct textbook exercise text is reproduced.,zh,CN,CN,中文校内,初中,production
jianzisheng_cn_junior_chapter_expansion_v1_cn-junior-g8-triangle-angles_009,三角形两个内角分别是 48° 和 79°，第三个内角是多少度？,53,multiple_choice,A:101|B:63|C:53|D:127|E:132,2,geo_triangle_angles;geo_triangles,angle_sum;subtraction_fluency,triangle_angle_sum;missing_angle,angle_sum_error;arithmetic_slip,三角形内角和为 180°，第三个角为 180°-48°-79°=53°。,CN Junior High Math,三角形基础,cn-junior-g8-triangle-angles,八年级：三角形内角和,24628,jianzisheng_cn_junior_chapter_expansion_v1,local-ocr-derived: jianzisheng_cn_junior_grade8_pilot_v0; chapter=cn-junior-g8-triangle-angles; expansion=v1,Foundation,Bridge,cn_triangle_angle_sum,geometric_reasoning;fluency_precision,90,Chapter-level expansion from existing cleaned Jian Zi Sheng junior OCR coverage signals. Project-native original-equivalent variants; no direct textbook exercise text is reproduced.,zh,CN,CN,中文校内,初中,production
jianzisheng_cn_junior_chapter_expansion_v1_cn-junior-g8-triangle-angles_010,三角形两个内角分别是 49° 和 82°，第三个内角是多少度？,49,multiple_choice,A:54|B:49|C:131|D:98|E:59,2,geo_triangle_angles;geo_triangles,angle_sum;subtraction_fluency,triangle_angle_sum;missing_angle,angle_sum_error;arithmetic_slip,三角形内角和为 180°，第三个角为 180°-49°-82°=49°。,CN Junior High Math,三角形基础,cn-junior-g8-triangle-angles,八年级：三角形内角和,24629,jianzisheng_cn_junior_chapter_expansion_v1,local-ocr-derived: jianzisheng_cn_junior_grade8_pilot_v0; chapter=cn-junior-g8-triangle-angles; expansion=v1,Foundation,Bridge,cn_triangle_angle_sum,geometric_reasoning;fluency_precision,90,Chapter-level expansion from existing cleaned Jian Zi Sheng junior OCR coverage signals. Project-native original-equivalent variants; no direct textbook exercise text is reproduced.,zh,CN,CN,中文校内,初中,production
jianzisheng_cn_junior_chapter_expansion_v1_cn-junior-g8-triangle-angles_011,三角形两个内角分别是 50° 和 85°，第三个内角是多少度？,45,multiple_choice,A:45|B:135|C:130|D:95|E:55,2,geo_triangle_angles;geo_triangles,angle_sum;subtraction_fluency,triangle_angle_sum;missing_angle,angle_sum_error;arithmetic_slip,三角形内角和为 180°，第三个角为 180°-50°-85°=45°。,CN Junior High Math,三角形基础,cn-junior-g8-triangle-angles,八年级：三角形内角和,24630,jianzisheng_cn_junior_chapter_expansion_v1,local-ocr-derived: jianzisheng_cn_junior_grade8_pilot_v0; chapter=cn-junior-g8-triangle-angles; expansion=v1,Foundation,Bridge,cn_triangle_angle_sum,geometric_reasoning;fluency_precision,90,Chapter-level expansion from existing cleaned Jian Zi Sheng junior OCR coverage signals. Project-native original-equivalent variants; no direct textbook exercise text is reproduced.,zh,CN,CN,中文校内,初中,production
jianzisheng_cn_junior_chapter_expansion_v1_cn-junior-g8-triangle-angles_012,三角形两个内角分别是 51° 和 88°，第三个内角是多少度？,41,multiple_choice,A:139|B:129|C:92|D:51|E:41,2,geo_triangle_angles;geo_triangles,angle_sum;subtraction_fluency,triangle_angle_sum;missing_angle,angle_sum_error;arithmetic_slip,三角形内角和为 180°，第三个角为 180°-51°-88°=41°。,CN Junior High Math,三角形基础,cn-junior-g8-triangle-angles,八年级：三角形内角和,24631,jianzisheng_cn_junior_chapter_expansion_v1,local-ocr-derived: jianzisheng_cn_junior_grade8_pilot_v0; chapter=cn-junior-g8-triangle-angles; expansion=v1,Foundation,Bridge,cn_triangle_angle_sum,geometric_reasoning;fluency_precision,90,Chapter-level expansion from existing cleaned Jian Zi Sheng junior OCR coverage signals. Project-native original-equivalent variants; no direct textbook exercise text is reproduced.,zh,CN,CN,中文校内,初中,production
jianzisheng_cn_junior_chapter_expansion_v1_cn-junior-g8-triangle-angles_013,三角形两个内角分别是 52° 和 41°，第三个内角是多少度？,87,multiple_choice,A:128|B:139|C:97|D:87|E:93,2,geo_triangle_angles;geo_triangles,angle_sum;subtraction_fluency,triangle_angle_sum;missing_angle,angle_sum_error;arithmetic_slip,三角形内角和为 180°，第三个角为 180°-52°-41°=87°。,CN Junior High Math,三角形基础,cn-junior-g8-triangle-angles,八年级：三角形内角和,24632,jianzisheng_cn_junior_chapter_expansion_v1,local-ocr-derived: jianzisheng_cn_junior_grade8_pilot_v0; chapter=cn-junior-g8-triangle-angles; expansion=v1,Foundation,Bridge,cn_triangle_angle_sum,geometric_reasoning;fluency_precision,90,Chapter-level expansion from existing cleaned Jian Zi Sheng junior OCR coverage signals. Project-native original-equivalent variants; no direct textbook exercise text is reproduced.,zh,CN,CN,中文校内,初中,production
jianzisheng_cn_junior_chapter_expansion_v1_cn-junior-g8-triangle-angles_014,三角形两个内角分别是 53° 和 44°，第三个内角是多少度？,83,multiple_choice,A:136|B:93|C:83|D:97|E:127,2,geo_triangle_angles;geo_triangles,angle_sum;subtraction_fluency,triangle_angle_sum;missing_angle,angle_sum_error;arithmetic_slip,三角形内角和为 180°，第三个角为 180°-53°-44°=83°。,CN Junior High Math,三角形基础,cn-junior-g8-triangle-angles,八年级：三角形内角和,24633,jianzisheng_cn_junior_chapter_expansion_v1,local-ocr-derived: jianzisheng_cn_junior_grade8_pilot_v0; chapter=cn-junior-g8-triangle-angles; expansion=v1,Foundation,Bridge,cn_triangle_angle_sum,geometric_reasoning;fluency_precision,90,Chapter-level expansion from existing cleaned Jian Zi Sheng junior OCR coverage signals. Project-native original-equivalent variants; no direct textbook exercise text is reproduced.,zh,CN,CN,中文校内,初中,production
jianzisheng_cn_junior_chapter_expansion_v1_cn-junior-g8-triangle-angles_015,三角形两个内角分别是 54° 和 47°，第三个内角是多少度？,79,multiple_choice,A:89|B:79|C:101|D:126|E:133,2,geo_triangle_angles;geo_triangles,angle_sum;subtraction_fluency,triangle_angle_sum;missing_angle,angle_sum_error;arithmetic_slip,三角形内角和为 180°，第三个角为 180°-54°-47°=79°。,CN Junior High Math,三角形基础,cn-junior-g8-triangle-angles,八年级：三角形内角和,24634,jianzisheng_cn_junior_chapter_expansion_v1,local-ocr-derived: jianzisheng_cn_junior_grade8_pilot_v0; chapter=cn-junior-g8-triangle-angles; expansion=v1,Foundation,Bridge,cn_triangle_angle_sum,geometric_reasoning;fluency_precision,90,Chapter-level expansion from existing cleaned Jian Zi Sheng junior OCR coverage signals. Project-native original-equivalent variants; no direct textbook exercise text is reproduced.,zh,CN,CN,中文校内,初中,production
jianzisheng_cn_junior_chapter_expansion_v1_cn-junior-g8-triangle-angles_016,三角形两个内角分别是 55° 和 50°，第三个内角是多少度？,75,multiple_choice,A:75|B:105|C:125|D:130|E:85,2,geo_triangle_angles;geo_triangles,angle_sum;subtraction_fluency,triangle_angle_sum;missing_angle,angle_sum_error;arithmetic_slip,三角形内角和为 180°，第三个角为 180°-55°-50°=75°。,CN Junior High Math,三角形基础,cn-junior-g8-triangle-angles,八年级：三角形内角和,24635,jianzisheng_cn_junior_chapter_expansion_v1,local-ocr-derived: jianzisheng_cn_junior_grade8_pilot_v0; chapter=cn-junior-g8-triangle-angles; expansion=v1,Foundation,Bridge,cn_triangle_angle_sum,geometric_reasoning;fluency_precision,90,Chapter-level expansion from existing cleaned Jian Zi Sheng junior OCR coverage signals. Project-native original-equivalent variants; no direct textbook exercise text is reproduced.,zh,CN,CN,中文校内,初中,production
jianzisheng_cn_junior_chapter_expansion_v1_cn-junior-g8-congruence_001,判断三角形全等时，条件“两边及其夹角对应相等”对应的判定方法是？,SAS,multiple_choice,A:SAS|B:AAA|C:SSA|D:ASA|E:SAS+5,3,geo_congruence;geo_triangles,congruence_criterion;condition_matching,geometry_proof_condition;criterion_selection,aaa_congruence_error;ssa_congruence_error,“两边及其夹角对应相等”对应 SAS 判定。,CN Junior High Math,三角形全等,cn-junior-g8-congruence,八年级：三角形全等,24640,jianzisheng_cn_junior_chapter_expansion_v1,local-ocr-derived: jianzisheng_cn_junior_grade8_pilot_v0; chapter=cn-junior-g8-congruence; expansion=v1,Standard,Bridge,cn_congruence_criterion,proof_reasoning;criterion_selection,110,Chapter-level expansion from existing cleaned Jian Zi Sheng junior OCR coverage signals. Project-native original-equivalent variants; no direct textbook exercise text is reproduced.,zh,CN,CN,中文校内,初中,production
jianzisheng_cn_junior_chapter_expansion_v1_cn-junior-g8-congruence_002,判断三角形全等时，条件“两角及其夹边对应相等”对应的判定方法是？,ASA,multiple_choice,A:AAA|B:SSA|C:SAS|D:ASA+5|E:ASA,3,geo_congruence;geo_triangles,congruence_criterion;condition_matching,geometry_proof_condition;criterion_selection,aaa_congruence_error;ssa_congruence_error,“两角及其夹边对应相等”对应 ASA 判定。,CN Junior High Math,三角形全等,cn-junior-g8-congruence,八年级：三角形全等,24641,jianzisheng_cn_junior_chapter_expansion_v1,local-ocr-derived: jianzisheng_cn_junior_grade8_pilot_v0; chapter=cn-junior-g8-congruence; expansion=v1,Standard,Bridge,cn_congruence_criterion,proof_reasoning;criterion_selection,110,Chapter-level expansion from existing cleaned Jian Zi Sheng junior OCR coverage signals. Project-native original-equivalent variants; no direct textbook exercise text is reproduced.,zh,CN,CN,中文校内,初中,production
jianzisheng_cn_junior_chapter_expansion_v1_cn-junior-g8-congruence_003,判断三角形全等时，条件“三边对应相等”对应的判定方法是？,SSS,multiple_choice,A:SSA|B:SAS|C:ASA|D:SSS|E:AAA,3,geo_congruence;geo_triangles,congruence_criterion;condition_matching,geometry_proof_condition;criterion_selection,aaa_congruence_error;ssa_congruence_error,“三边对应相等”对应 SSS 判定。,CN Junior High Math,三角形全等,cn-junior-g8-congruence,八年级：三角形全等,24642,jianzisheng_cn_junior_chapter_expansion_v1,local-ocr-derived: jianzisheng_cn_junior_grade8_pilot_v0; chapter=cn-junior-g8-congruence; expansion=v1,Standard,Bridge,cn_congruence_criterion,proof_reasoning;criterion_selection,110,Chapter-level expansion from existing cleaned Jian Zi Sheng junior OCR coverage signals. Project-native original-equivalent variants; no direct textbook exercise text is reproduced.,zh,CN,CN,中文校内,初中,production
jianzisheng_cn_junior_chapter_expansion_v1_cn-junior-g8-congruence_004,判断三角形全等时，条件“直角三角形斜边和一条直角边对应相等”对应的判定方法是？,HL,multiple_choice,A:SAS|B:ASA|C:HL|D:AAA|E:SSA,3,geo_congruence;geo_triangles,congruence_criterion;condition_matching,geometry_proof_condition;criterion_selection,aaa_congruence_error;ssa_congruence_error,“直角三角形斜边和一条直角边对应相等”对应 HL 判定。,CN Junior High Math,三角形全等,cn-junior-g8-congruence,八年级：三角形全等,24643,jianzisheng_cn_junior_chapter_expansion_v1,local-ocr-derived: jianzisheng_cn_junior_grade8_pilot_v0; chapter=cn-junior-g8-congruence; expansion=v1,Standard,Bridge,cn_congruence_criterion,proof_reasoning;criterion_selection,110,Chapter-level expansion from existing cleaned Jian Zi Sheng junior OCR coverage signals. Project-native original-equivalent variants; no direct textbook exercise text is reproduced.,zh,CN,CN,中文校内,初中,production
jianzisheng_cn_junior_chapter_expansion_v1_cn-junior-g8-congruence_005,判断三角形全等时，条件“两角及其中一角的对边对应相等”对应的判定方法是？,AAS,multiple_choice,A:ASA|B:AAS|C:AAA|D:SSA|E:SAS,3,geo_congruence;geo_triangles,congruence_criterion;condition_matching,geometry_proof_condition;criterion_selection,aaa_congruence_error;ssa_congruence_error,“两角及其中一角的对边对应相等”对应 AAS 判定。,CN Junior High Math,三角形全等,cn-junior-g8-congruence,八年级：三角形全等,24644,jianzisheng_cn_junior_chapter_expansion_v1,local-ocr-derived: jianzisheng_cn_junior_grade8_pilot_v0; chapter=cn-junior-g8-congruence; expansion=v1,Standard,Bridge,cn_congruence_criterion,proof_reasoning;criterion_selection,110,Chapter-level expansion from existing cleaned Jian Zi Sheng junior OCR coverage signals. Project-native original-equivalent variants; no direct textbook exercise text is reproduced.,zh,CN,CN,中文校内,初中,production
jianzisheng_cn_junior_chapter_expansion_v1_cn-junior-g8-congruence_006,判断三角形全等时，条件“两边及其夹角对应相等”对应的判定方法是？,SAS,multiple_choice,A:SAS|B:AAA|C:SSA|D:ASA|E:SAS+5,3,geo_congruence;geo_triangles,congruence_criterion;condition_matching,geometry_proof_condition;criterion_selection,aaa_congruence_error;ssa_congruence_error,“两边及其夹角对应相等”对应 SAS 判定。,CN Junior High Math,三角形全等,cn-junior-g8-congruence,八年级：三角形全等,24645,jianzisheng_cn_junior_chapter_expansion_v1,local-ocr-derived: jianzisheng_cn_junior_grade8_pilot_v0; chapter=cn-junior-g8-congruence; expansion=v1,Standard,Bridge,cn_congruence_criterion,proof_reasoning;criterion_selection,110,Chapter-level expansion from existing cleaned Jian Zi Sheng junior OCR coverage signals. Project-native original-equivalent variants; no direct textbook exercise text is reproduced.,zh,CN,CN,中文校内,初中,production
jianzisheng_cn_junior_chapter_expansion_v1_cn-junior-g8-congruence_007,判断三角形全等时，条件“两角及其夹边对应相等”对应的判定方法是？,ASA,multiple_choice,A:AAA|B:SSA|C:SAS|D:ASA+5|E:ASA,3,geo_congruence;geo_triangles,congruence_criterion;condition_matching,geometry_proof_condition;criterion_selection,aaa_congruence_error;ssa_congruence_error,“两角及其夹边对应相等”对应 ASA 判定。,CN Junior High Math,三角形全等,cn-junior-g8-congruence,八年级：三角形全等,24646,jianzisheng_cn_junior_chapter_expansion_v1,local-ocr-derived: jianzisheng_cn_junior_grade8_pilot_v0; chapter=cn-junior-g8-congruence; expansion=v1,Standard,Bridge,cn_congruence_criterion,proof_reasoning;criterion_selection,110,Chapter-level expansion from existing cleaned Jian Zi Sheng junior OCR coverage signals. Project-native original-equivalent variants; no direct textbook exercise text is reproduced.,zh,CN,CN,中文校内,初中,production
jianzisheng_cn_junior_chapter_expansion_v1_cn-junior-g8-congruence_008,判断三角形全等时，条件“三边对应相等”对应的判定方法是？,SSS,multiple_choice,A:SSA|B:SAS|C:ASA|D:SSS|E:AAA,3,geo_congruence;geo_triangles,congruence_criterion;condition_matching,geometry_proof_condition;criterion_selection,aaa_congruence_error;ssa_congruence_error,“三边对应相等”对应 SSS 判定。,CN Junior High Math,三角形全等,cn-junior-g8-congruence,八年级：三角形全等,24647,jianzisheng_cn_junior_chapter_expansion_v1,local-ocr-derived: jianzisheng_cn_junior_grade8_pilot_v0; chapter=cn-junior-g8-congruence; expansion=v1,Standard,Bridge,cn_congruence_criterion,proof_reasoning;criterion_selection,110,Chapter-level expansion from existing cleaned Jian Zi Sheng junior OCR coverage signals. Project-native original-equivalent variants; no direct textbook exercise text is reproduced.,zh,CN,CN,中文校内,初中,production
jianzisheng_cn_junior_chapter_expansion_v1_cn-junior-g8-congruence_009,判断三角形全等时，条件“直角三角形斜边和一条直角边对应相等”对应的判定方法是？,HL,multiple_choice,A:SAS|B:ASA|C:HL|D:AAA|E:SSA,3,geo_congruence;geo_triangles,congruence_criterion;condition_matching,geometry_proof_condition;criterion_selection,aaa_congruence_error;ssa_congruence_error,“直角三角形斜边和一条直角边对应相等”对应 HL 判定。,CN Junior High Math,三角形全等,cn-junior-g8-congruence,八年级：三角形全等,24648,jianzisheng_cn_junior_chapter_expansion_v1,local-ocr-derived: jianzisheng_cn_junior_grade8_pilot_v0; chapter=cn-junior-g8-congruence; expansion=v1,Standard,Bridge,cn_congruence_criterion,proof_reasoning;criterion_selection,110,Chapter-level expansion from existing cleaned Jian Zi Sheng junior OCR coverage signals. Project-native original-equivalent variants; no direct textbook exercise text is reproduced.,zh,CN,CN,中文校内,初中,production
jianzisheng_cn_junior_chapter_expansion_v1_cn-junior-g8-congruence_010,判断三角形全等时，条件“两角及其中一角的对边对应相等”对应的判定方法是？,AAS,multiple_choice,A:ASA|B:AAS|C:AAA|D:SSA|E:SAS,3,geo_congruence;geo_triangles,congruence_criterion;condition_matching,geometry_proof_condition;criterion_selection,aaa_congruence_error;ssa_congruence_error,“两角及其中一角的对边对应相等”对应 AAS 判定。,CN Junior High Math,三角形全等,cn-junior-g8-congruence,八年级：三角形全等,24649,jianzisheng_cn_junior_chapter_expansion_v1,local-ocr-derived: jianzisheng_cn_junior_grade8_pilot_v0; chapter=cn-junior-g8-congruence; expansion=v1,Standard,Bridge,cn_congruence_criterion,proof_reasoning;criterion_selection,110,Chapter-level expansion from existing cleaned Jian Zi Sheng junior OCR coverage signals. Project-native original-equivalent variants; no direct textbook exercise text is reproduced.,zh,CN,CN,中文校内,初中,production
jianzisheng_cn_junior_chapter_expansion_v1_cn-junior-g8-congruence_011,判断三角形全等时，条件“两边及其夹角对应相等”对应的判定方法是？,SAS,multiple_choice,A:SAS|B:AAA|C:SSA|D:ASA|E:SAS+5,3,geo_congruence;geo_triangles,congruence_criterion;condition_matching,geometry_proof_condition;criterion_selection,aaa_congruence_error;ssa_congruence_error,“两边及其夹角对应相等”对应 SAS 判定。,CN Junior High Math,三角形全等,cn-junior-g8-congruence,八年级：三角形全等,24650,jianzisheng_cn_junior_chapter_expansion_v1,local-ocr-derived: jianzisheng_cn_junior_grade8_pilot_v0; chapter=cn-junior-g8-congruence; expansion=v1,Standard,Bridge,cn_congruence_criterion,proof_reasoning;criterion_selection,110,Chapter-level expansion from existing cleaned Jian Zi Sheng junior OCR coverage signals. Project-native original-equivalent variants; no direct textbook exercise text is reproduced.,zh,CN,CN,中文校内,初中,production
jianzisheng_cn_junior_chapter_expansion_v1_cn-junior-g8-congruence_012,判断三角形全等时，条件“两角及其夹边对应相等”对应的判定方法是？,ASA,multiple_choice,A:AAA|B:SSA|C:SAS|D:ASA+5|E:ASA,3,geo_congruence;geo_triangles,congruence_criterion;condition_matching,geometry_proof_condition;criterion_selection,aaa_congruence_error;ssa_congruence_error,“两角及其夹边对应相等”对应 ASA 判定。,CN Junior High Math,三角形全等,cn-junior-g8-congruence,八年级：三角形全等,24651,jianzisheng_cn_junior_chapter_expansion_v1,local-ocr-derived: jianzisheng_cn_junior_grade8_pilot_v0; chapter=cn-junior-g8-congruence; expansion=v1,Standard,Bridge,cn_congruence_criterion,proof_reasoning;criterion_selection,110,Chapter-level expansion from existing cleaned Jian Zi Sheng junior OCR coverage signals. Project-native original-equivalent variants; no direct textbook exercise text is reproduced.,zh,CN,CN,中文校内,初中,production
jianzisheng_cn_junior_chapter_expansion_v1_cn-junior-g8-congruence_013,判断三角形全等时，条件“三边对应相等”对应的判定方法是？,SSS,multiple_choice,A:SSA|B:SAS|C:ASA|D:SSS|E:AAA,3,geo_congruence;geo_triangles,congruence_criterion;condition_matching,geometry_proof_condition;criterion_selection,aaa_congruence_error;ssa_congruence_error,“三边对应相等”对应 SSS 判定。,CN Junior High Math,三角形全等,cn-junior-g8-congruence,八年级：三角形全等,24652,jianzisheng_cn_junior_chapter_expansion_v1,local-ocr-derived: jianzisheng_cn_junior_grade8_pilot_v0; chapter=cn-junior-g8-congruence; expansion=v1,Standard,Bridge,cn_congruence_criterion,proof_reasoning;criterion_selection,110,Chapter-level expansion from existing cleaned Jian Zi Sheng junior OCR coverage signals. Project-native original-equivalent variants; no direct textbook exercise text is reproduced.,zh,CN,CN,中文校内,初中,production
jianzisheng_cn_junior_chapter_expansion_v1_cn-junior-g8-congruence_014,判断三角形全等时，条件“直角三角形斜边和一条直角边对应相等”对应的判定方法是？,HL,multiple_choice,A:SAS|B:ASA|C:HL|D:AAA|E:SSA,3,geo_congruence;geo_triangles,congruence_criterion;condition_matching,geometry_proof_condition;criterion_selection,aaa_congruence_error;ssa_congruence_error,“直角三角形斜边和一条直角边对应相等”对应 HL 判定。,CN Junior High Math,三角形全等,cn-junior-g8-congruence,八年级：三角形全等,24653,jianzisheng_cn_junior_chapter_expansion_v1,local-ocr-derived: jianzisheng_cn_junior_grade8_pilot_v0; chapter=cn-junior-g8-congruence; expansion=v1,Standard,Bridge,cn_congruence_criterion,proof_reasoning;criterion_selection,110,Chapter-level expansion from existing cleaned Jian Zi Sheng junior OCR coverage signals. Project-native original-equivalent variants; no direct textbook exercise text is reproduced.,zh,CN,CN,中文校内,初中,production
jianzisheng_cn_junior_chapter_expansion_v1_cn-junior-g8-congruence_015,判断三角形全等时，条件“两角及其中一角的对边对应相等”对应的判定方法是？,AAS,multiple_choice,A:ASA|B:AAS|C:AAA|D:SSA|E:SAS,3,geo_congruence;geo_triangles,congruence_criterion;condition_matching,geometry_proof_condition;criterion_selection,aaa_congruence_error;ssa_congruence_error,“两角及其中一角的对边对应相等”对应 AAS 判定。,CN Junior High Math,三角形全等,cn-junior-g8-congruence,八年级：三角形全等,24654,jianzisheng_cn_junior_chapter_expansion_v1,local-ocr-derived: jianzisheng_cn_junior_grade8_pilot_v0; chapter=cn-junior-g8-congruence; expansion=v1,Standard,Bridge,cn_congruence_criterion,proof_reasoning;criterion_selection,110,Chapter-level expansion from existing cleaned Jian Zi Sheng junior OCR coverage signals. Project-native original-equivalent variants; no direct textbook exercise text is reproduced.,zh,CN,CN,中文校内,初中,production
jianzisheng_cn_junior_chapter_expansion_v1_cn-junior-g8-congruence_016,判断三角形全等时，条件“两边及其夹角对应相等”对应的判定方法是？,SAS,multiple_choice,A:SAS|B:AAA|C:SSA|D:ASA|E:SAS+5,3,geo_congruence;geo_triangles,congruence_criterion;condition_matching,geometry_proof_condition;criterion_selection,aaa_congruence_error;ssa_congruence_error,“两边及其夹角对应相等”对应 SAS 判定。,CN Junior High Math,三角形全等,cn-junior-g8-congruence,八年级：三角形全等,24655,jianzisheng_cn_junior_chapter_expansion_v1,local-ocr-derived: jianzisheng_cn_junior_grade8_pilot_v0; chapter=cn-junior-g8-congruence; expansion=v1,Standard,Bridge,cn_congruence_criterion,proof_reasoning;criterion_selection,110,Chapter-level expansion from existing cleaned Jian Zi Sheng junior OCR coverage signals. Project-native original-equivalent variants; no direct textbook exercise text is reproduced.,zh,CN,CN,中文校内,初中,production
jianzisheng_cn_junior_chapter_expansion_v1_cn-junior-g8-pythagorean_001,直角三角形的斜边长为 26，一条直角边长为 10，另一条直角边长是多少？,24,multiple_choice,A:24|B:16|C:36|D:25|E:26,3,geo_pythagorean;geo_triangles,pythagorean_theorem;square_root_fluency,right_triangle_leg_to_hypotenuse;formula_application,add_lengths_error;leg_hypotenuse_confusion,由勾股定理，另一条直角边为 √(26^2-10^2)=24。,CN Junior High Math,直角三角形,cn-junior-g8-pythagorean,八年级：直角三角形与勾股定理,24660,jianzisheng_cn_junior_chapter_expansion_v1,local-ocr-derived: jianzisheng_cn_junior_grade8_pilot_v0; chapter=cn-junior-g8-pythagorean; expansion=v1,Standard,Bridge,cn_pythagorean_missing_leg,formula_selection;geometric_reasoning,110,Chapter-level expansion from existing cleaned Jian Zi Sheng junior OCR coverage signals. Project-native original-equivalent variants; no direct textbook exercise text is reproduced.,zh,CN,CN,中文校内,初中,production
jianzisheng_cn_junior_chapter_expansion_v1_cn-junior-g8-pythagorean_002,直角三角形的斜边长为 10，一条直角边长为 6，另一条直角边长是多少？,8,multiple_choice,A:4|B:16|C:9|D:10|E:8,3,geo_pythagorean;geo_triangles,pythagorean_theorem;square_root_fluency,right_triangle_leg_to_hypotenuse;formula_application,add_lengths_error;leg_hypotenuse_confusion,由勾股定理，另一条直角边为 √(10^2-6^2)=8。,CN Junior High Math,直角三角形,cn-junior-g8-pythagorean,八年级：直角三角形与勾股定理,24661,jianzisheng_cn_junior_chapter_expansion_v1,local-ocr-derived: jianzisheng_cn_junior_grade8_pilot_v0; chapter=cn-junior-g8-pythagorean; expansion=v1,Standard,Bridge,cn_pythagorean_missing_leg,formula_selection;geometric_reasoning,110,Chapter-level expansion from existing cleaned Jian Zi Sheng junior OCR coverage signals. Project-native original-equivalent variants; no direct textbook exercise text is reproduced.,zh,CN,CN,中文校内,初中,production
jianzisheng_cn_junior_chapter_expansion_v1_cn-junior-g8-pythagorean_003,直角三角形的斜边长为 13，一条直角边长为 5，另一条直角边长是多少？,12,multiple_choice,A:18|B:13|C:17|D:12|E:8,3,geo_pythagorean;geo_triangles,pythagorean_theorem;square_root_fluency,right_triangle_leg_to_hypotenuse;formula_application,add_lengths_error;leg_hypotenuse_confusion,由勾股定理，另一条直角边为 √(13^2-5^2)=12。,CN Junior High Math,直角三角形,cn-junior-g8-pythagorean,八年级：直角三角形与勾股定理,24662,jianzisheng_cn_junior_chapter_expansion_v1,local-ocr-derived: jianzisheng_cn_junior_grade8_pilot_v0; chapter=cn-junior-g8-pythagorean; expansion=v1,Standard,Bridge,cn_pythagorean_missing_leg,formula_selection;geometric_reasoning,110,Chapter-level expansion from existing cleaned Jian Zi Sheng junior OCR coverage signals. Project-native original-equivalent variants; no direct textbook exercise text is reproduced.,zh,CN,CN,中文校内,初中,production
jianzisheng_cn_junior_chapter_expansion_v1_cn-junior-g8-pythagorean_004,直角三角形的斜边长为 15，一条直角边长为 9，另一条直角边长是多少？,12,multiple_choice,A:13|B:15|C:12|D:6|E:24,3,geo_pythagorean;geo_triangles,pythagorean_theorem;square_root_fluency,right_triangle_leg_to_hypotenuse;formula_application,add_lengths_error;leg_hypotenuse_confusion,由勾股定理，另一条直角边为 √(15^2-9^2)=12。,CN Junior High Math,直角三角形,cn-junior-g8-pythagorean,八年级：直角三角形与勾股定理,24663,jianzisheng_cn_junior_chapter_expansion_v1,local-ocr-derived: jianzisheng_cn_junior_grade8_pilot_v0; chapter=cn-junior-g8-pythagorean; expansion=v1,Standard,Bridge,cn_pythagorean_missing_leg,formula_selection;geometric_reasoning,110,Chapter-level expansion from existing cleaned Jian Zi Sheng junior OCR coverage signals. Project-native original-equivalent variants; no direct textbook exercise text is reproduced.,zh,CN,CN,中文校内,初中,production
jianzisheng_cn_junior_chapter_expansion_v1_cn-junior-g8-pythagorean_005,直角三角形的斜边长为 17，一条直角边长为 8，另一条直角边长是多少？,15,multiple_choice,A:17|B:15|C:9|D:25|E:16,3,geo_pythagorean;geo_triangles,pythagorean_theorem;square_root_fluency,right_triangle_leg_to_hypotenuse;formula_application,add_lengths_error;leg_hypotenuse_confusion,由勾股定理，另一条直角边为 √(17^2-8^2)=15。,CN Junior High Math,直角三角形,cn-junior-g8-pythagorean,八年级：直角三角形与勾股定理,24664,jianzisheng_cn_junior_chapter_expansion_v1,local-ocr-derived: jianzisheng_cn_junior_grade8_pilot_v0; chapter=cn-junior-g8-pythagorean; expansion=v1,Standard,Bridge,cn_pythagorean_missing_leg,formula_selection;geometric_reasoning,110,Chapter-level expansion from existing cleaned Jian Zi Sheng junior OCR coverage signals. Project-native original-equivalent variants; no direct textbook exercise text is reproduced.,zh,CN,CN,中文校内,初中,production
jianzisheng_cn_junior_chapter_expansion_v1_cn-junior-g8-pythagorean_006,直角三角形的斜边长为 25，一条直角边长为 7，另一条直角边长是多少？,24,multiple_choice,A:24|B:18|C:32|D:25|E:29,3,geo_pythagorean;geo_triangles,pythagorean_theorem;square_root_fluency,right_triangle_leg_to_hypotenuse;formula_application,add_lengths_error;leg_hypotenuse_confusion,由勾股定理，另一条直角边为 √(25^2-7^2)=24。,CN Junior High Math,直角三角形,cn-junior-g8-pythagorean,八年级：直角三角形与勾股定理,24665,jianzisheng_cn_junior_chapter_expansion_v1,local-ocr-derived: jianzisheng_cn_junior_grade8_pilot_v0; chapter=cn-junior-g8-pythagorean; expansion=v1,Standard,Bridge,cn_pythagorean_missing_leg,formula_selection;geometric_reasoning,110,Chapter-level expansion from existing cleaned Jian Zi Sheng junior OCR coverage signals. Project-native original-equivalent variants; no direct textbook exercise text is reproduced.,zh,CN,CN,中文校内,初中,production
jianzisheng_cn_junior_chapter_expansion_v1_cn-junior-g8-pythagorean_007,直角三角形的斜边长为 26，一条直角边长为 10，另一条直角边长是多少？,24,multiple_choice,A:16|B:36|C:25|D:26|E:24,3,geo_pythagorean;geo_triangles,pythagorean_theorem;square_root_fluency,right_triangle_leg_to_hypotenuse;formula_application,add_lengths_error;leg_hypotenuse_confusion,由勾股定理，另一条直角边为 √(26^2-10^2)=24。,CN Junior High Math,直角三角形,cn-junior-g8-pythagorean,八年级：直角三角形与勾股定理,24666,jianzisheng_cn_junior_chapter_expansion_v1,local-ocr-derived: jianzisheng_cn_junior_grade8_pilot_v0; chapter=cn-junior-g8-pythagorean; expansion=v1,Standard,Bridge,cn_pythagorean_missing_leg,formula_selection;geometric_reasoning,110,Chapter-level expansion from existing cleaned Jian Zi Sheng junior OCR coverage signals. Project-native original-equivalent variants; no direct textbook exercise text is reproduced.,zh,CN,CN,中文校内,初中,production
jianzisheng_cn_junior_chapter_expansion_v1_cn-junior-g8-pythagorean_008,直角三角形的斜边长为 10，一条直角边长为 6，另一条直角边长是多少？,8,multiple_choice,A:16|B:9|C:10|D:8|E:4,3,geo_pythagorean;geo_triangles,pythagorean_theorem;square_root_fluency,right_triangle_leg_to_hypotenuse;formula_application,add_lengths_error;leg_hypotenuse_confusion,由勾股定理，另一条直角边为 √(10^2-6^2)=8。,CN Junior High Math,直角三角形,cn-junior-g8-pythagorean,八年级：直角三角形与勾股定理,24667,jianzisheng_cn_junior_chapter_expansion_v1,local-ocr-derived: jianzisheng_cn_junior_grade8_pilot_v0; chapter=cn-junior-g8-pythagorean; expansion=v1,Standard,Bridge,cn_pythagorean_missing_leg,formula_selection;geometric_reasoning,110,Chapter-level expansion from existing cleaned Jian Zi Sheng junior OCR coverage signals. Project-native original-equivalent variants; no direct textbook exercise text is reproduced.,zh,CN,CN,中文校内,初中,production
jianzisheng_cn_junior_chapter_expansion_v1_cn-junior-g8-pythagorean_009,直角三角形的斜边长为 13，一条直角边长为 5，另一条直角边长是多少？,12,multiple_choice,A:13|B:17|C:12|D:8|E:18,3,geo_pythagorean;geo_triangles,pythagorean_theorem;square_root_fluency,right_triangle_leg_to_hypotenuse;formula_application,add_lengths_error;leg_hypotenuse_confusion,由勾股定理，另一条直角边为 √(13^2-5^2)=12。,CN Junior High Math,直角三角形,cn-junior-g8-pythagorean,八年级：直角三角形与勾股定理,24668,jianzisheng_cn_junior_chapter_expansion_v1,local-ocr-derived: jianzisheng_cn_junior_grade8_pilot_v0; chapter=cn-junior-g8-pythagorean; expansion=v1,Standard,Bridge,cn_pythagorean_missing_leg,formula_selection;geometric_reasoning,110,Chapter-level expansion from existing cleaned Jian Zi Sheng junior OCR coverage signals. Project-native original-equivalent variants; no direct textbook exercise text is reproduced.,zh,CN,CN,中文校内,初中,production
jianzisheng_cn_junior_chapter_expansion_v1_cn-junior-g8-pythagorean_010,直角三角形的斜边长为 15，一条直角边长为 9，另一条直角边长是多少？,12,multiple_choice,A:15|B:12|C:6|D:24|E:13,3,geo_pythagorean;geo_triangles,pythagorean_theorem;square_root_fluency,right_triangle_leg_to_hypotenuse;formula_application,add_lengths_error;leg_hypotenuse_confusion,由勾股定理，另一条直角边为 √(15^2-9^2)=12。,CN Junior High Math,直角三角形,cn-junior-g8-pythagorean,八年级：直角三角形与勾股定理,24669,jianzisheng_cn_junior_chapter_expansion_v1,local-ocr-derived: jianzisheng_cn_junior_grade8_pilot_v0; chapter=cn-junior-g8-pythagorean; expansion=v1,Standard,Bridge,cn_pythagorean_missing_leg,formula_selection;geometric_reasoning,110,Chapter-level expansion from existing cleaned Jian Zi Sheng junior OCR coverage signals. Project-native original-equivalent variants; no direct textbook exercise text is reproduced.,zh,CN,CN,中文校内,初中,production
jianzisheng_cn_junior_chapter_expansion_v1_cn-junior-g8-pythagorean_011,直角三角形的斜边长为 17，一条直角边长为 8，另一条直角边长是多少？,15,multiple_choice,A:15|B:9|C:25|D:16|E:17,3,geo_pythagorean;geo_triangles,pythagorean_theorem;square_root_fluency,right_triangle_leg_to_hypotenuse;formula_application,add_lengths_error;leg_hypotenuse_confusion,由勾股定理，另一条直角边为 √(17^2-8^2)=15。,CN Junior High Math,直角三角形,cn-junior-g8-pythagorean,八年级：直角三角形与勾股定理,24670,jianzisheng_cn_junior_chapter_expansion_v1,local-ocr-derived: jianzisheng_cn_junior_grade8_pilot_v0; chapter=cn-junior-g8-pythagorean; expansion=v1,Standard,Bridge,cn_pythagorean_missing_leg,formula_selection;geometric_reasoning,110,Chapter-level expansion from existing cleaned Jian Zi Sheng junior OCR coverage signals. Project-native original-equivalent variants; no direct textbook exercise text is reproduced.,zh,CN,CN,中文校内,初中,production
jianzisheng_cn_junior_chapter_expansion_v1_cn-junior-g8-pythagorean_012,直角三角形的斜边长为 25，一条直角边长为 7，另一条直角边长是多少？,24,multiple_choice,A:18|B:32|C:25|D:29|E:24,3,geo_pythagorean;geo_triangles,pythagorean_theorem;square_root_fluency,right_triangle_leg_to_hypotenuse;formula_application,add_lengths_error;leg_hypotenuse_confusion,由勾股定理，另一条直角边为 √(25^2-7^2)=24。,CN Junior High Math,直角三角形,cn-junior-g8-pythagorean,八年级：直角三角形与勾股定理,24671,jianzisheng_cn_junior_chapter_expansion_v1,local-ocr-derived: jianzisheng_cn_junior_grade8_pilot_v0; chapter=cn-junior-g8-pythagorean; expansion=v1,Standard,Bridge,cn_pythagorean_missing_leg,formula_selection;geometric_reasoning,110,Chapter-level expansion from existing cleaned Jian Zi Sheng junior OCR coverage signals. Project-native original-equivalent variants; no direct textbook exercise text is reproduced.,zh,CN,CN,中文校内,初中,production
jianzisheng_cn_junior_chapter_expansion_v1_cn-junior-g8-pythagorean_013,直角三角形的斜边长为 26，一条直角边长为 10，另一条直角边长是多少？,24,multiple_choice,A:36|B:25|C:26|D:24|E:16,3,geo_pythagorean;geo_triangles,pythagorean_theorem;square_root_fluency,right_triangle_leg_to_hypotenuse;formula_application,add_lengths_error;leg_hypotenuse_confusion,由勾股定理，另一条直角边为 √(26^2-10^2)=24。,CN Junior High Math,直角三角形,cn-junior-g8-pythagorean,八年级：直角三角形与勾股定理,24672,jianzisheng_cn_junior_chapter_expansion_v1,local-ocr-derived: jianzisheng_cn_junior_grade8_pilot_v0; chapter=cn-junior-g8-pythagorean; expansion=v1,Standard,Bridge,cn_pythagorean_missing_leg,formula_selection;geometric_reasoning,110,Chapter-level expansion from existing cleaned Jian Zi Sheng junior OCR coverage signals. Project-native original-equivalent variants; no direct textbook exercise text is reproduced.,zh,CN,CN,中文校内,初中,production
jianzisheng_cn_junior_chapter_expansion_v1_cn-junior-g8-pythagorean_014,直角三角形的斜边长为 10，一条直角边长为 6，另一条直角边长是多少？,8,multiple_choice,A:9|B:10|C:8|D:4|E:16,3,geo_pythagorean;geo_triangles,pythagorean_theorem;square_root_fluency,right_triangle_leg_to_hypotenuse;formula_application,add_lengths_error;leg_hypotenuse_confusion,由勾股定理，另一条直角边为 √(10^2-6^2)=8。,CN Junior High Math,直角三角形,cn-junior-g8-pythagorean,八年级：直角三角形与勾股定理,24673,jianzisheng_cn_junior_chapter_expansion_v1,local-ocr-derived: jianzisheng_cn_junior_grade8_pilot_v0; chapter=cn-junior-g8-pythagorean; expansion=v1,Standard,Bridge,cn_pythagorean_missing_leg,formula_selection;geometric_reasoning,110,Chapter-level expansion from existing cleaned Jian Zi Sheng junior OCR coverage signals. Project-native original-equivalent variants; no direct textbook exercise text is reproduced.,zh,CN,CN,中文校内,初中,production
jianzisheng_cn_junior_chapter_expansion_v1_cn-junior-g8-pythagorean_015,直角三角形的斜边长为 13，一条直角边长为 5，另一条直角边长是多少？,12,multiple_choice,A:17|B:12|C:8|D:18|E:13,3,geo_pythagorean;geo_triangles,pythagorean_theorem;square_root_fluency,right_triangle_leg_to_hypotenuse;formula_application,add_lengths_error;leg_hypotenuse_confusion,由勾股定理，另一条直角边为 √(13^2-5^2)=12。,CN Junior High Math,直角三角形,cn-junior-g8-pythagorean,八年级：直角三角形与勾股定理,24674,jianzisheng_cn_junior_chapter_expansion_v1,local-ocr-derived: jianzisheng_cn_junior_grade8_pilot_v0; chapter=cn-junior-g8-pythagorean; expansion=v1,Standard,Bridge,cn_pythagorean_missing_leg,formula_selection;geometric_reasoning,110,Chapter-level expansion from existing cleaned Jian Zi Sheng junior OCR coverage signals. Project-native original-equivalent variants; no direct textbook exercise text is reproduced.,zh,CN,CN,中文校内,初中,production
jianzisheng_cn_junior_chapter_expansion_v1_cn-junior-g8-pythagorean_016,直角三角形的斜边长为 15，一条直角边长为 9，另一条直角边长是多少？,12,multiple_choice,A:12|B:6|C:24|D:13|E:15,3,geo_pythagorean;geo_triangles,pythagorean_theorem;square_root_fluency,right_triangle_leg_to_hypotenuse;formula_application,add_lengths_error;leg_hypotenuse_confusion,由勾股定理，另一条直角边为 √(15^2-9^2)=12。,CN Junior High Math,直角三角形,cn-junior-g8-pythagorean,八年级：直角三角形与勾股定理,24675,jianzisheng_cn_junior_chapter_expansion_v1,local-ocr-derived: jianzisheng_cn_junior_grade8_pilot_v0; chapter=cn-junior-g8-pythagorean; expansion=v1,Standard,Bridge,cn_pythagorean_missing_leg,formula_selection;geometric_reasoning,110,Chapter-level expansion from existing cleaned Jian Zi Sheng junior OCR coverage signals. Project-native original-equivalent variants; no direct textbook exercise text is reproduced.,zh,CN,CN,中文校内,初中,production
jianzisheng_cn_junior_chapter_expansion_v1_cn-junior-g8-coordinate-geometry_001,"点 A(-1,6) 平移向量 (2,-1) 后，得到点 A'。A' 的坐标是多少？","(1,5)",multiple_choice,"A:(1,5)|B:(-3,5)|C:(1,7)|D:(-2,8)|E:(2,-1)",3,geo_coordinate_geometry;alg_graphing,coordinate_translation;signed_number_operations,coordinate_change;horizontal_vertical_shift,coordinate_order_error;sign_direction_error,"横坐标加 2，纵坐标加 -1，所以 A'=(1,5)。",CN Junior High Math,平面直角坐标系,cn-junior-g8-coordinate-geometry,八年级：坐标与平移,24680,jianzisheng_cn_junior_chapter_expansion_v1,local-ocr-derived: jianzisheng_cn_junior_grade8_pilot_v0; chapter=cn-junior-g8-coordinate-geometry; expansion=v1,Standard,Algebra Readiness,cn_coordinate_translation,spatial_reasoning;signed_number_fluency,110,Chapter-level expansion from existing cleaned Jian Zi Sheng junior OCR coverage signals. Project-native original-equivalent variants; no direct textbook exercise text is reproduced.,zh,CN,CN,中文校内,初中,production
jianzisheng_cn_junior_chapter_expansion_v1_cn-junior-g8-coordinate-geometry_002,"点 A(0,-3) 平移向量 (3,2) 后，得到点 A'。A' 的坐标是多少？","(3,-1)",multiple_choice,"A:(-3,-1)|B:(3,-5)|C:(2,0)|D:(3,2)|E:(3,-1)",3,geo_coordinate_geometry;alg_graphing,coordinate_translation;signed_number_operations,coordinate_change;horizontal_vertical_shift,coordinate_order_error;sign_direction_error,"横坐标加 3，纵坐标加 2，所以 A'=(3,-1)。",CN Junior High Math,平面直角坐标系,cn-junior-g8-coordinate-geometry,八年级：坐标与平移,24681,jianzisheng_cn_junior_chapter_expansion_v1,local-ocr-derived: jianzisheng_cn_junior_grade8_pilot_v0; chapter=cn-junior-g8-coordinate-geometry; expansion=v1,Standard,Algebra Readiness,cn_coordinate_translation,spatial_reasoning;signed_number_fluency,110,Chapter-level expansion from existing cleaned Jian Zi Sheng junior OCR coverage signals. Project-native original-equivalent variants; no direct textbook exercise text is reproduced.,zh,CN,CN,中文校内,初中,production
jianzisheng_cn_junior_chapter_expansion_v1_cn-junior-g8-coordinate-geometry_003,"点 A(1,-1) 平移向量 (-3,-2) 后，得到点 A'。A' 的坐标是多少？","(-2,-3)",multiple_choice,"A:(-2,1)|B:(-1,-4)|C:(-3,-2)|D:(-2,-3)|E:(4,-3)",3,geo_coordinate_geometry;alg_graphing,coordinate_translation;signed_number_operations,coordinate_change;horizontal_vertical_shift,coordinate_order_error;sign_direction_error,"横坐标加 -3，纵坐标加 -2，所以 A'=(-2,-3)。",CN Junior High Math,平面直角坐标系,cn-junior-g8-coordinate-geometry,八年级：坐标与平移,24682,jianzisheng_cn_junior_chapter_expansion_v1,local-ocr-derived: jianzisheng_cn_junior_grade8_pilot_v0; chapter=cn-junior-g8-coordinate-geometry; expansion=v1,Standard,Algebra Readiness,cn_coordinate_translation,spatial_reasoning;signed_number_fluency,110,Chapter-level expansion from existing cleaned Jian Zi Sheng junior OCR coverage signals. Project-native original-equivalent variants; no direct textbook exercise text is reproduced.,zh,CN,CN,中文校内,初中,production
jianzisheng_cn_junior_chapter_expansion_v1_cn-junior-g8-coordinate-geometry_004,"点 A(2,1) 平移向量 (-2,1) 后，得到点 A'。A' 的坐标是多少？","(0,2)",multiple_choice,"A:(3,-1)|B:(-2,1)|C:(0,2)|D:(4,2)|E:(0,0)",3,geo_coordinate_geometry;alg_graphing,coordinate_translation;signed_number_operations,coordinate_change;horizontal_vertical_shift,coordinate_order_error;sign_direction_error,"横坐标加 -2，纵坐标加 1，所以 A'=(0,2)。",CN Junior High Math,平面直角坐标系,cn-junior-g8-coordinate-geometry,八年级：坐标与平移,24683,jianzisheng_cn_junior_chapter_expansion_v1,local-ocr-derived: jianzisheng_cn_junior_grade8_pilot_v0; chapter=cn-junior-g8-coordinate-geometry; expansion=v1,Standard,Algebra Readiness,cn_coordinate_translation,spatial_reasoning;signed_number_fluency,110,Chapter-level expansion from existing cleaned Jian Zi Sheng junior OCR coverage signals. Project-native original-equivalent variants; no direct textbook exercise text is reproduced.,zh,CN,CN,中文校内,初中,production
jianzisheng_cn_junior_chapter_expansion_v1_cn-junior-g8-coordinate-geometry_005,"点 A(3,3) 平移向量 (-1,4) 后，得到点 A'。A' 的坐标是多少？","(2,7)",multiple_choice,"A:(-1,4)|B:(2,7)|C:(4,7)|D:(2,-1)|E:(7,2)",3,geo_coordinate_geometry;alg_graphing,coordinate_translation;signed_number_operations,coordinate_change;horizontal_vertical_shift,coordinate_order_error;sign_direction_error,"横坐标加 -1，纵坐标加 4，所以 A'=(2,7)。",CN Junior High Math,平面直角坐标系,cn-junior-g8-coordinate-geometry,八年级：坐标与平移,24684,jianzisheng_cn_junior_chapter_expansion_v1,local-ocr-derived: jianzisheng_cn_junior_grade8_pilot_v0; chapter=cn-junior-g8-coordinate-geometry; expansion=v1,Standard,Algebra Readiness,cn_coordinate_translation,spatial_reasoning;signed_number_fluency,110,Chapter-level expansion from existing cleaned Jian Zi Sheng junior OCR coverage signals. Project-native original-equivalent variants; no direct textbook exercise text is reproduced.,zh,CN,CN,中文校内,初中,production
jianzisheng_cn_junior_chapter_expansion_v1_cn-junior-g8-coordinate-geometry_006,"点 A(4,5) 平移向量 (0,0) 后，得到点 A'。A' 的坐标是多少？","(4,5)",multiple_choice,"A:(4,5)|B:(0,0)|C:(4,5)+3|D:(4,5)+4|E:(4,5)+5",3,geo_coordinate_geometry;alg_graphing,coordinate_translation;signed_number_operations,coordinate_change;horizontal_vertical_shift,coordinate_order_error;sign_direction_error,"横坐标加 0，纵坐标加 0，所以 A'=(4,5)。",CN Junior High Math,平面直角坐标系,cn-junior-g8-coordinate-geometry,八年级：坐标与平移,24685,jianzisheng_cn_junior_chapter_expansion_v1,local-ocr-derived: jianzisheng_cn_junior_grade8_pilot_v0; chapter=cn-junior-g8-coordinate-geometry; expansion=v1,Standard,Algebra Readiness,cn_coordinate_translation,spatial_reasoning;signed_number_fluency,110,Chapter-level expansion from existing cleaned Jian Zi Sheng junior OCR coverage signals. Project-native original-equivalent variants; no direct textbook exercise text is reproduced.,zh,CN,CN,中文校内,初中,production
jianzisheng_cn_junior_chapter_expansion_v1_cn-junior-g8-coordinate-geometry_007,"点 A(5,-4) 平移向量 (1,3) 后，得到点 A'。A' 的坐标是多少？","(6,-1)",multiple_choice,"A:(4,-1)|B:(6,-7)|C:(8,-3)|D:(1,3)|E:(6,-1)",3,geo_coordinate_geometry;alg_graphing,coordinate_translation;signed_number_operations,coordinate_change;horizontal_vertical_shift,coordinate_order_error;sign_direction_error,"横坐标加 1，纵坐标加 3，所以 A'=(6,-1)。",CN Junior High Math,平面直角坐标系,cn-junior-g8-coordinate-geometry,八年级：坐标与平移,24686,jianzisheng_cn_junior_chapter_expansion_v1,local-ocr-derived: jianzisheng_cn_junior_grade8_pilot_v0; chapter=cn-junior-g8-coordinate-geometry; expansion=v1,Standard,Algebra Readiness,cn_coordinate_translation,spatial_reasoning;signed_number_fluency,110,Chapter-level expansion from existing cleaned Jian Zi Sheng junior OCR coverage signals. Project-native original-equivalent variants; no direct textbook exercise text is reproduced.,zh,CN,CN,中文校内,初中,production
jianzisheng_cn_junior_chapter_expansion_v1_cn-junior-g8-coordinate-geometry_008,"点 A(6,-2) 平移向量 (2,-1) 后，得到点 A'。A' 的坐标是多少？","(8,-3)",multiple_choice,"A:(8,-1)|B:(5,0)|C:(2,-1)|D:(8,-3)|E:(4,-3)",3,geo_coordinate_geometry;alg_graphing,coordinate_translation;signed_number_operations,coordinate_change;horizontal_vertical_shift,coordinate_order_error;sign_direction_error,"横坐标加 2，纵坐标加 -1，所以 A'=(8,-3)。",CN Junior High Math,平面直角坐标系,cn-junior-g8-coordinate-geometry,八年级：坐标与平移,24687,jianzisheng_cn_junior_chapter_expansion_v1,local-ocr-derived: jianzisheng_cn_junior_grade8_pilot_v0; chapter=cn-junior-g8-coordinate-geometry; expansion=v1,Standard,Algebra Readiness,cn_coordinate_translation,spatial_reasoning;signed_number_fluency,110,Chapter-level expansion from existing cleaned Jian Zi Sheng junior OCR coverage signals. Project-native original-equivalent variants; no direct textbook exercise text is reproduced.,zh,CN,CN,中文校内,初中,production
jianzisheng_cn_junior_chapter_expansion_v1_cn-junior-g8-coordinate-geometry_009,"点 A(-6,0) 平移向量 (3,2) 后，得到点 A'。A' 的坐标是多少？","(-3,2)",multiple_choice,"A:(-4,3)|B:(3,2)|C:(-3,2)|D:(-9,2)|E:(-3,-2)",3,geo_coordinate_geometry;alg_graphing,coordinate_translation;signed_number_operations,coordinate_change;horizontal_vertical_shift,coordinate_order_error;sign_direction_error,"横坐标加 3，纵坐标加 2，所以 A'=(-3,2)。",CN Junior High Math,平面直角坐标系,cn-junior-g8-coordinate-geometry,八年级：坐标与平移,24688,jianzisheng_cn_junior_chapter_expansion_v1,local-ocr-derived: jianzisheng_cn_junior_grade8_pilot_v0; chapter=cn-junior-g8-coordinate-geometry; expansion=v1,Standard,Algebra Readiness,cn_coordinate_translation,spatial_reasoning;signed_number_fluency,110,Chapter-level expansion from existing cleaned Jian Zi Sheng junior OCR coverage signals. Project-native original-equivalent variants; no direct textbook exercise text is reproduced.,zh,CN,CN,中文校内,初中,production
jianzisheng_cn_junior_chapter_expansion_v1_cn-junior-g8-coordinate-geometry_010,"点 A(-5,2) 平移向量 (-3,-2) 后，得到点 A'。A' 的坐标是多少？","(-8,0)",multiple_choice,"A:(-3,-2)|B:(-8,0)|C:(-2,0)|D:(-8,4)|E:(-7,-1)",3,geo_coordinate_geometry;alg_graphing,coordinate_translation;signed_number_operations,coordinate_change;horizontal_vertical_shift,coordinate_order_error;sign_direction_error,"横坐标加 -3，纵坐标加 -2，所以 A'=(-8,0)。",CN Junior High Math,平面直角坐标系,cn-junior-g8-coordinate-geometry,八年级：坐标与平移,24689,jianzisheng_cn_junior_chapter_expansion_v1,local-ocr-derived: jianzisheng_cn_junior_grade8_pilot_v0; chapter=cn-junior-g8-coordinate-geometry; expansion=v1,Standard,Algebra Readiness,cn_coordinate_translation,spatial_reasoning;signed_number_fluency,110,Chapter-level expansion from existing cleaned Jian Zi Sheng junior OCR coverage signals. Project-native original-equivalent variants; no direct textbook exercise text is reproduced.,zh,CN,CN,中文校内,初中,production
jianzisheng_cn_junior_chapter_expansion_v1_cn-junior-g8-coordinate-geometry_011,"点 A(-4,4) 平移向量 (-2,1) 后，得到点 A'。A' 的坐标是多少？","(-6,5)",multiple_choice,"A:(-6,5)|B:(-2,5)|C:(-6,3)|D:(-3,2)|E:(-2,1)",3,geo_coordinate_geometry;alg_graphing,coordinate_translation;signed_number_operations,coordinate_change;horizontal_vertical_shift,coordinate_order_error;sign_direction_error,"横坐标加 -2，纵坐标加 1，所以 A'=(-6,5)。",CN Junior High Math,平面直角坐标系,cn-junior-g8-coordinate-geometry,八年级：坐标与平移,24690,jianzisheng_cn_junior_chapter_expansion_v1,local-ocr-derived: jianzisheng_cn_junior_grade8_pilot_v0; chapter=cn-junior-g8-coordinate-geometry; expansion=v1,Standard,Algebra Readiness,cn_coordinate_translation,spatial_reasoning;signed_number_fluency,110,Chapter-level expansion from existing cleaned Jian Zi Sheng junior OCR coverage signals. Project-native original-equivalent variants; no direct textbook exercise text is reproduced.,zh,CN,CN,中文校内,初中,production
jianzisheng_cn_junior_chapter_expansion_v1_cn-junior-g8-coordinate-geometry_012,"点 A(-3,6) 平移向量 (-1,4) 后，得到点 A'。A' 的坐标是多少？","(-4,10)",multiple_choice,"A:(-2,10)|B:(-4,2)|C:(1,5)|D:(-1,4)|E:(-4,10)",3,geo_coordinate_geometry;alg_graphing,coordinate_translation;signed_number_operations,coordinate_change;horizontal_vertical_shift,coordinate_order_error;sign_direction_error,"横坐标加 -1，纵坐标加 4，所以 A'=(-4,10)。",CN Junior High Math,平面直角坐标系,cn-junior-g8-coordinate-geometry,八年级：坐标与平移,24691,jianzisheng_cn_junior_chapter_expansion_v1,local-ocr-derived: jianzisheng_cn_junior_grade8_pilot_v0; chapter=cn-junior-g8-coordinate-geometry; expansion=v1,Standard,Algebra Readiness,cn_coordinate_translation,spatial_reasoning;signed_number_fluency,110,Chapter-level expansion from existing cleaned Jian Zi Sheng junior OCR coverage signals. Project-native original-equivalent variants; no direct textbook exercise text is reproduced.,zh,CN,CN,中文校内,初中,production
jianzisheng_cn_junior_chapter_expansion_v1_cn-junior-g8-coordinate-geometry_013,"点 A(-2,-3) 平移向量 (0,0) 后，得到点 A'。A' 的坐标是多少？","(-2,-3)",multiple_choice,"A:(-2,-3)+3|B:(-2,-3)+4|C:(-2,-3)+5|D:(-2,-3)|E:(0,0)",3,geo_coordinate_geometry;alg_graphing,coordinate_translation;signed_number_operations,coordinate_change;horizontal_vertical_shift,coordinate_order_error;sign_direction_error,"横坐标加 0，纵坐标加 0，所以 A'=(-2,-3)。",CN Junior High Math,平面直角坐标系,cn-junior-g8-coordinate-geometry,八年级：坐标与平移,24692,jianzisheng_cn_junior_chapter_expansion_v1,local-ocr-derived: jianzisheng_cn_junior_grade8_pilot_v0; chapter=cn-junior-g8-coordinate-geometry; expansion=v1,Standard,Algebra Readiness,cn_coordinate_translation,spatial_reasoning;signed_number_fluency,110,Chapter-level expansion from existing cleaned Jian Zi Sheng junior OCR coverage signals. Project-native original-equivalent variants; no direct textbook exercise text is reproduced.,zh,CN,CN,中文校内,初中,production
jianzisheng_cn_junior_chapter_expansion_v1_cn-junior-g8-coordinate-geometry_014,"点 A(-1,-1) 平移向量 (1,3) 后，得到点 A'。A' 的坐标是多少？","(0,2)",multiple_choice,"A:(2,0)|B:(1,3)|C:(0,2)|D:(-2,2)|E:(0,-4)",3,geo_coordinate_geometry;alg_graphing,coordinate_translation;signed_number_operations,coordinate_change;horizontal_vertical_shift,coordinate_order_error;sign_direction_error,"横坐标加 1，纵坐标加 3，所以 A'=(0,2)。",CN Junior High Math,平面直角坐标系,cn-junior-g8-coordinate-geometry,八年级：坐标与平移,24693,jianzisheng_cn_junior_chapter_expansion_v1,local-ocr-derived: jianzisheng_cn_junior_grade8_pilot_v0; chapter=cn-junior-g8-coordinate-geometry; expansion=v1,Standard,Algebra Readiness,cn_coordinate_translation,spatial_reasoning;signed_number_fluency,110,Chapter-level expansion from existing cleaned Jian Zi Sheng junior OCR coverage signals. Project-native original-equivalent variants; no direct textbook exercise text is reproduced.,zh,CN,CN,中文校内,初中,production
jianzisheng_cn_junior_chapter_expansion_v1_cn-junior-g8-coordinate-geometry_015,"点 A(0,1) 平移向量 (2,-1) 后，得到点 A'。A' 的坐标是多少？","(2,0)",multiple_choice,"A:(2,-1)|B:(2,0)|C:(-2,0)|D:(2,2)|E:(-1,3)",3,geo_coordinate_geometry;alg_graphing,coordinate_translation;signed_number_operations,coordinate_change;horizontal_vertical_shift,coordinate_order_error;sign_direction_error,"横坐标加 2，纵坐标加 -1，所以 A'=(2,0)。",CN Junior High Math,平面直角坐标系,cn-junior-g8-coordinate-geometry,八年级：坐标与平移,24694,jianzisheng_cn_junior_chapter_expansion_v1,local-ocr-derived: jianzisheng_cn_junior_grade8_pilot_v0; chapter=cn-junior-g8-coordinate-geometry; expansion=v1,Standard,Algebra Readiness,cn_coordinate_translation,spatial_reasoning;signed_number_fluency,110,Chapter-level expansion from existing cleaned Jian Zi Sheng junior OCR coverage signals. Project-native original-equivalent variants; no direct textbook exercise text is reproduced.,zh,CN,CN,中文校内,初中,production
jianzisheng_cn_junior_chapter_expansion_v1_cn-junior-g8-coordinate-geometry_016,"点 A(1,3) 平移向量 (3,2) 后，得到点 A'。A' 的坐标是多少？","(4,5)",multiple_choice,"A:(4,5)|B:(-2,5)|C:(4,1)|D:(3,6)|E:(3,2)",3,geo_coordinate_geometry;alg_graphing,coordinate_translation;signed_number_operations,coordinate_change;horizontal_vertical_shift,coordinate_order_error;sign_direction_error,"横坐标加 3，纵坐标加 2，所以 A'=(4,5)。",CN Junior High Math,平面直角坐标系,cn-junior-g8-coordinate-geometry,八年级：坐标与平移,24695,jianzisheng_cn_junior_chapter_expansion_v1,local-ocr-derived: jianzisheng_cn_junior_grade8_pilot_v0; chapter=cn-junior-g8-coordinate-geometry; expansion=v1,Standard,Algebra Readiness,cn_coordinate_translation,spatial_reasoning;signed_number_fluency,110,Chapter-level expansion from existing cleaned Jian Zi Sheng junior OCR coverage signals. Project-native original-equivalent variants; no direct textbook exercise text is reproduced.,zh,CN,CN,中文校内,初中,production
jianzisheng_cn_junior_chapter_expansion_v1_cn-junior-g8-linear-functions_001,一次函数 y=5x+3，当 x=0 时，y 的值是多少？,3,multiple_choice,A:3|B:8|C:0|D:7|E:8,3,alg_functions;prealg_substitution,function_evaluation;substitution,input_output_mapping;linear_function_evaluation,operation_order_error;variable_meaning_error,把 x=0 代入，得到 y=5×0+3=3。,CN Junior High Math,一次函数初步,cn-junior-g8-linear-functions,八年级：一次函数初步,24700,jianzisheng_cn_junior_chapter_expansion_v1,local-ocr-derived: jianzisheng_cn_junior_grade8_pilot_v0; chapter=cn-junior-g8-linear-functions; expansion=v1,Standard,Algebra Readiness,cn_linear_function_evaluation,symbol_evaluation;input_output_mapping,110,Chapter-level expansion from existing cleaned Jian Zi Sheng junior OCR coverage signals. Project-native original-equivalent variants; no direct textbook exercise text is reproduced.,zh,CN,CN,中文校内,初中,production
jianzisheng_cn_junior_chapter_expansion_v1_cn-junior-g8-linear-functions_002,一次函数 y=-3x+5，当 x=1 时，y 的值是多少？,2,multiple_choice,A:3|B:-3|C:-1|D:7|E:2,3,alg_functions;prealg_substitution,function_evaluation;substitution,input_output_mapping;linear_function_evaluation,operation_order_error;variable_meaning_error,把 x=1 代入，得到 y=-3×1+5=2。,CN Junior High Math,一次函数初步,cn-junior-g8-linear-functions,八年级：一次函数初步,24701,jianzisheng_cn_junior_chapter_expansion_v1,local-ocr-derived: jianzisheng_cn_junior_grade8_pilot_v0; chapter=cn-junior-g8-linear-functions; expansion=v1,Standard,Algebra Readiness,cn_linear_function_evaluation,symbol_evaluation;input_output_mapping,110,Chapter-level expansion from existing cleaned Jian Zi Sheng junior OCR coverage signals. Project-native original-equivalent variants; no direct textbook exercise text is reproduced.,zh,CN,CN,中文校内,初中,production
jianzisheng_cn_junior_chapter_expansion_v1_cn-junior-g8-linear-functions_003,一次函数 y=-2x-6，当 x=2 时，y 的值是多少？,-10,multiple_choice,A:-4|B:-12|C:-5|D:-10|E:-6,3,alg_functions;prealg_substitution,function_evaluation;substitution,input_output_mapping;linear_function_evaluation,operation_order_error;variable_meaning_error,把 x=2 代入，得到 y=-2×2-6=-10。,CN Junior High Math,一次函数初步,cn-junior-g8-linear-functions,八年级：一次函数初步,24702,jianzisheng_cn_junior_chapter_expansion_v1,local-ocr-derived: jianzisheng_cn_junior_grade8_pilot_v0; chapter=cn-junior-g8-linear-functions; expansion=v1,Standard,Algebra Readiness,cn_linear_function_evaluation,symbol_evaluation;input_output_mapping,110,Chapter-level expansion from existing cleaned Jian Zi Sheng junior OCR coverage signals. Project-native original-equivalent variants; no direct textbook exercise text is reproduced.,zh,CN,CN,中文校内,初中,production
jianzisheng_cn_junior_chapter_expansion_v1_cn-junior-g8-linear-functions_004,一次函数 y=2x-4，当 x=3 时，y 的值是多少？,2,multiple_choice,A:4|B:7|C:2|D:1|E:6,3,alg_functions;prealg_substitution,function_evaluation;substitution,input_output_mapping;linear_function_evaluation,operation_order_error;variable_meaning_error,把 x=3 代入，得到 y=2×3-4=2。,CN Junior High Math,一次函数初步,cn-junior-g8-linear-functions,八年级：一次函数初步,24703,jianzisheng_cn_junior_chapter_expansion_v1,local-ocr-derived: jianzisheng_cn_junior_grade8_pilot_v0; chapter=cn-junior-g8-linear-functions; expansion=v1,Standard,Algebra Readiness,cn_linear_function_evaluation,symbol_evaluation;input_output_mapping,110,Chapter-level expansion from existing cleaned Jian Zi Sheng junior OCR coverage signals. Project-native original-equivalent variants; no direct textbook exercise text is reproduced.,zh,CN,CN,中文校内,初中,production
jianzisheng_cn_junior_chapter_expansion_v1_cn-junior-g8-linear-functions_005,一次函数 y=3x-2，当 x=4 时，y 的值是多少？,10,multiple_choice,A:15|B:10|C:5|D:12|E:13,3,alg_functions;prealg_substitution,function_evaluation;substitution,input_output_mapping;linear_function_evaluation,operation_order_error;variable_meaning_error,把 x=4 代入，得到 y=3×4-2=10。,CN Junior High Math,一次函数初步,cn-junior-g8-linear-functions,八年级：一次函数初步,24704,jianzisheng_cn_junior_chapter_expansion_v1,local-ocr-derived: jianzisheng_cn_junior_grade8_pilot_v0; chapter=cn-junior-g8-linear-functions; expansion=v1,Standard,Algebra Readiness,cn_linear_function_evaluation,symbol_evaluation;input_output_mapping,110,Chapter-level expansion from existing cleaned Jian Zi Sheng junior OCR coverage signals. Project-native original-equivalent variants; no direct textbook exercise text is reproduced.,zh,CN,CN,中文校内,初中,production
jianzisheng_cn_junior_chapter_expansion_v1_cn-junior-g8-linear-functions_006,一次函数 y=4x+0，当 x=5 时，y 的值是多少？,20,multiple_choice,A:20|B:9|C:24|D:24|E:25,3,alg_functions;prealg_substitution,function_evaluation;substitution,input_output_mapping;linear_function_evaluation,operation_order_error;variable_meaning_error,把 x=5 代入，得到 y=4×5+0=20。,CN Junior High Math,一次函数初步,cn-junior-g8-linear-functions,八年级：一次函数初步,24705,jianzisheng_cn_junior_chapter_expansion_v1,local-ocr-derived: jianzisheng_cn_junior_grade8_pilot_v0; chapter=cn-junior-g8-linear-functions; expansion=v1,Standard,Algebra Readiness,cn_linear_function_evaluation,symbol_evaluation;input_output_mapping,110,Chapter-level expansion from existing cleaned Jian Zi Sheng junior OCR coverage signals. Project-native original-equivalent variants; no direct textbook exercise text is reproduced.,zh,CN,CN,中文校内,初中,production
jianzisheng_cn_junior_chapter_expansion_v1_cn-junior-g8-linear-functions_007,一次函数 y=5x+2，当 x=6 时，y 的值是多少？,32,multiple_choice,A:13|B:30|C:37|D:37|E:32,3,alg_functions;prealg_substitution,function_evaluation;substitution,input_output_mapping;linear_function_evaluation,operation_order_error;variable_meaning_error,把 x=6 代入，得到 y=5×6+2=32。,CN Junior High Math,一次函数初步,cn-junior-g8-linear-functions,八年级：一次函数初步,24706,jianzisheng_cn_junior_chapter_expansion_v1,local-ocr-derived: jianzisheng_cn_junior_grade8_pilot_v0; chapter=cn-junior-g8-linear-functions; expansion=v1,Standard,Algebra Readiness,cn_linear_function_evaluation,symbol_evaluation;input_output_mapping,110,Chapter-level expansion from existing cleaned Jian Zi Sheng junior OCR coverage signals. Project-native original-equivalent variants; no direct textbook exercise text is reproduced.,zh,CN,CN,中文校内,初中,production
jianzisheng_cn_junior_chapter_expansion_v1_cn-junior-g8-linear-functions_008,一次函数 y=-3x+4，当 x=-2 时，y 的值是多少？,10,multiple_choice,A:6|B:7|C:15|D:10|E:-1,3,alg_functions;prealg_substitution,function_evaluation;substitution,input_output_mapping;linear_function_evaluation,operation_order_error;variable_meaning_error,把 x=-2 代入，得到 y=-3×-2+4=10。,CN Junior High Math,一次函数初步,cn-junior-g8-linear-functions,八年级：一次函数初步,24707,jianzisheng_cn_junior_chapter_expansion_v1,local-ocr-derived: jianzisheng_cn_junior_grade8_pilot_v0; chapter=cn-junior-g8-linear-functions; expansion=v1,Standard,Algebra Readiness,cn_linear_function_evaluation,symbol_evaluation;input_output_mapping,110,Chapter-level expansion from existing cleaned Jian Zi Sheng junior OCR coverage signals. Project-native original-equivalent variants; no direct textbook exercise text is reproduced.,zh,CN,CN,中文校内,初中,production
jianzisheng_cn_junior_chapter_expansion_v1_cn-junior-g8-linear-functions_009,一次函数 y=-2x+6，当 x=-1 时，y 的值是多少？,8,multiple_choice,A:6|B:13|C:8|D:3|E:2,3,alg_functions;prealg_substitution,function_evaluation;substitution,input_output_mapping;linear_function_evaluation,operation_order_error;variable_meaning_error,把 x=-1 代入，得到 y=-2×-1+6=8。,CN Junior High Math,一次函数初步,cn-junior-g8-linear-functions,八年级：一次函数初步,24708,jianzisheng_cn_junior_chapter_expansion_v1,local-ocr-derived: jianzisheng_cn_junior_grade8_pilot_v0; chapter=cn-junior-g8-linear-functions; expansion=v1,Standard,Algebra Readiness,cn_linear_function_evaluation,symbol_evaluation;input_output_mapping,110,Chapter-level expansion from existing cleaned Jian Zi Sheng junior OCR coverage signals. Project-native original-equivalent variants; no direct textbook exercise text is reproduced.,zh,CN,CN,中文校内,初中,production
jianzisheng_cn_junior_chapter_expansion_v1_cn-junior-g8-linear-functions_010,一次函数 y=2x-5，当 x=0 时，y 的值是多少？,-5,multiple_choice,A:0|B:-5|C:-3|D:0|E:-1,3,alg_functions;prealg_substitution,function_evaluation;substitution,input_output_mapping;linear_function_evaluation,operation_order_error;variable_meaning_error,把 x=0 代入，得到 y=2×0-5=-5。,CN Junior High Math,一次函数初步,cn-junior-g8-linear-functions,八年级：一次函数初步,24709,jianzisheng_cn_junior_chapter_expansion_v1,local-ocr-derived: jianzisheng_cn_junior_grade8_pilot_v0; chapter=cn-junior-g8-linear-functions; expansion=v1,Standard,Algebra Readiness,cn_linear_function_evaluation,symbol_evaluation;input_output_mapping,110,Chapter-level expansion from existing cleaned Jian Zi Sheng junior OCR coverage signals. Project-native original-equivalent variants; no direct textbook exercise text is reproduced.,zh,CN,CN,中文校内,初中,production
jianzisheng_cn_junior_chapter_expansion_v1_cn-junior-g8-triangle-area_001,三角形的底为 15，高为 9，面积是多少？,67.5,multiple_choice,A:67.5|B:135|C:24|D:82.5|E:6,3,geo_area;geo_triangles,triangle_area;formula_application,area_formula;geometry_measurement,missing_half_factor;perimeter_area_confusion,三角形面积=底×高÷2，所以面积为 15×9÷2=67.5。,CN Junior High Math,三角形基础,cn-junior-g8-triangle-area,八年级：三角形面积与高,24720,jianzisheng_cn_junior_chapter_expansion_v1,local-ocr-derived: jianzisheng_cn_junior_grade8_batch2_v0; chapter=cn-junior-g8-triangle-area; expansion=v1,Standard,Bridge,cn_triangle_area,formula_selection;geometric_reasoning,110,Chapter-level expansion from existing cleaned Jian Zi Sheng junior OCR coverage signals. Project-native original-equivalent variants; no direct textbook exercise text is reproduced.,zh,CN,CN,中文校内,初中,production
jianzisheng_cn_junior_chapter_expansion_v1_cn-junior-g8-triangle-area_002,三角形的底为 16，高为 11，面积是多少？,88,multiple_choice,A:176|B:27|C:104|D:5|E:88,3,geo_area;geo_triangles,triangle_area;formula_application,area_formula;geometry_measurement,missing_half_factor;perimeter_area_confusion,三角形面积=底×高÷2，所以面积为 16×11÷2=88。,CN Junior High Math,三角形基础,cn-junior-g8-triangle-area,八年级：三角形面积与高,24721,jianzisheng_cn_junior_chapter_expansion_v1,local-ocr-derived: jianzisheng_cn_junior_grade8_batch2_v0; chapter=cn-junior-g8-triangle-area; expansion=v1,Standard,Bridge,cn_triangle_area,formula_selection;geometric_reasoning,110,Chapter-level expansion from existing cleaned Jian Zi Sheng junior OCR coverage signals. Project-native original-equivalent variants; no direct textbook exercise text is reproduced.,zh,CN,CN,中文校内,初中,production
jianzisheng_cn_junior_chapter_expansion_v1_cn-junior-g8-triangle-area_003,三角形的底为 17，高为 13，面积是多少？,110.5,multiple_choice,A:30|B:127.5|C:4|D:110.5|E:221,3,geo_area;geo_triangles,triangle_area;formula_application,area_formula;geometry_measurement,missing_half_factor;perimeter_area_confusion,三角形面积=底×高÷2，所以面积为 17×13÷2=110.5。,CN Junior High Math,三角形基础,cn-junior-g8-triangle-area,八年级：三角形面积与高,24722,jianzisheng_cn_junior_chapter_expansion_v1,local-ocr-derived: jianzisheng_cn_junior_grade8_batch2_v0; chapter=cn-junior-g8-triangle-area; expansion=v1,Standard,Bridge,cn_triangle_area,formula_selection;geometric_reasoning,110,Chapter-level expansion from existing cleaned Jian Zi Sheng junior OCR coverage signals. Project-native original-equivalent variants; no direct textbook exercise text is reproduced.,zh,CN,CN,中文校内,初中,production
jianzisheng_cn_junior_chapter_expansion_v1_cn-junior-g8-triangle-area_004,三角形的底为 18，高为 5，面积是多少？,45,multiple_choice,A:63|B:13|C:45|D:90|E:23,3,geo_area;geo_triangles,triangle_area;formula_application,area_formula;geometry_measurement,missing_half_factor;perimeter_area_confusion,三角形面积=底×高÷2，所以面积为 18×5÷2=45。,CN Junior High Math,三角形基础,cn-junior-g8-triangle-area,八年级：三角形面积与高,24723,jianzisheng_cn_junior_chapter_expansion_v1,local-ocr-derived: jianzisheng_cn_junior_grade8_batch2_v0; chapter=cn-junior-g8-triangle-area; expansion=v1,Standard,Bridge,cn_triangle_area,formula_selection;geometric_reasoning,110,Chapter-level expansion from existing cleaned Jian Zi Sheng junior OCR coverage signals. Project-native original-equivalent variants; no direct textbook exercise text is reproduced.,zh,CN,CN,中文校内,初中,production
jianzisheng_cn_junior_chapter_expansion_v1_cn-junior-g8-triangle-area_005,三角形的底为 19，高为 7，面积是多少？,66.5,multiple_choice,A:12|B:66.5|C:133|D:26|E:85.5,3,geo_area;geo_triangles,triangle_area;formula_application,area_formula;geometry_measurement,missing_half_factor;perimeter_area_confusion,三角形面积=底×高÷2，所以面积为 19×7÷2=66.5。,CN Junior High Math,三角形基础,cn-junior-g8-triangle-area,八年级：三角形面积与高,24724,jianzisheng_cn_junior_chapter_expansion_v1,local-ocr-derived: jianzisheng_cn_junior_grade8_batch2_v0; chapter=cn-junior-g8-triangle-area; expansion=v1,Standard,Bridge,cn_triangle_area,formula_selection;geometric_reasoning,110,Chapter-level expansion from existing cleaned Jian Zi Sheng junior OCR coverage signals. Project-native original-equivalent variants; no direct textbook exercise text is reproduced.,zh,CN,CN,中文校内,初中,production
jianzisheng_cn_junior_chapter_expansion_v1_cn-junior-g8-triangle-area_006,三角形的底为 8，高为 9，面积是多少？,36,multiple_choice,A:36|B:72|C:17|D:44|E:1,3,geo_area;geo_triangles,triangle_area;formula_application,area_formula;geometry_measurement,missing_half_factor;perimeter_area_confusion,三角形面积=底×高÷2，所以面积为 8×9÷2=36。,CN Junior High Math,三角形基础,cn-junior-g8-triangle-area,八年级：三角形面积与高,24725,jianzisheng_cn_junior_chapter_expansion_v1,local-ocr-derived: jianzisheng_cn_junior_grade8_batch2_v0; chapter=cn-junior-g8-triangle-area; expansion=v1,Standard,Bridge,cn_triangle_area,formula_selection;geometric_reasoning,110,Chapter-level expansion from existing cleaned Jian Zi Sheng junior OCR coverage signals. Project-native original-equivalent variants; no direct textbook exercise text is reproduced.,zh,CN,CN,中文校内,初中,production
jianzisheng_cn_junior_chapter_expansion_v1_cn-junior-g8-triangle-area_007,三角形的底为 9，高为 11，面积是多少？,49.5,multiple_choice,A:99|B:20|C:58.5|D:2|E:49.5,3,geo_area;geo_triangles,triangle_area;formula_application,area_formula;geometry_measurement,missing_half_factor;perimeter_area_confusion,三角形面积=底×高÷2，所以面积为 9×11÷2=49.5。,CN Junior High Math,三角形基础,cn-junior-g8-triangle-area,八年级：三角形面积与高,24726,jianzisheng_cn_junior_chapter_expansion_v1,local-ocr-derived: jianzisheng_cn_junior_grade8_batch2_v0; chapter=cn-junior-g8-triangle-area; expansion=v1,Standard,Bridge,cn_triangle_area,formula_selection;geometric_reasoning,110,Chapter-level expansion from existing cleaned Jian Zi Sheng junior OCR coverage signals. Project-native original-equivalent variants; no direct textbook exercise text is reproduced.,zh,CN,CN,中文校内,初中,production
jianzisheng_cn_junior_chapter_expansion_v1_cn-junior-g8-triangle-area_008,三角形的底为 10，高为 13，面积是多少？,65,multiple_choice,A:23|B:75|C:3|D:65|E:130,3,geo_area;geo_triangles,triangle_area;formula_application,area_formula;geometry_measurement,missing_half_factor;perimeter_area_confusion,三角形面积=底×高÷2，所以面积为 10×13÷2=65。,CN Junior High Math,三角形基础,cn-junior-g8-triangle-area,八年级：三角形面积与高,24727,jianzisheng_cn_junior_chapter_expansion_v1,local-ocr-derived: jianzisheng_cn_junior_grade8_batch2_v0; chapter=cn-junior-g8-triangle-area; expansion=v1,Standard,Bridge,cn_triangle_area,formula_selection;geometric_reasoning,110,Chapter-level expansion from existing cleaned Jian Zi Sheng junior OCR coverage signals. Project-native original-equivalent variants; no direct textbook exercise text is reproduced.,zh,CN,CN,中文校内,初中,production
jianzisheng_cn_junior_chapter_expansion_v1_cn-junior-g8-triangle-area_009,三角形的底为 11，高为 5，面积是多少？,27.5,multiple_choice,A:38.5|B:6|C:27.5|D:55|E:16,3,geo_area;geo_triangles,triangle_area;formula_application,area_formula;geometry_measurement,missing_half_factor;perimeter_area_confusion,三角形面积=底×高÷2，所以面积为 11×5÷2=27.5。,CN Junior High Math,三角形基础,cn-junior-g8-triangle-area,八年级：三角形面积与高,24728,jianzisheng_cn_junior_chapter_expansion_v1,local-ocr-derived: jianzisheng_cn_junior_grade8_batch2_v0; chapter=cn-junior-g8-triangle-area; expansion=v1,Standard,Bridge,cn_triangle_area,formula_selection;geometric_reasoning,110,Chapter-level expansion from existing cleaned Jian Zi Sheng junior OCR coverage signals. Project-native original-equivalent variants; no direct textbook exercise text is reproduced.,zh,CN,CN,中文校内,初中,production
jianzisheng_cn_junior_chapter_expansion_v1_cn-junior-g8-triangle-area_010,三角形的底为 12，高为 7，面积是多少？,42,multiple_choice,A:5|B:42|C:84|D:19|E:54,3,geo_area;geo_triangles,triangle_area;formula_application,area_formula;geometry_measurement,missing_half_factor;perimeter_area_confusion,三角形面积=底×高÷2，所以面积为 12×7÷2=42。,CN Junior High Math,三角形基础,cn-junior-g8-triangle-area,八年级：三角形面积与高,24729,jianzisheng_cn_junior_chapter_expansion_v1,local-ocr-derived: jianzisheng_cn_junior_grade8_batch2_v0; chapter=cn-junior-g8-triangle-area; expansion=v1,Standard,Bridge,cn_triangle_area,formula_selection;geometric_reasoning,110,Chapter-level expansion from existing cleaned Jian Zi Sheng junior OCR coverage signals. Project-native original-equivalent variants; no direct textbook exercise text is reproduced.,zh,CN,CN,中文校内,初中,production
jianzisheng_cn_junior_chapter_expansion_v1_cn-junior-g8-triangle-area_011,三角形的底为 13，高为 9，面积是多少？,58.5,multiple_choice,A:58.5|B:117|C:22|D:71.5|E:4,3,geo_area;geo_triangles,triangle_area;formula_application,area_formula;geometry_measurement,missing_half_factor;perimeter_area_confusion,三角形面积=底×高÷2，所以面积为 13×9÷2=58.5。,CN Junior High Math,三角形基础,cn-junior-g8-triangle-area,八年级：三角形面积与高,24730,jianzisheng_cn_junior_chapter_expansion_v1,local-ocr-derived: jianzisheng_cn_junior_grade8_batch2_v0; chapter=cn-junior-g8-triangle-area; expansion=v1,Standard,Bridge,cn_triangle_area,formula_selection;geometric_reasoning,110,Chapter-level expansion from existing cleaned Jian Zi Sheng junior OCR coverage signals. Project-native original-equivalent variants; no direct textbook exercise text is reproduced.,zh,CN,CN,中文校内,初中,production
jianzisheng_cn_junior_chapter_expansion_v1_cn-junior-g8-triangle-area_012,三角形的底为 14，高为 11，面积是多少？,77,multiple_choice,A:154|B:25|C:91|D:3|E:77,3,geo_area;geo_triangles,triangle_area;formula_application,area_formula;geometry_measurement,missing_half_factor;perimeter_area_confusion,三角形面积=底×高÷2，所以面积为 14×11÷2=77。,CN Junior High Math,三角形基础,cn-junior-g8-triangle-area,八年级：三角形面积与高,24731,jianzisheng_cn_junior_chapter_expansion_v1,local-ocr-derived: jianzisheng_cn_junior_grade8_batch2_v0; chapter=cn-junior-g8-triangle-area; expansion=v1,Standard,Bridge,cn_triangle_area,formula_selection;geometric_reasoning,110,Chapter-level expansion from existing cleaned Jian Zi Sheng junior OCR coverage signals. Project-native original-equivalent variants; no direct textbook exercise text is reproduced.,zh,CN,CN,中文校内,初中,production
jianzisheng_cn_junior_chapter_expansion_v1_cn-junior-g8-triangle-area_013,三角形的底为 15，高为 13，面积是多少？,97.5,multiple_choice,A:28|B:112.5|C:2|D:97.5|E:195,3,geo_area;geo_triangles,triangle_area;formula_application,area_formula;geometry_measurement,missing_half_factor;perimeter_area_confusion,三角形面积=底×高÷2，所以面积为 15×13÷2=97.5。,CN Junior High Math,三角形基础,cn-junior-g8-triangle-area,八年级：三角形面积与高,24732,jianzisheng_cn_junior_chapter_expansion_v1,local-ocr-derived: jianzisheng_cn_junior_grade8_batch2_v0; chapter=cn-junior-g8-triangle-area; expansion=v1,Standard,Bridge,cn_triangle_area,formula_selection;geometric_reasoning,110,Chapter-level expansion from existing cleaned Jian Zi Sheng junior OCR coverage signals. Project-native original-equivalent variants; no direct textbook exercise text is reproduced.,zh,CN,CN,中文校内,初中,production
jianzisheng_cn_junior_chapter_expansion_v1_cn-junior-g8-triangle-area_014,三角形的底为 16，高为 5，面积是多少？,40,multiple_choice,A:56|B:11|C:40|D:80|E:21,3,geo_area;geo_triangles,triangle_area;formula_application,area_formula;geometry_measurement,missing_half_factor;perimeter_area_confusion,三角形面积=底×高÷2，所以面积为 16×5÷2=40。,CN Junior High Math,三角形基础,cn-junior-g8-triangle-area,八年级：三角形面积与高,24733,jianzisheng_cn_junior_chapter_expansion_v1,local-ocr-derived: jianzisheng_cn_junior_grade8_batch2_v0; chapter=cn-junior-g8-triangle-area; expansion=v1,Standard,Bridge,cn_triangle_area,formula_selection;geometric_reasoning,110,Chapter-level expansion from existing cleaned Jian Zi Sheng junior OCR coverage signals. Project-native original-equivalent variants; no direct textbook exercise text is reproduced.,zh,CN,CN,中文校内,初中,production
jianzisheng_cn_junior_chapter_expansion_v1_cn-junior-g8-congruence-correspondence_001,已知 △LMN≌△RST，且 MN=13，则对应边 ST 的长是多少？,13,multiple_choice,A:13|B:14|C:12|D:26|E:10,3,geo_congruence;geo_triangles,corresponding_parts;congruence_reasoning,cpctc;geometry_correspondence,corresponding_order_error;equal_shape_notation_error,全等三角形的对应边相等，所以 ST=13。,CN Junior High Math,三角形全等,cn-junior-g8-congruence-correspondence,八年级：全等三角形对应关系,24740,jianzisheng_cn_junior_chapter_expansion_v1,local-ocr-derived: jianzisheng_cn_junior_grade8_batch2_v0; chapter=cn-junior-g8-congruence-correspondence; expansion=v1,Standard,Bridge,cn_congruence_corresponding_side,proof_reasoning;structure_recognition,110,Chapter-level expansion from existing cleaned Jian Zi Sheng junior OCR coverage signals. Project-native original-equivalent variants; no direct textbook exercise text is reproduced.,zh,CN,CN,中文校内,初中,production
jianzisheng_cn_junior_chapter_expansion_v1_cn-junior-g8-congruence-correspondence_002,已知 △ABC≌△DEF，且 AB=14，则对应边 DE 的长是多少？,14,multiple_choice,A:15|B:13|C:28|D:11|E:14,3,geo_congruence;geo_triangles,corresponding_parts;congruence_reasoning,cpctc;geometry_correspondence,corresponding_order_error;equal_shape_notation_error,全等三角形的对应边相等，所以 DE=14。,CN Junior High Math,三角形全等,cn-junior-g8-congruence-correspondence,八年级：全等三角形对应关系,24741,jianzisheng_cn_junior_chapter_expansion_v1,local-ocr-derived: jianzisheng_cn_junior_grade8_batch2_v0; chapter=cn-junior-g8-congruence-correspondence; expansion=v1,Standard,Bridge,cn_congruence_corresponding_side,proof_reasoning;structure_recognition,110,Chapter-level expansion from existing cleaned Jian Zi Sheng junior OCR coverage signals. Project-native original-equivalent variants; no direct textbook exercise text is reproduced.,zh,CN,CN,中文校内,初中,production
jianzisheng_cn_junior_chapter_expansion_v1_cn-junior-g8-congruence-correspondence_003,已知 △ABC≌△DEF，且 BC=15，则对应边 EF 的长是多少？,15,multiple_choice,A:14|B:30|C:12|D:15|E:16,3,geo_congruence;geo_triangles,corresponding_parts;congruence_reasoning,cpctc;geometry_correspondence,corresponding_order_error;equal_shape_notation_error,全等三角形的对应边相等，所以 EF=15。,CN Junior High Math,三角形全等,cn-junior-g8-congruence-correspondence,八年级：全等三角形对应关系,24742,jianzisheng_cn_junior_chapter_expansion_v1,local-ocr-derived: jianzisheng_cn_junior_grade8_batch2_v0; chapter=cn-junior-g8-congruence-correspondence; expansion=v1,Standard,Bridge,cn_congruence_corresponding_side,proof_reasoning;structure_recognition,110,Chapter-level expansion from existing cleaned Jian Zi Sheng junior OCR coverage signals. Project-native original-equivalent variants; no direct textbook exercise text is reproduced.,zh,CN,CN,中文校内,初中,production
jianzisheng_cn_junior_chapter_expansion_v1_cn-junior-g8-congruence-correspondence_004,已知 △PQR≌△XYZ，且 PR=16，则对应边 XZ 的长是多少？,16,multiple_choice,A:32|B:13|C:16|D:17|E:15,3,geo_congruence;geo_triangles,corresponding_parts;congruence_reasoning,cpctc;geometry_correspondence,corresponding_order_error;equal_shape_notation_error,全等三角形的对应边相等，所以 XZ=16。,CN Junior High Math,三角形全等,cn-junior-g8-congruence-correspondence,八年级：全等三角形对应关系,24743,jianzisheng_cn_junior_chapter_expansion_v1,local-ocr-derived: jianzisheng_cn_junior_grade8_batch2_v0; chapter=cn-junior-g8-congruence-correspondence; expansion=v1,Standard,Bridge,cn_congruence_corresponding_side,proof_reasoning;structure_recognition,110,Chapter-level expansion from existing cleaned Jian Zi Sheng junior OCR coverage signals. Project-native original-equivalent variants; no direct textbook exercise text is reproduced.,zh,CN,CN,中文校内,初中,production
jianzisheng_cn_junior_chapter_expansion_v1_cn-junior-g8-congruence-correspondence_005,已知 △LMN≌△RST，且 MN=17，则对应边 ST 的长是多少？,17,multiple_choice,A:14|B:17|C:18|D:16|E:34,3,geo_congruence;geo_triangles,corresponding_parts;congruence_reasoning,cpctc;geometry_correspondence,corresponding_order_error;equal_shape_notation_error,全等三角形的对应边相等，所以 ST=17。,CN Junior High Math,三角形全等,cn-junior-g8-congruence-correspondence,八年级：全等三角形对应关系,24744,jianzisheng_cn_junior_chapter_expansion_v1,local-ocr-derived: jianzisheng_cn_junior_grade8_batch2_v0; chapter=cn-junior-g8-congruence-correspondence; expansion=v1,Standard,Bridge,cn_congruence_corresponding_side,proof_reasoning;structure_recognition,110,Chapter-level expansion from existing cleaned Jian Zi Sheng junior OCR coverage signals. Project-native original-equivalent variants; no direct textbook exercise text is reproduced.,zh,CN,CN,中文校内,初中,production
jianzisheng_cn_junior_chapter_expansion_v1_cn-junior-g8-congruence-correspondence_006,已知 △ABC≌△DEF，且 AB=18，则对应边 DE 的长是多少？,18,multiple_choice,A:18|B:19|C:17|D:36|E:15,3,geo_congruence;geo_triangles,corresponding_parts;congruence_reasoning,cpctc;geometry_correspondence,corresponding_order_error;equal_shape_notation_error,全等三角形的对应边相等，所以 DE=18。,CN Junior High Math,三角形全等,cn-junior-g8-congruence-correspondence,八年级：全等三角形对应关系,24745,jianzisheng_cn_junior_chapter_expansion_v1,local-ocr-derived: jianzisheng_cn_junior_grade8_batch2_v0; chapter=cn-junior-g8-congruence-correspondence; expansion=v1,Standard,Bridge,cn_congruence_corresponding_side,proof_reasoning;structure_recognition,110,Chapter-level expansion from existing cleaned Jian Zi Sheng junior OCR coverage signals. Project-native original-equivalent variants; no direct textbook exercise text is reproduced.,zh,CN,CN,中文校内,初中,production
jianzisheng_cn_junior_chapter_expansion_v1_cn-junior-g8-congruence-correspondence_007,已知 △ABC≌△DEF，且 BC=19，则对应边 EF 的长是多少？,19,multiple_choice,A:20|B:18|C:38|D:16|E:19,3,geo_congruence;geo_triangles,corresponding_parts;congruence_reasoning,cpctc;geometry_correspondence,corresponding_order_error;equal_shape_notation_error,全等三角形的对应边相等，所以 EF=19。,CN Junior High Math,三角形全等,cn-junior-g8-congruence-correspondence,八年级：全等三角形对应关系,24746,jianzisheng_cn_junior_chapter_expansion_v1,local-ocr-derived: jianzisheng_cn_junior_grade8_batch2_v0; chapter=cn-junior-g8-congruence-correspondence; expansion=v1,Standard,Bridge,cn_congruence_corresponding_side,proof_reasoning;structure_recognition,110,Chapter-level expansion from existing cleaned Jian Zi Sheng junior OCR coverage signals. Project-native original-equivalent variants; no direct textbook exercise text is reproduced.,zh,CN,CN,中文校内,初中,production
jianzisheng_cn_junior_chapter_expansion_v1_cn-junior-g8-congruence-correspondence_008,已知 △PQR≌△XYZ，且 PR=20，则对应边 XZ 的长是多少？,20,multiple_choice,A:19|B:40|C:17|D:20|E:21,3,geo_congruence;geo_triangles,corresponding_parts;congruence_reasoning,cpctc;geometry_correspondence,corresponding_order_error;equal_shape_notation_error,全等三角形的对应边相等，所以 XZ=20。,CN Junior High Math,三角形全等,cn-junior-g8-congruence-correspondence,八年级：全等三角形对应关系,24747,jianzisheng_cn_junior_chapter_expansion_v1,local-ocr-derived: jianzisheng_cn_junior_grade8_batch2_v0; chapter=cn-junior-g8-congruence-correspondence; expansion=v1,Standard,Bridge,cn_congruence_corresponding_side,proof_reasoning;structure_recognition,110,Chapter-level expansion from existing cleaned Jian Zi Sheng junior OCR coverage signals. Project-native original-equivalent variants; no direct textbook exercise text is reproduced.,zh,CN,CN,中文校内,初中,production
jianzisheng_cn_junior_chapter_expansion_v1_cn-junior-g8-congruence-correspondence_009,已知 △LMN≌△RST，且 MN=6，则对应边 ST 的长是多少？,6,multiple_choice,A:12|B:3|C:6|D:7|E:5,3,geo_congruence;geo_triangles,corresponding_parts;congruence_reasoning,cpctc;geometry_correspondence,corresponding_order_error;equal_shape_notation_error,全等三角形的对应边相等，所以 ST=6。,CN Junior High Math,三角形全等,cn-junior-g8-congruence-correspondence,八年级：全等三角形对应关系,24748,jianzisheng_cn_junior_chapter_expansion_v1,local-ocr-derived: jianzisheng_cn_junior_grade8_batch2_v0; chapter=cn-junior-g8-congruence-correspondence; expansion=v1,Standard,Bridge,cn_congruence_corresponding_side,proof_reasoning;structure_recognition,110,Chapter-level expansion from existing cleaned Jian Zi Sheng junior OCR coverage signals. Project-native original-equivalent variants; no direct textbook exercise text is reproduced.,zh,CN,CN,中文校内,初中,production
jianzisheng_cn_junior_chapter_expansion_v1_cn-junior-g8-congruence-correspondence_010,已知 △ABC≌△DEF，且 AB=7，则对应边 DE 的长是多少？,7,multiple_choice,A:4|B:7|C:8|D:6|E:14,3,geo_congruence;geo_triangles,corresponding_parts;congruence_reasoning,cpctc;geometry_correspondence,corresponding_order_error;equal_shape_notation_error,全等三角形的对应边相等，所以 DE=7。,CN Junior High Math,三角形全等,cn-junior-g8-congruence-correspondence,八年级：全等三角形对应关系,24749,jianzisheng_cn_junior_chapter_expansion_v1,local-ocr-derived: jianzisheng_cn_junior_grade8_batch2_v0; chapter=cn-junior-g8-congruence-correspondence; expansion=v1,Standard,Bridge,cn_congruence_corresponding_side,proof_reasoning;structure_recognition,110,Chapter-level expansion from existing cleaned Jian Zi Sheng junior OCR coverage signals. Project-native original-equivalent variants; no direct textbook exercise text is reproduced.,zh,CN,CN,中文校内,初中,production
jianzisheng_cn_junior_chapter_expansion_v1_cn-junior-g8-congruence-correspondence_011,已知 △ABC≌△DEF，且 BC=8，则对应边 EF 的长是多少？,8,multiple_choice,A:8|B:9|C:7|D:16|E:5,3,geo_congruence;geo_triangles,corresponding_parts;congruence_reasoning,cpctc;geometry_correspondence,corresponding_order_error;equal_shape_notation_error,全等三角形的对应边相等，所以 EF=8。,CN Junior High Math,三角形全等,cn-junior-g8-congruence-correspondence,八年级：全等三角形对应关系,24750,jianzisheng_cn_junior_chapter_expansion_v1,local-ocr-derived: jianzisheng_cn_junior_grade8_batch2_v0; chapter=cn-junior-g8-congruence-correspondence; expansion=v1,Standard,Bridge,cn_congruence_corresponding_side,proof_reasoning;structure_recognition,110,Chapter-level expansion from existing cleaned Jian Zi Sheng junior OCR coverage signals. Project-native original-equivalent variants; no direct textbook exercise text is reproduced.,zh,CN,CN,中文校内,初中,production
jianzisheng_cn_junior_chapter_expansion_v1_cn-junior-g8-congruence-correspondence_012,已知 △PQR≌△XYZ，且 PR=9，则对应边 XZ 的长是多少？,9,multiple_choice,A:10|B:8|C:18|D:6|E:9,3,geo_congruence;geo_triangles,corresponding_parts;congruence_reasoning,cpctc;geometry_correspondence,corresponding_order_error;equal_shape_notation_error,全等三角形的对应边相等，所以 XZ=9。,CN Junior High Math,三角形全等,cn-junior-g8-congruence-correspondence,八年级：全等三角形对应关系,24751,jianzisheng_cn_junior_chapter_expansion_v1,local-ocr-derived: jianzisheng_cn_junior_grade8_batch2_v0; chapter=cn-junior-g8-congruence-correspondence; expansion=v1,Standard,Bridge,cn_congruence_corresponding_side,proof_reasoning;structure_recognition,110,Chapter-level expansion from existing cleaned Jian Zi Sheng junior OCR coverage signals. Project-native original-equivalent variants; no direct textbook exercise text is reproduced.,zh,CN,CN,中文校内,初中,production
jianzisheng_cn_junior_chapter_expansion_v1_cn-junior-g8-congruence-correspondence_013,已知 △LMN≌△RST，且 MN=10，则对应边 ST 的长是多少？,10,multiple_choice,A:9|B:20|C:7|D:10|E:11,3,geo_congruence;geo_triangles,corresponding_parts;congruence_reasoning,cpctc;geometry_correspondence,corresponding_order_error;equal_shape_notation_error,全等三角形的对应边相等，所以 ST=10。,CN Junior High Math,三角形全等,cn-junior-g8-congruence-correspondence,八年级：全等三角形对应关系,24752,jianzisheng_cn_junior_chapter_expansion_v1,local-ocr-derived: jianzisheng_cn_junior_grade8_batch2_v0; chapter=cn-junior-g8-congruence-correspondence; expansion=v1,Standard,Bridge,cn_congruence_corresponding_side,proof_reasoning;structure_recognition,110,Chapter-level expansion from existing cleaned Jian Zi Sheng junior OCR coverage signals. Project-native original-equivalent variants; no direct textbook exercise text is reproduced.,zh,CN,CN,中文校内,初中,production
jianzisheng_cn_junior_chapter_expansion_v1_cn-junior-g8-congruence-correspondence_014,已知 △ABC≌△DEF，且 AB=11，则对应边 DE 的长是多少？,11,multiple_choice,A:22|B:8|C:11|D:12|E:10,3,geo_congruence;geo_triangles,corresponding_parts;congruence_reasoning,cpctc;geometry_correspondence,corresponding_order_error;equal_shape_notation_error,全等三角形的对应边相等，所以 DE=11。,CN Junior High Math,三角形全等,cn-junior-g8-congruence-correspondence,八年级：全等三角形对应关系,24753,jianzisheng_cn_junior_chapter_expansion_v1,local-ocr-derived: jianzisheng_cn_junior_grade8_batch2_v0; chapter=cn-junior-g8-congruence-correspondence; expansion=v1,Standard,Bridge,cn_congruence_corresponding_side,proof_reasoning;structure_recognition,110,Chapter-level expansion from existing cleaned Jian Zi Sheng junior OCR coverage signals. Project-native original-equivalent variants; no direct textbook exercise text is reproduced.,zh,CN,CN,中文校内,初中,production
jianzisheng_cn_junior_chapter_expansion_v1_cn-junior-g8-coordinate-distance_001,直角三角形的斜边长为 13，一条直角边长为 5，另一条直角边长是多少？,12,multiple_choice,A:12|B:8|C:18|D:13|E:17,4,geo_coordinate_geometry;geo_pythagorean;alg_graphing,coordinate_distance;pythagorean_theorem,coordinate_right_triangle;distance_on_plane,manhattan_distance_error;coordinate_difference_error,由勾股定理，另一条直角边为 √(13^2-5^2)=12。,CN Junior High Math,平面直角坐标系,cn-junior-g8-coordinate-distance,八年级：坐标距离与勾股定理,24760,jianzisheng_cn_junior_chapter_expansion_v1,local-ocr-derived: jianzisheng_cn_junior_grade8_batch2_v0; chapter=cn-junior-g8-coordinate-distance; expansion=v1,Honors,Algebra Readiness,cn_coordinate_pythagorean_distance,spatial_reasoning;formula_selection,130,Chapter-level expansion from existing cleaned Jian Zi Sheng junior OCR coverage signals. Project-native original-equivalent variants; no direct textbook exercise text is reproduced.,zh,CN,CN,中文校内,初中,production
jianzisheng_cn_junior_chapter_expansion_v1_cn-junior-g8-coordinate-distance_002,直角三角形的斜边长为 15，一条直角边长为 9，另一条直角边长是多少？,12,multiple_choice,A:6|B:24|C:13|D:15|E:12,4,geo_coordinate_geometry;geo_pythagorean;alg_graphing,coordinate_distance;pythagorean_theorem,coordinate_right_triangle;distance_on_plane,manhattan_distance_error;coordinate_difference_error,由勾股定理，另一条直角边为 √(15^2-9^2)=12。,CN Junior High Math,平面直角坐标系,cn-junior-g8-coordinate-distance,八年级：坐标距离与勾股定理,24761,jianzisheng_cn_junior_chapter_expansion_v1,local-ocr-derived: jianzisheng_cn_junior_grade8_batch2_v0; chapter=cn-junior-g8-coordinate-distance; expansion=v1,Honors,Algebra Readiness,cn_coordinate_pythagorean_distance,spatial_reasoning;formula_selection,130,Chapter-level expansion from existing cleaned Jian Zi Sheng junior OCR coverage signals. Project-native original-equivalent variants; no direct textbook exercise text is reproduced.,zh,CN,CN,中文校内,初中,production
jianzisheng_cn_junior_chapter_expansion_v1_cn-junior-g8-coordinate-distance_003,直角三角形的斜边长为 17，一条直角边长为 8，另一条直角边长是多少？,15,multiple_choice,A:25|B:16|C:17|D:15|E:9,4,geo_coordinate_geometry;geo_pythagorean;alg_graphing,coordinate_distance;pythagorean_theorem,coordinate_right_triangle;distance_on_plane,manhattan_distance_error;coordinate_difference_error,由勾股定理，另一条直角边为 √(17^2-8^2)=15。,CN Junior High Math,平面直角坐标系,cn-junior-g8-coordinate-distance,八年级：坐标距离与勾股定理,24762,jianzisheng_cn_junior_chapter_expansion_v1,local-ocr-derived: jianzisheng_cn_junior_grade8_batch2_v0; chapter=cn-junior-g8-coordinate-distance; expansion=v1,Honors,Algebra Readiness,cn_coordinate_pythagorean_distance,spatial_reasoning;formula_selection,130,Chapter-level expansion from existing cleaned Jian Zi Sheng junior OCR coverage signals. Project-native original-equivalent variants; no direct textbook exercise text is reproduced.,zh,CN,CN,中文校内,初中,production
jianzisheng_cn_junior_chapter_expansion_v1_cn-junior-g8-coordinate-distance_004,直角三角形的斜边长为 25，一条直角边长为 7，另一条直角边长是多少？,24,multiple_choice,A:25|B:29|C:24|D:18|E:32,4,geo_coordinate_geometry;geo_pythagorean;alg_graphing,coordinate_distance;pythagorean_theorem,coordinate_right_triangle;distance_on_plane,manhattan_distance_error;coordinate_difference_error,由勾股定理，另一条直角边为 √(25^2-7^2)=24。,CN Junior High Math,平面直角坐标系,cn-junior-g8-coordinate-distance,八年级：坐标距离与勾股定理,24763,jianzisheng_cn_junior_chapter_expansion_v1,local-ocr-derived: jianzisheng_cn_junior_grade8_batch2_v0; chapter=cn-junior-g8-coordinate-distance; expansion=v1,Honors,Algebra Readiness,cn_coordinate_pythagorean_distance,spatial_reasoning;formula_selection,130,Chapter-level expansion from existing cleaned Jian Zi Sheng junior OCR coverage signals. Project-native original-equivalent variants; no direct textbook exercise text is reproduced.,zh,CN,CN,中文校内,初中,production
jianzisheng_cn_junior_chapter_expansion_v1_cn-junior-g8-coordinate-distance_005,直角三角形的斜边长为 26，一条直角边长为 10，另一条直角边长是多少？,24,multiple_choice,A:26|B:24|C:16|D:36|E:25,4,geo_coordinate_geometry;geo_pythagorean;alg_graphing,coordinate_distance;pythagorean_theorem,coordinate_right_triangle;distance_on_plane,manhattan_distance_error;coordinate_difference_error,由勾股定理，另一条直角边为 √(26^2-10^2)=24。,CN Junior High Math,平面直角坐标系,cn-junior-g8-coordinate-distance,八年级：坐标距离与勾股定理,24764,jianzisheng_cn_junior_chapter_expansion_v1,local-ocr-derived: jianzisheng_cn_junior_grade8_batch2_v0; chapter=cn-junior-g8-coordinate-distance; expansion=v1,Honors,Algebra Readiness,cn_coordinate_pythagorean_distance,spatial_reasoning;formula_selection,130,Chapter-level expansion from existing cleaned Jian Zi Sheng junior OCR coverage signals. Project-native original-equivalent variants; no direct textbook exercise text is reproduced.,zh,CN,CN,中文校内,初中,production
jianzisheng_cn_junior_chapter_expansion_v1_cn-junior-g8-coordinate-distance_006,直角三角形的斜边长为 10，一条直角边长为 6，另一条直角边长是多少？,8,multiple_choice,A:8|B:4|C:16|D:9|E:10,4,geo_coordinate_geometry;geo_pythagorean;alg_graphing,coordinate_distance;pythagorean_theorem,coordinate_right_triangle;distance_on_plane,manhattan_distance_error;coordinate_difference_error,由勾股定理，另一条直角边为 √(10^2-6^2)=8。,CN Junior High Math,平面直角坐标系,cn-junior-g8-coordinate-distance,八年级：坐标距离与勾股定理,24765,jianzisheng_cn_junior_chapter_expansion_v1,local-ocr-derived: jianzisheng_cn_junior_grade8_batch2_v0; chapter=cn-junior-g8-coordinate-distance; expansion=v1,Honors,Algebra Readiness,cn_coordinate_pythagorean_distance,spatial_reasoning;formula_selection,130,Chapter-level expansion from existing cleaned Jian Zi Sheng junior OCR coverage signals. Project-native original-equivalent variants; no direct textbook exercise text is reproduced.,zh,CN,CN,中文校内,初中,production
jianzisheng_cn_junior_chapter_expansion_v1_cn-junior-g8-coordinate-distance_007,直角三角形的斜边长为 13，一条直角边长为 5，另一条直角边长是多少？,12,multiple_choice,A:8|B:18|C:13|D:17|E:12,4,geo_coordinate_geometry;geo_pythagorean;alg_graphing,coordinate_distance;pythagorean_theorem,coordinate_right_triangle;distance_on_plane,manhattan_distance_error;coordinate_difference_error,由勾股定理，另一条直角边为 √(13^2-5^2)=12。,CN Junior High Math,平面直角坐标系,cn-junior-g8-coordinate-distance,八年级：坐标距离与勾股定理,24766,jianzisheng_cn_junior_chapter_expansion_v1,local-ocr-derived: jianzisheng_cn_junior_grade8_batch2_v0; chapter=cn-junior-g8-coordinate-distance; expansion=v1,Honors,Algebra Readiness,cn_coordinate_pythagorean_distance,spatial_reasoning;formula_selection,130,Chapter-level expansion from existing cleaned Jian Zi Sheng junior OCR coverage signals. Project-native original-equivalent variants; no direct textbook exercise text is reproduced.,zh,CN,CN,中文校内,初中,production
jianzisheng_cn_junior_chapter_expansion_v1_cn-junior-g8-coordinate-distance_008,直角三角形的斜边长为 15，一条直角边长为 9，另一条直角边长是多少？,12,multiple_choice,A:24|B:13|C:15|D:12|E:6,4,geo_coordinate_geometry;geo_pythagorean;alg_graphing,coordinate_distance;pythagorean_theorem,coordinate_right_triangle;distance_on_plane,manhattan_distance_error;coordinate_difference_error,由勾股定理，另一条直角边为 √(15^2-9^2)=12。,CN Junior High Math,平面直角坐标系,cn-junior-g8-coordinate-distance,八年级：坐标距离与勾股定理,24767,jianzisheng_cn_junior_chapter_expansion_v1,local-ocr-derived: jianzisheng_cn_junior_grade8_batch2_v0; chapter=cn-junior-g8-coordinate-distance; expansion=v1,Honors,Algebra Readiness,cn_coordinate_pythagorean_distance,spatial_reasoning;formula_selection,130,Chapter-level expansion from existing cleaned Jian Zi Sheng junior OCR coverage signals. Project-native original-equivalent variants; no direct textbook exercise text is reproduced.,zh,CN,CN,中文校内,初中,production
jianzisheng_cn_junior_chapter_expansion_v1_cn-junior-g8-coordinate-distance_009,直角三角形的斜边长为 17，一条直角边长为 8，另一条直角边长是多少？,15,multiple_choice,A:16|B:17|C:15|D:9|E:25,4,geo_coordinate_geometry;geo_pythagorean;alg_graphing,coordinate_distance;pythagorean_theorem,coordinate_right_triangle;distance_on_plane,manhattan_distance_error;coordinate_difference_error,由勾股定理，另一条直角边为 √(17^2-8^2)=15。,CN Junior High Math,平面直角坐标系,cn-junior-g8-coordinate-distance,八年级：坐标距离与勾股定理,24768,jianzisheng_cn_junior_chapter_expansion_v1,local-ocr-derived: jianzisheng_cn_junior_grade8_batch2_v0; chapter=cn-junior-g8-coordinate-distance; expansion=v1,Honors,Algebra Readiness,cn_coordinate_pythagorean_distance,spatial_reasoning;formula_selection,130,Chapter-level expansion from existing cleaned Jian Zi Sheng junior OCR coverage signals. Project-native original-equivalent variants; no direct textbook exercise text is reproduced.,zh,CN,CN,中文校内,初中,production
jianzisheng_cn_junior_chapter_expansion_v1_cn-junior-g8-coordinate-distance_010,直角三角形的斜边长为 25，一条直角边长为 7，另一条直角边长是多少？,24,multiple_choice,A:29|B:24|C:18|D:32|E:25,4,geo_coordinate_geometry;geo_pythagorean;alg_graphing,coordinate_distance;pythagorean_theorem,coordinate_right_triangle;distance_on_plane,manhattan_distance_error;coordinate_difference_error,由勾股定理，另一条直角边为 √(25^2-7^2)=24。,CN Junior High Math,平面直角坐标系,cn-junior-g8-coordinate-distance,八年级：坐标距离与勾股定理,24769,jianzisheng_cn_junior_chapter_expansion_v1,local-ocr-derived: jianzisheng_cn_junior_grade8_batch2_v0; chapter=cn-junior-g8-coordinate-distance; expansion=v1,Honors,Algebra Readiness,cn_coordinate_pythagorean_distance,spatial_reasoning;formula_selection,130,Chapter-level expansion from existing cleaned Jian Zi Sheng junior OCR coverage signals. Project-native original-equivalent variants; no direct textbook exercise text is reproduced.,zh,CN,CN,中文校内,初中,production
jianzisheng_cn_junior_chapter_expansion_v1_cn-junior-g8-coordinate-distance_011,直角三角形的斜边长为 26，一条直角边长为 10，另一条直角边长是多少？,24,multiple_choice,A:24|B:16|C:36|D:25|E:26,4,geo_coordinate_geometry;geo_pythagorean;alg_graphing,coordinate_distance;pythagorean_theorem,coordinate_right_triangle;distance_on_plane,manhattan_distance_error;coordinate_difference_error,由勾股定理，另一条直角边为 √(26^2-10^2)=24。,CN Junior High Math,平面直角坐标系,cn-junior-g8-coordinate-distance,八年级：坐标距离与勾股定理,24770,jianzisheng_cn_junior_chapter_expansion_v1,local-ocr-derived: jianzisheng_cn_junior_grade8_batch2_v0; chapter=cn-junior-g8-coordinate-distance; expansion=v1,Honors,Algebra Readiness,cn_coordinate_pythagorean_distance,spatial_reasoning;formula_selection,130,Chapter-level expansion from existing cleaned Jian Zi Sheng junior OCR coverage signals. Project-native original-equivalent variants; no direct textbook exercise text is reproduced.,zh,CN,CN,中文校内,初中,production
jianzisheng_cn_junior_chapter_expansion_v1_cn-junior-g8-coordinate-distance_012,直角三角形的斜边长为 10，一条直角边长为 6，另一条直角边长是多少？,8,multiple_choice,A:4|B:16|C:9|D:10|E:8,4,geo_coordinate_geometry;geo_pythagorean;alg_graphing,coordinate_distance;pythagorean_theorem,coordinate_right_triangle;distance_on_plane,manhattan_distance_error;coordinate_difference_error,由勾股定理，另一条直角边为 √(10^2-6^2)=8。,CN Junior High Math,平面直角坐标系,cn-junior-g8-coordinate-distance,八年级：坐标距离与勾股定理,24771,jianzisheng_cn_junior_chapter_expansion_v1,local-ocr-derived: jianzisheng_cn_junior_grade8_batch2_v0; chapter=cn-junior-g8-coordinate-distance; expansion=v1,Honors,Algebra Readiness,cn_coordinate_pythagorean_distance,spatial_reasoning;formula_selection,130,Chapter-level expansion from existing cleaned Jian Zi Sheng junior OCR coverage signals. Project-native original-equivalent variants; no direct textbook exercise text is reproduced.,zh,CN,CN,中文校内,初中,production
jianzisheng_cn_junior_chapter_expansion_v1_cn-junior-g8-coordinate-distance_013,直角三角形的斜边长为 13，一条直角边长为 5，另一条直角边长是多少？,12,multiple_choice,A:18|B:13|C:17|D:12|E:8,4,geo_coordinate_geometry;geo_pythagorean;alg_graphing,coordinate_distance;pythagorean_theorem,coordinate_right_triangle;distance_on_plane,manhattan_distance_error;coordinate_difference_error,由勾股定理，另一条直角边为 √(13^2-5^2)=12。,CN Junior High Math,平面直角坐标系,cn-junior-g8-coordinate-distance,八年级：坐标距离与勾股定理,24772,jianzisheng_cn_junior_chapter_expansion_v1,local-ocr-derived: jianzisheng_cn_junior_grade8_batch2_v0; chapter=cn-junior-g8-coordinate-distance; expansion=v1,Honors,Algebra Readiness,cn_coordinate_pythagorean_distance,spatial_reasoning;formula_selection,130,Chapter-level expansion from existing cleaned Jian Zi Sheng junior OCR coverage signals. Project-native original-equivalent variants; no direct textbook exercise text is reproduced.,zh,CN,CN,中文校内,初中,production
jianzisheng_cn_junior_chapter_expansion_v1_cn-junior-g8-coordinate-distance_014,直角三角形的斜边长为 15，一条直角边长为 9，另一条直角边长是多少？,12,multiple_choice,A:13|B:15|C:12|D:6|E:24,4,geo_coordinate_geometry;geo_pythagorean;alg_graphing,coordinate_distance;pythagorean_theorem,coordinate_right_triangle;distance_on_plane,manhattan_distance_error;coordinate_difference_error,由勾股定理，另一条直角边为 √(15^2-9^2)=12。,CN Junior High Math,平面直角坐标系,cn-junior-g8-coordinate-distance,八年级：坐标距离与勾股定理,24773,jianzisheng_cn_junior_chapter_expansion_v1,local-ocr-derived: jianzisheng_cn_junior_grade8_batch2_v0; chapter=cn-junior-g8-coordinate-distance; expansion=v1,Honors,Algebra Readiness,cn_coordinate_pythagorean_distance,spatial_reasoning;formula_selection,130,Chapter-level expansion from existing cleaned Jian Zi Sheng junior OCR coverage signals. Project-native original-equivalent variants; no direct textbook exercise text is reproduced.,zh,CN,CN,中文校内,初中,production
jianzisheng_cn_junior_chapter_expansion_v1_cn-junior-g8-linear-slope_001,"一次函数图像经过点 (-2,2) 和 (3,12)，它的斜率是多少？",2,multiple_choice,A:2|B:10|C:5|D:3|E:-2,4,alg_graphing;alg_functions;geo_coordinate_geometry,slope_from_two_points;signed_number_operations,rate_of_change;coordinate_ratio,rise_run_confusion;sign_error,斜率 k=(y₂-y₁)/(x₂-x₁)=(12-2)/(3--2)=2。,CN Junior High Math,一次函数初步,cn-junior-g8-linear-slope,八年级：一次函数斜率,24780,jianzisheng_cn_junior_chapter_expansion_v1,local-ocr-derived: jianzisheng_cn_junior_grade8_batch2_v0; chapter=cn-junior-g8-linear-slope; expansion=v1,Honors,Algebra Readiness,cn_linear_slope_from_two_points,multiplicative_reasoning;signed_number_fluency,130,Chapter-level expansion from existing cleaned Jian Zi Sheng junior OCR coverage signals. Project-native original-equivalent variants; no direct textbook exercise text is reproduced.,zh,CN,CN,中文校内,初中,production
jianzisheng_cn_junior_chapter_expansion_v1_cn-junior-g8-linear-slope_002,"一次函数图像经过点 (-1,3) 和 (1,9)，它的斜率是多少？",3,multiple_choice,A:6|B:2|C:4|D:-3|E:3,4,alg_graphing;alg_functions;geo_coordinate_geometry,slope_from_two_points;signed_number_operations,rate_of_change;coordinate_ratio,rise_run_confusion;sign_error,斜率 k=(y₂-y₁)/(x₂-x₁)=(9-3)/(1--1)=3。,CN Junior High Math,一次函数初步,cn-junior-g8-linear-slope,八年级：一次函数斜率,24781,jianzisheng_cn_junior_chapter_expansion_v1,local-ocr-derived: jianzisheng_cn_junior_grade8_batch2_v0; chapter=cn-junior-g8-linear-slope; expansion=v1,Honors,Algebra Readiness,cn_linear_slope_from_two_points,multiplicative_reasoning;signed_number_fluency,130,Chapter-level expansion from existing cleaned Jian Zi Sheng junior OCR coverage signals. Project-native original-equivalent variants; no direct textbook exercise text is reproduced.,zh,CN,CN,中文校内,初中,production
jianzisheng_cn_junior_chapter_expansion_v1_cn-junior-g8-linear-slope_003,"一次函数图像经过点 (0,4) 和 (3,16)，它的斜率是多少？",4,multiple_choice,A:3|B:5|C:-4|D:4|E:12,4,alg_graphing;alg_functions;geo_coordinate_geometry,slope_from_two_points;signed_number_operations,rate_of_change;coordinate_ratio,rise_run_confusion;sign_error,斜率 k=(y₂-y₁)/(x₂-x₁)=(16-4)/(3-0)=4。,CN Junior High Math,一次函数初步,cn-junior-g8-linear-slope,八年级：一次函数斜率,24782,jianzisheng_cn_junior_chapter_expansion_v1,local-ocr-derived: jianzisheng_cn_junior_grade8_batch2_v0; chapter=cn-junior-g8-linear-slope; expansion=v1,Honors,Algebra Readiness,cn_linear_slope_from_two_points,multiplicative_reasoning;signed_number_fluency,130,Chapter-level expansion from existing cleaned Jian Zi Sheng junior OCR coverage signals. Project-native original-equivalent variants; no direct textbook exercise text is reproduced.,zh,CN,CN,中文校内,初中,production
jianzisheng_cn_junior_chapter_expansion_v1_cn-junior-g8-linear-slope_004,"一次函数图像经过点 (1,5) 和 (5,-3)，它的斜率是多少？",-2,multiple_choice,A:-1|B:2|C:-2|D:-8|E:4,4,alg_graphing;alg_functions;geo_coordinate_geometry,slope_from_two_points;signed_number_operations,rate_of_change;coordinate_ratio,rise_run_confusion;sign_error,斜率 k=(y₂-y₁)/(x₂-x₁)=(-3-5)/(5-1)=-2。,CN Junior High Math,一次函数初步,cn-junior-g8-linear-slope,八年级：一次函数斜率,24783,jianzisheng_cn_junior_chapter_expansion_v1,local-ocr-derived: jianzisheng_cn_junior_grade8_batch2_v0; chapter=cn-junior-g8-linear-slope; expansion=v1,Honors,Algebra Readiness,cn_linear_slope_from_two_points,multiplicative_reasoning;signed_number_fluency,130,Chapter-level expansion from existing cleaned Jian Zi Sheng junior OCR coverage signals. Project-native original-equivalent variants; no direct textbook exercise text is reproduced.,zh,CN,CN,中文校内,初中,production
jianzisheng_cn_junior_chapter_expansion_v1_cn-junior-g8-linear-slope_005,"一次函数图像经过点 (2,-5) 和 (7,-10)，它的斜率是多少？",-1,multiple_choice,A:1|B:-1|C:-5|D:5|E:0,4,alg_graphing;alg_functions;geo_coordinate_geometry,slope_from_two_points;signed_number_operations,rate_of_change;coordinate_ratio,rise_run_confusion;sign_error,斜率 k=(y₂-y₁)/(x₂-x₁)=(-10--5)/(7-2)=-1。,CN Junior High Math,一次函数初步,cn-junior-g8-linear-slope,八年级：一次函数斜率,24784,jianzisheng_cn_junior_chapter_expansion_v1,local-ocr-derived: jianzisheng_cn_junior_grade8_batch2_v0; chapter=cn-junior-g8-linear-slope; expansion=v1,Honors,Algebra Readiness,cn_linear_slope_from_two_points,multiplicative_reasoning;signed_number_fluency,130,Chapter-level expansion from existing cleaned Jian Zi Sheng junior OCR coverage signals. Project-native original-equivalent variants; no direct textbook exercise text is reproduced.,zh,CN,CN,中文校内,初中,production
jianzisheng_cn_junior_chapter_expansion_v1_cn-junior-g8-linear-slope_006,"一次函数图像经过点 (-3,-4) 和 (-1,0)，它的斜率是多少？",2,multiple_choice,A:2|B:4|C:3|D:-2|E:7,4,alg_graphing;alg_functions;geo_coordinate_geometry,slope_from_two_points;signed_number_operations,rate_of_change;coordinate_ratio,rise_run_confusion;sign_error,斜率 k=(y₂-y₁)/(x₂-x₁)=(0--4)/(-1--3)=2。,CN Junior High Math,一次函数初步,cn-junior-g8-linear-slope,八年级：一次函数斜率,24785,jianzisheng_cn_junior_chapter_expansion_v1,local-ocr-derived: jianzisheng_cn_junior_grade8_batch2_v0; chapter=cn-junior-g8-linear-slope; expansion=v1,Honors,Algebra Readiness,cn_linear_slope_from_two_points,multiplicative_reasoning;signed_number_fluency,130,Chapter-level expansion from existing cleaned Jian Zi Sheng junior OCR coverage signals. Project-native original-equivalent variants; no direct textbook exercise text is reproduced.,zh,CN,CN,中文校内,初中,production
jianzisheng_cn_junior_chapter_expansion_v1_cn-junior-g8-linear-slope_007,"一次函数图像经过点 (-2,-3) 和 (1,6)，它的斜率是多少？",3,multiple_choice,A:9|B:4|C:-3|D:8|E:3,4,alg_graphing;alg_functions;geo_coordinate_geometry,slope_from_two_points;signed_number_operations,rate_of_change;coordinate_ratio,rise_run_confusion;sign_error,斜率 k=(y₂-y₁)/(x₂-x₁)=(6--3)/(1--2)=3。,CN Junior High Math,一次函数初步,cn-junior-g8-linear-slope,八年级：一次函数斜率,24786,jianzisheng_cn_junior_chapter_expansion_v1,local-ocr-derived: jianzisheng_cn_junior_grade8_batch2_v0; chapter=cn-junior-g8-linear-slope; expansion=v1,Honors,Algebra Readiness,cn_linear_slope_from_two_points,multiplicative_reasoning;signed_number_fluency,130,Chapter-level expansion from existing cleaned Jian Zi Sheng junior OCR coverage signals. Project-native original-equivalent variants; no direct textbook exercise text is reproduced.,zh,CN,CN,中文校内,初中,production
jianzisheng_cn_junior_chapter_expansion_v1_cn-junior-g8-linear-slope_008,"一次函数图像经过点 (-1,-2) 和 (3,14)，它的斜率是多少？",4,multiple_choice,A:5|B:-4|C:9|D:4|E:16,4,alg_graphing;alg_functions;geo_coordinate_geometry,slope_from_two_points;signed_number_operations,rate_of_change;coordinate_ratio,rise_run_confusion;sign_error,斜率 k=(y₂-y₁)/(x₂-x₁)=(14--2)/(3--1)=4。,CN Junior High Math,一次函数初步,cn-junior-g8-linear-slope,八年级：一次函数斜率,24787,jianzisheng_cn_junior_chapter_expansion_v1,local-ocr-derived: jianzisheng_cn_junior_grade8_batch2_v0; chapter=cn-junior-g8-linear-slope; expansion=v1,Honors,Algebra Readiness,cn_linear_slope_from_two_points,multiplicative_reasoning;signed_number_fluency,130,Chapter-level expansion from existing cleaned Jian Zi Sheng junior OCR coverage signals. Project-native original-equivalent variants; no direct textbook exercise text is reproduced.,zh,CN,CN,中文校内,初中,production
jianzisheng_cn_junior_chapter_expansion_v1_cn-junior-g8-linear-slope_009,"一次函数图像经过点 (0,-1) 和 (5,-11)，它的斜率是多少？",-2,multiple_choice,A:-1|B:2|C:-2|D:-10|E:5,4,alg_graphing;alg_functions;geo_coordinate_geometry,slope_from_two_points;signed_number_operations,rate_of_change;coordinate_ratio,rise_run_confusion;sign_error,斜率 k=(y₂-y₁)/(x₂-x₁)=(-11--1)/(5-0)=-2。,CN Junior High Math,一次函数初步,cn-junior-g8-linear-slope,八年级：一次函数斜率,24788,jianzisheng_cn_junior_chapter_expansion_v1,local-ocr-derived: jianzisheng_cn_junior_grade8_batch2_v0; chapter=cn-junior-g8-linear-slope; expansion=v1,Honors,Algebra Readiness,cn_linear_slope_from_two_points,multiplicative_reasoning;signed_number_fluency,130,Chapter-level expansion from existing cleaned Jian Zi Sheng junior OCR coverage signals. Project-native original-equivalent variants; no direct textbook exercise text is reproduced.,zh,CN,CN,中文校内,初中,production
jianzisheng_cn_junior_chapter_expansion_v1_cn-junior-g8-linear-slope_010,"一次函数图像经过点 (1,0) 和 (3,-2)，它的斜率是多少？",-1,multiple_choice,A:1|B:-1|C:-2|D:2|E:0,4,alg_graphing;alg_functions;geo_coordinate_geometry,slope_from_two_points;signed_number_operations,rate_of_change;coordinate_ratio,rise_run_confusion;sign_error,斜率 k=(y₂-y₁)/(x₂-x₁)=(-2-0)/(3-1)=-1。,CN Junior High Math,一次函数初步,cn-junior-g8-linear-slope,八年级：一次函数斜率,24789,jianzisheng_cn_junior_chapter_expansion_v1,local-ocr-derived: jianzisheng_cn_junior_grade8_batch2_v0; chapter=cn-junior-g8-linear-slope; expansion=v1,Honors,Algebra Readiness,cn_linear_slope_from_two_points,multiplicative_reasoning;signed_number_fluency,130,Chapter-level expansion from existing cleaned Jian Zi Sheng junior OCR coverage signals. Project-native original-equivalent variants; no direct textbook exercise text is reproduced.,zh,CN,CN,中文校内,初中,production
jianzisheng_cn_junior_chapter_expansion_v1_cn-junior-g8-linear-slope_011,"一次函数图像经过点 (2,1) 和 (5,7)，它的斜率是多少？",2,multiple_choice,A:2|B:6|C:3|D:-2|E:7,4,alg_graphing;alg_functions;geo_coordinate_geometry,slope_from_two_points;signed_number_operations,rate_of_change;coordinate_ratio,rise_run_confusion;sign_error,斜率 k=(y₂-y₁)/(x₂-x₁)=(7-1)/(5-2)=2。,CN Junior High Math,一次函数初步,cn-junior-g8-linear-slope,八年级：一次函数斜率,24790,jianzisheng_cn_junior_chapter_expansion_v1,local-ocr-derived: jianzisheng_cn_junior_grade8_batch2_v0; chapter=cn-junior-g8-linear-slope; expansion=v1,Honors,Algebra Readiness,cn_linear_slope_from_two_points,multiplicative_reasoning;signed_number_fluency,130,Chapter-level expansion from existing cleaned Jian Zi Sheng junior OCR coverage signals. Project-native original-equivalent variants; no direct textbook exercise text is reproduced.,zh,CN,CN,中文校内,初中,production
jianzisheng_cn_junior_chapter_expansion_v1_cn-junior-g8-linear-slope_012,"一次函数图像经过点 (-3,2) 和 (1,14)，它的斜率是多少？",3,multiple_choice,A:12|B:4|C:-3|D:8|E:3,4,alg_graphing;alg_functions;geo_coordinate_geometry,slope_from_two_points;signed_number_operations,rate_of_change;coordinate_ratio,rise_run_confusion;sign_error,斜率 k=(y₂-y₁)/(x₂-x₁)=(14-2)/(1--3)=3。,CN Junior High Math,一次函数初步,cn-junior-g8-linear-slope,八年级：一次函数斜率,24791,jianzisheng_cn_junior_chapter_expansion_v1,local-ocr-derived: jianzisheng_cn_junior_grade8_batch2_v0; chapter=cn-junior-g8-linear-slope; expansion=v1,Honors,Algebra Readiness,cn_linear_slope_from_two_points,multiplicative_reasoning;signed_number_fluency,130,Chapter-level expansion from existing cleaned Jian Zi Sheng junior OCR coverage signals. Project-native original-equivalent variants; no direct textbook exercise text is reproduced.,zh,CN,CN,中文校内,初中,production
jianzisheng_cn_junior_chapter_expansion_v1_cn-junior-g8-linear-slope_013,"一次函数图像经过点 (-2,3) 和 (3,23)，它的斜率是多少？",4,multiple_choice,A:5|B:-4|C:9|D:4|E:20,4,alg_graphing;alg_functions;geo_coordinate_geometry,slope_from_two_points;signed_number_operations,rate_of_change;coordinate_ratio,rise_run_confusion;sign_error,斜率 k=(y₂-y₁)/(x₂-x₁)=(23-3)/(3--2)=4。,CN Junior High Math,一次函数初步,cn-junior-g8-linear-slope,八年级：一次函数斜率,24792,jianzisheng_cn_junior_chapter_expansion_v1,local-ocr-derived: jianzisheng_cn_junior_grade8_batch2_v0; chapter=cn-junior-g8-linear-slope; expansion=v1,Honors,Algebra Readiness,cn_linear_slope_from_two_points,multiplicative_reasoning;signed_number_fluency,130,Chapter-level expansion from existing cleaned Jian Zi Sheng junior OCR coverage signals. Project-native original-equivalent variants; no direct textbook exercise text is reproduced.,zh,CN,CN,中文校内,初中,production
jianzisheng_cn_junior_chapter_expansion_v1_cn-junior-g8-linear-slope_014,"一次函数图像经过点 (-1,4) 和 (1,0)，它的斜率是多少？",-2,multiple_choice,A:-1|B:3|C:-2|D:-4|E:2,4,alg_graphing;alg_functions;geo_coordinate_geometry,slope_from_two_points;signed_number_operations,rate_of_change;coordinate_ratio,rise_run_confusion;sign_error,斜率 k=(y₂-y₁)/(x₂-x₁)=(0-4)/(1--1)=-2。,CN Junior High Math,一次函数初步,cn-junior-g8-linear-slope,八年级：一次函数斜率,24793,jianzisheng_cn_junior_chapter_expansion_v1,local-ocr-derived: jianzisheng_cn_junior_grade8_batch2_v0; chapter=cn-junior-g8-linear-slope; expansion=v1,Honors,Algebra Readiness,cn_linear_slope_from_two_points,multiplicative_reasoning;signed_number_fluency,130,Chapter-level expansion from existing cleaned Jian Zi Sheng junior OCR coverage signals. Project-native original-equivalent variants; no direct textbook exercise text is reproduced.,zh,CN,CN,中文校内,初中,production
jianzisheng_cn_junior_chapter_expansion_v1_cn-junior-g8-linear-modeling_001,某水箱原有 12 升水，每分钟增加 9 升。10 分钟后水箱中有多少升水？,102,multiple_choice,A:102|B:31|C:90|D:129|E:111,3,alg_functions;alg_linear_equations;prealg_word_to_equation,linear_modeling;word_to_expression,initial_value_plus_rate;real_world_linear_model,rate_total_confusion;missing_initial_value,总量=初始量+每分钟增加量×时间，所以 12+9×10=102。,CN Junior High Math,一次函数初步,cn-junior-g8-linear-modeling,八年级：一次函数实际问题,24800,jianzisheng_cn_junior_chapter_expansion_v1,local-ocr-derived: jianzisheng_cn_junior_grade8_batch2_v0; chapter=cn-junior-g8-linear-modeling; expansion=v1,Standard,Algebra Readiness,cn_linear_modeling,modeling;operation_selection,110,Chapter-level expansion from existing cleaned Jian Zi Sheng junior OCR coverage signals. Project-native original-equivalent variants; no direct textbook exercise text is reproduced.,zh,CN,CN,中文校内,初中,production
jianzisheng_cn_junior_chapter_expansion_v1_cn-junior-g8-linear-modeling_002,某水箱原有 13 升水，每分钟增加 2 升。11 分钟后水箱中有多少升水？,35,multiple_choice,A:26|B:22|C:145|D:37|E:35,3,alg_functions;alg_linear_equations;prealg_word_to_equation,linear_modeling;word_to_expression,initial_value_plus_rate;real_world_linear_model,rate_total_confusion;missing_initial_value,总量=初始量+每分钟增加量×时间，所以 13+2×11=35。,CN Junior High Math,一次函数初步,cn-junior-g8-linear-modeling,八年级：一次函数实际问题,24801,jianzisheng_cn_junior_chapter_expansion_v1,local-ocr-derived: jianzisheng_cn_junior_grade8_batch2_v0; chapter=cn-junior-g8-linear-modeling; expansion=v1,Standard,Algebra Readiness,cn_linear_modeling,modeling;operation_selection,110,Chapter-level expansion from existing cleaned Jian Zi Sheng junior OCR coverage signals. Project-native original-equivalent variants; no direct textbook exercise text is reproduced.,zh,CN,CN,中文校内,初中,production
jianzisheng_cn_junior_chapter_expansion_v1_cn-junior-g8-linear-modeling_003,某水箱原有 14 升水，每分钟增加 3 升。3 分钟后水箱中有多少升水？,23,multiple_choice,A:9|B:45|C:26|D:23|E:20,3,alg_functions;alg_linear_equations;prealg_word_to_equation,linear_modeling;word_to_expression,initial_value_plus_rate;real_world_linear_model,rate_total_confusion;missing_initial_value,总量=初始量+每分钟增加量×时间，所以 14+3×3=23。,CN Junior High Math,一次函数初步,cn-junior-g8-linear-modeling,八年级：一次函数实际问题,24802,jianzisheng_cn_junior_chapter_expansion_v1,local-ocr-derived: jianzisheng_cn_junior_grade8_batch2_v0; chapter=cn-junior-g8-linear-modeling; expansion=v1,Standard,Algebra Readiness,cn_linear_modeling,modeling;operation_selection,110,Chapter-level expansion from existing cleaned Jian Zi Sheng junior OCR coverage signals. Project-native original-equivalent variants; no direct textbook exercise text is reproduced.,zh,CN,CN,中文校内,初中,production
jianzisheng_cn_junior_chapter_expansion_v1_cn-junior-g8-linear-modeling_004,某水箱原有 15 升水，每分钟增加 4 升。4 分钟后水箱中有多少升水？,31,multiple_choice,A:64|B:35|C:31|D:23|E:16,3,alg_functions;alg_linear_equations;prealg_word_to_equation,linear_modeling;word_to_expression,initial_value_plus_rate;real_world_linear_model,rate_total_confusion;missing_initial_value,总量=初始量+每分钟增加量×时间，所以 15+4×4=31。,CN Junior High Math,一次函数初步,cn-junior-g8-linear-modeling,八年级：一次函数实际问题,24803,jianzisheng_cn_junior_chapter_expansion_v1,local-ocr-derived: jianzisheng_cn_junior_grade8_batch2_v0; chapter=cn-junior-g8-linear-modeling; expansion=v1,Standard,Algebra Readiness,cn_linear_modeling,modeling;operation_selection,110,Chapter-level expansion from existing cleaned Jian Zi Sheng junior OCR coverage signals. Project-native original-equivalent variants; no direct textbook exercise text is reproduced.,zh,CN,CN,中文校内,初中,production
jianzisheng_cn_junior_chapter_expansion_v1_cn-junior-g8-linear-modeling_005,某水箱原有 16 升水，每分钟增加 5 升。5 分钟后水箱中有多少升水？,41,multiple_choice,A:46|B:41|C:26|D:25|E:85,3,alg_functions;alg_linear_equations;prealg_word_to_equation,linear_modeling;word_to_expression,initial_value_plus_rate;real_world_linear_model,rate_total_confusion;missing_initial_value,总量=初始量+每分钟增加量×时间，所以 16+5×5=41。,CN Junior High Math,一次函数初步,cn-junior-g8-linear-modeling,八年级：一次函数实际问题,24804,jianzisheng_cn_junior_chapter_expansion_v1,local-ocr-derived: jianzisheng_cn_junior_grade8_batch2_v0; chapter=cn-junior-g8-linear-modeling; expansion=v1,Standard,Algebra Readiness,cn_linear_modeling,modeling;operation_selection,110,Chapter-level expansion from existing cleaned Jian Zi Sheng junior OCR coverage signals. Project-native original-equivalent variants; no direct textbook exercise text is reproduced.,zh,CN,CN,中文校内,初中,production
jianzisheng_cn_junior_chapter_expansion_v1_cn-junior-g8-linear-modeling_006,某水箱原有 17 升水，每分钟增加 6 升。6 分钟后水箱中有多少升水？,53,multiple_choice,A:53|B:29|C:36|D:108|E:59,3,alg_functions;alg_linear_equations;prealg_word_to_equation,linear_modeling;word_to_expression,initial_value_plus_rate;real_world_linear_model,rate_total_confusion;missing_initial_value,总量=初始量+每分钟增加量×时间，所以 17+6×6=53。,CN Junior High Math,一次函数初步,cn-junior-g8-linear-modeling,八年级：一次函数实际问题,24805,jianzisheng_cn_junior_chapter_expansion_v1,local-ocr-derived: jianzisheng_cn_junior_grade8_batch2_v0; chapter=cn-junior-g8-linear-modeling; expansion=v1,Standard,Algebra Readiness,cn_linear_modeling,modeling;operation_selection,110,Chapter-level expansion from existing cleaned Jian Zi Sheng junior OCR coverage signals. Project-native original-equivalent variants; no direct textbook exercise text is reproduced.,zh,CN,CN,中文校内,初中,production
jianzisheng_cn_junior_chapter_expansion_v1_cn-junior-g8-linear-modeling_007,某水箱原有 18 升水，每分钟增加 7 升。7 分钟后水箱中有多少升水？,67,multiple_choice,A:32|B:49|C:133|D:74|E:67,3,alg_functions;alg_linear_equations;prealg_word_to_equation,linear_modeling;word_to_expression,initial_value_plus_rate;real_world_linear_model,rate_total_confusion;missing_initial_value,总量=初始量+每分钟增加量×时间，所以 18+7×7=67。,CN Junior High Math,一次函数初步,cn-junior-g8-linear-modeling,八年级：一次函数实际问题,24806,jianzisheng_cn_junior_chapter_expansion_v1,local-ocr-derived: jianzisheng_cn_junior_grade8_batch2_v0; chapter=cn-junior-g8-linear-modeling; expansion=v1,Standard,Algebra Readiness,cn_linear_modeling,modeling;operation_selection,110,Chapter-level expansion from existing cleaned Jian Zi Sheng junior OCR coverage signals. Project-native original-equivalent variants; no direct textbook exercise text is reproduced.,zh,CN,CN,中文校内,初中,production
jianzisheng_cn_junior_chapter_expansion_v1_cn-junior-g8-linear-modeling_008,某水箱原有 19 升水，每分钟增加 8 升。8 分钟后水箱中有多少升水？,83,multiple_choice,A:64|B:160|C:91|D:83|E:35,3,alg_functions;alg_linear_equations;prealg_word_to_equation,linear_modeling;word_to_expression,initial_value_plus_rate;real_world_linear_model,rate_total_confusion;missing_initial_value,总量=初始量+每分钟增加量×时间，所以 19+8×8=83。,CN Junior High Math,一次函数初步,cn-junior-g8-linear-modeling,八年级：一次函数实际问题,24807,jianzisheng_cn_junior_chapter_expansion_v1,local-ocr-derived: jianzisheng_cn_junior_grade8_batch2_v0; chapter=cn-junior-g8-linear-modeling; expansion=v1,Standard,Algebra Readiness,cn_linear_modeling,modeling;operation_selection,110,Chapter-level expansion from existing cleaned Jian Zi Sheng junior OCR coverage signals. Project-native original-equivalent variants; no direct textbook exercise text is reproduced.,zh,CN,CN,中文校内,初中,production
jianzisheng_cn_junior_chapter_expansion_v1_cn-junior-g8-linear-modeling_009,某水箱原有 20 升水，每分钟增加 9 升。9 分钟后水箱中有多少升水？,101,multiple_choice,A:189|B:110|C:101|D:38|E:81,3,alg_functions;alg_linear_equations;prealg_word_to_equation,linear_modeling;word_to_expression,initial_value_plus_rate;real_world_linear_model,rate_total_confusion;missing_initial_value,总量=初始量+每分钟增加量×时间，所以 20+9×9=101。,CN Junior High Math,一次函数初步,cn-junior-g8-linear-modeling,八年级：一次函数实际问题,24808,jianzisheng_cn_junior_chapter_expansion_v1,local-ocr-derived: jianzisheng_cn_junior_grade8_batch2_v0; chapter=cn-junior-g8-linear-modeling; expansion=v1,Standard,Algebra Readiness,cn_linear_modeling,modeling;operation_selection,110,Chapter-level expansion from existing cleaned Jian Zi Sheng junior OCR coverage signals. Project-native original-equivalent variants; no direct textbook exercise text is reproduced.,zh,CN,CN,中文校内,初中,production
jianzisheng_cn_junior_chapter_expansion_v1_cn-junior-g8-linear-modeling_010,某水箱原有 21 升水，每分钟增加 2 升。10 分钟后水箱中有多少升水？,41,multiple_choice,A:43|B:41|C:33|D:20|E:212,3,alg_functions;alg_linear_equations;prealg_word_to_equation,linear_modeling;word_to_expression,initial_value_plus_rate;real_world_linear_model,rate_total_confusion;missing_initial_value,总量=初始量+每分钟增加量×时间，所以 21+2×10=41。,CN Junior High Math,一次函数初步,cn-junior-g8-linear-modeling,八年级：一次函数实际问题,24809,jianzisheng_cn_junior_chapter_expansion_v1,local-ocr-derived: jianzisheng_cn_junior_grade8_batch2_v0; chapter=cn-junior-g8-linear-modeling; expansion=v1,Standard,Algebra Readiness,cn_linear_modeling,modeling;operation_selection,110,Chapter-level expansion from existing cleaned Jian Zi Sheng junior OCR coverage signals. Project-native original-equivalent variants; no direct textbook exercise text is reproduced.,zh,CN,CN,中文校内,初中,production
jianzisheng_cn_junior_chapter_expansion_v1_cn-junior-g8-linear-modeling_011,某水箱原有 22 升水，每分钟增加 3 升。11 分钟后水箱中有多少升水？,55,multiple_choice,A:55|B:36|C:33|D:245|E:58,3,alg_functions;alg_linear_equations;prealg_word_to_equation,linear_modeling;word_to_expression,initial_value_plus_rate;real_world_linear_model,rate_total_confusion;missing_initial_value,总量=初始量+每分钟增加量×时间，所以 22+3×11=55。,CN Junior High Math,一次函数初步,cn-junior-g8-linear-modeling,八年级：一次函数实际问题,24810,jianzisheng_cn_junior_chapter_expansion_v1,local-ocr-derived: jianzisheng_cn_junior_grade8_batch2_v0; chapter=cn-junior-g8-linear-modeling; expansion=v1,Standard,Algebra Readiness,cn_linear_modeling,modeling;operation_selection,110,Chapter-level expansion from existing cleaned Jian Zi Sheng junior OCR coverage signals. Project-native original-equivalent variants; no direct textbook exercise text is reproduced.,zh,CN,CN,中文校内,初中,production
jianzisheng_cn_junior_chapter_expansion_v1_cn-junior-g8-linear-modeling_012,某水箱原有 23 升水，每分钟增加 4 升。3 分钟后水箱中有多少升水？,35,multiple_choice,A:30|B:12|C:73|D:39|E:35,3,alg_functions;alg_linear_equations;prealg_word_to_equation,linear_modeling;word_to_expression,initial_value_plus_rate;real_world_linear_model,rate_total_confusion;missing_initial_value,总量=初始量+每分钟增加量×时间，所以 23+4×3=35。,CN Junior High Math,一次函数初步,cn-junior-g8-linear-modeling,八年级：一次函数实际问题,24811,jianzisheng_cn_junior_chapter_expansion_v1,local-ocr-derived: jianzisheng_cn_junior_grade8_batch2_v0; chapter=cn-junior-g8-linear-modeling; expansion=v1,Standard,Algebra Readiness,cn_linear_modeling,modeling;operation_selection,110,Chapter-level expansion from existing cleaned Jian Zi Sheng junior OCR coverage signals. Project-native original-equivalent variants; no direct textbook exercise text is reproduced.,zh,CN,CN,中文校内,初中,production
jianzisheng_cn_junior_chapter_expansion_v1_cn-junior-g8-linear-modeling_013,某水箱原有 24 升水，每分钟增加 5 升。4 分钟后水箱中有多少升水？,44,multiple_choice,A:20|B:101|C:49|D:44|E:33,3,alg_functions;alg_linear_equations;prealg_word_to_equation,linear_modeling;word_to_expression,initial_value_plus_rate;real_world_linear_model,rate_total_confusion;missing_initial_value,总量=初始量+每分钟增加量×时间，所以 24+5×4=44。,CN Junior High Math,一次函数初步,cn-junior-g8-linear-modeling,八年级：一次函数实际问题,24812,jianzisheng_cn_junior_chapter_expansion_v1,local-ocr-derived: jianzisheng_cn_junior_grade8_batch2_v0; chapter=cn-junior-g8-linear-modeling; expansion=v1,Standard,Algebra Readiness,cn_linear_modeling,modeling;operation_selection,110,Chapter-level expansion from existing cleaned Jian Zi Sheng junior OCR coverage signals. Project-native original-equivalent variants; no direct textbook exercise text is reproduced.,zh,CN,CN,中文校内,初中,production
jianzisheng_cn_junior_chapter_expansion_v1_cn-junior-g8-linear-modeling_014,某水箱原有 5 升水，每分钟增加 6 升。5 分钟后水箱中有多少升水？,35,multiple_choice,A:31|B:41|C:35|D:16|E:30,3,alg_functions;alg_linear_equations;prealg_word_to_equation,linear_modeling;word_to_expression,initial_value_plus_rate;real_world_linear_model,rate_total_confusion;missing_initial_value,总量=初始量+每分钟增加量×时间，所以 5+6×5=35。,CN Junior High Math,一次函数初步,cn-junior-g8-linear-modeling,八年级：一次函数实际问题,24813,jianzisheng_cn_junior_chapter_expansion_v1,local-ocr-derived: jianzisheng_cn_junior_grade8_batch2_v0; chapter=cn-junior-g8-linear-modeling; expansion=v1,Standard,Algebra Readiness,cn_linear_modeling,modeling;operation_selection,110,Chapter-level expansion from existing cleaned Jian Zi Sheng junior OCR coverage signals. Project-native original-equivalent variants; no direct textbook exercise text is reproduced.,zh,CN,CN,中文校内,初中,production
jianzisheng_cn_junior_chapter_expansion_v1_cn-junior-g8-similarity_001,两个三角形相似。小三角形一边长为 3，对应的大三角形边长为 15。若小三角形另一边长为 9，则大三角形对应边长是多少？,45,multiple_choice,A:45|B:24|C:14|D:2|E:48,4,geo_similarity;arith_proportions;geo_triangles,similarity_ratio;proportional_reasoning,scale_factor;corresponding_sides,additive_scaling_error;correspondence_error,相似比为 5，所以对应边为 9×5=45。,CN Junior High Math,相似三角形,cn-junior-g8-similarity,八年级：相似三角形比例,24820,jianzisheng_cn_junior_chapter_expansion_v1,local-ocr-derived: jianzisheng_cn_junior_grade8_batch3_v0; chapter=cn-junior-g8-similarity; expansion=v1,Honors,AMC8 Transfer,cn_similarity_scale_factor,multiplicative_reasoning;structure_recognition,130,Chapter-level expansion from existing cleaned Jian Zi Sheng junior OCR coverage signals. Project-native original-equivalent variants; no direct textbook exercise text is reproduced.,zh,CN,CN,中文校内,初中,production
jianzisheng_cn_junior_chapter_expansion_v1_cn-junior-g8-similarity_002,两个三角形相似。小三角形一边长为 4，对应的大三角形边长为 8。若小三角形另一边长为 11，则大三角形对应边长是多少？,22,multiple_choice,A:19|B:13|C:6|D:26|E:22,4,geo_similarity;arith_proportions;geo_triangles,similarity_ratio;proportional_reasoning,scale_factor;corresponding_sides,additive_scaling_error;correspondence_error,相似比为 2，所以对应边为 11×2=22。,CN Junior High Math,相似三角形,cn-junior-g8-similarity,八年级：相似三角形比例,24821,jianzisheng_cn_junior_chapter_expansion_v1,local-ocr-derived: jianzisheng_cn_junior_grade8_batch3_v0; chapter=cn-junior-g8-similarity; expansion=v1,Honors,AMC8 Transfer,cn_similarity_scale_factor,multiplicative_reasoning;structure_recognition,130,Chapter-level expansion from existing cleaned Jian Zi Sheng junior OCR coverage signals. Project-native original-equivalent variants; no direct textbook exercise text is reproduced.,zh,CN,CN,中文校内,初中,production
jianzisheng_cn_junior_chapter_expansion_v1_cn-junior-g8-similarity_003,两个三角形相似。小三角形一边长为 5，对应的大三角形边长为 15。若小三角形另一边长为 4，则大三角形对应边长是多少？,12,multiple_choice,A:7|B:1|C:17|D:12|E:19,4,geo_similarity;arith_proportions;geo_triangles,similarity_ratio;proportional_reasoning,scale_factor;corresponding_sides,additive_scaling_error;correspondence_error,相似比为 3，所以对应边为 4×3=12。,CN Junior High Math,相似三角形,cn-junior-g8-similarity,八年级：相似三角形比例,24822,jianzisheng_cn_junior_chapter_expansion_v1,local-ocr-derived: jianzisheng_cn_junior_grade8_batch3_v0; chapter=cn-junior-g8-similarity; expansion=v1,Honors,AMC8 Transfer,cn_similarity_scale_factor,multiplicative_reasoning;structure_recognition,130,Chapter-level expansion from existing cleaned Jian Zi Sheng junior OCR coverage signals. Project-native original-equivalent variants; no direct textbook exercise text is reproduced.,zh,CN,CN,中文校内,初中,production
jianzisheng_cn_junior_chapter_expansion_v1_cn-junior-g8-similarity_004,两个三角形相似。小三角形一边长为 6，对应的大三角形边长为 24。若小三角形另一边长为 6，则大三角形对应边长是多少？,24,multiple_choice,A:2|B:29|C:24|D:30|E:10,4,geo_similarity;arith_proportions;geo_triangles,similarity_ratio;proportional_reasoning,scale_factor;corresponding_sides,additive_scaling_error;correspondence_error,相似比为 4，所以对应边为 6×4=24。,CN Junior High Math,相似三角形,cn-junior-g8-similarity,八年级：相似三角形比例,24823,jianzisheng_cn_junior_chapter_expansion_v1,local-ocr-derived: jianzisheng_cn_junior_grade8_batch3_v0; chapter=cn-junior-g8-similarity; expansion=v1,Honors,AMC8 Transfer,cn_similarity_scale_factor,multiplicative_reasoning;structure_recognition,130,Chapter-level expansion from existing cleaned Jian Zi Sheng junior OCR coverage signals. Project-native original-equivalent variants; no direct textbook exercise text is reproduced.,zh,CN,CN,中文校内,初中,production
jianzisheng_cn_junior_chapter_expansion_v1_cn-junior-g8-similarity_005,两个三角形相似。小三角形一边长为 7，对应的大三角形边长为 35。若小三角形另一边长为 8，则大三角形对应边长是多少？,40,multiple_choice,A:47|B:40|C:43|D:13|E:2,4,geo_similarity;arith_proportions;geo_triangles,similarity_ratio;proportional_reasoning,scale_factor;corresponding_sides,additive_scaling_error;correspondence_error,相似比为 5，所以对应边为 8×5=40。,CN Junior High Math,相似三角形,cn-junior-g8-similarity,八年级：相似三角形比例,24824,jianzisheng_cn_junior_chapter_expansion_v1,local-ocr-derived: jianzisheng_cn_junior_grade8_batch3_v0; chapter=cn-junior-g8-similarity; expansion=v1,Honors,AMC8 Transfer,cn_similarity_scale_factor,multiplicative_reasoning;structure_recognition,130,Chapter-level expansion from existing cleaned Jian Zi Sheng junior OCR coverage signals. Project-native original-equivalent variants; no direct textbook exercise text is reproduced.,zh,CN,CN,中文校内,初中,production
jianzisheng_cn_junior_chapter_expansion_v1_cn-junior-g8-similarity_006,两个三角形相似。小三角形一边长为 8，对应的大三角形边长为 16。若小三角形另一边长为 10，则大三角形对应边长是多少？,20,multiple_choice,A:20|B:26|C:12|D:5|E:28,4,geo_similarity;arith_proportions;geo_triangles,similarity_ratio;proportional_reasoning,scale_factor;corresponding_sides,additive_scaling_error;correspondence_error,相似比为 2，所以对应边为 10×2=20。,CN Junior High Math,相似三角形,cn-junior-g8-similarity,八年级：相似三角形比例,24825,jianzisheng_cn_junior_chapter_expansion_v1,local-ocr-derived: jianzisheng_cn_junior_grade8_batch3_v0; chapter=cn-junior-g8-similarity; expansion=v1,Honors,AMC8 Transfer,cn_similarity_scale_factor,multiplicative_reasoning;structure_recognition,130,Chapter-level expansion from existing cleaned Jian Zi Sheng junior OCR coverage signals. Project-native original-equivalent variants; no direct textbook exercise text is reproduced.,zh,CN,CN,中文校内,初中,production
jianzisheng_cn_junior_chapter_expansion_v1_cn-junior-g8-similarity_007,两个三角形相似。小三角形一边长为 9，对应的大三角形边长为 27。若小三角形另一边长为 12，则大三角形对应边长是多少？,36,multiple_choice,A:39|B:15|C:4|D:45|E:36,4,geo_similarity;arith_proportions;geo_triangles,similarity_ratio;proportional_reasoning,scale_factor;corresponding_sides,additive_scaling_error;correspondence_error,相似比为 3，所以对应边为 12×3=36。,CN Junior High Math,相似三角形,cn-junior-g8-similarity,八年级：相似三角形比例,24826,jianzisheng_cn_junior_chapter_expansion_v1,local-ocr-derived: jianzisheng_cn_junior_grade8_batch3_v0; chapter=cn-junior-g8-similarity; expansion=v1,Honors,AMC8 Transfer,cn_similarity_scale_factor,multiplicative_reasoning;structure_recognition,130,Chapter-level expansion from existing cleaned Jian Zi Sheng junior OCR coverage signals. Project-native original-equivalent variants; no direct textbook exercise text is reproduced.,zh,CN,CN,中文校内,初中,production
jianzisheng_cn_junior_chapter_expansion_v1_cn-junior-g8-similarity_008,两个三角形相似。小三角形一边长为 3，对应的大三角形边长为 12。若小三角形另一边长为 5，则大三角形对应边长是多少？,20,multiple_choice,A:9|B:1|C:23|D:20|E:17,4,geo_similarity;arith_proportions;geo_triangles,similarity_ratio;proportional_reasoning,scale_factor;corresponding_sides,additive_scaling_error;correspondence_error,相似比为 4，所以对应边为 5×4=20。,CN Junior High Math,相似三角形,cn-junior-g8-similarity,八年级：相似三角形比例,24827,jianzisheng_cn_junior_chapter_expansion_v1,local-ocr-derived: jianzisheng_cn_junior_grade8_batch3_v0; chapter=cn-junior-g8-similarity; expansion=v1,Honors,AMC8 Transfer,cn_similarity_scale_factor,multiplicative_reasoning;structure_recognition,130,Chapter-level expansion from existing cleaned Jian Zi Sheng junior OCR coverage signals. Project-native original-equivalent variants; no direct textbook exercise text is reproduced.,zh,CN,CN,中文校内,初中,production
jianzisheng_cn_junior_chapter_expansion_v1_cn-junior-g8-similarity_009,两个三角形相似。小三角形一边长为 4，对应的大三角形边长为 20。若小三角形另一边长为 7，则大三角形对应边长是多少？,35,multiple_choice,A:1|B:39|C:35|D:27|E:12,4,geo_similarity;arith_proportions;geo_triangles,similarity_ratio;proportional_reasoning,scale_factor;corresponding_sides,additive_scaling_error;correspondence_error,相似比为 5，所以对应边为 7×5=35。,CN Junior High Math,相似三角形,cn-junior-g8-similarity,八年级：相似三角形比例,24828,jianzisheng_cn_junior_chapter_expansion_v1,local-ocr-derived: jianzisheng_cn_junior_grade8_batch3_v0; chapter=cn-junior-g8-similarity; expansion=v1,Honors,AMC8 Transfer,cn_similarity_scale_factor,multiplicative_reasoning;structure_recognition,130,Chapter-level expansion from existing cleaned Jian Zi Sheng junior OCR coverage signals. Project-native original-equivalent variants; no direct textbook exercise text is reproduced.,zh,CN,CN,中文校内,初中,production
jianzisheng_cn_junior_chapter_expansion_v1_cn-junior-g8-similarity_010,两个三角形相似。小三角形一边长为 5，对应的大三角形边长为 10。若小三角形另一边长为 9，则大三角形对应边长是多少？,18,multiple_choice,A:23|B:18|C:19|D:11|E:5,4,geo_similarity;arith_proportions;geo_triangles,similarity_ratio;proportional_reasoning,scale_factor;corresponding_sides,additive_scaling_error;correspondence_error,相似比为 2，所以对应边为 9×2=18。,CN Junior High Math,相似三角形,cn-junior-g8-similarity,八年级：相似三角形比例,24829,jianzisheng_cn_junior_chapter_expansion_v1,local-ocr-derived: jianzisheng_cn_junior_grade8_batch3_v0; chapter=cn-junior-g8-similarity; expansion=v1,Honors,AMC8 Transfer,cn_similarity_scale_factor,multiplicative_reasoning;structure_recognition,130,Chapter-level expansion from existing cleaned Jian Zi Sheng junior OCR coverage signals. Project-native original-equivalent variants; no direct textbook exercise text is reproduced.,zh,CN,CN,中文校内,初中,production
jianzisheng_cn_junior_chapter_expansion_v1_cn-junior-g8-similarity_011,两个三角形相似。小三角形一边长为 6，对应的大三角形边长为 18。若小三角形另一边长为 11，则大三角形对应边长是多少？,33,multiple_choice,A:33|B:29|C:14|D:4|E:39,4,geo_similarity;arith_proportions;geo_triangles,similarity_ratio;proportional_reasoning,scale_factor;corresponding_sides,additive_scaling_error;correspondence_error,相似比为 3，所以对应边为 11×3=33。,CN Junior High Math,相似三角形,cn-junior-g8-similarity,八年级：相似三角形比例,24830,jianzisheng_cn_junior_chapter_expansion_v1,local-ocr-derived: jianzisheng_cn_junior_grade8_batch3_v0; chapter=cn-junior-g8-similarity; expansion=v1,Honors,AMC8 Transfer,cn_similarity_scale_factor,multiplicative_reasoning;structure_recognition,130,Chapter-level expansion from existing cleaned Jian Zi Sheng junior OCR coverage signals. Project-native original-equivalent variants; no direct textbook exercise text is reproduced.,zh,CN,CN,中文校内,初中,production
jianzisheng_cn_junior_chapter_expansion_v1_cn-junior-g8-similarity_012,两个三角形相似。小三角形一边长为 7，对应的大三角形边长为 28。若小三角形另一边长为 4，则大三角形对应边长是多少？,16,multiple_choice,A:32|B:8|C:1|D:23|E:16,4,geo_similarity;arith_proportions;geo_triangles,similarity_ratio;proportional_reasoning,scale_factor;corresponding_sides,additive_scaling_error;correspondence_error,相似比为 4，所以对应边为 4×4=16。,CN Junior High Math,相似三角形,cn-junior-g8-similarity,八年级：相似三角形比例,24831,jianzisheng_cn_junior_chapter_expansion_v1,local-ocr-derived: jianzisheng_cn_junior_grade8_batch3_v0; chapter=cn-junior-g8-similarity; expansion=v1,Honors,AMC8 Transfer,cn_similarity_scale_factor,multiplicative_reasoning;structure_recognition,130,Chapter-level expansion from existing cleaned Jian Zi Sheng junior OCR coverage signals. Project-native original-equivalent variants; no direct textbook exercise text is reproduced.,zh,CN,CN,中文校内,初中,production
jianzisheng_cn_junior_chapter_expansion_v1_cn-junior-g8-similarity_013,两个三角形相似。小三角形一边长为 8，对应的大三角形边长为 40。若小三角形另一边长为 6，则大三角形对应边长是多少？,30,multiple_choice,A:11|B:1|C:38|D:30|E:46,4,geo_similarity;arith_proportions;geo_triangles,similarity_ratio;proportional_reasoning,scale_factor;corresponding_sides,additive_scaling_error;correspondence_error,相似比为 5，所以对应边为 6×5=30。,CN Junior High Math,相似三角形,cn-junior-g8-similarity,八年级：相似三角形比例,24832,jianzisheng_cn_junior_chapter_expansion_v1,local-ocr-derived: jianzisheng_cn_junior_grade8_batch3_v0; chapter=cn-junior-g8-similarity; expansion=v1,Honors,AMC8 Transfer,cn_similarity_scale_factor,multiplicative_reasoning;structure_recognition,130,Chapter-level expansion from existing cleaned Jian Zi Sheng junior OCR coverage signals. Project-native original-equivalent variants; no direct textbook exercise text is reproduced.,zh,CN,CN,中文校内,初中,production
jianzisheng_cn_junior_chapter_expansion_v1_cn-junior-g8-similarity_014,两个三角形相似。小三角形一边长为 9，对应的大三角形边长为 18。若小三角形另一边长为 8，则大三角形对应边长是多少？,16,multiple_choice,A:4|B:25|C:16|D:26|E:10,4,geo_similarity;arith_proportions;geo_triangles,similarity_ratio;proportional_reasoning,scale_factor;corresponding_sides,additive_scaling_error;correspondence_error,相似比为 2，所以对应边为 8×2=16。,CN Junior High Math,相似三角形,cn-junior-g8-similarity,八年级：相似三角形比例,24833,jianzisheng_cn_junior_chapter_expansion_v1,local-ocr-derived: jianzisheng_cn_junior_grade8_batch3_v0; chapter=cn-junior-g8-similarity; expansion=v1,Honors,AMC8 Transfer,cn_similarity_scale_factor,multiplicative_reasoning;structure_recognition,130,Chapter-level expansion from existing cleaned Jian Zi Sheng junior OCR coverage signals. Project-native original-equivalent variants; no direct textbook exercise text is reproduced.,zh,CN,CN,中文校内,初中,production
jianzisheng_cn_junior_chapter_expansion_v1_cn-junior-g8-parallel-angles_001,两条平行线被一条直线所截。若一个相关角为 112°，目标角与它互补，目标角是多少度？,68,multiple_choice,A:68|B:112|C:78|D:58|E:73,3,geo_angles;geo_triangles,angle_chasing;parallel_line_angles,parallel_lines;angle_relationships,supplementary_vs_equal_error;angle_relation_mismatch,互补角和为 180°，所以目标角为 68°。,CN Junior High Math,几何基础,cn-junior-g8-parallel-angles,八年级：平行线角度关系,24840,jianzisheng_cn_junior_chapter_expansion_v1,local-ocr-derived: jianzisheng_cn_junior_grade8_batch3_v0; chapter=cn-junior-g8-parallel-angles; expansion=v1,Standard,Bridge,cn_parallel_angle_chasing,geometric_reasoning;relation_selection,110,Chapter-level expansion from existing cleaned Jian Zi Sheng junior OCR coverage signals. Project-native original-equivalent variants; no direct textbook exercise text is reproduced.,zh,CN,CN,中文校内,初中,production
jianzisheng_cn_junior_chapter_expansion_v1_cn-junior-g8-parallel-angles_002,两条平行线被一条直线所截。若一个相关角为 123°，目标角与它相等，目标角是多少度？,123,multiple_choice,A:57|B:133|C:113|D:128|E:123,3,geo_angles;geo_triangles,angle_chasing;parallel_line_angles,parallel_lines;angle_relationships,supplementary_vs_equal_error;angle_relation_mismatch,对应角或内错角相等，所以目标角为 123°。,CN Junior High Math,几何基础,cn-junior-g8-parallel-angles,八年级：平行线角度关系,24841,jianzisheng_cn_junior_chapter_expansion_v1,local-ocr-derived: jianzisheng_cn_junior_grade8_batch3_v0; chapter=cn-junior-g8-parallel-angles; expansion=v1,Standard,Bridge,cn_parallel_angle_chasing,geometric_reasoning;relation_selection,110,Chapter-level expansion from existing cleaned Jian Zi Sheng junior OCR coverage signals. Project-native original-equivalent variants; no direct textbook exercise text is reproduced.,zh,CN,CN,中文校内,初中,production
jianzisheng_cn_junior_chapter_expansion_v1_cn-junior-g8-parallel-angles_003,两条平行线被一条直线所截。若一个相关角为 134°，目标角与它互补，目标角是多少度？,46,multiple_choice,A:56|B:36|C:51|D:46|E:134,3,geo_angles;geo_triangles,angle_chasing;parallel_line_angles,parallel_lines;angle_relationships,supplementary_vs_equal_error;angle_relation_mismatch,互补角和为 180°，所以目标角为 46°。,CN Junior High Math,几何基础,cn-junior-g8-parallel-angles,八年级：平行线角度关系,24842,jianzisheng_cn_junior_chapter_expansion_v1,local-ocr-derived: jianzisheng_cn_junior_grade8_batch3_v0; chapter=cn-junior-g8-parallel-angles; expansion=v1,Standard,Bridge,cn_parallel_angle_chasing,geometric_reasoning;relation_selection,110,Chapter-level expansion from existing cleaned Jian Zi Sheng junior OCR coverage signals. Project-native original-equivalent variants; no direct textbook exercise text is reproduced.,zh,CN,CN,中文校内,初中,production
jianzisheng_cn_junior_chapter_expansion_v1_cn-junior-g8-parallel-angles_004,两条平行线被一条直线所截。若一个相关角为 35°，目标角与它相等，目标角是多少度？,35,multiple_choice,A:25|B:40|C:35|D:145|E:45,3,geo_angles;geo_triangles,angle_chasing;parallel_line_angles,parallel_lines;angle_relationships,supplementary_vs_equal_error;angle_relation_mismatch,对应角或内错角相等，所以目标角为 35°。,CN Junior High Math,几何基础,cn-junior-g8-parallel-angles,八年级：平行线角度关系,24843,jianzisheng_cn_junior_chapter_expansion_v1,local-ocr-derived: jianzisheng_cn_junior_grade8_batch3_v0; chapter=cn-junior-g8-parallel-angles; expansion=v1,Standard,Bridge,cn_parallel_angle_chasing,geometric_reasoning;relation_selection,110,Chapter-level expansion from existing cleaned Jian Zi Sheng junior OCR coverage signals. Project-native original-equivalent variants; no direct textbook exercise text is reproduced.,zh,CN,CN,中文校内,初中,production
jianzisheng_cn_junior_chapter_expansion_v1_cn-junior-g8-parallel-angles_005,两条平行线被一条直线所截。若一个相关角为 46°，目标角与它互补，目标角是多少度？,134,multiple_choice,A:139|B:134|C:46|D:144|E:124,3,geo_angles;geo_triangles,angle_chasing;parallel_line_angles,parallel_lines;angle_relationships,supplementary_vs_equal_error;angle_relation_mismatch,互补角和为 180°，所以目标角为 134°。,CN Junior High Math,几何基础,cn-junior-g8-parallel-angles,八年级：平行线角度关系,24844,jianzisheng_cn_junior_chapter_expansion_v1,local-ocr-derived: jianzisheng_cn_junior_grade8_batch3_v0; chapter=cn-junior-g8-parallel-angles; expansion=v1,Standard,Bridge,cn_parallel_angle_chasing,geometric_reasoning;relation_selection,110,Chapter-level expansion from existing cleaned Jian Zi Sheng junior OCR coverage signals. Project-native original-equivalent variants; no direct textbook exercise text is reproduced.,zh,CN,CN,中文校内,初中,production
jianzisheng_cn_junior_chapter_expansion_v1_cn-junior-g8-parallel-angles_006,两条平行线被一条直线所截。若一个相关角为 57°，目标角与它相等，目标角是多少度？,57,multiple_choice,A:57|B:123|C:67|D:47|E:62,3,geo_angles;geo_triangles,angle_chasing;parallel_line_angles,parallel_lines;angle_relationships,supplementary_vs_equal_error;angle_relation_mismatch,对应角或内错角相等，所以目标角为 57°。,CN Junior High Math,几何基础,cn-junior-g8-parallel-angles,八年级：平行线角度关系,24845,jianzisheng_cn_junior_chapter_expansion_v1,local-ocr-derived: jianzisheng_cn_junior_grade8_batch3_v0; chapter=cn-junior-g8-parallel-angles; expansion=v1,Standard,Bridge,cn_parallel_angle_chasing,geometric_reasoning;relation_selection,110,Chapter-level expansion from existing cleaned Jian Zi Sheng junior OCR coverage signals. Project-native original-equivalent variants; no direct textbook exercise text is reproduced.,zh,CN,CN,中文校内,初中,production
jianzisheng_cn_junior_chapter_expansion_v1_cn-junior-g8-parallel-angles_007,两条平行线被一条直线所截。若一个相关角为 68°，目标角与它互补，目标角是多少度？,112,multiple_choice,A:68|B:122|C:102|D:117|E:112,3,geo_angles;geo_triangles,angle_chasing;parallel_line_angles,parallel_lines;angle_relationships,supplementary_vs_equal_error;angle_relation_mismatch,互补角和为 180°，所以目标角为 112°。,CN Junior High Math,几何基础,cn-junior-g8-parallel-angles,八年级：平行线角度关系,24846,jianzisheng_cn_junior_chapter_expansion_v1,local-ocr-derived: jianzisheng_cn_junior_grade8_batch3_v0; chapter=cn-junior-g8-parallel-angles; expansion=v1,Standard,Bridge,cn_parallel_angle_chasing,geometric_reasoning;relation_selection,110,Chapter-level expansion from existing cleaned Jian Zi Sheng junior OCR coverage signals. Project-native original-equivalent variants; no direct textbook exercise text is reproduced.,zh,CN,CN,中文校内,初中,production
jianzisheng_cn_junior_chapter_expansion_v1_cn-junior-g8-parallel-angles_008,两条平行线被一条直线所截。若一个相关角为 79°，目标角与它相等，目标角是多少度？,79,multiple_choice,A:89|B:69|C:84|D:79|E:101,3,geo_angles;geo_triangles,angle_chasing;parallel_line_angles,parallel_lines;angle_relationships,supplementary_vs_equal_error;angle_relation_mismatch,对应角或内错角相等，所以目标角为 79°。,CN Junior High Math,几何基础,cn-junior-g8-parallel-angles,八年级：平行线角度关系,24847,jianzisheng_cn_junior_chapter_expansion_v1,local-ocr-derived: jianzisheng_cn_junior_grade8_batch3_v0; chapter=cn-junior-g8-parallel-angles; expansion=v1,Standard,Bridge,cn_parallel_angle_chasing,geometric_reasoning;relation_selection,110,Chapter-level expansion from existing cleaned Jian Zi Sheng junior OCR coverage signals. Project-native original-equivalent variants; no direct textbook exercise text is reproduced.,zh,CN,CN,中文校内,初中,production
jianzisheng_cn_junior_chapter_expansion_v1_cn-junior-g8-parallel-angles_009,两条平行线被一条直线所截。若一个相关角为 90°，目标角与它互补，目标角是多少度？,90,multiple_choice,A:94|B:95|C:90|D:100|E:80,3,geo_angles;geo_triangles,angle_chasing;parallel_line_angles,parallel_lines;angle_relationships,supplementary_vs_equal_error;angle_relation_mismatch,互补角和为 180°，所以目标角为 90°。,CN Junior High Math,几何基础,cn-junior-g8-parallel-angles,八年级：平行线角度关系,24848,jianzisheng_cn_junior_chapter_expansion_v1,local-ocr-derived: jianzisheng_cn_junior_grade8_batch3_v0; chapter=cn-junior-g8-parallel-angles; expansion=v1,Standard,Bridge,cn_parallel_angle_chasing,geometric_reasoning;relation_selection,110,Chapter-level expansion from existing cleaned Jian Zi Sheng junior OCR coverage signals. Project-native original-equivalent variants; no direct textbook exercise text is reproduced.,zh,CN,CN,中文校内,初中,production
jianzisheng_cn_junior_chapter_expansion_v1_cn-junior-g8-parallel-angles_010,两条平行线被一条直线所截。若一个相关角为 101°，目标角与它相等，目标角是多少度？,101,multiple_choice,A:106|B:101|C:79|D:111|E:91,3,geo_angles;geo_triangles,angle_chasing;parallel_line_angles,parallel_lines;angle_relationships,supplementary_vs_equal_error;angle_relation_mismatch,对应角或内错角相等，所以目标角为 101°。,CN Junior High Math,几何基础,cn-junior-g8-parallel-angles,八年级：平行线角度关系,24849,jianzisheng_cn_junior_chapter_expansion_v1,local-ocr-derived: jianzisheng_cn_junior_grade8_batch3_v0; chapter=cn-junior-g8-parallel-angles; expansion=v1,Standard,Bridge,cn_parallel_angle_chasing,geometric_reasoning;relation_selection,110,Chapter-level expansion from existing cleaned Jian Zi Sheng junior OCR coverage signals. Project-native original-equivalent variants; no direct textbook exercise text is reproduced.,zh,CN,CN,中文校内,初中,production
jianzisheng_cn_junior_chapter_expansion_v1_cn-junior-g8-parallel-angles_011,两条平行线被一条直线所截。若一个相关角为 112°，目标角与它互补，目标角是多少度？,68,multiple_choice,A:68|B:112|C:78|D:58|E:73,3,geo_angles;geo_triangles,angle_chasing;parallel_line_angles,parallel_lines;angle_relationships,supplementary_vs_equal_error;angle_relation_mismatch,互补角和为 180°，所以目标角为 68°。,CN Junior High Math,几何基础,cn-junior-g8-parallel-angles,八年级：平行线角度关系,24850,jianzisheng_cn_junior_chapter_expansion_v1,local-ocr-derived: jianzisheng_cn_junior_grade8_batch3_v0; chapter=cn-junior-g8-parallel-angles; expansion=v1,Standard,Bridge,cn_parallel_angle_chasing,geometric_reasoning;relation_selection,110,Chapter-level expansion from existing cleaned Jian Zi Sheng junior OCR coverage signals. Project-native original-equivalent variants; no direct textbook exercise text is reproduced.,zh,CN,CN,中文校内,初中,production
jianzisheng_cn_junior_chapter_expansion_v1_cn-junior-g8-parallel-angles_012,两条平行线被一条直线所截。若一个相关角为 123°，目标角与它相等，目标角是多少度？,123,multiple_choice,A:57|B:133|C:113|D:128|E:123,3,geo_angles;geo_triangles,angle_chasing;parallel_line_angles,parallel_lines;angle_relationships,supplementary_vs_equal_error;angle_relation_mismatch,对应角或内错角相等，所以目标角为 123°。,CN Junior High Math,几何基础,cn-junior-g8-parallel-angles,八年级：平行线角度关系,24851,jianzisheng_cn_junior_chapter_expansion_v1,local-ocr-derived: jianzisheng_cn_junior_grade8_batch3_v0; chapter=cn-junior-g8-parallel-angles; expansion=v1,Standard,Bridge,cn_parallel_angle_chasing,geometric_reasoning;relation_selection,110,Chapter-level expansion from existing cleaned Jian Zi Sheng junior OCR coverage signals. Project-native original-equivalent variants; no direct textbook exercise text is reproduced.,zh,CN,CN,中文校内,初中,production
jianzisheng_cn_junior_chapter_expansion_v1_cn-junior-g8-parallel-angles_013,两条平行线被一条直线所截。若一个相关角为 134°，目标角与它互补，目标角是多少度？,46,multiple_choice,A:56|B:36|C:51|D:46|E:134,3,geo_angles;geo_triangles,angle_chasing;parallel_line_angles,parallel_lines;angle_relationships,supplementary_vs_equal_error;angle_relation_mismatch,互补角和为 180°，所以目标角为 46°。,CN Junior High Math,几何基础,cn-junior-g8-parallel-angles,八年级：平行线角度关系,24852,jianzisheng_cn_junior_chapter_expansion_v1,local-ocr-derived: jianzisheng_cn_junior_grade8_batch3_v0; chapter=cn-junior-g8-parallel-angles; expansion=v1,Standard,Bridge,cn_parallel_angle_chasing,geometric_reasoning;relation_selection,110,Chapter-level expansion from existing cleaned Jian Zi Sheng junior OCR coverage signals. Project-native original-equivalent variants; no direct textbook exercise text is reproduced.,zh,CN,CN,中文校内,初中,production
jianzisheng_cn_junior_chapter_expansion_v1_cn-junior-g8-parallel-angles_014,两条平行线被一条直线所截。若一个相关角为 35°，目标角与它相等，目标角是多少度？,35,multiple_choice,A:25|B:40|C:35|D:145|E:45,3,geo_angles;geo_triangles,angle_chasing;parallel_line_angles,parallel_lines;angle_relationships,supplementary_vs_equal_error;angle_relation_mismatch,对应角或内错角相等，所以目标角为 35°。,CN Junior High Math,几何基础,cn-junior-g8-parallel-angles,八年级：平行线角度关系,24853,jianzisheng_cn_junior_chapter_expansion_v1,local-ocr-derived: jianzisheng_cn_junior_grade8_batch3_v0; chapter=cn-junior-g8-parallel-angles; expansion=v1,Standard,Bridge,cn_parallel_angle_chasing,geometric_reasoning;relation_selection,110,Chapter-level expansion from existing cleaned Jian Zi Sheng junior OCR coverage signals. Project-native original-equivalent variants; no direct textbook exercise text is reproduced.,zh,CN,CN,中文校内,初中,production
jianzisheng_cn_junior_chapter_expansion_v1_cn-junior-g8-linear-inverse_001,某水箱原有 13 升水，每分钟增加 9 升。若水箱中共有 112 升水，需要多少分钟？,11,multiple_choice,A:11|B:12|C:99|D:14|E:16,4,alg_functions;alg_linear_equations;prealg_substitution,solve_for_input;linear_equation_solving,inverse_function_evaluation;one_variable_equation,inverse_operations_error;substitution_error,设需要 x 分钟，13+9x=112，解得 x=11。,CN Junior High Math,一次函数初步,cn-junior-g8-linear-inverse,八年级：一次函数反求自变量,24860,jianzisheng_cn_junior_chapter_expansion_v1,local-ocr-derived: jianzisheng_cn_junior_grade8_batch3_v0; chapter=cn-junior-g8-linear-inverse; expansion=v1,Honors,Algebra Readiness,cn_linear_solve_for_input,inverse_operations;symbolic_fluency,130,Chapter-level expansion from existing cleaned Jian Zi Sheng junior OCR coverage signals. Project-native original-equivalent variants; no direct textbook exercise text is reproduced.,zh,CN,CN,中文校内,初中,production
jianzisheng_cn_junior_chapter_expansion_v1_cn-junior-g8-linear-inverse_002,某水箱原有 14 升水，每分钟增加 2 升。若水箱中共有 22 升水，需要多少分钟？,4,multiple_choice,A:11|B:8|C:5|D:18|E:4,4,alg_functions;alg_linear_equations;prealg_substitution,solve_for_input;linear_equation_solving,inverse_function_evaluation;one_variable_equation,inverse_operations_error;substitution_error,设需要 x 分钟，14+2x=22，解得 x=4。,CN Junior High Math,一次函数初步,cn-junior-g8-linear-inverse,八年级：一次函数反求自变量,24861,jianzisheng_cn_junior_chapter_expansion_v1,local-ocr-derived: jianzisheng_cn_junior_grade8_batch3_v0; chapter=cn-junior-g8-linear-inverse; expansion=v1,Honors,Algebra Readiness,cn_linear_solve_for_input,inverse_operations;symbolic_fluency,130,Chapter-level expansion from existing cleaned Jian Zi Sheng junior OCR coverage signals. Project-native original-equivalent variants; no direct textbook exercise text is reproduced.,zh,CN,CN,中文校内,初中,production
jianzisheng_cn_junior_chapter_expansion_v1_cn-junior-g8-linear-inverse_003,某水箱原有 15 升水，每分钟增加 3 升。若水箱中共有 30 升水，需要多少分钟？,5,multiple_choice,A:15|B:6|C:10|D:5|E:10,4,alg_functions;alg_linear_equations;prealg_substitution,solve_for_input;linear_equation_solving,inverse_function_evaluation;one_variable_equation,inverse_operations_error;substitution_error,设需要 x 分钟，15+3x=30，解得 x=5。,CN Junior High Math,一次函数初步,cn-junior-g8-linear-inverse,八年级：一次函数反求自变量,24862,jianzisheng_cn_junior_chapter_expansion_v1,local-ocr-derived: jianzisheng_cn_junior_grade8_batch3_v0; chapter=cn-junior-g8-linear-inverse; expansion=v1,Honors,Algebra Readiness,cn_linear_solve_for_input,inverse_operations;symbolic_fluency,130,Chapter-level expansion from existing cleaned Jian Zi Sheng junior OCR coverage signals. Project-native original-equivalent variants; no direct textbook exercise text is reproduced.,zh,CN,CN,中文校内,初中,production
jianzisheng_cn_junior_chapter_expansion_v1_cn-junior-g8-linear-inverse_004,某水箱原有 16 升水，每分钟增加 4 升。若水箱中共有 40 升水，需要多少分钟？,6,multiple_choice,A:7|B:14|C:6|D:10|E:24,4,alg_functions;alg_linear_equations;prealg_substitution,solve_for_input;linear_equation_solving,inverse_function_evaluation;one_variable_equation,inverse_operations_error;substitution_error,设需要 x 分钟，16+4x=40，解得 x=6。,CN Junior High Math,一次函数初步,cn-junior-g8-linear-inverse,八年级：一次函数反求自变量,24863,jianzisheng_cn_junior_chapter_expansion_v1,local-ocr-derived: jianzisheng_cn_junior_grade8_batch3_v0; chapter=cn-junior-g8-linear-inverse; expansion=v1,Honors,Algebra Readiness,cn_linear_solve_for_input,inverse_operations;symbolic_fluency,130,Chapter-level expansion from existing cleaned Jian Zi Sheng junior OCR coverage signals. Project-native original-equivalent variants; no direct textbook exercise text is reproduced.,zh,CN,CN,中文校内,初中,production
jianzisheng_cn_junior_chapter_expansion_v1_cn-junior-g8-linear-inverse_005,某水箱原有 17 升水，每分钟增加 5 升。若水箱中共有 52 升水，需要多少分钟？,7,multiple_choice,A:14|B:7|C:10|D:35|E:8,4,alg_functions;alg_linear_equations;prealg_substitution,solve_for_input;linear_equation_solving,inverse_function_evaluation;one_variable_equation,inverse_operations_error;substitution_error,设需要 x 分钟，17+5x=52，解得 x=7。,CN Junior High Math,一次函数初步,cn-junior-g8-linear-inverse,八年级：一次函数反求自变量,24864,jianzisheng_cn_junior_chapter_expansion_v1,local-ocr-derived: jianzisheng_cn_junior_grade8_batch3_v0; chapter=cn-junior-g8-linear-inverse; expansion=v1,Honors,Algebra Readiness,cn_linear_solve_for_input,inverse_operations;symbolic_fluency,130,Chapter-level expansion from existing cleaned Jian Zi Sheng junior OCR coverage signals. Project-native original-equivalent variants; no direct textbook exercise text is reproduced.,zh,CN,CN,中文校内,初中,production
jianzisheng_cn_junior_chapter_expansion_v1_cn-junior-g8-linear-inverse_006,某水箱原有 18 升水，每分钟增加 6 升。若水箱中共有 66 升水，需要多少分钟？,8,multiple_choice,A:8|B:11|C:48|D:9|E:14,4,alg_functions;alg_linear_equations;prealg_substitution,solve_for_input;linear_equation_solving,inverse_function_evaluation;one_variable_equation,inverse_operations_error;substitution_error,设需要 x 分钟，18+6x=66，解得 x=8。,CN Junior High Math,一次函数初步,cn-junior-g8-linear-inverse,八年级：一次函数反求自变量,24865,jianzisheng_cn_junior_chapter_expansion_v1,local-ocr-derived: jianzisheng_cn_junior_grade8_batch3_v0; chapter=cn-junior-g8-linear-inverse; expansion=v1,Honors,Algebra Readiness,cn_linear_solve_for_input,inverse_operations;symbolic_fluency,130,Chapter-level expansion from existing cleaned Jian Zi Sheng junior OCR coverage signals. Project-native original-equivalent variants; no direct textbook exercise text is reproduced.,zh,CN,CN,中文校内,初中,production
jianzisheng_cn_junior_chapter_expansion_v1_cn-junior-g8-linear-inverse_007,某水箱原有 19 升水，每分钟增加 7 升。若水箱中共有 82 升水，需要多少分钟？,9,multiple_choice,A:12|B:63|C:10|D:14|E:9,4,alg_functions;alg_linear_equations;prealg_substitution,solve_for_input;linear_equation_solving,inverse_function_evaluation;one_variable_equation,inverse_operations_error;substitution_error,设需要 x 分钟，19+7x=82，解得 x=9。,CN Junior High Math,一次函数初步,cn-junior-g8-linear-inverse,八年级：一次函数反求自变量,24866,jianzisheng_cn_junior_chapter_expansion_v1,local-ocr-derived: jianzisheng_cn_junior_grade8_batch3_v0; chapter=cn-junior-g8-linear-inverse; expansion=v1,Honors,Algebra Readiness,cn_linear_solve_for_input,inverse_operations;symbolic_fluency,130,Chapter-level expansion from existing cleaned Jian Zi Sheng junior OCR coverage signals. Project-native original-equivalent variants; no direct textbook exercise text is reproduced.,zh,CN,CN,中文校内,初中,production
jianzisheng_cn_junior_chapter_expansion_v1_cn-junior-g8-linear-inverse_008,某水箱原有 20 升水，每分钟增加 8 升。若水箱中共有 100 升水，需要多少分钟？,10,multiple_choice,A:80|B:11|C:15|D:10|E:13,4,alg_functions;alg_linear_equations;prealg_substitution,solve_for_input;linear_equation_solving,inverse_function_evaluation;one_variable_equation,inverse_operations_error;substitution_error,设需要 x 分钟，20+8x=100，解得 x=10。,CN Junior High Math,一次函数初步,cn-junior-g8-linear-inverse,八年级：一次函数反求自变量,24867,jianzisheng_cn_junior_chapter_expansion_v1,local-ocr-derived: jianzisheng_cn_junior_grade8_batch3_v0; chapter=cn-junior-g8-linear-inverse; expansion=v1,Honors,Algebra Readiness,cn_linear_solve_for_input,inverse_operations;symbolic_fluency,130,Chapter-level expansion from existing cleaned Jian Zi Sheng junior OCR coverage signals. Project-native original-equivalent variants; no direct textbook exercise text is reproduced.,zh,CN,CN,中文校内,初中,production
jianzisheng_cn_junior_chapter_expansion_v1_cn-junior-g8-linear-inverse_009,某水箱原有 21 升水，每分钟增加 9 升。若水箱中共有 120 升水，需要多少分钟？,11,multiple_choice,A:12|B:16|C:11|D:13|E:99,4,alg_functions;alg_linear_equations;prealg_substitution,solve_for_input;linear_equation_solving,inverse_function_evaluation;one_variable_equation,inverse_operations_error;substitution_error,设需要 x 分钟，21+9x=120，解得 x=11。,CN Junior High Math,一次函数初步,cn-junior-g8-linear-inverse,八年级：一次函数反求自变量,24868,jianzisheng_cn_junior_chapter_expansion_v1,local-ocr-derived: jianzisheng_cn_junior_grade8_batch3_v0; chapter=cn-junior-g8-linear-inverse; expansion=v1,Honors,Algebra Readiness,cn_linear_solve_for_input,inverse_operations;symbolic_fluency,130,Chapter-level expansion from existing cleaned Jian Zi Sheng junior OCR coverage signals. Project-native original-equivalent variants; no direct textbook exercise text is reproduced.,zh,CN,CN,中文校内,初中,production
jianzisheng_cn_junior_chapter_expansion_v1_cn-junior-g8-linear-inverse_010,某水箱原有 22 升水，每分钟增加 2 升。若水箱中共有 30 升水，需要多少分钟？,4,multiple_choice,A:26|B:4|C:15|D:8|E:5,4,alg_functions;alg_linear_equations;prealg_substitution,solve_for_input;linear_equation_solving,inverse_function_evaluation;one_variable_equation,inverse_operations_error;substitution_error,设需要 x 分钟，22+2x=30，解得 x=4。,CN Junior High Math,一次函数初步,cn-junior-g8-linear-inverse,八年级：一次函数反求自变量,24869,jianzisheng_cn_junior_chapter_expansion_v1,local-ocr-derived: jianzisheng_cn_junior_grade8_batch3_v0; chapter=cn-junior-g8-linear-inverse; expansion=v1,Honors,Algebra Readiness,cn_linear_solve_for_input,inverse_operations;symbolic_fluency,130,Chapter-level expansion from existing cleaned Jian Zi Sheng junior OCR coverage signals. Project-native original-equivalent variants; no direct textbook exercise text is reproduced.,zh,CN,CN,中文校内,初中,production
jianzisheng_cn_junior_chapter_expansion_v1_cn-junior-g8-linear-inverse_011,某水箱原有 23 升水，每分钟增加 3 升。若水箱中共有 38 升水，需要多少分钟？,5,multiple_choice,A:5|B:13|C:15|D:6|E:20,4,alg_functions;alg_linear_equations;prealg_substitution,solve_for_input;linear_equation_solving,inverse_function_evaluation;one_variable_equation,inverse_operations_error;substitution_error,设需要 x 分钟，23+3x=38，解得 x=5。,CN Junior High Math,一次函数初步,cn-junior-g8-linear-inverse,八年级：一次函数反求自变量,24870,jianzisheng_cn_junior_chapter_expansion_v1,local-ocr-derived: jianzisheng_cn_junior_grade8_batch3_v0; chapter=cn-junior-g8-linear-inverse; expansion=v1,Honors,Algebra Readiness,cn_linear_solve_for_input,inverse_operations;symbolic_fluency,130,Chapter-level expansion from existing cleaned Jian Zi Sheng junior OCR coverage signals. Project-native original-equivalent variants; no direct textbook exercise text is reproduced.,zh,CN,CN,中文校内,初中,production
jianzisheng_cn_junior_chapter_expansion_v1_cn-junior-g8-linear-inverse_012,某水箱原有 6 升水，每分钟增加 4 升。若水箱中共有 30 升水，需要多少分钟？,6,multiple_choice,A:8|B:24|C:7|D:9|E:6,4,alg_functions;alg_linear_equations;prealg_substitution,solve_for_input;linear_equation_solving,inverse_function_evaluation;one_variable_equation,inverse_operations_error;substitution_error,设需要 x 分钟，6+4x=30，解得 x=6。,CN Junior High Math,一次函数初步,cn-junior-g8-linear-inverse,八年级：一次函数反求自变量,24871,jianzisheng_cn_junior_chapter_expansion_v1,local-ocr-derived: jianzisheng_cn_junior_grade8_batch3_v0; chapter=cn-junior-g8-linear-inverse; expansion=v1,Honors,Algebra Readiness,cn_linear_solve_for_input,inverse_operations;symbolic_fluency,130,Chapter-level expansion from existing cleaned Jian Zi Sheng junior OCR coverage signals. Project-native original-equivalent variants; no direct textbook exercise text is reproduced.,zh,CN,CN,中文校内,初中,production
jianzisheng_cn_junior_chapter_expansion_v1_cn-junior-g8-linear-inverse_013,某水箱原有 7 升水，每分钟增加 5 升。若水箱中共有 42 升水，需要多少分钟？,7,multiple_choice,A:35|B:10|C:12|D:7|E:8,4,alg_functions;alg_linear_equations;prealg_substitution,solve_for_input;linear_equation_solving,inverse_function_evaluation;one_variable_equation,inverse_operations_error;substitution_error,设需要 x 分钟，7+5x=42，解得 x=7。,CN Junior High Math,一次函数初步,cn-junior-g8-linear-inverse,八年级：一次函数反求自变量,24872,jianzisheng_cn_junior_chapter_expansion_v1,local-ocr-derived: jianzisheng_cn_junior_grade8_batch3_v0; chapter=cn-junior-g8-linear-inverse; expansion=v1,Honors,Algebra Readiness,cn_linear_solve_for_input,inverse_operations;symbolic_fluency,130,Chapter-level expansion from existing cleaned Jian Zi Sheng junior OCR coverage signals. Project-native original-equivalent variants; no direct textbook exercise text is reproduced.,zh,CN,CN,中文校内,初中,production
jianzisheng_cn_junior_chapter_expansion_v1_cn-junior-g8-linear-inverse_014,某水箱原有 8 升水，每分钟增加 6 升。若水箱中共有 56 升水，需要多少分钟？,8,multiple_choice,A:11|B:13|C:8|D:9|E:48,4,alg_functions;alg_linear_equations;prealg_substitution,solve_for_input;linear_equation_solving,inverse_function_evaluation;one_variable_equation,inverse_operations_error;substitution_error,设需要 x 分钟，8+6x=56，解得 x=8。,CN Junior High Math,一次函数初步,cn-junior-g8-linear-inverse,八年级：一次函数反求自变量,24873,jianzisheng_cn_junior_chapter_expansion_v1,local-ocr-derived: jianzisheng_cn_junior_grade8_batch3_v0; chapter=cn-junior-g8-linear-inverse; expansion=v1,Honors,Algebra Readiness,cn_linear_solve_for_input,inverse_operations;symbolic_fluency,130,Chapter-level expansion from existing cleaned Jian Zi Sheng junior OCR coverage signals. Project-native original-equivalent variants; no direct textbook exercise text is reproduced.,zh,CN,CN,中文校内,初中,production
jianzisheng_cn_junior_chapter_expansion_v1_cn-junior-g8-linear-intercept_001,"一次函数 y=2x+b 经过点 (5,12)，则 b 的值是多少？",2,multiple_choice,A:2|B:22|C:7|D:4|E:-2,4,alg_functions;alg_linear_equations;alg_graphing,linear_intercept;substitution;equation_solving,point_on_line;solve_parameter,parameter_substitution_error;sign_error,"把点 (5,12) 代入 y=2x+b，得 12=2×5+b，所以 b=2。",CN Junior High Math,一次函数初步,cn-junior-g8-linear-intercept,八年级：一次函数待定系数,24880,jianzisheng_cn_junior_chapter_expansion_v1,local-ocr-derived: jianzisheng_cn_junior_grade8_batch3_v0; chapter=cn-junior-g8-linear-intercept; expansion=v1,Honors,Algebra Readiness,cn_linear_intercept_from_point,symbolic_fluency;input_output_mapping,130,Chapter-level expansion from existing cleaned Jian Zi Sheng junior OCR coverage signals. Project-native original-equivalent variants; no direct textbook exercise text is reproduced.,zh,CN,CN,中文校内,初中,production
jianzisheng_cn_junior_chapter_expansion_v1_cn-junior-g8-linear-intercept_002,"一次函数 y=3x+b 经过点 (-2,-1)，则 b 的值是多少？",5,multiple_choice,A:-7|B:1|C:8|D:-5|E:5,4,alg_functions;alg_linear_equations;alg_graphing,linear_intercept;substitution;equation_solving,point_on_line;solve_parameter,parameter_substitution_error;sign_error,"把点 (-2,-1) 代入 y=3x+b，得 -1=3×-2+b，所以 b=5。",CN Junior High Math,一次函数初步,cn-junior-g8-linear-intercept,八年级：一次函数待定系数,24881,jianzisheng_cn_junior_chapter_expansion_v1,local-ocr-derived: jianzisheng_cn_junior_grade8_batch3_v0; chapter=cn-junior-g8-linear-intercept; expansion=v1,Honors,Algebra Readiness,cn_linear_intercept_from_point,symbolic_fluency;input_output_mapping,130,Chapter-level expansion from existing cleaned Jian Zi Sheng junior OCR coverage signals. Project-native original-equivalent variants; no direct textbook exercise text is reproduced.,zh,CN,CN,中文校内,初中,production
jianzisheng_cn_junior_chapter_expansion_v1_cn-junior-g8-linear-intercept_003,"一次函数 y=4x+b 经过点 (-1,-9)，则 b 的值是多少？",-5,multiple_choice,A:-8|B:-1|C:5|D:-5|E:-13,4,alg_functions;alg_linear_equations;alg_graphing,linear_intercept;substitution;equation_solving,point_on_line;solve_parameter,parameter_substitution_error;sign_error,"把点 (-1,-9) 代入 y=4x+b，得 -9=4×-1+b，所以 b=-5。",CN Junior High Math,一次函数初步,cn-junior-g8-linear-intercept,八年级：一次函数待定系数,24882,jianzisheng_cn_junior_chapter_expansion_v1,local-ocr-derived: jianzisheng_cn_junior_grade8_batch3_v0; chapter=cn-junior-g8-linear-intercept; expansion=v1,Honors,Algebra Readiness,cn_linear_intercept_from_point,symbolic_fluency;input_output_mapping,130,Chapter-level expansion from existing cleaned Jian Zi Sheng junior OCR coverage signals. Project-native original-equivalent variants; no direct textbook exercise text is reproduced.,zh,CN,CN,中文校内,初中,production
jianzisheng_cn_junior_chapter_expansion_v1_cn-junior-g8-linear-intercept_004,"一次函数 y=-3x+b 经过点 (0,-2)，则 b 的值是多少？",-2,multiple_choice,A:2|B:3|C:-2|D:-5|E:2,4,alg_functions;alg_linear_equations;alg_graphing,linear_intercept;substitution;equation_solving,point_on_line;solve_parameter,parameter_substitution_error;sign_error,"把点 (0,-2) 代入 y=-3x+b，得 -2=-3×0+b，所以 b=-2。",CN Junior High Math,一次函数初步,cn-junior-g8-linear-intercept,八年级：一次函数待定系数,24883,jianzisheng_cn_junior_chapter_expansion_v1,local-ocr-derived: jianzisheng_cn_junior_grade8_batch3_v0; chapter=cn-junior-g8-linear-intercept; expansion=v1,Honors,Algebra Readiness,cn_linear_intercept_from_point,symbolic_fluency;input_output_mapping,130,Chapter-level expansion from existing cleaned Jian Zi Sheng junior OCR coverage signals. Project-native original-equivalent variants; no direct textbook exercise text is reproduced.,zh,CN,CN,中文校内,初中,production
jianzisheng_cn_junior_chapter_expansion_v1_cn-junior-g8-linear-intercept_005,"一次函数 y=-2x+b 经过点 (1,-1)，则 b 的值是多少？",1,multiple_choice,A:6|B:1|C:-3|D:-2|E:-1,4,alg_functions;alg_linear_equations;alg_graphing,linear_intercept;substitution;equation_solving,point_on_line;solve_parameter,parameter_substitution_error;sign_error,"把点 (1,-1) 代入 y=-2x+b，得 -1=-2×1+b，所以 b=1。",CN Junior High Math,一次函数初步,cn-junior-g8-linear-intercept,八年级：一次函数待定系数,24884,jianzisheng_cn_junior_chapter_expansion_v1,local-ocr-derived: jianzisheng_cn_junior_grade8_batch3_v0; chapter=cn-junior-g8-linear-intercept; expansion=v1,Honors,Algebra Readiness,cn_linear_intercept_from_point,symbolic_fluency;input_output_mapping,130,Chapter-level expansion from existing cleaned Jian Zi Sheng junior OCR coverage signals. Project-native original-equivalent variants; no direct textbook exercise text is reproduced.,zh,CN,CN,中文校内,初中,production
jianzisheng_cn_junior_chapter_expansion_v1_cn-junior-g8-linear-intercept_006,"一次函数 y=2x+b 经过点 (2,8)，则 b 的值是多少？",4,multiple_choice,A:4|B:12|C:6|D:-4|E:9,4,alg_functions;alg_linear_equations;alg_graphing,linear_intercept;substitution;equation_solving,point_on_line;solve_parameter,parameter_substitution_error;sign_error,"把点 (2,8) 代入 y=2x+b，得 8=2×2+b，所以 b=4。",CN Junior High Math,一次函数初步,cn-junior-g8-linear-intercept,八年级：一次函数待定系数,24885,jianzisheng_cn_junior_chapter_expansion_v1,local-ocr-derived: jianzisheng_cn_junior_grade8_batch3_v0; chapter=cn-junior-g8-linear-intercept; expansion=v1,Honors,Algebra Readiness,cn_linear_intercept_from_point,symbolic_fluency;input_output_mapping,130,Chapter-level expansion from existing cleaned Jian Zi Sheng junior OCR coverage signals. Project-native original-equivalent variants; no direct textbook exercise text is reproduced.,zh,CN,CN,中文校内,初中,production
jianzisheng_cn_junior_chapter_expansion_v1_cn-junior-g8-linear-intercept_007,"一次函数 y=3x+b 经过点 (3,3)，则 b 的值是多少？",-6,multiple_choice,A:12|B:0|C:-3|D:6|E:-6,4,alg_functions;alg_linear_equations;alg_graphing,linear_intercept;substitution;equation_solving,point_on_line;solve_parameter,parameter_substitution_error;sign_error,"把点 (3,3) 代入 y=3x+b，得 3=3×3+b，所以 b=-6。",CN Junior High Math,一次函数初步,cn-junior-g8-linear-intercept,八年级：一次函数待定系数,24886,jianzisheng_cn_junior_chapter_expansion_v1,local-ocr-derived: jianzisheng_cn_junior_grade8_batch3_v0; chapter=cn-junior-g8-linear-intercept; expansion=v1,Honors,Algebra Readiness,cn_linear_intercept_from_point,symbolic_fluency;input_output_mapping,130,Chapter-level expansion from existing cleaned Jian Zi Sheng junior OCR coverage signals. Project-native original-equivalent variants; no direct textbook exercise text is reproduced.,zh,CN,CN,中文校内,初中,production
jianzisheng_cn_junior_chapter_expansion_v1_cn-junior-g8-linear-intercept_008,"一次函数 y=4x+b 经过点 (4,13)，则 b 的值是多少？",-3,multiple_choice,A:9|B:1|C:3|D:-3|E:29,4,alg_functions;alg_linear_equations;alg_graphing,linear_intercept;substitution;equation_solving,point_on_line;solve_parameter,parameter_substitution_error;sign_error,"把点 (4,13) 代入 y=4x+b，得 13=4×4+b，所以 b=-3。",CN Junior High Math,一次函数初步,cn-junior-g8-linear-intercept,八年级：一次函数待定系数,24887,jianzisheng_cn_junior_chapter_expansion_v1,local-ocr-derived: jianzisheng_cn_junior_grade8_batch3_v0; chapter=cn-junior-g8-linear-intercept; expansion=v1,Honors,Algebra Readiness,cn_linear_intercept_from_point,symbolic_fluency;input_output_mapping,130,Chapter-level expansion from existing cleaned Jian Zi Sheng junior OCR coverage signals. Project-native original-equivalent variants; no direct textbook exercise text is reproduced.,zh,CN,CN,中文校内,初中,production
jianzisheng_cn_junior_chapter_expansion_v1_cn-junior-g8-linear-intercept_009,"一次函数 y=-3x+b 经过点 (5,-15)，则 b 的值是多少？",0,multiple_choice,A:-3|B:5|C:0|D:-30|E:-20,4,alg_functions;alg_linear_equations;alg_graphing,linear_intercept;substitution;equation_solving,point_on_line;solve_parameter,parameter_substitution_error;sign_error,"把点 (5,-15) 代入 y=-3x+b，得 -15=-3×5+b，所以 b=0。",CN Junior High Math,一次函数初步,cn-junior-g8-linear-intercept,八年级：一次函数待定系数,24888,jianzisheng_cn_junior_chapter_expansion_v1,local-ocr-derived: jianzisheng_cn_junior_grade8_batch3_v0; chapter=cn-junior-g8-linear-intercept; expansion=v1,Honors,Algebra Readiness,cn_linear_intercept_from_point,symbolic_fluency;input_output_mapping,130,Chapter-level expansion from existing cleaned Jian Zi Sheng junior OCR coverage signals. Project-native original-equivalent variants; no direct textbook exercise text is reproduced.,zh,CN,CN,中文校内,初中,production
jianzisheng_cn_junior_chapter_expansion_v1_cn-junior-g8-linear-intercept_010,"一次函数 y=-2x+b 经过点 (-2,7)，则 b 的值是多少？",3,multiple_choice,A:-3|B:3|C:11|D:9|E:1,4,alg_functions;alg_linear_equations;alg_graphing,linear_intercept;substitution;equation_solving,point_on_line;solve_parameter,parameter_substitution_error;sign_error,"把点 (-2,7) 代入 y=-2x+b，得 7=-2×-2+b，所以 b=3。",CN Junior High Math,一次函数初步,cn-junior-g8-linear-intercept,八年级：一次函数待定系数,24889,jianzisheng_cn_junior_chapter_expansion_v1,local-ocr-derived: jianzisheng_cn_junior_grade8_batch3_v0; chapter=cn-junior-g8-linear-intercept; expansion=v1,Honors,Algebra Readiness,cn_linear_intercept_from_point,symbolic_fluency;input_output_mapping,130,Chapter-level expansion from existing cleaned Jian Zi Sheng junior OCR coverage signals. Project-native original-equivalent variants; no direct textbook exercise text is reproduced.,zh,CN,CN,中文校内,初中,production
jianzisheng_cn_junior_chapter_expansion_v1_cn-junior-g8-linear-intercept_011,"一次函数 y=2x+b 经过点 (-1,4)，则 b 的值是多少？",6,multiple_choice,A:6|B:2|C:5|D:8|E:-6,4,alg_functions;alg_linear_equations;alg_graphing,linear_intercept;substitution;equation_solving,point_on_line;solve_parameter,parameter_substitution_error;sign_error,"把点 (-1,4) 代入 y=2x+b，得 4=2×-1+b，所以 b=6。",CN Junior High Math,一次函数初步,cn-junior-g8-linear-intercept,八年级：一次函数待定系数,24890,jianzisheng_cn_junior_chapter_expansion_v1,local-ocr-derived: jianzisheng_cn_junior_grade8_batch3_v0; chapter=cn-junior-g8-linear-intercept; expansion=v1,Honors,Algebra Readiness,cn_linear_intercept_from_point,symbolic_fluency;input_output_mapping,130,Chapter-level expansion from existing cleaned Jian Zi Sheng junior OCR coverage signals. Project-native original-equivalent variants; no direct textbook exercise text is reproduced.,zh,CN,CN,中文校内,初中,production
jianzisheng_cn_junior_chapter_expansion_v1_cn-junior-g8-linear-intercept_012,"一次函数 y=3x+b 经过点 (0,-4)，则 b 的值是多少？",-4,multiple_choice,A:-1|B:4|C:0|D:1|E:-4,4,alg_functions;alg_linear_equations;alg_graphing,linear_intercept;substitution;equation_solving,point_on_line;solve_parameter,parameter_substitution_error;sign_error,"把点 (0,-4) 代入 y=3x+b，得 -4=3×0+b，所以 b=-4。",CN Junior High Math,一次函数初步,cn-junior-g8-linear-intercept,八年级：一次函数待定系数,24891,jianzisheng_cn_junior_chapter_expansion_v1,local-ocr-derived: jianzisheng_cn_junior_grade8_batch3_v0; chapter=cn-junior-g8-linear-intercept; expansion=v1,Honors,Algebra Readiness,cn_linear_intercept_from_point,symbolic_fluency;input_output_mapping,130,Chapter-level expansion from existing cleaned Jian Zi Sheng junior OCR coverage signals. Project-native original-equivalent variants; no direct textbook exercise text is reproduced.,zh,CN,CN,中文校内,初中,production
jianzisheng_cn_junior_chapter_expansion_v1_cn-junior-g8-linear-intercept_013,"一次函数 y=4x+b 经过点 (1,3)，则 b 的值是多少？",-1,multiple_choice,A:2|B:3|C:1|D:-1|E:7,4,alg_functions;alg_linear_equations;alg_graphing,linear_intercept;substitution;equation_solving,point_on_line;solve_parameter,parameter_substitution_error;sign_error,"把点 (1,3) 代入 y=4x+b，得 3=4×1+b，所以 b=-1。",CN Junior High Math,一次函数初步,cn-junior-g8-linear-intercept,八年级：一次函数待定系数,24892,jianzisheng_cn_junior_chapter_expansion_v1,local-ocr-derived: jianzisheng_cn_junior_grade8_batch3_v0; chapter=cn-junior-g8-linear-intercept; expansion=v1,Honors,Algebra Readiness,cn_linear_intercept_from_point,symbolic_fluency;input_output_mapping,130,Chapter-level expansion from existing cleaned Jian Zi Sheng junior OCR coverage signals. Project-native original-equivalent variants; no direct textbook exercise text is reproduced.,zh,CN,CN,中文校内,初中,production
jianzisheng_cn_junior_chapter_expansion_v1_cn-junior-g8-linear-intercept_014,"一次函数 y=-3x+b 经过点 (2,-4)，则 b 的值是多少？",2,multiple_choice,A:-1|B:-2|C:2|D:-10|E:-6,4,alg_functions;alg_linear_equations;alg_graphing,linear_intercept;substitution;equation_solving,point_on_line;solve_parameter,parameter_substitution_error;sign_error,"把点 (2,-4) 代入 y=-3x+b，得 -4=-3×2+b，所以 b=2。",CN Junior High Math,一次函数初步,cn-junior-g8-linear-intercept,八年级：一次函数待定系数,24893,jianzisheng_cn_junior_chapter_expansion_v1,local-ocr-derived: jianzisheng_cn_junior_grade8_batch3_v0; chapter=cn-junior-g8-linear-intercept; expansion=v1,Honors,Algebra Readiness,cn_linear_intercept_from_point,symbolic_fluency;input_output_mapping,130,Chapter-level expansion from existing cleaned Jian Zi Sheng junior OCR coverage signals. Project-native original-equivalent variants; no direct textbook exercise text is reproduced.,zh,CN,CN,中文校内,初中,production
jianzisheng_cn_junior_chapter_expansion_v1_cn-junior-g8-linear-intersection_001,两条直线 y=2x+2 与 y=-1x+11 的交点横坐标是多少？,3,multiple_choice,A:3|B:9|C:4|D:-3|E:8,5,alg_graphing;alg_functions;alg_linear_equations,line_intersection;linear_equation_solving,equal_outputs;systems_intuition,intercept_difference_error;equation_setup_error,交点处两个 y 值相等，令两个表达式相等可解得 x=3。,CN Junior High Math,一次函数初步,cn-junior-g8-linear-intersection,八年级：一次函数交点,24900,jianzisheng_cn_junior_chapter_expansion_v1,local-ocr-derived: jianzisheng_cn_junior_grade8_batch3_v0; chapter=cn-junior-g8-linear-intersection; expansion=v1,AMC8,AMC8 Transfer,cn_linear_intersection_x,symbolic_fluency;structure_recognition,150,Chapter-level expansion from existing cleaned Jian Zi Sheng junior OCR coverage signals. Project-native original-equivalent variants; no direct textbook exercise text is reproduced.,zh,CN,CN,中文校内,初中,production
jianzisheng_cn_junior_chapter_expansion_v1_cn-junior-g8-linear-intersection_002,两条直线 y=3x+3 与 y=0x+15 的交点横坐标是多少？,4,multiple_choice,A:12|B:3|C:5|D:-4|E:4,5,alg_graphing;alg_functions;alg_linear_equations,line_intersection;linear_equation_solving,equal_outputs;systems_intuition,intercept_difference_error;equation_setup_error,交点处两个 y 值相等，令两个表达式相等可解得 x=4。,CN Junior High Math,一次函数初步,cn-junior-g8-linear-intersection,八年级：一次函数交点,24901,jianzisheng_cn_junior_chapter_expansion_v1,local-ocr-derived: jianzisheng_cn_junior_grade8_batch3_v0; chapter=cn-junior-g8-linear-intersection; expansion=v1,AMC8,AMC8 Transfer,cn_linear_intersection_x,symbolic_fluency;structure_recognition,150,Chapter-level expansion from existing cleaned Jian Zi Sheng junior OCR coverage signals. Project-native original-equivalent variants; no direct textbook exercise text is reproduced.,zh,CN,CN,中文校内,初中,production
jianzisheng_cn_junior_chapter_expansion_v1_cn-junior-g8-linear-intersection_003,两条直线 y=4x+4 与 y=1x+19 的交点横坐标是多少？,5,multiple_choice,A:3|B:6|C:-5|D:5|E:15,5,alg_graphing;alg_functions;alg_linear_equations,line_intersection;linear_equation_solving,equal_outputs;systems_intuition,intercept_difference_error;equation_setup_error,交点处两个 y 值相等，令两个表达式相等可解得 x=5。,CN Junior High Math,一次函数初步,cn-junior-g8-linear-intersection,八年级：一次函数交点,24902,jianzisheng_cn_junior_chapter_expansion_v1,local-ocr-derived: jianzisheng_cn_junior_grade8_batch3_v0; chapter=cn-junior-g8-linear-intersection; expansion=v1,AMC8,AMC8 Transfer,cn_linear_intersection_x,symbolic_fluency;structure_recognition,150,Chapter-level expansion from existing cleaned Jian Zi Sheng junior OCR coverage signals. Project-native original-equivalent variants; no direct textbook exercise text is reproduced.,zh,CN,CN,中文校内,初中,production
jianzisheng_cn_junior_chapter_expansion_v1_cn-junior-g8-linear-intersection_004,两条直线 y=-2x-5 与 y=1x-23 的交点横坐标是多少？,6,multiple_choice,A:7|B:-6|C:6|D:-18|E:-3,5,alg_graphing;alg_functions;alg_linear_equations,line_intersection;linear_equation_solving,equal_outputs;systems_intuition,intercept_difference_error;equation_setup_error,交点处两个 y 值相等，令两个表达式相等可解得 x=6。,CN Junior High Math,一次函数初步,cn-junior-g8-linear-intersection,八年级：一次函数交点,24903,jianzisheng_cn_junior_chapter_expansion_v1,local-ocr-derived: jianzisheng_cn_junior_grade8_batch3_v0; chapter=cn-junior-g8-linear-intersection; expansion=v1,AMC8,AMC8 Transfer,cn_linear_intersection_x,symbolic_fluency;structure_recognition,150,Chapter-level expansion from existing cleaned Jian Zi Sheng junior OCR coverage signals. Project-native original-equivalent variants; no direct textbook exercise text is reproduced.,zh,CN,CN,中文校内,初中,production
jianzisheng_cn_junior_chapter_expansion_v1_cn-junior-g8-linear-intersection_005,两条直线 y=-1x-4 与 y=2x-25 的交点横坐标是多少？,7,multiple_choice,A:-7|B:7|C:-21|D:-3|E:8,5,alg_graphing;alg_functions;alg_linear_equations,line_intersection;linear_equation_solving,equal_outputs;systems_intuition,intercept_difference_error;equation_setup_error,交点处两个 y 值相等，令两个表达式相等可解得 x=7。,CN Junior High Math,一次函数初步,cn-junior-g8-linear-intersection,八年级：一次函数交点,24904,jianzisheng_cn_junior_chapter_expansion_v1,local-ocr-derived: jianzisheng_cn_junior_grade8_batch3_v0; chapter=cn-junior-g8-linear-intersection; expansion=v1,AMC8,AMC8 Transfer,cn_linear_intersection_x,symbolic_fluency;structure_recognition,150,Chapter-level expansion from existing cleaned Jian Zi Sheng junior OCR coverage signals. Project-native original-equivalent variants; no direct textbook exercise text is reproduced.,zh,CN,CN,中文校内,初中,production
jianzisheng_cn_junior_chapter_expansion_v1_cn-junior-g8-linear-intersection_006,两条直线 y=2x-3 与 y=-1x+3 的交点横坐标是多少？,2,multiple_choice,A:2|B:6|C:3|D:-2|E:7,5,alg_graphing;alg_functions;alg_linear_equations,line_intersection;linear_equation_solving,equal_outputs;systems_intuition,intercept_difference_error;equation_setup_error,交点处两个 y 值相等，令两个表达式相等可解得 x=2。,CN Junior High Math,一次函数初步,cn-junior-g8-linear-intersection,八年级：一次函数交点,24905,jianzisheng_cn_junior_chapter_expansion_v1,local-ocr-derived: jianzisheng_cn_junior_grade8_batch3_v0; chapter=cn-junior-g8-linear-intersection; expansion=v1,AMC8,AMC8 Transfer,cn_linear_intersection_x,symbolic_fluency;structure_recognition,150,Chapter-level expansion from existing cleaned Jian Zi Sheng junior OCR coverage signals. Project-native original-equivalent variants; no direct textbook exercise text is reproduced.,zh,CN,CN,中文校内,初中,production
jianzisheng_cn_junior_chapter_expansion_v1_cn-junior-g8-linear-intersection_007,两条直线 y=3x-2 与 y=0x+7 的交点横坐标是多少？,3,multiple_choice,A:9|B:4|C:-3|D:8|E:3,5,alg_graphing;alg_functions;alg_linear_equations,line_intersection;linear_equation_solving,equal_outputs;systems_intuition,intercept_difference_error;equation_setup_error,交点处两个 y 值相等，令两个表达式相等可解得 x=3。,CN Junior High Math,一次函数初步,cn-junior-g8-linear-intersection,八年级：一次函数交点,24906,jianzisheng_cn_junior_chapter_expansion_v1,local-ocr-derived: jianzisheng_cn_junior_grade8_batch3_v0; chapter=cn-junior-g8-linear-intersection; expansion=v1,AMC8,AMC8 Transfer,cn_linear_intersection_x,symbolic_fluency;structure_recognition,150,Chapter-level expansion from existing cleaned Jian Zi Sheng junior OCR coverage signals. Project-native original-equivalent variants; no direct textbook exercise text is reproduced.,zh,CN,CN,中文校内,初中,production
jianzisheng_cn_junior_chapter_expansion_v1_cn-junior-g8-linear-intersection_008,两条直线 y=4x-1 与 y=1x+11 的交点横坐标是多少？,4,multiple_choice,A:3|B:5|C:-4|D:4|E:12,5,alg_graphing;alg_functions;alg_linear_equations,line_intersection;linear_equation_solving,equal_outputs;systems_intuition,intercept_difference_error;equation_setup_error,交点处两个 y 值相等，令两个表达式相等可解得 x=4。,CN Junior High Math,一次函数初步,cn-junior-g8-linear-intersection,八年级：一次函数交点,24907,jianzisheng_cn_junior_chapter_expansion_v1,local-ocr-derived: jianzisheng_cn_junior_grade8_batch3_v0; chapter=cn-junior-g8-linear-intersection; expansion=v1,AMC8,AMC8 Transfer,cn_linear_intersection_x,symbolic_fluency;structure_recognition,150,Chapter-level expansion from existing cleaned Jian Zi Sheng junior OCR coverage signals. Project-native original-equivalent variants; no direct textbook exercise text is reproduced.,zh,CN,CN,中文校内,初中,production
jianzisheng_cn_junior_chapter_expansion_v1_cn-junior-g8-linear-intersection_009,两条直线 y=-2x+0 与 y=1x-15 的交点横坐标是多少？,5,multiple_choice,A:6|B:-5|C:5|D:-15|E:-3,5,alg_graphing;alg_functions;alg_linear_equations,line_intersection;linear_equation_solving,equal_outputs;systems_intuition,intercept_difference_error;equation_setup_error,交点处两个 y 值相等，令两个表达式相等可解得 x=5。,CN Junior High Math,一次函数初步,cn-junior-g8-linear-intersection,八年级：一次函数交点,24908,jianzisheng_cn_junior_chapter_expansion_v1,local-ocr-derived: jianzisheng_cn_junior_grade8_batch3_v0; chapter=cn-junior-g8-linear-intersection; expansion=v1,AMC8,AMC8 Transfer,cn_linear_intersection_x,symbolic_fluency;structure_recognition,150,Chapter-level expansion from existing cleaned Jian Zi Sheng junior OCR coverage signals. Project-native original-equivalent variants; no direct textbook exercise text is reproduced.,zh,CN,CN,中文校内,初中,production
jianzisheng_cn_junior_chapter_expansion_v1_cn-junior-g8-linear-intersection_010,两条直线 y=-1x+1 与 y=2x-17 的交点横坐标是多少？,6,multiple_choice,A:-6|B:6|C:-18|D:-3|E:7,5,alg_graphing;alg_functions;alg_linear_equations,line_intersection;linear_equation_solving,equal_outputs;systems_intuition,intercept_difference_error;equation_setup_error,交点处两个 y 值相等，令两个表达式相等可解得 x=6。,CN Junior High Math,一次函数初步,cn-junior-g8-linear-intersection,八年级：一次函数交点,24909,jianzisheng_cn_junior_chapter_expansion_v1,local-ocr-derived: jianzisheng_cn_junior_grade8_batch3_v0; chapter=cn-junior-g8-linear-intersection; expansion=v1,AMC8,AMC8 Transfer,cn_linear_intersection_x,symbolic_fluency;structure_recognition,150,Chapter-level expansion from existing cleaned Jian Zi Sheng junior OCR coverage signals. Project-native original-equivalent variants; no direct textbook exercise text is reproduced.,zh,CN,CN,中文校内,初中,production
jianzisheng_cn_junior_chapter_expansion_v1_cn-junior-g8-linear-intersection_011,两条直线 y=2x+2 与 y=-1x+23 的交点横坐标是多少？,7,multiple_choice,A:7|B:21|C:3|D:8|E:-7,5,alg_graphing;alg_functions;alg_linear_equations,line_intersection;linear_equation_solving,equal_outputs;systems_intuition,intercept_difference_error;equation_setup_error,交点处两个 y 值相等，令两个表达式相等可解得 x=7。,CN Junior High Math,一次函数初步,cn-junior-g8-linear-intersection,八年级：一次函数交点,24910,jianzisheng_cn_junior_chapter_expansion_v1,local-ocr-derived: jianzisheng_cn_junior_grade8_batch3_v0; chapter=cn-junior-g8-linear-intersection; expansion=v1,AMC8,AMC8 Transfer,cn_linear_intersection_x,symbolic_fluency;structure_recognition,150,Chapter-level expansion from existing cleaned Jian Zi Sheng junior OCR coverage signals. Project-native original-equivalent variants; no direct textbook exercise text is reproduced.,zh,CN,CN,中文校内,初中,production
jianzisheng_cn_junior_chapter_expansion_v1_cn-junior-g8-linear-intersection_012,两条直线 y=3x+3 与 y=0x+9 的交点横坐标是多少？,2,multiple_choice,A:6|B:3|C:-2|D:7|E:2,5,alg_graphing;alg_functions;alg_linear_equations,line_intersection;linear_equation_solving,equal_outputs;systems_intuition,intercept_difference_error;equation_setup_error,交点处两个 y 值相等，令两个表达式相等可解得 x=2。,CN Junior High Math,一次函数初步,cn-junior-g8-linear-intersection,八年级：一次函数交点,24911,jianzisheng_cn_junior_chapter_expansion_v1,local-ocr-derived: jianzisheng_cn_junior_grade8_batch3_v0; chapter=cn-junior-g8-linear-intersection; expansion=v1,AMC8,AMC8 Transfer,cn_linear_intersection_x,symbolic_fluency;structure_recognition,150,Chapter-level expansion from existing cleaned Jian Zi Sheng junior OCR coverage signals. Project-native original-equivalent variants; no direct textbook exercise text is reproduced.,zh,CN,CN,中文校内,初中,production
jianzisheng_cn_junior_chapter_expansion_v1_cn-junior-g8-linear-intersection_013,两条直线 y=4x+4 与 y=1x+13 的交点横坐标是多少？,3,multiple_choice,A:4|B:-3|C:8|D:3|E:9,5,alg_graphing;alg_functions;alg_linear_equations,line_intersection;linear_equation_solving,equal_outputs;systems_intuition,intercept_difference_error;equation_setup_error,交点处两个 y 值相等，令两个表达式相等可解得 x=3。,CN Junior High Math,一次函数初步,cn-junior-g8-linear-intersection,八年级：一次函数交点,24912,jianzisheng_cn_junior_chapter_expansion_v1,local-ocr-derived: jianzisheng_cn_junior_grade8_batch3_v0; chapter=cn-junior-g8-linear-intersection; expansion=v1,AMC8,AMC8 Transfer,cn_linear_intersection_x,symbolic_fluency;structure_recognition,150,Chapter-level expansion from existing cleaned Jian Zi Sheng junior OCR coverage signals. Project-native original-equivalent variants; no direct textbook exercise text is reproduced.,zh,CN,CN,中文校内,初中,production
jianzisheng_cn_junior_chapter_expansion_v1_cn-junior-g8-linear-intersection_014,两条直线 y=-2x-5 与 y=1x-17 的交点横坐标是多少？,4,multiple_choice,A:5|B:-4|C:4|D:-12|E:-3,5,alg_graphing;alg_functions;alg_linear_equations,line_intersection;linear_equation_solving,equal_outputs;systems_intuition,intercept_difference_error;equation_setup_error,交点处两个 y 值相等，令两个表达式相等可解得 x=4。,CN Junior High Math,一次函数初步,cn-junior-g8-linear-intersection,八年级：一次函数交点,24913,jianzisheng_cn_junior_chapter_expansion_v1,local-ocr-derived: jianzisheng_cn_junior_grade8_batch3_v0; chapter=cn-junior-g8-linear-intersection; expansion=v1,AMC8,AMC8 Transfer,cn_linear_intersection_x,symbolic_fluency;structure_recognition,150,Chapter-level expansion from existing cleaned Jian Zi Sheng junior OCR coverage signals. Project-native original-equivalent variants; no direct textbook exercise text is reproduced.,zh,CN,CN,中文校内,初中,production
jianzisheng_cn_junior_chapter_expansion_v1_cn-junior-g8-coordinate-midpoint_001,"点 A(-1,0)，点 B(7,12)，线段 AB 的中点坐标是多少？","(3,6)",multiple_choice,"A:(3,6)|B:(6,12)|C:(-1,12)|D:(7,0)|E:(4,6)",4,geo_coordinate_geometry;alg_graphing,coordinate_midpoint;average_coordinates,midpoint_formula;coordinate_average,sum_not_average_error;coordinate_order_error,"中点坐标等于两个端点坐标分别求平均，所以中点为 (3,6)。",CN Junior High Math,平面直角坐标系,cn-junior-g8-coordinate-midpoint,八年级：坐标中点,24920,jianzisheng_cn_junior_chapter_expansion_v1,local-ocr-derived: jianzisheng_cn_junior_grade8_batch3_v0; chapter=cn-junior-g8-coordinate-midpoint; expansion=v1,Honors,Algebra Readiness,cn_coordinate_midpoint,spatial_reasoning;fluency_precision,130,Chapter-level expansion from existing cleaned Jian Zi Sheng junior OCR coverage signals. Project-native original-equivalent variants; no direct textbook exercise text is reproduced.,zh,CN,CN,中文校内,初中,production
jianzisheng_cn_junior_chapter_expansion_v1_cn-junior-g8-coordinate-midpoint_002,"点 A(0,2)，点 B(10,8)，线段 AB 的中点坐标是多少？","(5,5)",multiple_choice,"A:(10,10)|B:(0,8)|C:(10,2)|D:(5,3)|E:(5,5)",4,geo_coordinate_geometry;alg_graphing,coordinate_midpoint;average_coordinates,midpoint_formula;coordinate_average,sum_not_average_error;coordinate_order_error,"中点坐标等于两个端点坐标分别求平均，所以中点为 (5,5)。",CN Junior High Math,平面直角坐标系,cn-junior-g8-coordinate-midpoint,八年级：坐标中点,24921,jianzisheng_cn_junior_chapter_expansion_v1,local-ocr-derived: jianzisheng_cn_junior_grade8_batch3_v0; chapter=cn-junior-g8-coordinate-midpoint; expansion=v1,Honors,Algebra Readiness,cn_coordinate_midpoint,spatial_reasoning;fluency_precision,130,Chapter-level expansion from existing cleaned Jian Zi Sheng junior OCR coverage signals. Project-native original-equivalent variants; no direct textbook exercise text is reproduced.,zh,CN,CN,中文校内,初中,production
jianzisheng_cn_junior_chapter_expansion_v1_cn-junior-g8-coordinate-midpoint_003,"点 A(1,4)，点 B(13,12)，线段 AB 的中点坐标是多少？","(7,8)",multiple_choice,"A:(1,12)|B:(13,4)|C:(6,4)|D:(7,8)|E:(14,16)",4,geo_coordinate_geometry;alg_graphing,coordinate_midpoint;average_coordinates,midpoint_formula;coordinate_average,sum_not_average_error;coordinate_order_error,"中点坐标等于两个端点坐标分别求平均，所以中点为 (7,8)。",CN Junior High Math,平面直角坐标系,cn-junior-g8-coordinate-midpoint,八年级：坐标中点,24922,jianzisheng_cn_junior_chapter_expansion_v1,local-ocr-derived: jianzisheng_cn_junior_grade8_batch3_v0; chapter=cn-junior-g8-coordinate-midpoint; expansion=v1,Honors,Algebra Readiness,cn_coordinate_midpoint,spatial_reasoning;fluency_precision,130,Chapter-level expansion from existing cleaned Jian Zi Sheng junior OCR coverage signals. Project-native original-equivalent variants; no direct textbook exercise text is reproduced.,zh,CN,CN,中文校内,初中,production
jianzisheng_cn_junior_chapter_expansion_v1_cn-junior-g8-coordinate-midpoint_004,"点 A(-8,-4)，点 B(-4,6)，线段 AB 的中点坐标是多少？","(-6,1)",multiple_choice,"A:(-4,-4)|B:(2,5)|C:(-6,1)|D:(-12,2)|E:(-8,6)",4,geo_coordinate_geometry;alg_graphing,coordinate_midpoint;average_coordinates,midpoint_formula;coordinate_average,sum_not_average_error;coordinate_order_error,"中点坐标等于两个端点坐标分别求平均，所以中点为 (-6,1)。",CN Junior High Math,平面直角坐标系,cn-junior-g8-coordinate-midpoint,八年级：坐标中点,24923,jianzisheng_cn_junior_chapter_expansion_v1,local-ocr-derived: jianzisheng_cn_junior_grade8_batch3_v0; chapter=cn-junior-g8-coordinate-midpoint; expansion=v1,Honors,Algebra Readiness,cn_coordinate_midpoint,spatial_reasoning;fluency_precision,130,Chapter-level expansion from existing cleaned Jian Zi Sheng junior OCR coverage signals. Project-native original-equivalent variants; no direct textbook exercise text is reproduced.,zh,CN,CN,中文校内,初中,production
jianzisheng_cn_junior_chapter_expansion_v1_cn-junior-g8-coordinate-midpoint_005,"点 A(-7,-2)，点 B(-1,10)，线段 AB 的中点坐标是多少？","(-4,4)",multiple_choice,"A:(3,6)|B:(-4,4)|C:(-8,8)|D:(-7,10)|E:(-1,-2)",4,geo_coordinate_geometry;alg_graphing,coordinate_midpoint;average_coordinates,midpoint_formula;coordinate_average,sum_not_average_error;coordinate_order_error,"中点坐标等于两个端点坐标分别求平均，所以中点为 (-4,4)。",CN Junior High Math,平面直角坐标系,cn-junior-g8-coordinate-midpoint,八年级：坐标中点,24924,jianzisheng_cn_junior_chapter_expansion_v1,local-ocr-derived: jianzisheng_cn_junior_grade8_batch3_v0; chapter=cn-junior-g8-coordinate-midpoint; expansion=v1,Honors,Algebra Readiness,cn_coordinate_midpoint,spatial_reasoning;fluency_precision,130,Chapter-level expansion from existing cleaned Jian Zi Sheng junior OCR coverage signals. Project-native original-equivalent variants; no direct textbook exercise text is reproduced.,zh,CN,CN,中文校内,初中,production
jianzisheng_cn_junior_chapter_expansion_v1_cn-junior-g8-coordinate-midpoint_006,"点 A(-6,0)，点 B(2,6)，线段 AB 的中点坐标是多少？","(-2,3)",multiple_choice,"A:(-2,3)|B:(-4,6)|C:(-6,6)|D:(2,0)|E:(4,3)",4,geo_coordinate_geometry;alg_graphing,coordinate_midpoint;average_coordinates,midpoint_formula;coordinate_average,sum_not_average_error;coordinate_order_error,"中点坐标等于两个端点坐标分别求平均，所以中点为 (-2,3)。",CN Junior High Math,平面直角坐标系,cn-junior-g8-coordinate-midpoint,八年级：坐标中点,24925,jianzisheng_cn_junior_chapter_expansion_v1,local-ocr-derived: jianzisheng_cn_junior_grade8_batch3_v0; chapter=cn-junior-g8-coordinate-midpoint; expansion=v1,Honors,Algebra Readiness,cn_coordinate_midpoint,spatial_reasoning;fluency_precision,130,Chapter-level expansion from existing cleaned Jian Zi Sheng junior OCR coverage signals. Project-native original-equivalent variants; no direct textbook exercise text is reproduced.,zh,CN,CN,中文校内,初中,production
jianzisheng_cn_junior_chapter_expansion_v1_cn-junior-g8-coordinate-midpoint_007,"点 A(-5,2)，点 B(5,10)，线段 AB 的中点坐标是多少？","(0,6)",multiple_choice,"A:(0,12)|B:(-5,10)|C:(5,2)|D:(5,4)|E:(0,6)",4,geo_coordinate_geometry;alg_graphing,coordinate_midpoint;average_coordinates,midpoint_formula;coordinate_average,sum_not_average_error;coordinate_order_error,"中点坐标等于两个端点坐标分别求平均，所以中点为 (0,6)。",CN Junior High Math,平面直角坐标系,cn-junior-g8-coordinate-midpoint,八年级：坐标中点,24926,jianzisheng_cn_junior_chapter_expansion_v1,local-ocr-derived: jianzisheng_cn_junior_grade8_batch3_v0; chapter=cn-junior-g8-coordinate-midpoint; expansion=v1,Honors,Algebra Readiness,cn_coordinate_midpoint,spatial_reasoning;fluency_precision,130,Chapter-level expansion from existing cleaned Jian Zi Sheng junior OCR coverage signals. Project-native original-equivalent variants; no direct textbook exercise text is reproduced.,zh,CN,CN,中文校内,初中,production
jianzisheng_cn_junior_chapter_expansion_v1_cn-junior-g8-coordinate-midpoint_008,"点 A(-4,4)，点 B(8,14)，线段 AB 的中点坐标是多少？","(2,9)",multiple_choice,"A:(-4,14)|B:(8,4)|C:(6,5)|D:(2,9)|E:(4,18)",4,geo_coordinate_geometry;alg_graphing,coordinate_midpoint;average_coordinates,midpoint_formula;coordinate_average,sum_not_average_error;coordinate_order_error,"中点坐标等于两个端点坐标分别求平均，所以中点为 (2,9)。",CN Junior High Math,平面直角坐标系,cn-junior-g8-coordinate-midpoint,八年级：坐标中点,24927,jianzisheng_cn_junior_chapter_expansion_v1,local-ocr-derived: jianzisheng_cn_junior_grade8_batch3_v0; chapter=cn-junior-g8-coordinate-midpoint; expansion=v1,Honors,Algebra Readiness,cn_coordinate_midpoint,spatial_reasoning;fluency_precision,130,Chapter-level expansion from existing cleaned Jian Zi Sheng junior OCR coverage signals. Project-native original-equivalent variants; no direct textbook exercise text is reproduced.,zh,CN,CN,中文校内,初中,production
jianzisheng_cn_junior_chapter_expansion_v1_cn-junior-g8-coordinate-midpoint_009,"点 A(-3,-4)，点 B(1,8)，线段 AB 的中点坐标是多少？","(-1,2)",multiple_choice,"A:(1,-4)|B:(2,6)|C:(-1,2)|D:(-2,4)|E:(-3,8)",4,geo_coordinate_geometry;alg_graphing,coordinate_midpoint;average_coordinates,midpoint_formula;coordinate_average,sum_not_average_error;coordinate_order_error,"中点坐标等于两个端点坐标分别求平均，所以中点为 (-1,2)。",CN Junior High Math,平面直角坐标系,cn-junior-g8-coordinate-midpoint,八年级：坐标中点,24928,jianzisheng_cn_junior_chapter_expansion_v1,local-ocr-derived: jianzisheng_cn_junior_grade8_batch3_v0; chapter=cn-junior-g8-coordinate-midpoint; expansion=v1,Honors,Algebra Readiness,cn_coordinate_midpoint,spatial_reasoning;fluency_precision,130,Chapter-level expansion from existing cleaned Jian Zi Sheng junior OCR coverage signals. Project-native original-equivalent variants; no direct textbook exercise text is reproduced.,zh,CN,CN,中文校内,初中,production
jianzisheng_cn_junior_chapter_expansion_v1_cn-junior-g8-coordinate-midpoint_010,"点 A(-2,-2)，点 B(4,4)，线段 AB 的中点坐标是多少？","(1,1)",multiple_choice,"A:(3,3)|B:(1,1)|C:(2,2)|D:(-2,4)|E:(4,-2)",4,geo_coordinate_geometry;alg_graphing,coordinate_midpoint;average_coordinates,midpoint_formula;coordinate_average,sum_not_average_error;coordinate_order_error,"中点坐标等于两个端点坐标分别求平均，所以中点为 (1,1)。",CN Junior High Math,平面直角坐标系,cn-junior-g8-coordinate-midpoint,八年级：坐标中点,24929,jianzisheng_cn_junior_chapter_expansion_v1,local-ocr-derived: jianzisheng_cn_junior_grade8_batch3_v0; chapter=cn-junior-g8-coordinate-midpoint; expansion=v1,Honors,Algebra Readiness,cn_coordinate_midpoint,spatial_reasoning;fluency_precision,130,Chapter-level expansion from existing cleaned Jian Zi Sheng junior OCR coverage signals. Project-native original-equivalent variants; no direct textbook exercise text is reproduced.,zh,CN,CN,中文校内,初中,production
jianzisheng_cn_junior_chapter_expansion_v1_cn-junior-g8-coordinate-midpoint_011,"点 A(-1,0)，点 B(7,8)，线段 AB 的中点坐标是多少？","(3,4)",multiple_choice,"A:(3,4)|B:(6,8)|C:(-1,8)|D:(7,0)|E:(4,4)",4,geo_coordinate_geometry;alg_graphing,coordinate_midpoint;average_coordinates,midpoint_formula;coordinate_average,sum_not_average_error;coordinate_order_error,"中点坐标等于两个端点坐标分别求平均，所以中点为 (3,4)。",CN Junior High Math,平面直角坐标系,cn-junior-g8-coordinate-midpoint,八年级：坐标中点,24930,jianzisheng_cn_junior_chapter_expansion_v1,local-ocr-derived: jianzisheng_cn_junior_grade8_batch3_v0; chapter=cn-junior-g8-coordinate-midpoint; expansion=v1,Honors,Algebra Readiness,cn_coordinate_midpoint,spatial_reasoning;fluency_precision,130,Chapter-level expansion from existing cleaned Jian Zi Sheng junior OCR coverage signals. Project-native original-equivalent variants; no direct textbook exercise text is reproduced.,zh,CN,CN,中文校内,初中,production
jianzisheng_cn_junior_chapter_expansion_v1_cn-junior-g8-coordinate-midpoint_012,"点 A(0,2)，点 B(10,12)，线段 AB 的中点坐标是多少？","(5,7)",multiple_choice,"A:(10,14)|B:(0,12)|C:(10,2)|D:(5,5)|E:(5,7)",4,geo_coordinate_geometry;alg_graphing,coordinate_midpoint;average_coordinates,midpoint_formula;coordinate_average,sum_not_average_error;coordinate_order_error,"中点坐标等于两个端点坐标分别求平均，所以中点为 (5,7)。",CN Junior High Math,平面直角坐标系,cn-junior-g8-coordinate-midpoint,八年级：坐标中点,24931,jianzisheng_cn_junior_chapter_expansion_v1,local-ocr-derived: jianzisheng_cn_junior_grade8_batch3_v0; chapter=cn-junior-g8-coordinate-midpoint; expansion=v1,Honors,Algebra Readiness,cn_coordinate_midpoint,spatial_reasoning;fluency_precision,130,Chapter-level expansion from existing cleaned Jian Zi Sheng junior OCR coverage signals. Project-native original-equivalent variants; no direct textbook exercise text is reproduced.,zh,CN,CN,中文校内,初中,production
jianzisheng_cn_junior_chapter_expansion_v1_cn-junior-g8-coordinate-midpoint_013,"点 A(1,4)，点 B(13,16)，线段 AB 的中点坐标是多少？","(7,10)",multiple_choice,"A:(1,16)|B:(13,4)|C:(6,6)|D:(7,10)|E:(14,20)",4,geo_coordinate_geometry;alg_graphing,coordinate_midpoint;average_coordinates,midpoint_formula;coordinate_average,sum_not_average_error;coordinate_order_error,"中点坐标等于两个端点坐标分别求平均，所以中点为 (7,10)。",CN Junior High Math,平面直角坐标系,cn-junior-g8-coordinate-midpoint,八年级：坐标中点,24932,jianzisheng_cn_junior_chapter_expansion_v1,local-ocr-derived: jianzisheng_cn_junior_grade8_batch3_v0; chapter=cn-junior-g8-coordinate-midpoint; expansion=v1,Honors,Algebra Readiness,cn_coordinate_midpoint,spatial_reasoning;fluency_precision,130,Chapter-level expansion from existing cleaned Jian Zi Sheng junior OCR coverage signals. Project-native original-equivalent variants; no direct textbook exercise text is reproduced.,zh,CN,CN,中文校内,初中,production
jianzisheng_cn_junior_chapter_expansion_v1_cn-junior-g8-coordinate-midpoint_014,"点 A(-8,-4)，点 B(-4,2)，线段 AB 的中点坐标是多少？","(-6,-1)",multiple_choice,"A:(-4,-4)|B:(2,3)|C:(-6,-1)|D:(-12,-2)|E:(-8,2)",4,geo_coordinate_geometry;alg_graphing,coordinate_midpoint;average_coordinates,midpoint_formula;coordinate_average,sum_not_average_error;coordinate_order_error,"中点坐标等于两个端点坐标分别求平均，所以中点为 (-6,-1)。",CN Junior High Math,平面直角坐标系,cn-junior-g8-coordinate-midpoint,八年级：坐标中点,24933,jianzisheng_cn_junior_chapter_expansion_v1,local-ocr-derived: jianzisheng_cn_junior_grade8_batch3_v0; chapter=cn-junior-g8-coordinate-midpoint; expansion=v1,Honors,Algebra Readiness,cn_coordinate_midpoint,spatial_reasoning;fluency_precision,130,Chapter-level expansion from existing cleaned Jian Zi Sheng junior OCR coverage signals. Project-native original-equivalent variants; no direct textbook exercise text is reproduced.,zh,CN,CN,中文校内,初中,production
jianzisheng_cn_junior_chapter_expansion_v1_cn-junior-g8-similarity-missing-side_001,两个三角形相似。小三角形一边长为 3，对应的大三角形边长为 15。若小三角形另一边长为 9，则大三角形对应边长是多少？,45,multiple_choice,A:45|B:24|C:14|D:2|E:48,4,geo_similarity;arith_proportions;geo_triangles,similarity_ratio;missing_side,proportion_equation;scale_factor,additive_scaling_error;inverse_ratio_error,相似比为 5，所以对应边为 9×5=45。,CN Junior High Math,相似三角形,cn-junior-g8-similarity-missing-side,八年级：相似三角形边长反求,24940,jianzisheng_cn_junior_chapter_expansion_v1,local-ocr-derived: jianzisheng_cn_junior_grade8_batch4_v0; chapter=cn-junior-g8-similarity-missing-side; expansion=v1,Honors,AMC8 Transfer,cn_similarity_missing_side,multiplicative_reasoning;inverse_operations,130,Chapter-level expansion from existing cleaned Jian Zi Sheng junior OCR coverage signals. Project-native original-equivalent variants; no direct textbook exercise text is reproduced.,zh,CN,CN,中文校内,初中,production
jianzisheng_cn_junior_chapter_expansion_v1_cn-junior-g8-similarity-missing-side_002,两个三角形相似。小三角形一边长为 4，对应的大三角形边长为 8。若小三角形另一边长为 11，则大三角形对应边长是多少？,22,multiple_choice,A:19|B:13|C:6|D:26|E:22,4,geo_similarity;arith_proportions;geo_triangles,similarity_ratio;missing_side,proportion_equation;scale_factor,additive_scaling_error;inverse_ratio_error,相似比为 2，所以对应边为 11×2=22。,CN Junior High Math,相似三角形,cn-junior-g8-similarity-missing-side,八年级：相似三角形边长反求,24941,jianzisheng_cn_junior_chapter_expansion_v1,local-ocr-derived: jianzisheng_cn_junior_grade8_batch4_v0; chapter=cn-junior-g8-similarity-missing-side; expansion=v1,Honors,AMC8 Transfer,cn_similarity_missing_side,multiplicative_reasoning;inverse_operations,130,Chapter-level expansion from existing cleaned Jian Zi Sheng junior OCR coverage signals. Project-native original-equivalent variants; no direct textbook exercise text is reproduced.,zh,CN,CN,中文校内,初中,production
jianzisheng_cn_junior_chapter_expansion_v1_cn-junior-g8-similarity-missing-side_003,两个三角形相似。小三角形一边长为 5，对应的大三角形边长为 15。若小三角形另一边长为 4，则大三角形对应边长是多少？,12,multiple_choice,A:7|B:1|C:17|D:12|E:19,4,geo_similarity;arith_proportions;geo_triangles,similarity_ratio;missing_side,proportion_equation;scale_factor,additive_scaling_error;inverse_ratio_error,相似比为 3，所以对应边为 4×3=12。,CN Junior High Math,相似三角形,cn-junior-g8-similarity-missing-side,八年级：相似三角形边长反求,24942,jianzisheng_cn_junior_chapter_expansion_v1,local-ocr-derived: jianzisheng_cn_junior_grade8_batch4_v0; chapter=cn-junior-g8-similarity-missing-side; expansion=v1,Honors,AMC8 Transfer,cn_similarity_missing_side,multiplicative_reasoning;inverse_operations,130,Chapter-level expansion from existing cleaned Jian Zi Sheng junior OCR coverage signals. Project-native original-equivalent variants; no direct textbook exercise text is reproduced.,zh,CN,CN,中文校内,初中,production
jianzisheng_cn_junior_chapter_expansion_v1_cn-junior-g8-similarity-missing-side_004,两个三角形相似。小三角形一边长为 6，对应的大三角形边长为 24。若小三角形另一边长为 6，则大三角形对应边长是多少？,24,multiple_choice,A:2|B:29|C:24|D:30|E:10,4,geo_similarity;arith_proportions;geo_triangles,similarity_ratio;missing_side,proportion_equation;scale_factor,additive_scaling_error;inverse_ratio_error,相似比为 4，所以对应边为 6×4=24。,CN Junior High Math,相似三角形,cn-junior-g8-similarity-missing-side,八年级：相似三角形边长反求,24943,jianzisheng_cn_junior_chapter_expansion_v1,local-ocr-derived: jianzisheng_cn_junior_grade8_batch4_v0; chapter=cn-junior-g8-similarity-missing-side; expansion=v1,Honors,AMC8 Transfer,cn_similarity_missing_side,multiplicative_reasoning;inverse_operations,130,Chapter-level expansion from existing cleaned Jian Zi Sheng junior OCR coverage signals. Project-native original-equivalent variants; no direct textbook exercise text is reproduced.,zh,CN,CN,中文校内,初中,production
jianzisheng_cn_junior_chapter_expansion_v1_cn-junior-g8-similarity-missing-side_005,两个三角形相似。小三角形一边长为 7，对应的大三角形边长为 35。若小三角形另一边长为 8，则大三角形对应边长是多少？,40,multiple_choice,A:47|B:40|C:43|D:13|E:2,4,geo_similarity;arith_proportions;geo_triangles,similarity_ratio;missing_side,proportion_equation;scale_factor,additive_scaling_error;inverse_ratio_error,相似比为 5，所以对应边为 8×5=40。,CN Junior High Math,相似三角形,cn-junior-g8-similarity-missing-side,八年级：相似三角形边长反求,24944,jianzisheng_cn_junior_chapter_expansion_v1,local-ocr-derived: jianzisheng_cn_junior_grade8_batch4_v0; chapter=cn-junior-g8-similarity-missing-side; expansion=v1,Honors,AMC8 Transfer,cn_similarity_missing_side,multiplicative_reasoning;inverse_operations,130,Chapter-level expansion from existing cleaned Jian Zi Sheng junior OCR coverage signals. Project-native original-equivalent variants; no direct textbook exercise text is reproduced.,zh,CN,CN,中文校内,初中,production
jianzisheng_cn_junior_chapter_expansion_v1_cn-junior-g8-similarity-missing-side_006,两个三角形相似。小三角形一边长为 8，对应的大三角形边长为 16。若小三角形另一边长为 10，则大三角形对应边长是多少？,20,multiple_choice,A:20|B:26|C:12|D:5|E:28,4,geo_similarity;arith_proportions;geo_triangles,similarity_ratio;missing_side,proportion_equation;scale_factor,additive_scaling_error;inverse_ratio_error,相似比为 2，所以对应边为 10×2=20。,CN Junior High Math,相似三角形,cn-junior-g8-similarity-missing-side,八年级：相似三角形边长反求,24945,jianzisheng_cn_junior_chapter_expansion_v1,local-ocr-derived: jianzisheng_cn_junior_grade8_batch4_v0; chapter=cn-junior-g8-similarity-missing-side; expansion=v1,Honors,AMC8 Transfer,cn_similarity_missing_side,multiplicative_reasoning;inverse_operations,130,Chapter-level expansion from existing cleaned Jian Zi Sheng junior OCR coverage signals. Project-native original-equivalent variants; no direct textbook exercise text is reproduced.,zh,CN,CN,中文校内,初中,production
jianzisheng_cn_junior_chapter_expansion_v1_cn-junior-g8-similarity-missing-side_007,两个三角形相似。小三角形一边长为 9，对应的大三角形边长为 27。若小三角形另一边长为 12，则大三角形对应边长是多少？,36,multiple_choice,A:39|B:15|C:4|D:45|E:36,4,geo_similarity;arith_proportions;geo_triangles,similarity_ratio;missing_side,proportion_equation;scale_factor,additive_scaling_error;inverse_ratio_error,相似比为 3，所以对应边为 12×3=36。,CN Junior High Math,相似三角形,cn-junior-g8-similarity-missing-side,八年级：相似三角形边长反求,24946,jianzisheng_cn_junior_chapter_expansion_v1,local-ocr-derived: jianzisheng_cn_junior_grade8_batch4_v0; chapter=cn-junior-g8-similarity-missing-side; expansion=v1,Honors,AMC8 Transfer,cn_similarity_missing_side,multiplicative_reasoning;inverse_operations,130,Chapter-level expansion from existing cleaned Jian Zi Sheng junior OCR coverage signals. Project-native original-equivalent variants; no direct textbook exercise text is reproduced.,zh,CN,CN,中文校内,初中,production
jianzisheng_cn_junior_chapter_expansion_v1_cn-junior-g8-similarity-missing-side_008,两个三角形相似。小三角形一边长为 3，对应的大三角形边长为 12。若小三角形另一边长为 5，则大三角形对应边长是多少？,20,multiple_choice,A:9|B:1|C:23|D:20|E:17,4,geo_similarity;arith_proportions;geo_triangles,similarity_ratio;missing_side,proportion_equation;scale_factor,additive_scaling_error;inverse_ratio_error,相似比为 4，所以对应边为 5×4=20。,CN Junior High Math,相似三角形,cn-junior-g8-similarity-missing-side,八年级：相似三角形边长反求,24947,jianzisheng_cn_junior_chapter_expansion_v1,local-ocr-derived: jianzisheng_cn_junior_grade8_batch4_v0; chapter=cn-junior-g8-similarity-missing-side; expansion=v1,Honors,AMC8 Transfer,cn_similarity_missing_side,multiplicative_reasoning;inverse_operations,130,Chapter-level expansion from existing cleaned Jian Zi Sheng junior OCR coverage signals. Project-native original-equivalent variants; no direct textbook exercise text is reproduced.,zh,CN,CN,中文校内,初中,production
jianzisheng_cn_junior_chapter_expansion_v1_cn-junior-g8-similarity-missing-side_009,两个三角形相似。小三角形一边长为 4，对应的大三角形边长为 20。若小三角形另一边长为 7，则大三角形对应边长是多少？,35,multiple_choice,A:1|B:39|C:35|D:27|E:12,4,geo_similarity;arith_proportions;geo_triangles,similarity_ratio;missing_side,proportion_equation;scale_factor,additive_scaling_error;inverse_ratio_error,相似比为 5，所以对应边为 7×5=35。,CN Junior High Math,相似三角形,cn-junior-g8-similarity-missing-side,八年级：相似三角形边长反求,24948,jianzisheng_cn_junior_chapter_expansion_v1,local-ocr-derived: jianzisheng_cn_junior_grade8_batch4_v0; chapter=cn-junior-g8-similarity-missing-side; expansion=v1,Honors,AMC8 Transfer,cn_similarity_missing_side,multiplicative_reasoning;inverse_operations,130,Chapter-level expansion from existing cleaned Jian Zi Sheng junior OCR coverage signals. Project-native original-equivalent variants; no direct textbook exercise text is reproduced.,zh,CN,CN,中文校内,初中,production
jianzisheng_cn_junior_chapter_expansion_v1_cn-junior-g8-similarity-missing-side_010,两个三角形相似。小三角形一边长为 5，对应的大三角形边长为 10。若小三角形另一边长为 9，则大三角形对应边长是多少？,18,multiple_choice,A:23|B:18|C:19|D:11|E:5,4,geo_similarity;arith_proportions;geo_triangles,similarity_ratio;missing_side,proportion_equation;scale_factor,additive_scaling_error;inverse_ratio_error,相似比为 2，所以对应边为 9×2=18。,CN Junior High Math,相似三角形,cn-junior-g8-similarity-missing-side,八年级：相似三角形边长反求,24949,jianzisheng_cn_junior_chapter_expansion_v1,local-ocr-derived: jianzisheng_cn_junior_grade8_batch4_v0; chapter=cn-junior-g8-similarity-missing-side; expansion=v1,Honors,AMC8 Transfer,cn_similarity_missing_side,multiplicative_reasoning;inverse_operations,130,Chapter-level expansion from existing cleaned Jian Zi Sheng junior OCR coverage signals. Project-native original-equivalent variants; no direct textbook exercise text is reproduced.,zh,CN,CN,中文校内,初中,production
jianzisheng_cn_junior_chapter_expansion_v1_cn-junior-g8-similarity-missing-side_011,两个三角形相似。小三角形一边长为 6，对应的大三角形边长为 18。若小三角形另一边长为 11，则大三角形对应边长是多少？,33,multiple_choice,A:33|B:29|C:14|D:4|E:39,4,geo_similarity;arith_proportions;geo_triangles,similarity_ratio;missing_side,proportion_equation;scale_factor,additive_scaling_error;inverse_ratio_error,相似比为 3，所以对应边为 11×3=33。,CN Junior High Math,相似三角形,cn-junior-g8-similarity-missing-side,八年级：相似三角形边长反求,24950,jianzisheng_cn_junior_chapter_expansion_v1,local-ocr-derived: jianzisheng_cn_junior_grade8_batch4_v0; chapter=cn-junior-g8-similarity-missing-side; expansion=v1,Honors,AMC8 Transfer,cn_similarity_missing_side,multiplicative_reasoning;inverse_operations,130,Chapter-level expansion from existing cleaned Jian Zi Sheng junior OCR coverage signals. Project-native original-equivalent variants; no direct textbook exercise text is reproduced.,zh,CN,CN,中文校内,初中,production
jianzisheng_cn_junior_chapter_expansion_v1_cn-junior-g8-similarity-missing-side_012,两个三角形相似。小三角形一边长为 7，对应的大三角形边长为 28。若小三角形另一边长为 4，则大三角形对应边长是多少？,16,multiple_choice,A:32|B:8|C:1|D:23|E:16,4,geo_similarity;arith_proportions;geo_triangles,similarity_ratio;missing_side,proportion_equation;scale_factor,additive_scaling_error;inverse_ratio_error,相似比为 4，所以对应边为 4×4=16。,CN Junior High Math,相似三角形,cn-junior-g8-similarity-missing-side,八年级：相似三角形边长反求,24951,jianzisheng_cn_junior_chapter_expansion_v1,local-ocr-derived: jianzisheng_cn_junior_grade8_batch4_v0; chapter=cn-junior-g8-similarity-missing-side; expansion=v1,Honors,AMC8 Transfer,cn_similarity_missing_side,multiplicative_reasoning;inverse_operations,130,Chapter-level expansion from existing cleaned Jian Zi Sheng junior OCR coverage signals. Project-native original-equivalent variants; no direct textbook exercise text is reproduced.,zh,CN,CN,中文校内,初中,production
jianzisheng_cn_junior_chapter_expansion_v1_cn-junior-g8-similarity-missing-side_013,两个三角形相似。小三角形一边长为 8，对应的大三角形边长为 40。若小三角形另一边长为 6，则大三角形对应边长是多少？,30,multiple_choice,A:11|B:1|C:38|D:30|E:46,4,geo_similarity;arith_proportions;geo_triangles,similarity_ratio;missing_side,proportion_equation;scale_factor,additive_scaling_error;inverse_ratio_error,相似比为 5，所以对应边为 6×5=30。,CN Junior High Math,相似三角形,cn-junior-g8-similarity-missing-side,八年级：相似三角形边长反求,24952,jianzisheng_cn_junior_chapter_expansion_v1,local-ocr-derived: jianzisheng_cn_junior_grade8_batch4_v0; chapter=cn-junior-g8-similarity-missing-side; expansion=v1,Honors,AMC8 Transfer,cn_similarity_missing_side,multiplicative_reasoning;inverse_operations,130,Chapter-level expansion from existing cleaned Jian Zi Sheng junior OCR coverage signals. Project-native original-equivalent variants; no direct textbook exercise text is reproduced.,zh,CN,CN,中文校内,初中,production
jianzisheng_cn_junior_chapter_expansion_v1_cn-junior-g8-similarity-missing-side_014,两个三角形相似。小三角形一边长为 9，对应的大三角形边长为 18。若小三角形另一边长为 8，则大三角形对应边长是多少？,16,multiple_choice,A:4|B:25|C:16|D:26|E:10,4,geo_similarity;arith_proportions;geo_triangles,similarity_ratio;missing_side,proportion_equation;scale_factor,additive_scaling_error;inverse_ratio_error,相似比为 2，所以对应边为 8×2=16。,CN Junior High Math,相似三角形,cn-junior-g8-similarity-missing-side,八年级：相似三角形边长反求,24953,jianzisheng_cn_junior_chapter_expansion_v1,local-ocr-derived: jianzisheng_cn_junior_grade8_batch4_v0; chapter=cn-junior-g8-similarity-missing-side; expansion=v1,Honors,AMC8 Transfer,cn_similarity_missing_side,multiplicative_reasoning;inverse_operations,130,Chapter-level expansion from existing cleaned Jian Zi Sheng junior OCR coverage signals. Project-native original-equivalent variants; no direct textbook exercise text is reproduced.,zh,CN,CN,中文校内,初中,production
jianzisheng_cn_junior_chapter_expansion_v1_cn-junior-g8-two-step-angles_001,两条平行线被一条直线所截。若一个相关角为 112°，目标角与它互补，目标角是多少度？,68,multiple_choice,A:68|B:112|C:78|D:58|E:73,4,geo_angles;geo_triangle_angles;geo_triangles,angle_chasing;triangle_angle_sum,two_step_angle;parallel_line_transfer,skip_triangle_sum_error;parallel_angle_mismatch,互补角和为 180°，所以目标角为 68°。,CN Junior High Math,几何基础,cn-junior-g8-two-step-angles,八年级：三角形与平行线角度追踪,24960,jianzisheng_cn_junior_chapter_expansion_v1,local-ocr-derived: jianzisheng_cn_junior_grade8_batch4_v0; chapter=cn-junior-g8-two-step-angles; expansion=v1,Honors,Bridge,cn_two_step_angle_chasing,geometric_reasoning;relation_selection,130,Chapter-level expansion from existing cleaned Jian Zi Sheng junior OCR coverage signals. Project-native original-equivalent variants; no direct textbook exercise text is reproduced.,zh,CN,CN,中文校内,初中,production
jianzisheng_cn_junior_chapter_expansion_v1_cn-junior-g8-two-step-angles_002,两条平行线被一条直线所截。若一个相关角为 123°，目标角与它相等，目标角是多少度？,123,multiple_choice,A:57|B:133|C:113|D:128|E:123,4,geo_angles;geo_triangle_angles;geo_triangles,angle_chasing;triangle_angle_sum,two_step_angle;parallel_line_transfer,skip_triangle_sum_error;parallel_angle_mismatch,对应角或内错角相等，所以目标角为 123°。,CN Junior High Math,几何基础,cn-junior-g8-two-step-angles,八年级：三角形与平行线角度追踪,24961,jianzisheng_cn_junior_chapter_expansion_v1,local-ocr-derived: jianzisheng_cn_junior_grade8_batch4_v0; chapter=cn-junior-g8-two-step-angles; expansion=v1,Honors,Bridge,cn_two_step_angle_chasing,geometric_reasoning;relation_selection,130,Chapter-level expansion from existing cleaned Jian Zi Sheng junior OCR coverage signals. Project-native original-equivalent variants; no direct textbook exercise text is reproduced.,zh,CN,CN,中文校内,初中,production
jianzisheng_cn_junior_chapter_expansion_v1_cn-junior-g8-two-step-angles_003,两条平行线被一条直线所截。若一个相关角为 134°，目标角与它互补，目标角是多少度？,46,multiple_choice,A:56|B:36|C:51|D:46|E:134,4,geo_angles;geo_triangle_angles;geo_triangles,angle_chasing;triangle_angle_sum,two_step_angle;parallel_line_transfer,skip_triangle_sum_error;parallel_angle_mismatch,互补角和为 180°，所以目标角为 46°。,CN Junior High Math,几何基础,cn-junior-g8-two-step-angles,八年级：三角形与平行线角度追踪,24962,jianzisheng_cn_junior_chapter_expansion_v1,local-ocr-derived: jianzisheng_cn_junior_grade8_batch4_v0; chapter=cn-junior-g8-two-step-angles; expansion=v1,Honors,Bridge,cn_two_step_angle_chasing,geometric_reasoning;relation_selection,130,Chapter-level expansion from existing cleaned Jian Zi Sheng junior OCR coverage signals. Project-native original-equivalent variants; no direct textbook exercise text is reproduced.,zh,CN,CN,中文校内,初中,production
jianzisheng_cn_junior_chapter_expansion_v1_cn-junior-g8-two-step-angles_004,两条平行线被一条直线所截。若一个相关角为 35°，目标角与它相等，目标角是多少度？,35,multiple_choice,A:25|B:40|C:35|D:145|E:45,4,geo_angles;geo_triangle_angles;geo_triangles,angle_chasing;triangle_angle_sum,two_step_angle;parallel_line_transfer,skip_triangle_sum_error;parallel_angle_mismatch,对应角或内错角相等，所以目标角为 35°。,CN Junior High Math,几何基础,cn-junior-g8-two-step-angles,八年级：三角形与平行线角度追踪,24963,jianzisheng_cn_junior_chapter_expansion_v1,local-ocr-derived: jianzisheng_cn_junior_grade8_batch4_v0; chapter=cn-junior-g8-two-step-angles; expansion=v1,Honors,Bridge,cn_two_step_angle_chasing,geometric_reasoning;relation_selection,130,Chapter-level expansion from existing cleaned Jian Zi Sheng junior OCR coverage signals. Project-native original-equivalent variants; no direct textbook exercise text is reproduced.,zh,CN,CN,中文校内,初中,production
jianzisheng_cn_junior_chapter_expansion_v1_cn-junior-g8-two-step-angles_005,两条平行线被一条直线所截。若一个相关角为 46°，目标角与它互补，目标角是多少度？,134,multiple_choice,A:139|B:134|C:46|D:144|E:124,4,geo_angles;geo_triangle_angles;geo_triangles,angle_chasing;triangle_angle_sum,two_step_angle;parallel_line_transfer,skip_triangle_sum_error;parallel_angle_mismatch,互补角和为 180°，所以目标角为 134°。,CN Junior High Math,几何基础,cn-junior-g8-two-step-angles,八年级：三角形与平行线角度追踪,24964,jianzisheng_cn_junior_chapter_expansion_v1,local-ocr-derived: jianzisheng_cn_junior_grade8_batch4_v0; chapter=cn-junior-g8-two-step-angles; expansion=v1,Honors,Bridge,cn_two_step_angle_chasing,geometric_reasoning;relation_selection,130,Chapter-level expansion from existing cleaned Jian Zi Sheng junior OCR coverage signals. Project-native original-equivalent variants; no direct textbook exercise text is reproduced.,zh,CN,CN,中文校内,初中,production
jianzisheng_cn_junior_chapter_expansion_v1_cn-junior-g8-two-step-angles_006,两条平行线被一条直线所截。若一个相关角为 57°，目标角与它相等，目标角是多少度？,57,multiple_choice,A:57|B:123|C:67|D:47|E:62,4,geo_angles;geo_triangle_angles;geo_triangles,angle_chasing;triangle_angle_sum,two_step_angle;parallel_line_transfer,skip_triangle_sum_error;parallel_angle_mismatch,对应角或内错角相等，所以目标角为 57°。,CN Junior High Math,几何基础,cn-junior-g8-two-step-angles,八年级：三角形与平行线角度追踪,24965,jianzisheng_cn_junior_chapter_expansion_v1,local-ocr-derived: jianzisheng_cn_junior_grade8_batch4_v0; chapter=cn-junior-g8-two-step-angles; expansion=v1,Honors,Bridge,cn_two_step_angle_chasing,geometric_reasoning;relation_selection,130,Chapter-level expansion from existing cleaned Jian Zi Sheng junior OCR coverage signals. Project-native original-equivalent variants; no direct textbook exercise text is reproduced.,zh,CN,CN,中文校内,初中,production
jianzisheng_cn_junior_chapter_expansion_v1_cn-junior-g8-two-step-angles_007,两条平行线被一条直线所截。若一个相关角为 68°，目标角与它互补，目标角是多少度？,112,multiple_choice,A:68|B:122|C:102|D:117|E:112,4,geo_angles;geo_triangle_angles;geo_triangles,angle_chasing;triangle_angle_sum,two_step_angle;parallel_line_transfer,skip_triangle_sum_error;parallel_angle_mismatch,互补角和为 180°，所以目标角为 112°。,CN Junior High Math,几何基础,cn-junior-g8-two-step-angles,八年级：三角形与平行线角度追踪,24966,jianzisheng_cn_junior_chapter_expansion_v1,local-ocr-derived: jianzisheng_cn_junior_grade8_batch4_v0; chapter=cn-junior-g8-two-step-angles; expansion=v1,Honors,Bridge,cn_two_step_angle_chasing,geometric_reasoning;relation_selection,130,Chapter-level expansion from existing cleaned Jian Zi Sheng junior OCR coverage signals. Project-native original-equivalent variants; no direct textbook exercise text is reproduced.,zh,CN,CN,中文校内,初中,production
jianzisheng_cn_junior_chapter_expansion_v1_cn-junior-g8-two-step-angles_008,两条平行线被一条直线所截。若一个相关角为 79°，目标角与它相等，目标角是多少度？,79,multiple_choice,A:89|B:69|C:84|D:79|E:101,4,geo_angles;geo_triangle_angles;geo_triangles,angle_chasing;triangle_angle_sum,two_step_angle;parallel_line_transfer,skip_triangle_sum_error;parallel_angle_mismatch,对应角或内错角相等，所以目标角为 79°。,CN Junior High Math,几何基础,cn-junior-g8-two-step-angles,八年级：三角形与平行线角度追踪,24967,jianzisheng_cn_junior_chapter_expansion_v1,local-ocr-derived: jianzisheng_cn_junior_grade8_batch4_v0; chapter=cn-junior-g8-two-step-angles; expansion=v1,Honors,Bridge,cn_two_step_angle_chasing,geometric_reasoning;relation_selection,130,Chapter-level expansion from existing cleaned Jian Zi Sheng junior OCR coverage signals. Project-native original-equivalent variants; no direct textbook exercise text is reproduced.,zh,CN,CN,中文校内,初中,production
jianzisheng_cn_junior_chapter_expansion_v1_cn-junior-g8-two-step-angles_009,两条平行线被一条直线所截。若一个相关角为 90°，目标角与它互补，目标角是多少度？,90,multiple_choice,A:94|B:95|C:90|D:100|E:80,4,geo_angles;geo_triangle_angles;geo_triangles,angle_chasing;triangle_angle_sum,two_step_angle;parallel_line_transfer,skip_triangle_sum_error;parallel_angle_mismatch,互补角和为 180°，所以目标角为 90°。,CN Junior High Math,几何基础,cn-junior-g8-two-step-angles,八年级：三角形与平行线角度追踪,24968,jianzisheng_cn_junior_chapter_expansion_v1,local-ocr-derived: jianzisheng_cn_junior_grade8_batch4_v0; chapter=cn-junior-g8-two-step-angles; expansion=v1,Honors,Bridge,cn_two_step_angle_chasing,geometric_reasoning;relation_selection,130,Chapter-level expansion from existing cleaned Jian Zi Sheng junior OCR coverage signals. Project-native original-equivalent variants; no direct textbook exercise text is reproduced.,zh,CN,CN,中文校内,初中,production
jianzisheng_cn_junior_chapter_expansion_v1_cn-junior-g8-two-step-angles_010,两条平行线被一条直线所截。若一个相关角为 101°，目标角与它相等，目标角是多少度？,101,multiple_choice,A:106|B:101|C:79|D:111|E:91,4,geo_angles;geo_triangle_angles;geo_triangles,angle_chasing;triangle_angle_sum,two_step_angle;parallel_line_transfer,skip_triangle_sum_error;parallel_angle_mismatch,对应角或内错角相等，所以目标角为 101°。,CN Junior High Math,几何基础,cn-junior-g8-two-step-angles,八年级：三角形与平行线角度追踪,24969,jianzisheng_cn_junior_chapter_expansion_v1,local-ocr-derived: jianzisheng_cn_junior_grade8_batch4_v0; chapter=cn-junior-g8-two-step-angles; expansion=v1,Honors,Bridge,cn_two_step_angle_chasing,geometric_reasoning;relation_selection,130,Chapter-level expansion from existing cleaned Jian Zi Sheng junior OCR coverage signals. Project-native original-equivalent variants; no direct textbook exercise text is reproduced.,zh,CN,CN,中文校内,初中,production
jianzisheng_cn_junior_chapter_expansion_v1_cn-junior-g8-two-step-angles_011,两条平行线被一条直线所截。若一个相关角为 112°，目标角与它互补，目标角是多少度？,68,multiple_choice,A:68|B:112|C:78|D:58|E:73,4,geo_angles;geo_triangle_angles;geo_triangles,angle_chasing;triangle_angle_sum,two_step_angle;parallel_line_transfer,skip_triangle_sum_error;parallel_angle_mismatch,互补角和为 180°，所以目标角为 68°。,CN Junior High Math,几何基础,cn-junior-g8-two-step-angles,八年级：三角形与平行线角度追踪,24970,jianzisheng_cn_junior_chapter_expansion_v1,local-ocr-derived: jianzisheng_cn_junior_grade8_batch4_v0; chapter=cn-junior-g8-two-step-angles; expansion=v1,Honors,Bridge,cn_two_step_angle_chasing,geometric_reasoning;relation_selection,130,Chapter-level expansion from existing cleaned Jian Zi Sheng junior OCR coverage signals. Project-native original-equivalent variants; no direct textbook exercise text is reproduced.,zh,CN,CN,中文校内,初中,production
jianzisheng_cn_junior_chapter_expansion_v1_cn-junior-g8-two-step-angles_012,两条平行线被一条直线所截。若一个相关角为 123°，目标角与它相等，目标角是多少度？,123,multiple_choice,A:57|B:133|C:113|D:128|E:123,4,geo_angles;geo_triangle_angles;geo_triangles,angle_chasing;triangle_angle_sum,two_step_angle;parallel_line_transfer,skip_triangle_sum_error;parallel_angle_mismatch,对应角或内错角相等，所以目标角为 123°。,CN Junior High Math,几何基础,cn-junior-g8-two-step-angles,八年级：三角形与平行线角度追踪,24971,jianzisheng_cn_junior_chapter_expansion_v1,local-ocr-derived: jianzisheng_cn_junior_grade8_batch4_v0; chapter=cn-junior-g8-two-step-angles; expansion=v1,Honors,Bridge,cn_two_step_angle_chasing,geometric_reasoning;relation_selection,130,Chapter-level expansion from existing cleaned Jian Zi Sheng junior OCR coverage signals. Project-native original-equivalent variants; no direct textbook exercise text is reproduced.,zh,CN,CN,中文校内,初中,production
jianzisheng_cn_junior_chapter_expansion_v1_cn-junior-g8-two-step-angles_013,两条平行线被一条直线所截。若一个相关角为 134°，目标角与它互补，目标角是多少度？,46,multiple_choice,A:56|B:36|C:51|D:46|E:134,4,geo_angles;geo_triangle_angles;geo_triangles,angle_chasing;triangle_angle_sum,two_step_angle;parallel_line_transfer,skip_triangle_sum_error;parallel_angle_mismatch,互补角和为 180°，所以目标角为 46°。,CN Junior High Math,几何基础,cn-junior-g8-two-step-angles,八年级：三角形与平行线角度追踪,24972,jianzisheng_cn_junior_chapter_expansion_v1,local-ocr-derived: jianzisheng_cn_junior_grade8_batch4_v0; chapter=cn-junior-g8-two-step-angles; expansion=v1,Honors,Bridge,cn_two_step_angle_chasing,geometric_reasoning;relation_selection,130,Chapter-level expansion from existing cleaned Jian Zi Sheng junior OCR coverage signals. Project-native original-equivalent variants; no direct textbook exercise text is reproduced.,zh,CN,CN,中文校内,初中,production
jianzisheng_cn_junior_chapter_expansion_v1_cn-junior-g8-two-step-angles_014,两条平行线被一条直线所截。若一个相关角为 35°，目标角与它相等，目标角是多少度？,35,multiple_choice,A:25|B:40|C:35|D:145|E:45,4,geo_angles;geo_triangle_angles;geo_triangles,angle_chasing;triangle_angle_sum,two_step_angle;parallel_line_transfer,skip_triangle_sum_error;parallel_angle_mismatch,对应角或内错角相等，所以目标角为 35°。,CN Junior High Math,几何基础,cn-junior-g8-two-step-angles,八年级：三角形与平行线角度追踪,24973,jianzisheng_cn_junior_chapter_expansion_v1,local-ocr-derived: jianzisheng_cn_junior_grade8_batch4_v0; chapter=cn-junior-g8-two-step-angles; expansion=v1,Honors,Bridge,cn_two_step_angle_chasing,geometric_reasoning;relation_selection,130,Chapter-level expansion from existing cleaned Jian Zi Sheng junior OCR coverage signals. Project-native original-equivalent variants; no direct textbook exercise text is reproduced.,zh,CN,CN,中文校内,初中,production
jianzisheng_cn_junior_chapter_expansion_v1_cn-junior-g8-point-on-line_001,"判断点 (5,-7) 是否在直线 y=-2x+2 上。",否,multiple_choice,A:否|B:是|C:无法判断|D:只看横坐标即可|E:只看纵坐标即可,4,alg_graphing;alg_functions;prealg_substitution,point_on_line;function_evaluation,graph_membership;input_output_check,substitution_error;coordinate_order_error,把 x=5 代入直线方程，得到 y=-8。与点的纵坐标 -7 比较，所以答案是“否”。,CN Junior High Math,一次函数初步,cn-junior-g8-point-on-line,八年级：点与一次函数图像,24980,jianzisheng_cn_junior_chapter_expansion_v1,local-ocr-derived: jianzisheng_cn_junior_grade8_batch4_v0; chapter=cn-junior-g8-point-on-line; expansion=v1,Honors,Algebra Readiness,cn_point_on_line,input_output_mapping;symbol_evaluation,130,Chapter-level expansion from existing cleaned Jian Zi Sheng junior OCR coverage signals. Project-native original-equivalent variants; no direct textbook exercise text is reproduced.,zh,CN,CN,中文校内,初中,production
jianzisheng_cn_junior_chapter_expansion_v1_cn-junior-g8-point-on-line_002,"判断点 (-2,5) 是否在直线 y=-1x+3 上。",是,multiple_choice,A:否|B:无法判断|C:只看横坐标即可|D:只看纵坐标即可|E:是,4,alg_graphing;alg_functions;prealg_substitution,point_on_line;function_evaluation,graph_membership;input_output_check,substitution_error;coordinate_order_error,把 x=-2 代入直线方程，得到 y=5。与点的纵坐标 5 比较，所以答案是“是”。,CN Junior High Math,一次函数初步,cn-junior-g8-point-on-line,八年级：点与一次函数图像,24981,jianzisheng_cn_junior_chapter_expansion_v1,local-ocr-derived: jianzisheng_cn_junior_grade8_batch4_v0; chapter=cn-junior-g8-point-on-line; expansion=v1,Honors,Algebra Readiness,cn_point_on_line,input_output_mapping;symbol_evaluation,130,Chapter-level expansion from existing cleaned Jian Zi Sheng junior OCR coverage signals. Project-native original-equivalent variants; no direct textbook exercise text is reproduced.,zh,CN,CN,中文校内,初中,production
jianzisheng_cn_junior_chapter_expansion_v1_cn-junior-g8-point-on-line_003,"判断点 (-1,3) 是否在直线 y=2x+4 上。",否,multiple_choice,A:无法判断|B:只看横坐标即可|C:只看纵坐标即可|D:否|E:是,4,alg_graphing;alg_functions;prealg_substitution,point_on_line;function_evaluation,graph_membership;input_output_check,substitution_error;coordinate_order_error,把 x=-1 代入直线方程，得到 y=2。与点的纵坐标 3 比较，所以答案是“否”。,CN Junior High Math,一次函数初步,cn-junior-g8-point-on-line,八年级：点与一次函数图像,24982,jianzisheng_cn_junior_chapter_expansion_v1,local-ocr-derived: jianzisheng_cn_junior_grade8_batch4_v0; chapter=cn-junior-g8-point-on-line; expansion=v1,Honors,Algebra Readiness,cn_point_on_line,input_output_mapping;symbol_evaluation,130,Chapter-level expansion from existing cleaned Jian Zi Sheng junior OCR coverage signals. Project-native original-equivalent variants; no direct textbook exercise text is reproduced.,zh,CN,CN,中文校内,初中,production
jianzisheng_cn_junior_chapter_expansion_v1_cn-junior-g8-point-on-line_004,"判断点 (0,5) 是否在直线 y=3x+5 上。",是,multiple_choice,A:只看横坐标即可|B:只看纵坐标即可|C:是|D:否|E:无法判断,4,alg_graphing;alg_functions;prealg_substitution,point_on_line;function_evaluation,graph_membership;input_output_check,substitution_error;coordinate_order_error,把 x=0 代入直线方程，得到 y=5。与点的纵坐标 5 比较，所以答案是“是”。,CN Junior High Math,一次函数初步,cn-junior-g8-point-on-line,八年级：点与一次函数图像,24983,jianzisheng_cn_junior_chapter_expansion_v1,local-ocr-derived: jianzisheng_cn_junior_grade8_batch4_v0; chapter=cn-junior-g8-point-on-line; expansion=v1,Honors,Algebra Readiness,cn_point_on_line,input_output_mapping;symbol_evaluation,130,Chapter-level expansion from existing cleaned Jian Zi Sheng junior OCR coverage signals. Project-native original-equivalent variants; no direct textbook exercise text is reproduced.,zh,CN,CN,中文校内,初中,production
jianzisheng_cn_junior_chapter_expansion_v1_cn-junior-g8-point-on-line_005,"判断点 (1,0) 是否在直线 y=4x-5 上。",否,multiple_choice,A:只看纵坐标即可|B:否|C:是|D:无法判断|E:只看横坐标即可,4,alg_graphing;alg_functions;prealg_substitution,point_on_line;function_evaluation,graph_membership;input_output_check,substitution_error;coordinate_order_error,把 x=1 代入直线方程，得到 y=-1。与点的纵坐标 0 比较，所以答案是“否”。,CN Junior High Math,一次函数初步,cn-junior-g8-point-on-line,八年级：点与一次函数图像,24984,jianzisheng_cn_junior_chapter_expansion_v1,local-ocr-derived: jianzisheng_cn_junior_grade8_batch4_v0; chapter=cn-junior-g8-point-on-line; expansion=v1,Honors,Algebra Readiness,cn_point_on_line,input_output_mapping;symbol_evaluation,130,Chapter-level expansion from existing cleaned Jian Zi Sheng junior OCR coverage signals. Project-native original-equivalent variants; no direct textbook exercise text is reproduced.,zh,CN,CN,中文校内,初中,production
jianzisheng_cn_junior_chapter_expansion_v1_cn-junior-g8-point-on-line_006,"判断点 (2,-10) 是否在直线 y=-3x-4 上。",是,multiple_choice,A:是|B:否|C:无法判断|D:只看横坐标即可|E:只看纵坐标即可,4,alg_graphing;alg_functions;prealg_substitution,point_on_line;function_evaluation,graph_membership;input_output_check,substitution_error;coordinate_order_error,把 x=2 代入直线方程，得到 y=-10。与点的纵坐标 -10 比较，所以答案是“是”。,CN Junior High Math,一次函数初步,cn-junior-g8-point-on-line,八年级：点与一次函数图像,24985,jianzisheng_cn_junior_chapter_expansion_v1,local-ocr-derived: jianzisheng_cn_junior_grade8_batch4_v0; chapter=cn-junior-g8-point-on-line; expansion=v1,Honors,Algebra Readiness,cn_point_on_line,input_output_mapping;symbol_evaluation,130,Chapter-level expansion from existing cleaned Jian Zi Sheng junior OCR coverage signals. Project-native original-equivalent variants; no direct textbook exercise text is reproduced.,zh,CN,CN,中文校内,初中,production
jianzisheng_cn_junior_chapter_expansion_v1_cn-junior-g8-point-on-line_007,"判断点 (3,-8) 是否在直线 y=-2x-3 上。",否,multiple_choice,A:是|B:无法判断|C:只看横坐标即可|D:只看纵坐标即可|E:否,4,alg_graphing;alg_functions;prealg_substitution,point_on_line;function_evaluation,graph_membership;input_output_check,substitution_error;coordinate_order_error,把 x=3 代入直线方程，得到 y=-9。与点的纵坐标 -8 比较，所以答案是“否”。,CN Junior High Math,一次函数初步,cn-junior-g8-point-on-line,八年级：点与一次函数图像,24986,jianzisheng_cn_junior_chapter_expansion_v1,local-ocr-derived: jianzisheng_cn_junior_grade8_batch4_v0; chapter=cn-junior-g8-point-on-line; expansion=v1,Honors,Algebra Readiness,cn_point_on_line,input_output_mapping;symbol_evaluation,130,Chapter-level expansion from existing cleaned Jian Zi Sheng junior OCR coverage signals. Project-native original-equivalent variants; no direct textbook exercise text is reproduced.,zh,CN,CN,中文校内,初中,production
jianzisheng_cn_junior_chapter_expansion_v1_cn-junior-g8-point-on-line_008,"判断点 (4,-6) 是否在直线 y=-1x-2 上。",是,multiple_choice,A:无法判断|B:只看横坐标即可|C:只看纵坐标即可|D:是|E:否,4,alg_graphing;alg_functions;prealg_substitution,point_on_line;function_evaluation,graph_membership;input_output_check,substitution_error;coordinate_order_error,把 x=4 代入直线方程，得到 y=-6。与点的纵坐标 -6 比较，所以答案是“是”。,CN Junior High Math,一次函数初步,cn-junior-g8-point-on-line,八年级：点与一次函数图像,24987,jianzisheng_cn_junior_chapter_expansion_v1,local-ocr-derived: jianzisheng_cn_junior_grade8_batch4_v0; chapter=cn-junior-g8-point-on-line; expansion=v1,Honors,Algebra Readiness,cn_point_on_line,input_output_mapping;symbol_evaluation,130,Chapter-level expansion from existing cleaned Jian Zi Sheng junior OCR coverage signals. Project-native original-equivalent variants; no direct textbook exercise text is reproduced.,zh,CN,CN,中文校内,初中,production
jianzisheng_cn_junior_chapter_expansion_v1_cn-junior-g8-point-on-line_009,"判断点 (5,10) 是否在直线 y=2x-1 上。",否,multiple_choice,A:只看横坐标即可|B:只看纵坐标即可|C:否|D:是|E:无法判断,4,alg_graphing;alg_functions;prealg_substitution,point_on_line;function_evaluation,graph_membership;input_output_check,substitution_error;coordinate_order_error,把 x=5 代入直线方程，得到 y=9。与点的纵坐标 10 比较，所以答案是“否”。,CN Junior High Math,一次函数初步,cn-junior-g8-point-on-line,八年级：点与一次函数图像,24988,jianzisheng_cn_junior_chapter_expansion_v1,local-ocr-derived: jianzisheng_cn_junior_grade8_batch4_v0; chapter=cn-junior-g8-point-on-line; expansion=v1,Honors,Algebra Readiness,cn_point_on_line,input_output_mapping;symbol_evaluation,130,Chapter-level expansion from existing cleaned Jian Zi Sheng junior OCR coverage signals. Project-native original-equivalent variants; no direct textbook exercise text is reproduced.,zh,CN,CN,中文校内,初中,production
jianzisheng_cn_junior_chapter_expansion_v1_cn-junior-g8-point-on-line_010,"判断点 (-2,-6) 是否在直线 y=3x+0 上。",是,multiple_choice,A:只看纵坐标即可|B:是|C:否|D:无法判断|E:只看横坐标即可,4,alg_graphing;alg_functions;prealg_substitution,point_on_line;function_evaluation,graph_membership;input_output_check,substitution_error;coordinate_order_error,把 x=-2 代入直线方程，得到 y=-6。与点的纵坐标 -6 比较，所以答案是“是”。,CN Junior High Math,一次函数初步,cn-junior-g8-point-on-line,八年级：点与一次函数图像,24989,jianzisheng_cn_junior_chapter_expansion_v1,local-ocr-derived: jianzisheng_cn_junior_grade8_batch4_v0; chapter=cn-junior-g8-point-on-line; expansion=v1,Honors,Algebra Readiness,cn_point_on_line,input_output_mapping;symbol_evaluation,130,Chapter-level expansion from existing cleaned Jian Zi Sheng junior OCR coverage signals. Project-native original-equivalent variants; no direct textbook exercise text is reproduced.,zh,CN,CN,中文校内,初中,production
jianzisheng_cn_junior_chapter_expansion_v1_cn-junior-g8-point-on-line_011,"判断点 (-1,-2) 是否在直线 y=4x+1 上。",否,multiple_choice,A:否|B:是|C:无法判断|D:只看横坐标即可|E:只看纵坐标即可,4,alg_graphing;alg_functions;prealg_substitution,point_on_line;function_evaluation,graph_membership;input_output_check,substitution_error;coordinate_order_error,把 x=-1 代入直线方程，得到 y=-3。与点的纵坐标 -2 比较，所以答案是“否”。,CN Junior High Math,一次函数初步,cn-junior-g8-point-on-line,八年级：点与一次函数图像,24990,jianzisheng_cn_junior_chapter_expansion_v1,local-ocr-derived: jianzisheng_cn_junior_grade8_batch4_v0; chapter=cn-junior-g8-point-on-line; expansion=v1,Honors,Algebra Readiness,cn_point_on_line,input_output_mapping;symbol_evaluation,130,Chapter-level expansion from existing cleaned Jian Zi Sheng junior OCR coverage signals. Project-native original-equivalent variants; no direct textbook exercise text is reproduced.,zh,CN,CN,中文校内,初中,production
jianzisheng_cn_junior_chapter_expansion_v1_cn-junior-g8-point-on-line_012,"判断点 (0,2) 是否在直线 y=-3x+2 上。",是,multiple_choice,A:否|B:无法判断|C:只看横坐标即可|D:只看纵坐标即可|E:是,4,alg_graphing;alg_functions;prealg_substitution,point_on_line;function_evaluation,graph_membership;input_output_check,substitution_error;coordinate_order_error,把 x=0 代入直线方程，得到 y=2。与点的纵坐标 2 比较，所以答案是“是”。,CN Junior High Math,一次函数初步,cn-junior-g8-point-on-line,八年级：点与一次函数图像,24991,jianzisheng_cn_junior_chapter_expansion_v1,local-ocr-derived: jianzisheng_cn_junior_grade8_batch4_v0; chapter=cn-junior-g8-point-on-line; expansion=v1,Honors,Algebra Readiness,cn_point_on_line,input_output_mapping;symbol_evaluation,130,Chapter-level expansion from existing cleaned Jian Zi Sheng junior OCR coverage signals. Project-native original-equivalent variants; no direct textbook exercise text is reproduced.,zh,CN,CN,中文校内,初中,production
jianzisheng_cn_junior_chapter_expansion_v1_cn-junior-g8-point-on-line_013,"判断点 (1,2) 是否在直线 y=-2x+3 上。",否,multiple_choice,A:无法判断|B:只看横坐标即可|C:只看纵坐标即可|D:否|E:是,4,alg_graphing;alg_functions;prealg_substitution,point_on_line;function_evaluation,graph_membership;input_output_check,substitution_error;coordinate_order_error,把 x=1 代入直线方程，得到 y=1。与点的纵坐标 2 比较，所以答案是“否”。,CN Junior High Math,一次函数初步,cn-junior-g8-point-on-line,八年级：点与一次函数图像,24992,jianzisheng_cn_junior_chapter_expansion_v1,local-ocr-derived: jianzisheng_cn_junior_grade8_batch4_v0; chapter=cn-junior-g8-point-on-line; expansion=v1,Honors,Algebra Readiness,cn_point_on_line,input_output_mapping;symbol_evaluation,130,Chapter-level expansion from existing cleaned Jian Zi Sheng junior OCR coverage signals. Project-native original-equivalent variants; no direct textbook exercise text is reproduced.,zh,CN,CN,中文校内,初中,production
jianzisheng_cn_junior_chapter_expansion_v1_cn-junior-g8-point-on-line_014,"判断点 (2,2) 是否在直线 y=-1x+4 上。",是,multiple_choice,A:只看横坐标即可|B:只看纵坐标即可|C:是|D:否|E:无法判断,4,alg_graphing;alg_functions;prealg_substitution,point_on_line;function_evaluation,graph_membership;input_output_check,substitution_error;coordinate_order_error,把 x=2 代入直线方程，得到 y=2。与点的纵坐标 2 比较，所以答案是“是”。,CN Junior High Math,一次函数初步,cn-junior-g8-point-on-line,八年级：点与一次函数图像,24993,jianzisheng_cn_junior_chapter_expansion_v1,local-ocr-derived: jianzisheng_cn_junior_grade8_batch4_v0; chapter=cn-junior-g8-point-on-line; expansion=v1,Honors,Algebra Readiness,cn_point_on_line,input_output_mapping;symbol_evaluation,130,Chapter-level expansion from existing cleaned Jian Zi Sheng junior OCR coverage signals. Project-native original-equivalent variants; no direct textbook exercise text is reproduced.,zh,CN,CN,中文校内,初中,production
jianzisheng_cn_junior_chapter_expansion_v1_cn-junior-g8-linear-modeling-inverse_001,某水箱原有 13 升水，每分钟增加 9 升。若水箱中共有 112 升水，需要多少分钟？,11,multiple_choice,A:11|B:12|C:99|D:14|E:16,4,alg_functions;alg_linear_equations;prealg_word_to_equation,linear_modeling_inverse;equation_solving,target_value_model;solve_time_from_rate,missing_initial_value;division_setup_error,设需要 x 分钟，13+9x=112，解得 x=11。,CN Junior High Math,一次函数初步,cn-junior-g8-linear-modeling-inverse,八年级：一次函数应用反求,25000,jianzisheng_cn_junior_chapter_expansion_v1,local-ocr-derived: jianzisheng_cn_junior_grade8_batch4_v0; chapter=cn-junior-g8-linear-modeling-inverse; expansion=v1,Honors,Algebra Readiness,cn_linear_modeling_inverse,modeling;inverse_operations,130,Chapter-level expansion from existing cleaned Jian Zi Sheng junior OCR coverage signals. Project-native original-equivalent variants; no direct textbook exercise text is reproduced.,zh,CN,CN,中文校内,初中,production
jianzisheng_cn_junior_chapter_expansion_v1_cn-junior-g8-linear-modeling-inverse_002,某水箱原有 14 升水，每分钟增加 2 升。若水箱中共有 22 升水，需要多少分钟？,4,multiple_choice,A:11|B:8|C:5|D:18|E:4,4,alg_functions;alg_linear_equations;prealg_word_to_equation,linear_modeling_inverse;equation_solving,target_value_model;solve_time_from_rate,missing_initial_value;division_setup_error,设需要 x 分钟，14+2x=22，解得 x=4。,CN Junior High Math,一次函数初步,cn-junior-g8-linear-modeling-inverse,八年级：一次函数应用反求,25001,jianzisheng_cn_junior_chapter_expansion_v1,local-ocr-derived: jianzisheng_cn_junior_grade8_batch4_v0; chapter=cn-junior-g8-linear-modeling-inverse; expansion=v1,Honors,Algebra Readiness,cn_linear_modeling_inverse,modeling;inverse_operations,130,Chapter-level expansion from existing cleaned Jian Zi Sheng junior OCR coverage signals. Project-native original-equivalent variants; no direct textbook exercise text is reproduced.,zh,CN,CN,中文校内,初中,production
jianzisheng_cn_junior_chapter_expansion_v1_cn-junior-g8-linear-modeling-inverse_003,某水箱原有 15 升水，每分钟增加 3 升。若水箱中共有 30 升水，需要多少分钟？,5,multiple_choice,A:15|B:6|C:10|D:5|E:10,4,alg_functions;alg_linear_equations;prealg_word_to_equation,linear_modeling_inverse;equation_solving,target_value_model;solve_time_from_rate,missing_initial_value;division_setup_error,设需要 x 分钟，15+3x=30，解得 x=5。,CN Junior High Math,一次函数初步,cn-junior-g8-linear-modeling-inverse,八年级：一次函数应用反求,25002,jianzisheng_cn_junior_chapter_expansion_v1,local-ocr-derived: jianzisheng_cn_junior_grade8_batch4_v0; chapter=cn-junior-g8-linear-modeling-inverse; expansion=v1,Honors,Algebra Readiness,cn_linear_modeling_inverse,modeling;inverse_operations,130,Chapter-level expansion from existing cleaned Jian Zi Sheng junior OCR coverage signals. Project-native original-equivalent variants; no direct textbook exercise text is reproduced.,zh,CN,CN,中文校内,初中,production
jianzisheng_cn_junior_chapter_expansion_v1_cn-junior-g8-linear-modeling-inverse_004,某水箱原有 16 升水，每分钟增加 4 升。若水箱中共有 40 升水，需要多少分钟？,6,multiple_choice,A:7|B:14|C:6|D:10|E:24,4,alg_functions;alg_linear_equations;prealg_word_to_equation,linear_modeling_inverse;equation_solving,target_value_model;solve_time_from_rate,missing_initial_value;division_setup_error,设需要 x 分钟，16+4x=40，解得 x=6。,CN Junior High Math,一次函数初步,cn-junior-g8-linear-modeling-inverse,八年级：一次函数应用反求,25003,jianzisheng_cn_junior_chapter_expansion_v1,local-ocr-derived: jianzisheng_cn_junior_grade8_batch4_v0; chapter=cn-junior-g8-linear-modeling-inverse; expansion=v1,Honors,Algebra Readiness,cn_linear_modeling_inverse,modeling;inverse_operations,130,Chapter-level expansion from existing cleaned Jian Zi Sheng junior OCR coverage signals. Project-native original-equivalent variants; no direct textbook exercise text is reproduced.,zh,CN,CN,中文校内,初中,production
jianzisheng_cn_junior_chapter_expansion_v1_cn-junior-g8-linear-modeling-inverse_005,某水箱原有 17 升水，每分钟增加 5 升。若水箱中共有 52 升水，需要多少分钟？,7,multiple_choice,A:14|B:7|C:10|D:35|E:8,4,alg_functions;alg_linear_equations;prealg_word_to_equation,linear_modeling_inverse;equation_solving,target_value_model;solve_time_from_rate,missing_initial_value;division_setup_error,设需要 x 分钟，17+5x=52，解得 x=7。,CN Junior High Math,一次函数初步,cn-junior-g8-linear-modeling-inverse,八年级：一次函数应用反求,25004,jianzisheng_cn_junior_chapter_expansion_v1,local-ocr-derived: jianzisheng_cn_junior_grade8_batch4_v0; chapter=cn-junior-g8-linear-modeling-inverse; expansion=v1,Honors,Algebra Readiness,cn_linear_modeling_inverse,modeling;inverse_operations,130,Chapter-level expansion from existing cleaned Jian Zi Sheng junior OCR coverage signals. Project-native original-equivalent variants; no direct textbook exercise text is reproduced.,zh,CN,CN,中文校内,初中,production
jianzisheng_cn_junior_chapter_expansion_v1_cn-junior-g8-linear-modeling-inverse_006,某水箱原有 18 升水，每分钟增加 6 升。若水箱中共有 66 升水，需要多少分钟？,8,multiple_choice,A:8|B:11|C:48|D:9|E:14,4,alg_functions;alg_linear_equations;prealg_word_to_equation,linear_modeling_inverse;equation_solving,target_value_model;solve_time_from_rate,missing_initial_value;division_setup_error,设需要 x 分钟，18+6x=66，解得 x=8。,CN Junior High Math,一次函数初步,cn-junior-g8-linear-modeling-inverse,八年级：一次函数应用反求,25005,jianzisheng_cn_junior_chapter_expansion_v1,local-ocr-derived: jianzisheng_cn_junior_grade8_batch4_v0; chapter=cn-junior-g8-linear-modeling-inverse; expansion=v1,Honors,Algebra Readiness,cn_linear_modeling_inverse,modeling;inverse_operations,130,Chapter-level expansion from existing cleaned Jian Zi Sheng junior OCR coverage signals. Project-native original-equivalent variants; no direct textbook exercise text is reproduced.,zh,CN,CN,中文校内,初中,production
jianzisheng_cn_junior_chapter_expansion_v1_cn-junior-g8-linear-modeling-inverse_007,某水箱原有 19 升水，每分钟增加 7 升。若水箱中共有 82 升水，需要多少分钟？,9,multiple_choice,A:12|B:63|C:10|D:14|E:9,4,alg_functions;alg_linear_equations;prealg_word_to_equation,linear_modeling_inverse;equation_solving,target_value_model;solve_time_from_rate,missing_initial_value;division_setup_error,设需要 x 分钟，19+7x=82，解得 x=9。,CN Junior High Math,一次函数初步,cn-junior-g8-linear-modeling-inverse,八年级：一次函数应用反求,25006,jianzisheng_cn_junior_chapter_expansion_v1,local-ocr-derived: jianzisheng_cn_junior_grade8_batch4_v0; chapter=cn-junior-g8-linear-modeling-inverse; expansion=v1,Honors,Algebra Readiness,cn_linear_modeling_inverse,modeling;inverse_operations,130,Chapter-level expansion from existing cleaned Jian Zi Sheng junior OCR coverage signals. Project-native original-equivalent variants; no direct textbook exercise text is reproduced.,zh,CN,CN,中文校内,初中,production
jianzisheng_cn_junior_chapter_expansion_v1_cn-junior-g8-linear-modeling-inverse_008,某水箱原有 20 升水，每分钟增加 8 升。若水箱中共有 100 升水，需要多少分钟？,10,multiple_choice,A:80|B:11|C:15|D:10|E:13,4,alg_functions;alg_linear_equations;prealg_word_to_equation,linear_modeling_inverse;equation_solving,target_value_model;solve_time_from_rate,missing_initial_value;division_setup_error,设需要 x 分钟，20+8x=100，解得 x=10。,CN Junior High Math,一次函数初步,cn-junior-g8-linear-modeling-inverse,八年级：一次函数应用反求,25007,jianzisheng_cn_junior_chapter_expansion_v1,local-ocr-derived: jianzisheng_cn_junior_grade8_batch4_v0; chapter=cn-junior-g8-linear-modeling-inverse; expansion=v1,Honors,Algebra Readiness,cn_linear_modeling_inverse,modeling;inverse_operations,130,Chapter-level expansion from existing cleaned Jian Zi Sheng junior OCR coverage signals. Project-native original-equivalent variants; no direct textbook exercise text is reproduced.,zh,CN,CN,中文校内,初中,production
jianzisheng_cn_junior_chapter_expansion_v1_cn-junior-g8-linear-modeling-inverse_009,某水箱原有 21 升水，每分钟增加 9 升。若水箱中共有 120 升水，需要多少分钟？,11,multiple_choice,A:12|B:16|C:11|D:13|E:99,4,alg_functions;alg_linear_equations;prealg_word_to_equation,linear_modeling_inverse;equation_solving,target_value_model;solve_time_from_rate,missing_initial_value;division_setup_error,设需要 x 分钟，21+9x=120，解得 x=11。,CN Junior High Math,一次函数初步,cn-junior-g8-linear-modeling-inverse,八年级：一次函数应用反求,25008,jianzisheng_cn_junior_chapter_expansion_v1,local-ocr-derived: jianzisheng_cn_junior_grade8_batch4_v0; chapter=cn-junior-g8-linear-modeling-inverse; expansion=v1,Honors,Algebra Readiness,cn_linear_modeling_inverse,modeling;inverse_operations,130,Chapter-level expansion from existing cleaned Jian Zi Sheng junior OCR coverage signals. Project-native original-equivalent variants; no direct textbook exercise text is reproduced.,zh,CN,CN,中文校内,初中,production
jianzisheng_cn_junior_chapter_expansion_v1_cn-junior-g8-linear-modeling-inverse_010,某水箱原有 22 升水，每分钟增加 2 升。若水箱中共有 30 升水，需要多少分钟？,4,multiple_choice,A:26|B:4|C:15|D:8|E:5,4,alg_functions;alg_linear_equations;prealg_word_to_equation,linear_modeling_inverse;equation_solving,target_value_model;solve_time_from_rate,missing_initial_value;division_setup_error,设需要 x 分钟，22+2x=30，解得 x=4。,CN Junior High Math,一次函数初步,cn-junior-g8-linear-modeling-inverse,八年级：一次函数应用反求,25009,jianzisheng_cn_junior_chapter_expansion_v1,local-ocr-derived: jianzisheng_cn_junior_grade8_batch4_v0; chapter=cn-junior-g8-linear-modeling-inverse; expansion=v1,Honors,Algebra Readiness,cn_linear_modeling_inverse,modeling;inverse_operations,130,Chapter-level expansion from existing cleaned Jian Zi Sheng junior OCR coverage signals. Project-native original-equivalent variants; no direct textbook exercise text is reproduced.,zh,CN,CN,中文校内,初中,production
jianzisheng_cn_junior_chapter_expansion_v1_cn-junior-g8-linear-modeling-inverse_011,某水箱原有 23 升水，每分钟增加 3 升。若水箱中共有 38 升水，需要多少分钟？,5,multiple_choice,A:5|B:13|C:15|D:6|E:20,4,alg_functions;alg_linear_equations;prealg_word_to_equation,linear_modeling_inverse;equation_solving,target_value_model;solve_time_from_rate,missing_initial_value;division_setup_error,设需要 x 分钟，23+3x=38，解得 x=5。,CN Junior High Math,一次函数初步,cn-junior-g8-linear-modeling-inverse,八年级：一次函数应用反求,25010,jianzisheng_cn_junior_chapter_expansion_v1,local-ocr-derived: jianzisheng_cn_junior_grade8_batch4_v0; chapter=cn-junior-g8-linear-modeling-inverse; expansion=v1,Honors,Algebra Readiness,cn_linear_modeling_inverse,modeling;inverse_operations,130,Chapter-level expansion from existing cleaned Jian Zi Sheng junior OCR coverage signals. Project-native original-equivalent variants; no direct textbook exercise text is reproduced.,zh,CN,CN,中文校内,初中,production
jianzisheng_cn_junior_chapter_expansion_v1_cn-junior-g8-linear-modeling-inverse_012,某水箱原有 6 升水，每分钟增加 4 升。若水箱中共有 30 升水，需要多少分钟？,6,multiple_choice,A:8|B:24|C:7|D:9|E:6,4,alg_functions;alg_linear_equations;prealg_word_to_equation,linear_modeling_inverse;equation_solving,target_value_model;solve_time_from_rate,missing_initial_value;division_setup_error,设需要 x 分钟，6+4x=30，解得 x=6。,CN Junior High Math,一次函数初步,cn-junior-g8-linear-modeling-inverse,八年级：一次函数应用反求,25011,jianzisheng_cn_junior_chapter_expansion_v1,local-ocr-derived: jianzisheng_cn_junior_grade8_batch4_v0; chapter=cn-junior-g8-linear-modeling-inverse; expansion=v1,Honors,Algebra Readiness,cn_linear_modeling_inverse,modeling;inverse_operations,130,Chapter-level expansion from existing cleaned Jian Zi Sheng junior OCR coverage signals. Project-native original-equivalent variants; no direct textbook exercise text is reproduced.,zh,CN,CN,中文校内,初中,production
jianzisheng_cn_junior_chapter_expansion_v1_cn-junior-g8-linear-modeling-inverse_013,某水箱原有 7 升水，每分钟增加 5 升。若水箱中共有 42 升水，需要多少分钟？,7,multiple_choice,A:35|B:10|C:12|D:7|E:8,4,alg_functions;alg_linear_equations;prealg_word_to_equation,linear_modeling_inverse;equation_solving,target_value_model;solve_time_from_rate,missing_initial_value;division_setup_error,设需要 x 分钟，7+5x=42，解得 x=7。,CN Junior High Math,一次函数初步,cn-junior-g8-linear-modeling-inverse,八年级：一次函数应用反求,25012,jianzisheng_cn_junior_chapter_expansion_v1,local-ocr-derived: jianzisheng_cn_junior_grade8_batch4_v0; chapter=cn-junior-g8-linear-modeling-inverse; expansion=v1,Honors,Algebra Readiness,cn_linear_modeling_inverse,modeling;inverse_operations,130,Chapter-level expansion from existing cleaned Jian Zi Sheng junior OCR coverage signals. Project-native original-equivalent variants; no direct textbook exercise text is reproduced.,zh,CN,CN,中文校内,初中,production
jianzisheng_cn_junior_chapter_expansion_v1_cn-junior-g8-linear-modeling-inverse_014,某水箱原有 8 升水，每分钟增加 6 升。若水箱中共有 56 升水，需要多少分钟？,8,multiple_choice,A:11|B:13|C:8|D:9|E:48,4,alg_functions;alg_linear_equations;prealg_word_to_equation,linear_modeling_inverse;equation_solving,target_value_model;solve_time_from_rate,missing_initial_value;division_setup_error,设需要 x 分钟，8+6x=56，解得 x=8。,CN Junior High Math,一次函数初步,cn-junior-g8-linear-modeling-inverse,八年级：一次函数应用反求,25013,jianzisheng_cn_junior_chapter_expansion_v1,local-ocr-derived: jianzisheng_cn_junior_grade8_batch4_v0; chapter=cn-junior-g8-linear-modeling-inverse; expansion=v1,Honors,Algebra Readiness,cn_linear_modeling_inverse,modeling;inverse_operations,130,Chapter-level expansion from existing cleaned Jian Zi Sheng junior OCR coverage signals. Project-native original-equivalent variants; no direct textbook exercise text is reproduced.,zh,CN,CN,中文校内,初中,production
jianzisheng_cn_junior_chapter_expansion_v1_cn-junior-g8-coordinate-area_001,三角形的底为 15，高为 9，面积是多少？,67.5,multiple_choice,A:67.5|B:135|C:24|D:82.5|E:6,4,geo_coordinate_geometry;geo_area;geo_triangles,coordinate_area;triangle_area,base_height_on_coordinate_plane;geometry_measurement,missing_half_factor;coordinate_distance_error,三角形面积=底×高÷2，所以面积为 15×9÷2=67.5。,CN Junior High Math,平面直角坐标系,cn-junior-g8-coordinate-area,八年级：坐标三角形面积,25020,jianzisheng_cn_junior_chapter_expansion_v1,local-ocr-derived: jianzisheng_cn_junior_grade8_batch4_v0; chapter=cn-junior-g8-coordinate-area; expansion=v1,Honors,Algebra Readiness,cn_coordinate_triangle_area,spatial_reasoning;formula_selection,130,Chapter-level expansion from existing cleaned Jian Zi Sheng junior OCR coverage signals. Project-native original-equivalent variants; no direct textbook exercise text is reproduced.,zh,CN,CN,中文校内,初中,production
jianzisheng_cn_junior_chapter_expansion_v1_cn-junior-g8-coordinate-area_002,三角形的底为 16，高为 11，面积是多少？,88,multiple_choice,A:176|B:27|C:104|D:5|E:88,4,geo_coordinate_geometry;geo_area;geo_triangles,coordinate_area;triangle_area,base_height_on_coordinate_plane;geometry_measurement,missing_half_factor;coordinate_distance_error,三角形面积=底×高÷2，所以面积为 16×11÷2=88。,CN Junior High Math,平面直角坐标系,cn-junior-g8-coordinate-area,八年级：坐标三角形面积,25021,jianzisheng_cn_junior_chapter_expansion_v1,local-ocr-derived: jianzisheng_cn_junior_grade8_batch4_v0; chapter=cn-junior-g8-coordinate-area; expansion=v1,Honors,Algebra Readiness,cn_coordinate_triangle_area,spatial_reasoning;formula_selection,130,Chapter-level expansion from existing cleaned Jian Zi Sheng junior OCR coverage signals. Project-native original-equivalent variants; no direct textbook exercise text is reproduced.,zh,CN,CN,中文校内,初中,production
jianzisheng_cn_junior_chapter_expansion_v1_cn-junior-g8-coordinate-area_003,三角形的底为 17，高为 13，面积是多少？,110.5,multiple_choice,A:30|B:127.5|C:4|D:110.5|E:221,4,geo_coordinate_geometry;geo_area;geo_triangles,coordinate_area;triangle_area,base_height_on_coordinate_plane;geometry_measurement,missing_half_factor;coordinate_distance_error,三角形面积=底×高÷2，所以面积为 17×13÷2=110.5。,CN Junior High Math,平面直角坐标系,cn-junior-g8-coordinate-area,八年级：坐标三角形面积,25022,jianzisheng_cn_junior_chapter_expansion_v1,local-ocr-derived: jianzisheng_cn_junior_grade8_batch4_v0; chapter=cn-junior-g8-coordinate-area; expansion=v1,Honors,Algebra Readiness,cn_coordinate_triangle_area,spatial_reasoning;formula_selection,130,Chapter-level expansion from existing cleaned Jian Zi Sheng junior OCR coverage signals. Project-native original-equivalent variants; no direct textbook exercise text is reproduced.,zh,CN,CN,中文校内,初中,production
jianzisheng_cn_junior_chapter_expansion_v1_cn-junior-g8-coordinate-area_004,三角形的底为 18，高为 5，面积是多少？,45,multiple_choice,A:63|B:13|C:45|D:90|E:23,4,geo_coordinate_geometry;geo_area;geo_triangles,coordinate_area;triangle_area,base_height_on_coordinate_plane;geometry_measurement,missing_half_factor;coordinate_distance_error,三角形面积=底×高÷2，所以面积为 18×5÷2=45。,CN Junior High Math,平面直角坐标系,cn-junior-g8-coordinate-area,八年级：坐标三角形面积,25023,jianzisheng_cn_junior_chapter_expansion_v1,local-ocr-derived: jianzisheng_cn_junior_grade8_batch4_v0; chapter=cn-junior-g8-coordinate-area; expansion=v1,Honors,Algebra Readiness,cn_coordinate_triangle_area,spatial_reasoning;formula_selection,130,Chapter-level expansion from existing cleaned Jian Zi Sheng junior OCR coverage signals. Project-native original-equivalent variants; no direct textbook exercise text is reproduced.,zh,CN,CN,中文校内,初中,production
jianzisheng_cn_junior_chapter_expansion_v1_cn-junior-g8-coordinate-area_005,三角形的底为 19，高为 7，面积是多少？,66.5,multiple_choice,A:12|B:66.5|C:133|D:26|E:85.5,4,geo_coordinate_geometry;geo_area;geo_triangles,coordinate_area;triangle_area,base_height_on_coordinate_plane;geometry_measurement,missing_half_factor;coordinate_distance_error,三角形面积=底×高÷2，所以面积为 19×7÷2=66.5。,CN Junior High Math,平面直角坐标系,cn-junior-g8-coordinate-area,八年级：坐标三角形面积,25024,jianzisheng_cn_junior_chapter_expansion_v1,local-ocr-derived: jianzisheng_cn_junior_grade8_batch4_v0; chapter=cn-junior-g8-coordinate-area; expansion=v1,Honors,Algebra Readiness,cn_coordinate_triangle_area,spatial_reasoning;formula_selection,130,Chapter-level expansion from existing cleaned Jian Zi Sheng junior OCR coverage signals. Project-native original-equivalent variants; no direct textbook exercise text is reproduced.,zh,CN,CN,中文校内,初中,production
jianzisheng_cn_junior_chapter_expansion_v1_cn-junior-g8-coordinate-area_006,三角形的底为 8，高为 9，面积是多少？,36,multiple_choice,A:36|B:72|C:17|D:44|E:1,4,geo_coordinate_geometry;geo_area;geo_triangles,coordinate_area;triangle_area,base_height_on_coordinate_plane;geometry_measurement,missing_half_factor;coordinate_distance_error,三角形面积=底×高÷2，所以面积为 8×9÷2=36。,CN Junior High Math,平面直角坐标系,cn-junior-g8-coordinate-area,八年级：坐标三角形面积,25025,jianzisheng_cn_junior_chapter_expansion_v1,local-ocr-derived: jianzisheng_cn_junior_grade8_batch4_v0; chapter=cn-junior-g8-coordinate-area; expansion=v1,Honors,Algebra Readiness,cn_coordinate_triangle_area,spatial_reasoning;formula_selection,130,Chapter-level expansion from existing cleaned Jian Zi Sheng junior OCR coverage signals. Project-native original-equivalent variants; no direct textbook exercise text is reproduced.,zh,CN,CN,中文校内,初中,production
jianzisheng_cn_junior_chapter_expansion_v1_cn-junior-g8-coordinate-area_007,三角形的底为 9，高为 11，面积是多少？,49.5,multiple_choice,A:99|B:20|C:58.5|D:2|E:49.5,4,geo_coordinate_geometry;geo_area;geo_triangles,coordinate_area;triangle_area,base_height_on_coordinate_plane;geometry_measurement,missing_half_factor;coordinate_distance_error,三角形面积=底×高÷2，所以面积为 9×11÷2=49.5。,CN Junior High Math,平面直角坐标系,cn-junior-g8-coordinate-area,八年级：坐标三角形面积,25026,jianzisheng_cn_junior_chapter_expansion_v1,local-ocr-derived: jianzisheng_cn_junior_grade8_batch4_v0; chapter=cn-junior-g8-coordinate-area; expansion=v1,Honors,Algebra Readiness,cn_coordinate_triangle_area,spatial_reasoning;formula_selection,130,Chapter-level expansion from existing cleaned Jian Zi Sheng junior OCR coverage signals. Project-native original-equivalent variants; no direct textbook exercise text is reproduced.,zh,CN,CN,中文校内,初中,production
jianzisheng_cn_junior_chapter_expansion_v1_cn-junior-g8-coordinate-area_008,三角形的底为 10，高为 13，面积是多少？,65,multiple_choice,A:23|B:75|C:3|D:65|E:130,4,geo_coordinate_geometry;geo_area;geo_triangles,coordinate_area;triangle_area,base_height_on_coordinate_plane;geometry_measurement,missing_half_factor;coordinate_distance_error,三角形面积=底×高÷2，所以面积为 10×13÷2=65。,CN Junior High Math,平面直角坐标系,cn-junior-g8-coordinate-area,八年级：坐标三角形面积,25027,jianzisheng_cn_junior_chapter_expansion_v1,local-ocr-derived: jianzisheng_cn_junior_grade8_batch4_v0; chapter=cn-junior-g8-coordinate-area; expansion=v1,Honors,Algebra Readiness,cn_coordinate_triangle_area,spatial_reasoning;formula_selection,130,Chapter-level expansion from existing cleaned Jian Zi Sheng junior OCR coverage signals. Project-native original-equivalent variants; no direct textbook exercise text is reproduced.,zh,CN,CN,中文校内,初中,production
jianzisheng_cn_junior_chapter_expansion_v1_cn-junior-g8-coordinate-area_009,三角形的底为 11，高为 5，面积是多少？,27.5,multiple_choice,A:38.5|B:6|C:27.5|D:55|E:16,4,geo_coordinate_geometry;geo_area;geo_triangles,coordinate_area;triangle_area,base_height_on_coordinate_plane;geometry_measurement,missing_half_factor;coordinate_distance_error,三角形面积=底×高÷2，所以面积为 11×5÷2=27.5。,CN Junior High Math,平面直角坐标系,cn-junior-g8-coordinate-area,八年级：坐标三角形面积,25028,jianzisheng_cn_junior_chapter_expansion_v1,local-ocr-derived: jianzisheng_cn_junior_grade8_batch4_v0; chapter=cn-junior-g8-coordinate-area; expansion=v1,Honors,Algebra Readiness,cn_coordinate_triangle_area,spatial_reasoning;formula_selection,130,Chapter-level expansion from existing cleaned Jian Zi Sheng junior OCR coverage signals. Project-native original-equivalent variants; no direct textbook exercise text is reproduced.,zh,CN,CN,中文校内,初中,production
jianzisheng_cn_junior_chapter_expansion_v1_cn-junior-g8-coordinate-area_010,三角形的底为 12，高为 7，面积是多少？,42,multiple_choice,A:5|B:42|C:84|D:19|E:54,4,geo_coordinate_geometry;geo_area;geo_triangles,coordinate_area;triangle_area,base_height_on_coordinate_plane;geometry_measurement,missing_half_factor;coordinate_distance_error,三角形面积=底×高÷2，所以面积为 12×7÷2=42。,CN Junior High Math,平面直角坐标系,cn-junior-g8-coordinate-area,八年级：坐标三角形面积,25029,jianzisheng_cn_junior_chapter_expansion_v1,local-ocr-derived: jianzisheng_cn_junior_grade8_batch4_v0; chapter=cn-junior-g8-coordinate-area; expansion=v1,Honors,Algebra Readiness,cn_coordinate_triangle_area,spatial_reasoning;formula_selection,130,Chapter-level expansion from existing cleaned Jian Zi Sheng junior OCR coverage signals. Project-native original-equivalent variants; no direct textbook exercise text is reproduced.,zh,CN,CN,中文校内,初中,production
jianzisheng_cn_junior_chapter_expansion_v1_cn-junior-g8-coordinate-area_011,三角形的底为 13，高为 9，面积是多少？,58.5,multiple_choice,A:58.5|B:117|C:22|D:71.5|E:4,4,geo_coordinate_geometry;geo_area;geo_triangles,coordinate_area;triangle_area,base_height_on_coordinate_plane;geometry_measurement,missing_half_factor;coordinate_distance_error,三角形面积=底×高÷2，所以面积为 13×9÷2=58.5。,CN Junior High Math,平面直角坐标系,cn-junior-g8-coordinate-area,八年级：坐标三角形面积,25030,jianzisheng_cn_junior_chapter_expansion_v1,local-ocr-derived: jianzisheng_cn_junior_grade8_batch4_v0; chapter=cn-junior-g8-coordinate-area; expansion=v1,Honors,Algebra Readiness,cn_coordinate_triangle_area,spatial_reasoning;formula_selection,130,Chapter-level expansion from existing cleaned Jian Zi Sheng junior OCR coverage signals. Project-native original-equivalent variants; no direct textbook exercise text is reproduced.,zh,CN,CN,中文校内,初中,production
jianzisheng_cn_junior_chapter_expansion_v1_cn-junior-g8-coordinate-area_012,三角形的底为 14，高为 11，面积是多少？,77,multiple_choice,A:154|B:25|C:91|D:3|E:77,4,geo_coordinate_geometry;geo_area;geo_triangles,coordinate_area;triangle_area,base_height_on_coordinate_plane;geometry_measurement,missing_half_factor;coordinate_distance_error,三角形面积=底×高÷2，所以面积为 14×11÷2=77。,CN Junior High Math,平面直角坐标系,cn-junior-g8-coordinate-area,八年级：坐标三角形面积,25031,jianzisheng_cn_junior_chapter_expansion_v1,local-ocr-derived: jianzisheng_cn_junior_grade8_batch4_v0; chapter=cn-junior-g8-coordinate-area; expansion=v1,Honors,Algebra Readiness,cn_coordinate_triangle_area,spatial_reasoning;formula_selection,130,Chapter-level expansion from existing cleaned Jian Zi Sheng junior OCR coverage signals. Project-native original-equivalent variants; no direct textbook exercise text is reproduced.,zh,CN,CN,中文校内,初中,production
jianzisheng_cn_junior_chapter_expansion_v1_cn-junior-g8-coordinate-area_013,三角形的底为 15，高为 13，面积是多少？,97.5,multiple_choice,A:28|B:112.5|C:2|D:97.5|E:195,4,geo_coordinate_geometry;geo_area;geo_triangles,coordinate_area;triangle_area,base_height_on_coordinate_plane;geometry_measurement,missing_half_factor;coordinate_distance_error,三角形面积=底×高÷2，所以面积为 15×13÷2=97.5。,CN Junior High Math,平面直角坐标系,cn-junior-g8-coordinate-area,八年级：坐标三角形面积,25032,jianzisheng_cn_junior_chapter_expansion_v1,local-ocr-derived: jianzisheng_cn_junior_grade8_batch4_v0; chapter=cn-junior-g8-coordinate-area; expansion=v1,Honors,Algebra Readiness,cn_coordinate_triangle_area,spatial_reasoning;formula_selection,130,Chapter-level expansion from existing cleaned Jian Zi Sheng junior OCR coverage signals. Project-native original-equivalent variants; no direct textbook exercise text is reproduced.,zh,CN,CN,中文校内,初中,production
jianzisheng_cn_junior_chapter_expansion_v1_cn-junior-g8-coordinate-area_014,三角形的底为 16，高为 5，面积是多少？,40,multiple_choice,A:56|B:11|C:40|D:80|E:21,4,geo_coordinate_geometry;geo_area;geo_triangles,coordinate_area;triangle_area,base_height_on_coordinate_plane;geometry_measurement,missing_half_factor;coordinate_distance_error,三角形面积=底×高÷2，所以面积为 16×5÷2=40。,CN Junior High Math,平面直角坐标系,cn-junior-g8-coordinate-area,八年级：坐标三角形面积,25033,jianzisheng_cn_junior_chapter_expansion_v1,local-ocr-derived: jianzisheng_cn_junior_grade8_batch4_v0; chapter=cn-junior-g8-coordinate-area; expansion=v1,Honors,Algebra Readiness,cn_coordinate_triangle_area,spatial_reasoning;formula_selection,130,Chapter-level expansion from existing cleaned Jian Zi Sheng junior OCR coverage signals. Project-native original-equivalent variants; no direct textbook exercise text is reproduced.,zh,CN,CN,中文校内,初中,production
jianzisheng_cn_junior_chapter_expansion_v1_cn-junior-g8-pythagorean-converse_001,三条边长分别为 8、15、18 的三角形是否为直角三角形？,否,multiple_choice,A:否|B:是|C:无法判断|D:只看最长边即可|E:只看两短边之和即可,4,geo_pythagorean;geo_triangles,pythagorean_converse;square_fluency,right_triangle_check;converse_theorem,largest_side_error;add_lengths_error,检验最大边是否满足 8^2+15^2=18^2，可判断答案为“否”。,CN Junior High Math,直角三角形,cn-junior-g8-pythagorean-converse,八年级：勾股定理逆定理,25040,jianzisheng_cn_junior_chapter_expansion_v1,local-ocr-derived: jianzisheng_cn_junior_grade8_batch4_v0; chapter=cn-junior-g8-pythagorean-converse; expansion=v1,Honors,AMC8 Transfer,cn_pythagorean_converse,formula_selection;constraint_reasoning,130,Chapter-level expansion from existing cleaned Jian Zi Sheng junior OCR coverage signals. Project-native original-equivalent variants; no direct textbook exercise text is reproduced.,zh,CN,CN,中文校内,初中,production
jianzisheng_cn_junior_chapter_expansion_v1_cn-junior-g8-pythagorean-converse_002,三条边长分别为 9、12、14 的三角形是否为直角三角形？,否,multiple_choice,A:是|B:无法判断|C:只看最长边即可|D:只看两短边之和即可|E:否,4,geo_pythagorean;geo_triangles,pythagorean_converse;square_fluency,right_triangle_check;converse_theorem,largest_side_error;add_lengths_error,检验最大边是否满足 9^2+12^2=14^2，可判断答案为“否”。,CN Junior High Math,直角三角形,cn-junior-g8-pythagorean-converse,八年级：勾股定理逆定理,25041,jianzisheng_cn_junior_chapter_expansion_v1,local-ocr-derived: jianzisheng_cn_junior_grade8_batch4_v0; chapter=cn-junior-g8-pythagorean-converse; expansion=v1,Honors,AMC8 Transfer,cn_pythagorean_converse,formula_selection;constraint_reasoning,130,Chapter-level expansion from existing cleaned Jian Zi Sheng junior OCR coverage signals. Project-native original-equivalent variants; no direct textbook exercise text is reproduced.,zh,CN,CN,中文校内,初中,production
jianzisheng_cn_junior_chapter_expansion_v1_cn-junior-g8-pythagorean-converse_003,三条边长分别为 7、24、25 的三角形是否为直角三角形？,是,multiple_choice,A:无法判断|B:只看最长边即可|C:只看两短边之和即可|D:是|E:否,4,geo_pythagorean;geo_triangles,pythagorean_converse;square_fluency,right_triangle_check;converse_theorem,largest_side_error;add_lengths_error,检验最大边是否满足 7^2+24^2=25^2，可判断答案为“是”。,CN Junior High Math,直角三角形,cn-junior-g8-pythagorean-converse,八年级：勾股定理逆定理,25042,jianzisheng_cn_junior_chapter_expansion_v1,local-ocr-derived: jianzisheng_cn_junior_grade8_batch4_v0; chapter=cn-junior-g8-pythagorean-converse; expansion=v1,Honors,AMC8 Transfer,cn_pythagorean_converse,formula_selection;constraint_reasoning,130,Chapter-level expansion from existing cleaned Jian Zi Sheng junior OCR coverage signals. Project-native original-equivalent variants; no direct textbook exercise text is reproduced.,zh,CN,CN,中文校内,初中,production
jianzisheng_cn_junior_chapter_expansion_v1_cn-junior-g8-pythagorean-converse_004,三条边长分别为 6、8、10 的三角形是否为直角三角形？,是,multiple_choice,A:只看最长边即可|B:只看两短边之和即可|C:是|D:否|E:无法判断,4,geo_pythagorean;geo_triangles,pythagorean_converse;square_fluency,right_triangle_check;converse_theorem,largest_side_error;add_lengths_error,检验最大边是否满足 6^2+8^2=10^2，可判断答案为“是”。,CN Junior High Math,直角三角形,cn-junior-g8-pythagorean-converse,八年级：勾股定理逆定理,25043,jianzisheng_cn_junior_chapter_expansion_v1,local-ocr-derived: jianzisheng_cn_junior_grade8_batch4_v0; chapter=cn-junior-g8-pythagorean-converse; expansion=v1,Honors,AMC8 Transfer,cn_pythagorean_converse,formula_selection;constraint_reasoning,130,Chapter-level expansion from existing cleaned Jian Zi Sheng junior OCR coverage signals. Project-native original-equivalent variants; no direct textbook exercise text is reproduced.,zh,CN,CN,中文校内,初中,production
jianzisheng_cn_junior_chapter_expansion_v1_cn-junior-g8-pythagorean-converse_005,三条边长分别为 5、12、13 的三角形是否为直角三角形？,是,multiple_choice,A:只看两短边之和即可|B:是|C:否|D:无法判断|E:只看最长边即可,4,geo_pythagorean;geo_triangles,pythagorean_converse;square_fluency,right_triangle_check;converse_theorem,largest_side_error;add_lengths_error,检验最大边是否满足 5^2+12^2=13^2，可判断答案为“是”。,CN Junior High Math,直角三角形,cn-junior-g8-pythagorean-converse,八年级：勾股定理逆定理,25044,jianzisheng_cn_junior_chapter_expansion_v1,local-ocr-derived: jianzisheng_cn_junior_grade8_batch4_v0; chapter=cn-junior-g8-pythagorean-converse; expansion=v1,Honors,AMC8 Transfer,cn_pythagorean_converse,formula_selection;constraint_reasoning,130,Chapter-level expansion from existing cleaned Jian Zi Sheng junior OCR coverage signals. Project-native original-equivalent variants; no direct textbook exercise text is reproduced.,zh,CN,CN,中文校内,初中,production
jianzisheng_cn_junior_chapter_expansion_v1_cn-junior-g8-pythagorean-converse_006,三条边长分别为 8、15、18 的三角形是否为直角三角形？,否,multiple_choice,A:否|B:是|C:无法判断|D:只看最长边即可|E:只看两短边之和即可,4,geo_pythagorean;geo_triangles,pythagorean_converse;square_fluency,right_triangle_check;converse_theorem,largest_side_error;add_lengths_error,检验最大边是否满足 8^2+15^2=18^2，可判断答案为“否”。,CN Junior High Math,直角三角形,cn-junior-g8-pythagorean-converse,八年级：勾股定理逆定理,25045,jianzisheng_cn_junior_chapter_expansion_v1,local-ocr-derived: jianzisheng_cn_junior_grade8_batch4_v0; chapter=cn-junior-g8-pythagorean-converse; expansion=v1,Honors,AMC8 Transfer,cn_pythagorean_converse,formula_selection;constraint_reasoning,130,Chapter-level expansion from existing cleaned Jian Zi Sheng junior OCR coverage signals. Project-native original-equivalent variants; no direct textbook exercise text is reproduced.,zh,CN,CN,中文校内,初中,production
jianzisheng_cn_junior_chapter_expansion_v1_cn-junior-g8-pythagorean-converse_007,三条边长分别为 9、12、14 的三角形是否为直角三角形？,否,multiple_choice,A:是|B:无法判断|C:只看最长边即可|D:只看两短边之和即可|E:否,4,geo_pythagorean;geo_triangles,pythagorean_converse;square_fluency,right_triangle_check;converse_theorem,largest_side_error;add_lengths_error,检验最大边是否满足 9^2+12^2=14^2，可判断答案为“否”。,CN Junior High Math,直角三角形,cn-junior-g8-pythagorean-converse,八年级：勾股定理逆定理,25046,jianzisheng_cn_junior_chapter_expansion_v1,local-ocr-derived: jianzisheng_cn_junior_grade8_batch4_v0; chapter=cn-junior-g8-pythagorean-converse; expansion=v1,Honors,AMC8 Transfer,cn_pythagorean_converse,formula_selection;constraint_reasoning,130,Chapter-level expansion from existing cleaned Jian Zi Sheng junior OCR coverage signals. Project-native original-equivalent variants; no direct textbook exercise text is reproduced.,zh,CN,CN,中文校内,初中,production
jianzisheng_cn_junior_chapter_expansion_v1_cn-junior-g8-pythagorean-converse_008,三条边长分别为 7、24、25 的三角形是否为直角三角形？,是,multiple_choice,A:无法判断|B:只看最长边即可|C:只看两短边之和即可|D:是|E:否,4,geo_pythagorean;geo_triangles,pythagorean_converse;square_fluency,right_triangle_check;converse_theorem,largest_side_error;add_lengths_error,检验最大边是否满足 7^2+24^2=25^2，可判断答案为“是”。,CN Junior High Math,直角三角形,cn-junior-g8-pythagorean-converse,八年级：勾股定理逆定理,25047,jianzisheng_cn_junior_chapter_expansion_v1,local-ocr-derived: jianzisheng_cn_junior_grade8_batch4_v0; chapter=cn-junior-g8-pythagorean-converse; expansion=v1,Honors,AMC8 Transfer,cn_pythagorean_converse,formula_selection;constraint_reasoning,130,Chapter-level expansion from existing cleaned Jian Zi Sheng junior OCR coverage signals. Project-native original-equivalent variants; no direct textbook exercise text is reproduced.,zh,CN,CN,中文校内,初中,production
jianzisheng_cn_junior_chapter_expansion_v1_cn-junior-g8-pythagorean-converse_009,三条边长分别为 6、8、10 的三角形是否为直角三角形？,是,multiple_choice,A:只看最长边即可|B:只看两短边之和即可|C:是|D:否|E:无法判断,4,geo_pythagorean;geo_triangles,pythagorean_converse;square_fluency,right_triangle_check;converse_theorem,largest_side_error;add_lengths_error,检验最大边是否满足 6^2+8^2=10^2，可判断答案为“是”。,CN Junior High Math,直角三角形,cn-junior-g8-pythagorean-converse,八年级：勾股定理逆定理,25048,jianzisheng_cn_junior_chapter_expansion_v1,local-ocr-derived: jianzisheng_cn_junior_grade8_batch4_v0; chapter=cn-junior-g8-pythagorean-converse; expansion=v1,Honors,AMC8 Transfer,cn_pythagorean_converse,formula_selection;constraint_reasoning,130,Chapter-level expansion from existing cleaned Jian Zi Sheng junior OCR coverage signals. Project-native original-equivalent variants; no direct textbook exercise text is reproduced.,zh,CN,CN,中文校内,初中,production
jianzisheng_cn_junior_chapter_expansion_v1_cn-junior-g8-pythagorean-converse_010,三条边长分别为 5、12、13 的三角形是否为直角三角形？,是,multiple_choice,A:只看两短边之和即可|B:是|C:否|D:无法判断|E:只看最长边即可,4,geo_pythagorean;geo_triangles,pythagorean_converse;square_fluency,right_triangle_check;converse_theorem,largest_side_error;add_lengths_error,检验最大边是否满足 5^2+12^2=13^2，可判断答案为“是”。,CN Junior High Math,直角三角形,cn-junior-g8-pythagorean-converse,八年级：勾股定理逆定理,25049,jianzisheng_cn_junior_chapter_expansion_v1,local-ocr-derived: jianzisheng_cn_junior_grade8_batch4_v0; chapter=cn-junior-g8-pythagorean-converse; expansion=v1,Honors,AMC8 Transfer,cn_pythagorean_converse,formula_selection;constraint_reasoning,130,Chapter-level expansion from existing cleaned Jian Zi Sheng junior OCR coverage signals. Project-native original-equivalent variants; no direct textbook exercise text is reproduced.,zh,CN,CN,中文校内,初中,production
jianzisheng_cn_junior_chapter_expansion_v1_cn-junior-g8-pythagorean-converse_011,三条边长分别为 8、15、18 的三角形是否为直角三角形？,否,multiple_choice,A:否|B:是|C:无法判断|D:只看最长边即可|E:只看两短边之和即可,4,geo_pythagorean;geo_triangles,pythagorean_converse;square_fluency,right_triangle_check;converse_theorem,largest_side_error;add_lengths_error,检验最大边是否满足 8^2+15^2=18^2，可判断答案为“否”。,CN Junior High Math,直角三角形,cn-junior-g8-pythagorean-converse,八年级：勾股定理逆定理,25050,jianzisheng_cn_junior_chapter_expansion_v1,local-ocr-derived: jianzisheng_cn_junior_grade8_batch4_v0; chapter=cn-junior-g8-pythagorean-converse; expansion=v1,Honors,AMC8 Transfer,cn_pythagorean_converse,formula_selection;constraint_reasoning,130,Chapter-level expansion from existing cleaned Jian Zi Sheng junior OCR coverage signals. Project-native original-equivalent variants; no direct textbook exercise text is reproduced.,zh,CN,CN,中文校内,初中,production
jianzisheng_cn_junior_chapter_expansion_v1_cn-junior-g8-pythagorean-converse_012,三条边长分别为 9、12、14 的三角形是否为直角三角形？,否,multiple_choice,A:是|B:无法判断|C:只看最长边即可|D:只看两短边之和即可|E:否,4,geo_pythagorean;geo_triangles,pythagorean_converse;square_fluency,right_triangle_check;converse_theorem,largest_side_error;add_lengths_error,检验最大边是否满足 9^2+12^2=14^2，可判断答案为“否”。,CN Junior High Math,直角三角形,cn-junior-g8-pythagorean-converse,八年级：勾股定理逆定理,25051,jianzisheng_cn_junior_chapter_expansion_v1,local-ocr-derived: jianzisheng_cn_junior_grade8_batch4_v0; chapter=cn-junior-g8-pythagorean-converse; expansion=v1,Honors,AMC8 Transfer,cn_pythagorean_converse,formula_selection;constraint_reasoning,130,Chapter-level expansion from existing cleaned Jian Zi Sheng junior OCR coverage signals. Project-native original-equivalent variants; no direct textbook exercise text is reproduced.,zh,CN,CN,中文校内,初中,production
jianzisheng_cn_junior_chapter_expansion_v1_cn-junior-g8-pythagorean-converse_013,三条边长分别为 7、24、25 的三角形是否为直角三角形？,是,multiple_choice,A:无法判断|B:只看最长边即可|C:只看两短边之和即可|D:是|E:否,4,geo_pythagorean;geo_triangles,pythagorean_converse;square_fluency,right_triangle_check;converse_theorem,largest_side_error;add_lengths_error,检验最大边是否满足 7^2+24^2=25^2，可判断答案为“是”。,CN Junior High Math,直角三角形,cn-junior-g8-pythagorean-converse,八年级：勾股定理逆定理,25052,jianzisheng_cn_junior_chapter_expansion_v1,local-ocr-derived: jianzisheng_cn_junior_grade8_batch4_v0; chapter=cn-junior-g8-pythagorean-converse; expansion=v1,Honors,AMC8 Transfer,cn_pythagorean_converse,formula_selection;constraint_reasoning,130,Chapter-level expansion from existing cleaned Jian Zi Sheng junior OCR coverage signals. Project-native original-equivalent variants; no direct textbook exercise text is reproduced.,zh,CN,CN,中文校内,初中,production
jianzisheng_cn_junior_chapter_expansion_v1_cn-junior-g8-pythagorean-converse_014,三条边长分别为 6、8、10 的三角形是否为直角三角形？,是,multiple_choice,A:只看最长边即可|B:只看两短边之和即可|C:是|D:否|E:无法判断,4,geo_pythagorean;geo_triangles,pythagorean_converse;square_fluency,right_triangle_check;converse_theorem,largest_side_error;add_lengths_error,检验最大边是否满足 6^2+8^2=10^2，可判断答案为“是”。,CN Junior High Math,直角三角形,cn-junior-g8-pythagorean-converse,八年级：勾股定理逆定理,25053,jianzisheng_cn_junior_chapter_expansion_v1,local-ocr-derived: jianzisheng_cn_junior_grade8_batch4_v0; chapter=cn-junior-g8-pythagorean-converse; expansion=v1,Honors,AMC8 Transfer,cn_pythagorean_converse,formula_selection;constraint_reasoning,130,Chapter-level expansion from existing cleaned Jian Zi Sheng junior OCR coverage signals. Project-native original-equivalent variants; no direct textbook exercise text is reproduced.,zh,CN,CN,中文校内,初中,production
jianzisheng_cn_junior_chapter_expansion_v1_cn-junior-g9-quadratic-axis_001,二次函数 y=(x+3)^2-5 的最小值是多少？,-5,multiple_choice,A:-5|B:-3|C:1|D:-4|E:5,4,alg_quadratics;alg_functions,quadratic_axis;formula_application,quadratic_vertex_form;axis_of_symmetry,sign_error;coefficient_confusion,函数为顶点式，且开口向上，所以最小值为 -5。,CN Junior High Math,二次函数,cn-junior-g9-quadratic-axis,九年级：二次函数对称轴,25060,jianzisheng_cn_junior_chapter_expansion_v1,local-ocr-derived: jianzisheng_cn_junior_grade9_pilot_v0; chapter=cn-junior-g9-quadratic-axis; expansion=v1,Honors,Algebra Readiness,cn_quadratic_axis,formula_selection;symbolic_fluency,130,Chapter-level expansion from existing cleaned Jian Zi Sheng junior OCR coverage signals. Project-native original-equivalent variants; no direct textbook exercise text is reproduced.,zh,CN,CN,中文校内,初中,production
jianzisheng_cn_junior_chapter_expansion_v1_cn-junior-g9-quadratic-axis_002,二次函数 y=(x+2)^2-3 的最小值是多少？,-3,multiple_choice,A:-2|B:1|C:3|D:2|E:-3,4,alg_quadratics;alg_functions,quadratic_axis;formula_application,quadratic_vertex_form;axis_of_symmetry,sign_error;coefficient_confusion,函数为顶点式，且开口向上，所以最小值为 -3。,CN Junior High Math,二次函数,cn-junior-g9-quadratic-axis,九年级：二次函数对称轴,25061,jianzisheng_cn_junior_chapter_expansion_v1,local-ocr-derived: jianzisheng_cn_junior_grade9_pilot_v0; chapter=cn-junior-g9-quadratic-axis; expansion=v1,Honors,Algebra Readiness,cn_quadratic_axis,formula_selection;symbolic_fluency,130,Chapter-level expansion from existing cleaned Jian Zi Sheng junior OCR coverage signals. Project-native original-equivalent variants; no direct textbook exercise text is reproduced.,zh,CN,CN,中文校内,初中,production
jianzisheng_cn_junior_chapter_expansion_v1_cn-junior-g9-quadratic-axis_003,二次函数 y=(x+1)^2-1 的最小值是多少？,-1,multiple_choice,A:0|B:3|C:4|D:-1|E:1,4,alg_quadratics;alg_functions,quadratic_axis;formula_application,quadratic_vertex_form;axis_of_symmetry,sign_error;coefficient_confusion,函数为顶点式，且开口向上，所以最小值为 -1。,CN Junior High Math,二次函数,cn-junior-g9-quadratic-axis,九年级：二次函数对称轴,25062,jianzisheng_cn_junior_chapter_expansion_v1,local-ocr-derived: jianzisheng_cn_junior_grade9_pilot_v0; chapter=cn-junior-g9-quadratic-axis; expansion=v1,Honors,Algebra Readiness,cn_quadratic_axis,formula_selection;symbolic_fluency,130,Chapter-level expansion from existing cleaned Jian Zi Sheng junior OCR coverage signals. Project-native original-equivalent variants; no direct textbook exercise text is reproduced.,zh,CN,CN,中文校内,初中,production
jianzisheng_cn_junior_chapter_expansion_v1_cn-junior-g9-quadratic-axis_004,二次函数 y=(x-0)^2+1 的最小值是多少？,1,multiple_choice,A:-1|B:6|C:1|D:0|E:2,4,alg_quadratics;alg_functions,quadratic_axis;formula_application,quadratic_vertex_form;axis_of_symmetry,sign_error;coefficient_confusion,函数为顶点式，且开口向上，所以最小值为 1。,CN Junior High Math,二次函数,cn-junior-g9-quadratic-axis,九年级：二次函数对称轴,25063,jianzisheng_cn_junior_chapter_expansion_v1,local-ocr-derived: jianzisheng_cn_junior_grade9_pilot_v0; chapter=cn-junior-g9-quadratic-axis; expansion=v1,Honors,Algebra Readiness,cn_quadratic_axis,formula_selection;symbolic_fluency,130,Chapter-level expansion from existing cleaned Jian Zi Sheng junior OCR coverage signals. Project-native original-equivalent variants; no direct textbook exercise text is reproduced.,zh,CN,CN,中文校内,初中,production
jianzisheng_cn_junior_chapter_expansion_v1_cn-junior-g9-quadratic-axis_005,二次函数 y=(x-1)^2+3 的最小值是多少？,3,multiple_choice,A:8|B:3|C:1|D:4|E:-3,4,alg_quadratics;alg_functions,quadratic_axis;formula_application,quadratic_vertex_form;axis_of_symmetry,sign_error;coefficient_confusion,函数为顶点式，且开口向上，所以最小值为 3。,CN Junior High Math,二次函数,cn-junior-g9-quadratic-axis,九年级：二次函数对称轴,25064,jianzisheng_cn_junior_chapter_expansion_v1,local-ocr-derived: jianzisheng_cn_junior_grade9_pilot_v0; chapter=cn-junior-g9-quadratic-axis; expansion=v1,Honors,Algebra Readiness,cn_quadratic_axis,formula_selection;symbolic_fluency,130,Chapter-level expansion from existing cleaned Jian Zi Sheng junior OCR coverage signals. Project-native original-equivalent variants; no direct textbook exercise text is reproduced.,zh,CN,CN,中文校内,初中,production
jianzisheng_cn_junior_chapter_expansion_v1_cn-junior-g9-quadratic-axis_006,二次函数 y=(x-2)^2+5 的最小值是多少？,5,multiple_choice,A:5|B:2|C:1|D:6|E:-5,4,alg_quadratics;alg_functions,quadratic_axis;formula_application,quadratic_vertex_form;axis_of_symmetry,sign_error;coefficient_confusion,函数为顶点式，且开口向上，所以最小值为 5。,CN Junior High Math,二次函数,cn-junior-g9-quadratic-axis,九年级：二次函数对称轴,25065,jianzisheng_cn_junior_chapter_expansion_v1,local-ocr-derived: jianzisheng_cn_junior_grade9_pilot_v0; chapter=cn-junior-g9-quadratic-axis; expansion=v1,Honors,Algebra Readiness,cn_quadratic_axis,formula_selection;symbolic_fluency,130,Chapter-level expansion from existing cleaned Jian Zi Sheng junior OCR coverage signals. Project-native original-equivalent variants; no direct textbook exercise text is reproduced.,zh,CN,CN,中文校内,初中,production
jianzisheng_cn_junior_chapter_expansion_v1_cn-junior-g9-quadratic-axis_007,二次函数 y=(x-3)^2-6 的最小值是多少？,-6,multiple_choice,A:3|B:1|C:-5|D:6|E:-6,4,alg_quadratics;alg_functions,quadratic_axis;formula_application,quadratic_vertex_form;axis_of_symmetry,sign_error;coefficient_confusion,函数为顶点式，且开口向上，所以最小值为 -6。,CN Junior High Math,二次函数,cn-junior-g9-quadratic-axis,九年级：二次函数对称轴,25066,jianzisheng_cn_junior_chapter_expansion_v1,local-ocr-derived: jianzisheng_cn_junior_grade9_pilot_v0; chapter=cn-junior-g9-quadratic-axis; expansion=v1,Honors,Algebra Readiness,cn_quadratic_axis,formula_selection;symbolic_fluency,130,Chapter-level expansion from existing cleaned Jian Zi Sheng junior OCR coverage signals. Project-native original-equivalent variants; no direct textbook exercise text is reproduced.,zh,CN,CN,中文校内,初中,production
jianzisheng_cn_junior_chapter_expansion_v1_cn-junior-g9-quadratic-axis_008,二次函数 y=(x+3)^2-4 的最小值是多少？,-4,multiple_choice,A:1|B:4|C:1|D:-4|E:-3,4,alg_quadratics;alg_functions,quadratic_axis;formula_application,quadratic_vertex_form;axis_of_symmetry,sign_error;coefficient_confusion,函数为顶点式，且开口向上，所以最小值为 -4。,CN Junior High Math,二次函数,cn-junior-g9-quadratic-axis,九年级：二次函数对称轴,25067,jianzisheng_cn_junior_chapter_expansion_v1,local-ocr-derived: jianzisheng_cn_junior_grade9_pilot_v0; chapter=cn-junior-g9-quadratic-axis; expansion=v1,Honors,Algebra Readiness,cn_quadratic_axis,formula_selection;symbolic_fluency,130,Chapter-level expansion from existing cleaned Jian Zi Sheng junior OCR coverage signals. Project-native original-equivalent variants; no direct textbook exercise text is reproduced.,zh,CN,CN,中文校内,初中,production
jianzisheng_cn_junior_chapter_expansion_v1_cn-junior-g9-quadratic-axis_009,二次函数 y=(x+2)^2-2 的最小值是多少？,-2,multiple_choice,A:2|B:3|C:-2|D:1|E:-1,4,alg_quadratics;alg_functions,quadratic_axis;formula_application,quadratic_vertex_form;axis_of_symmetry,sign_error;coefficient_confusion,函数为顶点式，且开口向上，所以最小值为 -2。,CN Junior High Math,二次函数,cn-junior-g9-quadratic-axis,九年级：二次函数对称轴,25068,jianzisheng_cn_junior_chapter_expansion_v1,local-ocr-derived: jianzisheng_cn_junior_grade9_pilot_v0; chapter=cn-junior-g9-quadratic-axis; expansion=v1,Honors,Algebra Readiness,cn_quadratic_axis,formula_selection;symbolic_fluency,130,Chapter-level expansion from existing cleaned Jian Zi Sheng junior OCR coverage signals. Project-native original-equivalent variants; no direct textbook exercise text is reproduced.,zh,CN,CN,中文校内,初中,production
jianzisheng_cn_junior_chapter_expansion_v1_cn-junior-g9-quadratic-axis_010,二次函数 y=(x+1)^2+0 的最小值是多少？,0,multiple_choice,A:5|B:0|C:-1|D:1|E:4,4,alg_quadratics;alg_functions,quadratic_axis;formula_application,quadratic_vertex_form;axis_of_symmetry,sign_error;coefficient_confusion,函数为顶点式，且开口向上，所以最小值为 0。,CN Junior High Math,二次函数,cn-junior-g9-quadratic-axis,九年级：二次函数对称轴,25069,jianzisheng_cn_junior_chapter_expansion_v1,local-ocr-derived: jianzisheng_cn_junior_grade9_pilot_v0; chapter=cn-junior-g9-quadratic-axis; expansion=v1,Honors,Algebra Readiness,cn_quadratic_axis,formula_selection;symbolic_fluency,130,Chapter-level expansion from existing cleaned Jian Zi Sheng junior OCR coverage signals. Project-native original-equivalent variants; no direct textbook exercise text is reproduced.,zh,CN,CN,中文校内,初中,production
jianzisheng_cn_junior_chapter_expansion_v1_cn-junior-g9-quadratic-axis_011,二次函数 y=(x-0)^2+2 的最小值是多少？,2,multiple_choice,A:2|B:0|C:1|D:3|E:-2,4,alg_quadratics;alg_functions,quadratic_axis;formula_application,quadratic_vertex_form;axis_of_symmetry,sign_error;coefficient_confusion,函数为顶点式，且开口向上，所以最小值为 2。,CN Junior High Math,二次函数,cn-junior-g9-quadratic-axis,九年级：二次函数对称轴,25070,jianzisheng_cn_junior_chapter_expansion_v1,local-ocr-derived: jianzisheng_cn_junior_grade9_pilot_v0; chapter=cn-junior-g9-quadratic-axis; expansion=v1,Honors,Algebra Readiness,cn_quadratic_axis,formula_selection;symbolic_fluency,130,Chapter-level expansion from existing cleaned Jian Zi Sheng junior OCR coverage signals. Project-native original-equivalent variants; no direct textbook exercise text is reproduced.,zh,CN,CN,中文校内,初中,production
jianzisheng_cn_junior_chapter_expansion_v1_cn-junior-g9-quadratic-axis_012,二次函数 y=(x-1)^2+4 的最小值是多少？,4,multiple_choice,A:1|B:5|C:-4|D:9|E:4,4,alg_quadratics;alg_functions,quadratic_axis;formula_application,quadratic_vertex_form;axis_of_symmetry,sign_error;coefficient_confusion,函数为顶点式，且开口向上，所以最小值为 4。,CN Junior High Math,二次函数,cn-junior-g9-quadratic-axis,九年级：二次函数对称轴,25071,jianzisheng_cn_junior_chapter_expansion_v1,local-ocr-derived: jianzisheng_cn_junior_grade9_pilot_v0; chapter=cn-junior-g9-quadratic-axis; expansion=v1,Honors,Algebra Readiness,cn_quadratic_axis,formula_selection;symbolic_fluency,130,Chapter-level expansion from existing cleaned Jian Zi Sheng junior OCR coverage signals. Project-native original-equivalent variants; no direct textbook exercise text is reproduced.,zh,CN,CN,中文校内,初中,production
jianzisheng_cn_junior_chapter_expansion_v1_cn-junior-g9-quadratic-axis_013,二次函数 y=(x-2)^2+6 的最小值是多少？,6,multiple_choice,A:1|B:7|C:-6|D:6|E:2,4,alg_quadratics;alg_functions,quadratic_axis;formula_application,quadratic_vertex_form;axis_of_symmetry,sign_error;coefficient_confusion,函数为顶点式，且开口向上，所以最小值为 6。,CN Junior High Math,二次函数,cn-junior-g9-quadratic-axis,九年级：二次函数对称轴,25072,jianzisheng_cn_junior_chapter_expansion_v1,local-ocr-derived: jianzisheng_cn_junior_grade9_pilot_v0; chapter=cn-junior-g9-quadratic-axis; expansion=v1,Honors,Algebra Readiness,cn_quadratic_axis,formula_selection;symbolic_fluency,130,Chapter-level expansion from existing cleaned Jian Zi Sheng junior OCR coverage signals. Project-native original-equivalent variants; no direct textbook exercise text is reproduced.,zh,CN,CN,中文校内,初中,production
jianzisheng_cn_junior_chapter_expansion_v1_cn-junior-g9-quadratic-axis_014,二次函数 y=(x-3)^2-5 的最小值是多少？,-5,multiple_choice,A:-4|B:5|C:-5|D:3|E:1,4,alg_quadratics;alg_functions,quadratic_axis;formula_application,quadratic_vertex_form;axis_of_symmetry,sign_error;coefficient_confusion,函数为顶点式，且开口向上，所以最小值为 -5。,CN Junior High Math,二次函数,cn-junior-g9-quadratic-axis,九年级：二次函数对称轴,25073,jianzisheng_cn_junior_chapter_expansion_v1,local-ocr-derived: jianzisheng_cn_junior_grade9_pilot_v0; chapter=cn-junior-g9-quadratic-axis; expansion=v1,Honors,Algebra Readiness,cn_quadratic_axis,formula_selection;symbolic_fluency,130,Chapter-level expansion from existing cleaned Jian Zi Sheng junior OCR coverage signals. Project-native original-equivalent variants; no direct textbook exercise text is reproduced.,zh,CN,CN,中文校内,初中,production
jianzisheng_cn_junior_chapter_expansion_v1_cn-junior-g9-quadratic-roots_001,方程 x^2+1x-6=0 的两个根是多少？,-3或2,multiple_choice,A:-3或2|B:3或-2|C:-1|D:-6|E:-2或3,4,alg_quadratics;alg_factoring,quadratic_factoring;zero_product_property,factor_to_roots;quadratic_solving,sign_error;sum_product_confusion,该方程可分解为 (x--3)(x-2)=0，所以 x=-3 或 x=2。,CN Junior High Math,二次函数,cn-junior-g9-quadratic-roots,九年级：二次方程因式分解,25080,jianzisheng_cn_junior_chapter_expansion_v1,local-ocr-derived: jianzisheng_cn_junior_grade9_pilot_v0; chapter=cn-junior-g9-quadratic-roots; expansion=v1,Honors,Algebra Readiness,cn_quadratic_factored_roots,factor_structure;symbolic_fluency,130,Chapter-level expansion from existing cleaned Jian Zi Sheng junior OCR coverage signals. Project-native original-equivalent variants; no direct textbook exercise text is reproduced.,zh,CN,CN,中文校内,初中,production
jianzisheng_cn_junior_chapter_expansion_v1_cn-junior-g9-quadratic-roots_002,方程 x^2-2x-8=0 的两个根是多少？,-2或4,multiple_choice,A:2或-4|B:2|C:-8|D:-1或5|E:-2或4,4,alg_quadratics;alg_factoring,quadratic_factoring;zero_product_property,factor_to_roots;quadratic_solving,sign_error;sum_product_confusion,该方程可分解为 (x--2)(x-4)=0，所以 x=-2 或 x=4。,CN Junior High Math,二次函数,cn-junior-g9-quadratic-roots,九年级：二次方程因式分解,25081,jianzisheng_cn_junior_chapter_expansion_v1,local-ocr-derived: jianzisheng_cn_junior_grade9_pilot_v0; chapter=cn-junior-g9-quadratic-roots; expansion=v1,Honors,Algebra Readiness,cn_quadratic_factored_roots,factor_structure;symbolic_fluency,130,Chapter-level expansion from existing cleaned Jian Zi Sheng junior OCR coverage signals. Project-native original-equivalent variants; no direct textbook exercise text is reproduced.,zh,CN,CN,中文校内,初中,production
jianzisheng_cn_junior_chapter_expansion_v1_cn-junior-g9-quadratic-roots_003,方程 x^2-5x-6=0 的两个根是多少？,-1或6,multiple_choice,A:5|B:-6|C:0或7|D:-1或6|E:1或-6,4,alg_quadratics;alg_factoring,quadratic_factoring;zero_product_property,factor_to_roots;quadratic_solving,sign_error;sum_product_confusion,该方程可分解为 (x--1)(x-6)=0，所以 x=-1 或 x=6。,CN Junior High Math,二次函数,cn-junior-g9-quadratic-roots,九年级：二次方程因式分解,25082,jianzisheng_cn_junior_chapter_expansion_v1,local-ocr-derived: jianzisheng_cn_junior_grade9_pilot_v0; chapter=cn-junior-g9-quadratic-roots; expansion=v1,Honors,Algebra Readiness,cn_quadratic_factored_roots,factor_structure;symbolic_fluency,130,Chapter-level expansion from existing cleaned Jian Zi Sheng junior OCR coverage signals. Project-native original-equivalent variants; no direct textbook exercise text is reproduced.,zh,CN,CN,中文校内,初中,production
jianzisheng_cn_junior_chapter_expansion_v1_cn-junior-g9-quadratic-roots_004,方程 x^2-3x+0=0 的两个根是多少？,0或3,multiple_choice,A:0|B:1或4|C:0或3|D:0或-3|E:3,4,alg_quadratics;alg_factoring,quadratic_factoring;zero_product_property,factor_to_roots;quadratic_solving,sign_error;sum_product_confusion,该方程可分解为 (x-0)(x-3)=0，所以 x=0 或 x=3。,CN Junior High Math,二次函数,cn-junior-g9-quadratic-roots,九年级：二次方程因式分解,25083,jianzisheng_cn_junior_chapter_expansion_v1,local-ocr-derived: jianzisheng_cn_junior_grade9_pilot_v0; chapter=cn-junior-g9-quadratic-roots; expansion=v1,Honors,Algebra Readiness,cn_quadratic_factored_roots,factor_structure;symbolic_fluency,130,Chapter-level expansion from existing cleaned Jian Zi Sheng junior OCR coverage signals. Project-native original-equivalent variants; no direct textbook exercise text is reproduced.,zh,CN,CN,中文校内,初中,production
jianzisheng_cn_junior_chapter_expansion_v1_cn-junior-g9-quadratic-roots_005,方程 x^2-6x+5=0 的两个根是多少？,1或5,multiple_choice,A:2或6|B:1或5|C:-1或-5|D:6|E:5,4,alg_quadratics;alg_factoring,quadratic_factoring;zero_product_property,factor_to_roots;quadratic_solving,sign_error;sum_product_confusion,该方程可分解为 (x-1)(x-5)=0，所以 x=1 或 x=5。,CN Junior High Math,二次函数,cn-junior-g9-quadratic-roots,九年级：二次方程因式分解,25084,jianzisheng_cn_junior_chapter_expansion_v1,local-ocr-derived: jianzisheng_cn_junior_grade9_pilot_v0; chapter=cn-junior-g9-quadratic-roots; expansion=v1,Honors,Algebra Readiness,cn_quadratic_factored_roots,factor_structure;symbolic_fluency,130,Chapter-level expansion from existing cleaned Jian Zi Sheng junior OCR coverage signals. Project-native original-equivalent variants; no direct textbook exercise text is reproduced.,zh,CN,CN,中文校内,初中,production
jianzisheng_cn_junior_chapter_expansion_v1_cn-junior-g9-quadratic-roots_006,方程 x^2-9x+14=0 的两个根是多少？,2或7,multiple_choice,A:2或7|B:-2或-7|C:9|D:14|E:3或8,4,alg_quadratics;alg_factoring,quadratic_factoring;zero_product_property,factor_to_roots;quadratic_solving,sign_error;sum_product_confusion,该方程可分解为 (x-2)(x-7)=0，所以 x=2 或 x=7。,CN Junior High Math,二次函数,cn-junior-g9-quadratic-roots,九年级：二次方程因式分解,25085,jianzisheng_cn_junior_chapter_expansion_v1,local-ocr-derived: jianzisheng_cn_junior_grade9_pilot_v0; chapter=cn-junior-g9-quadratic-roots; expansion=v1,Honors,Algebra Readiness,cn_quadratic_factored_roots,factor_structure;symbolic_fluency,130,Chapter-level expansion from existing cleaned Jian Zi Sheng junior OCR coverage signals. Project-native original-equivalent variants; no direct textbook exercise text is reproduced.,zh,CN,CN,中文校内,初中,production
jianzisheng_cn_junior_chapter_expansion_v1_cn-junior-g9-quadratic-roots_007,方程 x^2-12x+27=0 的两个根是多少？,3或9,multiple_choice,A:-3或-9|B:12|C:27|D:4或10|E:3或9,4,alg_quadratics;alg_factoring,quadratic_factoring;zero_product_property,factor_to_roots;quadratic_solving,sign_error;sum_product_confusion,该方程可分解为 (x-3)(x-9)=0，所以 x=3 或 x=9。,CN Junior High Math,二次函数,cn-junior-g9-quadratic-roots,九年级：二次方程因式分解,25086,jianzisheng_cn_junior_chapter_expansion_v1,local-ocr-derived: jianzisheng_cn_junior_grade9_pilot_v0; chapter=cn-junior-g9-quadratic-roots; expansion=v1,Honors,Algebra Readiness,cn_quadratic_factored_roots,factor_structure;symbolic_fluency,130,Chapter-level expansion from existing cleaned Jian Zi Sheng junior OCR coverage signals. Project-native original-equivalent variants; no direct textbook exercise text is reproduced.,zh,CN,CN,中文校内,初中,production
jianzisheng_cn_junior_chapter_expansion_v1_cn-junior-g9-quadratic-roots_008,方程 x^2-1x-12=0 的两个根是多少？,-3或4,multiple_choice,A:1|B:-12|C:-2或5|D:-3或4|E:3或-4,4,alg_quadratics;alg_factoring,quadratic_factoring;zero_product_property,factor_to_roots;quadratic_solving,sign_error;sum_product_confusion,该方程可分解为 (x--3)(x-4)=0，所以 x=-3 或 x=4。,CN Junior High Math,二次函数,cn-junior-g9-quadratic-roots,九年级：二次方程因式分解,25087,jianzisheng_cn_junior_chapter_expansion_v1,local-ocr-derived: jianzisheng_cn_junior_grade9_pilot_v0; chapter=cn-junior-g9-quadratic-roots; expansion=v1,Honors,Algebra Readiness,cn_quadratic_factored_roots,factor_structure;symbolic_fluency,130,Chapter-level expansion from existing cleaned Jian Zi Sheng junior OCR coverage signals. Project-native original-equivalent variants; no direct textbook exercise text is reproduced.,zh,CN,CN,中文校内,初中,production
jianzisheng_cn_junior_chapter_expansion_v1_cn-junior-g9-quadratic-roots_009,方程 x^2+1x-2=0 的两个根是多少？,-2或1,multiple_choice,A:-2|B:-1或2|C:-2或1|D:2或-1|E:-1,4,alg_quadratics;alg_factoring,quadratic_factoring;zero_product_property,factor_to_roots;quadratic_solving,sign_error;sum_product_confusion,该方程可分解为 (x--2)(x-1)=0，所以 x=-2 或 x=1。,CN Junior High Math,二次函数,cn-junior-g9-quadratic-roots,九年级：二次方程因式分解,25088,jianzisheng_cn_junior_chapter_expansion_v1,local-ocr-derived: jianzisheng_cn_junior_grade9_pilot_v0; chapter=cn-junior-g9-quadratic-roots; expansion=v1,Honors,Algebra Readiness,cn_quadratic_factored_roots,factor_structure;symbolic_fluency,130,Chapter-level expansion from existing cleaned Jian Zi Sheng junior OCR coverage signals. Project-native original-equivalent variants; no direct textbook exercise text is reproduced.,zh,CN,CN,中文校内,初中,production
jianzisheng_cn_junior_chapter_expansion_v1_cn-junior-g9-quadratic-roots_010,方程 x^2-2x-3=0 的两个根是多少？,-1或3,multiple_choice,A:0或4|B:-1或3|C:1或-3|D:2|E:-3,4,alg_quadratics;alg_factoring,quadratic_factoring;zero_product_property,factor_to_roots;quadratic_solving,sign_error;sum_product_confusion,该方程可分解为 (x--1)(x-3)=0，所以 x=-1 或 x=3。,CN Junior High Math,二次函数,cn-junior-g9-quadratic-roots,九年级：二次方程因式分解,25089,jianzisheng_cn_junior_chapter_expansion_v1,local-ocr-derived: jianzisheng_cn_junior_grade9_pilot_v0; chapter=cn-junior-g9-quadratic-roots; expansion=v1,Honors,Algebra Readiness,cn_quadratic_factored_roots,factor_structure;symbolic_fluency,130,Chapter-level expansion from existing cleaned Jian Zi Sheng junior OCR coverage signals. Project-native original-equivalent variants; no direct textbook exercise text is reproduced.,zh,CN,CN,中文校内,初中,production
jianzisheng_cn_junior_chapter_expansion_v1_cn-junior-g9-quadratic-roots_011,方程 x^2-5x+0=0 的两个根是多少？,0或5,multiple_choice,A:0或5|B:0或-5|C:5|D:0|E:1或6,4,alg_quadratics;alg_factoring,quadratic_factoring;zero_product_property,factor_to_roots;quadratic_solving,sign_error;sum_product_confusion,该方程可分解为 (x-0)(x-5)=0，所以 x=0 或 x=5。,CN Junior High Math,二次函数,cn-junior-g9-quadratic-roots,九年级：二次方程因式分解,25090,jianzisheng_cn_junior_chapter_expansion_v1,local-ocr-derived: jianzisheng_cn_junior_grade9_pilot_v0; chapter=cn-junior-g9-quadratic-roots; expansion=v1,Honors,Algebra Readiness,cn_quadratic_factored_roots,factor_structure;symbolic_fluency,130,Chapter-level expansion from existing cleaned Jian Zi Sheng junior OCR coverage signals. Project-native original-equivalent variants; no direct textbook exercise text is reproduced.,zh,CN,CN,中文校内,初中,production
jianzisheng_cn_junior_chapter_expansion_v1_cn-junior-g9-quadratic-roots_012,方程 x^2-8x+7=0 的两个根是多少？,1或7,multiple_choice,A:-1或-7|B:8|C:7|D:2或8|E:1或7,4,alg_quadratics;alg_factoring,quadratic_factoring;zero_product_property,factor_to_roots;quadratic_solving,sign_error;sum_product_confusion,该方程可分解为 (x-1)(x-7)=0，所以 x=1 或 x=7。,CN Junior High Math,二次函数,cn-junior-g9-quadratic-roots,九年级：二次方程因式分解,25091,jianzisheng_cn_junior_chapter_expansion_v1,local-ocr-derived: jianzisheng_cn_junior_grade9_pilot_v0; chapter=cn-junior-g9-quadratic-roots; expansion=v1,Honors,Algebra Readiness,cn_quadratic_factored_roots,factor_structure;symbolic_fluency,130,Chapter-level expansion from existing cleaned Jian Zi Sheng junior OCR coverage signals. Project-native original-equivalent variants; no direct textbook exercise text is reproduced.,zh,CN,CN,中文校内,初中,production
jianzisheng_cn_junior_chapter_expansion_v1_cn-junior-g9-quadratic-roots_013,方程 x^2-11x+18=0 的两个根是多少？,2或9,multiple_choice,A:11|B:18|C:3或10|D:2或9|E:-2或-9,4,alg_quadratics;alg_factoring,quadratic_factoring;zero_product_property,factor_to_roots;quadratic_solving,sign_error;sum_product_confusion,该方程可分解为 (x-2)(x-9)=0，所以 x=2 或 x=9。,CN Junior High Math,二次函数,cn-junior-g9-quadratic-roots,九年级：二次方程因式分解,25092,jianzisheng_cn_junior_chapter_expansion_v1,local-ocr-derived: jianzisheng_cn_junior_grade9_pilot_v0; chapter=cn-junior-g9-quadratic-roots; expansion=v1,Honors,Algebra Readiness,cn_quadratic_factored_roots,factor_structure;symbolic_fluency,130,Chapter-level expansion from existing cleaned Jian Zi Sheng junior OCR coverage signals. Project-native original-equivalent variants; no direct textbook exercise text is reproduced.,zh,CN,CN,中文校内,初中,production
jianzisheng_cn_junior_chapter_expansion_v1_cn-junior-g9-quadratic-roots_014,方程 x^2-9x+18=0 的两个根是多少？,3或6,multiple_choice,A:18|B:4或7|C:3或6|D:-3或-6|E:9,4,alg_quadratics;alg_factoring,quadratic_factoring;zero_product_property,factor_to_roots;quadratic_solving,sign_error;sum_product_confusion,该方程可分解为 (x-3)(x-6)=0，所以 x=3 或 x=6。,CN Junior High Math,二次函数,cn-junior-g9-quadratic-roots,九年级：二次方程因式分解,25093,jianzisheng_cn_junior_chapter_expansion_v1,local-ocr-derived: jianzisheng_cn_junior_grade9_pilot_v0; chapter=cn-junior-g9-quadratic-roots; expansion=v1,Honors,Algebra Readiness,cn_quadratic_factored_roots,factor_structure;symbolic_fluency,130,Chapter-level expansion from existing cleaned Jian Zi Sheng junior OCR coverage signals. Project-native original-equivalent variants; no direct textbook exercise text is reproduced.,zh,CN,CN,中文校内,初中,production
jianzisheng_cn_junior_chapter_expansion_v1_cn-junior-g9-circle-inscribed-angle_001,圆中一条弧的度数为 130°，它所对的圆周角是多少度？,65,multiple_choice,A:65|B:130|C:50|D:75|E:55,4,geo_circles;geo_angles,inscribed_angle;angle_relationship,arc_to_inscribed_angle;circle_angle,central_inscribed_confusion;half_angle_error,同弧所对圆周角等于弧度数的一半，所以为 65°。,CN Junior High Math,圆,cn-junior-g9-circle-inscribed-angle,九年级：圆周角与弧,25100,jianzisheng_cn_junior_chapter_expansion_v1,local-ocr-derived: jianzisheng_cn_junior_grade9_pilot_v0; chapter=cn-junior-g9-circle-inscribed-angle; expansion=v1,Honors,AMC8 Transfer,cn_circle_inscribed_angle,geometric_reasoning;relation_selection,130,Chapter-level expansion from existing cleaned Jian Zi Sheng junior OCR coverage signals. Project-native original-equivalent variants; no direct textbook exercise text is reproduced.,zh,CN,CN,中文校内,初中,production
jianzisheng_cn_junior_chapter_expansion_v1_cn-junior-g9-circle-inscribed-angle_002,圆中一条弧的度数为 140°，它所对的圆周角是多少度？,70,multiple_choice,A:140|B:40|C:80|D:60|E:70,4,geo_circles;geo_angles,inscribed_angle;angle_relationship,arc_to_inscribed_angle;circle_angle,central_inscribed_confusion;half_angle_error,同弧所对圆周角等于弧度数的一半，所以为 70°。,CN Junior High Math,圆,cn-junior-g9-circle-inscribed-angle,九年级：圆周角与弧,25101,jianzisheng_cn_junior_chapter_expansion_v1,local-ocr-derived: jianzisheng_cn_junior_grade9_pilot_v0; chapter=cn-junior-g9-circle-inscribed-angle; expansion=v1,Honors,AMC8 Transfer,cn_circle_inscribed_angle,geometric_reasoning;relation_selection,130,Chapter-level expansion from existing cleaned Jian Zi Sheng junior OCR coverage signals. Project-native original-equivalent variants; no direct textbook exercise text is reproduced.,zh,CN,CN,中文校内,初中,production
jianzisheng_cn_junior_chapter_expansion_v1_cn-junior-g9-circle-inscribed-angle_003,圆中一条弧的度数为 150°，它所对的圆周角是多少度？,75,multiple_choice,A:30|B:85|C:65|D:75|E:150,4,geo_circles;geo_angles,inscribed_angle;angle_relationship,arc_to_inscribed_angle;circle_angle,central_inscribed_confusion;half_angle_error,同弧所对圆周角等于弧度数的一半，所以为 75°。,CN Junior High Math,圆,cn-junior-g9-circle-inscribed-angle,九年级：圆周角与弧,25102,jianzisheng_cn_junior_chapter_expansion_v1,local-ocr-derived: jianzisheng_cn_junior_grade9_pilot_v0; chapter=cn-junior-g9-circle-inscribed-angle; expansion=v1,Honors,AMC8 Transfer,cn_circle_inscribed_angle,geometric_reasoning;relation_selection,130,Chapter-level expansion from existing cleaned Jian Zi Sheng junior OCR coverage signals. Project-native original-equivalent variants; no direct textbook exercise text is reproduced.,zh,CN,CN,中文校内,初中,production
jianzisheng_cn_junior_chapter_expansion_v1_cn-junior-g9-circle-inscribed-angle_004,圆中一条弧的度数为 160°，它所对的圆周角是多少度？,80,multiple_choice,A:90|B:70|C:80|D:160|E:20,4,geo_circles;geo_angles,inscribed_angle;angle_relationship,arc_to_inscribed_angle;circle_angle,central_inscribed_confusion;half_angle_error,同弧所对圆周角等于弧度数的一半，所以为 80°。,CN Junior High Math,圆,cn-junior-g9-circle-inscribed-angle,九年级：圆周角与弧,25103,jianzisheng_cn_junior_chapter_expansion_v1,local-ocr-derived: jianzisheng_cn_junior_grade9_pilot_v0; chapter=cn-junior-g9-circle-inscribed-angle; expansion=v1,Honors,AMC8 Transfer,cn_circle_inscribed_angle,geometric_reasoning;relation_selection,130,Chapter-level expansion from existing cleaned Jian Zi Sheng junior OCR coverage signals. Project-native original-equivalent variants; no direct textbook exercise text is reproduced.,zh,CN,CN,中文校内,初中,production
jianzisheng_cn_junior_chapter_expansion_v1_cn-junior-g9-circle-inscribed-angle_005,圆中一条弧的度数为 170°，它所对的圆周角是多少度？,85,multiple_choice,A:75|B:85|C:170|D:10|E:95,4,geo_circles;geo_angles,inscribed_angle;angle_relationship,arc_to_inscribed_angle;circle_angle,central_inscribed_confusion;half_angle_error,同弧所对圆周角等于弧度数的一半，所以为 85°。,CN Junior High Math,圆,cn-junior-g9-circle-inscribed-angle,九年级：圆周角与弧,25104,jianzisheng_cn_junior_chapter_expansion_v1,local-ocr-derived: jianzisheng_cn_junior_grade9_pilot_v0; chapter=cn-junior-g9-circle-inscribed-angle; expansion=v1,Honors,AMC8 Transfer,cn_circle_inscribed_angle,geometric_reasoning;relation_selection,130,Chapter-level expansion from existing cleaned Jian Zi Sheng junior OCR coverage signals. Project-native original-equivalent variants; no direct textbook exercise text is reproduced.,zh,CN,CN,中文校内,初中,production
jianzisheng_cn_junior_chapter_expansion_v1_cn-junior-g9-circle-inscribed-angle_006,圆中一条弧的度数为 180°，它所对的圆周角是多少度？,90,multiple_choice,A:90|B:180|C:0|D:100|E:80,4,geo_circles;geo_angles,inscribed_angle;angle_relationship,arc_to_inscribed_angle;circle_angle,central_inscribed_confusion;half_angle_error,同弧所对圆周角等于弧度数的一半，所以为 90°。,CN Junior High Math,圆,cn-junior-g9-circle-inscribed-angle,九年级：圆周角与弧,25105,jianzisheng_cn_junior_chapter_expansion_v1,local-ocr-derived: jianzisheng_cn_junior_grade9_pilot_v0; chapter=cn-junior-g9-circle-inscribed-angle; expansion=v1,Honors,AMC8 Transfer,cn_circle_inscribed_angle,geometric_reasoning;relation_selection,130,Chapter-level expansion from existing cleaned Jian Zi Sheng junior OCR coverage signals. Project-native original-equivalent variants; no direct textbook exercise text is reproduced.,zh,CN,CN,中文校内,初中,production
jianzisheng_cn_junior_chapter_expansion_v1_cn-junior-g9-circle-inscribed-angle_007,圆中一条弧的度数为 190°，它所对的圆周角是多少度？,95,multiple_choice,A:190|B:-10|C:105|D:85|E:95,4,geo_circles;geo_angles,inscribed_angle;angle_relationship,arc_to_inscribed_angle;circle_angle,central_inscribed_confusion;half_angle_error,同弧所对圆周角等于弧度数的一半，所以为 95°。,CN Junior High Math,圆,cn-junior-g9-circle-inscribed-angle,九年级：圆周角与弧,25106,jianzisheng_cn_junior_chapter_expansion_v1,local-ocr-derived: jianzisheng_cn_junior_grade9_pilot_v0; chapter=cn-junior-g9-circle-inscribed-angle; expansion=v1,Honors,AMC8 Transfer,cn_circle_inscribed_angle,geometric_reasoning;relation_selection,130,Chapter-level expansion from existing cleaned Jian Zi Sheng junior OCR coverage signals. Project-native original-equivalent variants; no direct textbook exercise text is reproduced.,zh,CN,CN,中文校内,初中,production
jianzisheng_cn_junior_chapter_expansion_v1_cn-junior-g9-circle-inscribed-angle_008,圆中一条弧的度数为 200°，它所对的圆周角是多少度？,100,multiple_choice,A:-20|B:110|C:90|D:100|E:200,4,geo_circles;geo_angles,inscribed_angle;angle_relationship,arc_to_inscribed_angle;circle_angle,central_inscribed_confusion;half_angle_error,同弧所对圆周角等于弧度数的一半，所以为 100°。,CN Junior High Math,圆,cn-junior-g9-circle-inscribed-angle,九年级：圆周角与弧,25107,jianzisheng_cn_junior_chapter_expansion_v1,local-ocr-derived: jianzisheng_cn_junior_grade9_pilot_v0; chapter=cn-junior-g9-circle-inscribed-angle; expansion=v1,Honors,AMC8 Transfer,cn_circle_inscribed_angle,geometric_reasoning;relation_selection,130,Chapter-level expansion from existing cleaned Jian Zi Sheng junior OCR coverage signals. Project-native original-equivalent variants; no direct textbook exercise text is reproduced.,zh,CN,CN,中文校内,初中,production
jianzisheng_cn_junior_chapter_expansion_v1_cn-junior-g9-circle-inscribed-angle_009,圆中一条弧的度数为 210°，它所对的圆周角是多少度？,105,multiple_choice,A:115|B:95|C:105|D:210|E:-30,4,geo_circles;geo_angles,inscribed_angle;angle_relationship,arc_to_inscribed_angle;circle_angle,central_inscribed_confusion;half_angle_error,同弧所对圆周角等于弧度数的一半，所以为 105°。,CN Junior High Math,圆,cn-junior-g9-circle-inscribed-angle,九年级：圆周角与弧,25108,jianzisheng_cn_junior_chapter_expansion_v1,local-ocr-derived: jianzisheng_cn_junior_grade9_pilot_v0; chapter=cn-junior-g9-circle-inscribed-angle; expansion=v1,Honors,AMC8 Transfer,cn_circle_inscribed_angle,geometric_reasoning;relation_selection,130,Chapter-level expansion from existing cleaned Jian Zi Sheng junior OCR coverage signals. Project-native original-equivalent variants; no direct textbook exercise text is reproduced.,zh,CN,CN,中文校内,初中,production
jianzisheng_cn_junior_chapter_expansion_v1_cn-junior-g9-circle-inscribed-angle_010,圆中一条弧的度数为 220°，它所对的圆周角是多少度？,110,multiple_choice,A:100|B:110|C:220|D:-40|E:120,4,geo_circles;geo_angles,inscribed_angle;angle_relationship,arc_to_inscribed_angle;circle_angle,central_inscribed_confusion;half_angle_error,同弧所对圆周角等于弧度数的一半，所以为 110°。,CN Junior High Math,圆,cn-junior-g9-circle-inscribed-angle,九年级：圆周角与弧,25109,jianzisheng_cn_junior_chapter_expansion_v1,local-ocr-derived: jianzisheng_cn_junior_grade9_pilot_v0; chapter=cn-junior-g9-circle-inscribed-angle; expansion=v1,Honors,AMC8 Transfer,cn_circle_inscribed_angle,geometric_reasoning;relation_selection,130,Chapter-level expansion from existing cleaned Jian Zi Sheng junior OCR coverage signals. Project-native original-equivalent variants; no direct textbook exercise text is reproduced.,zh,CN,CN,中文校内,初中,production
jianzisheng_cn_junior_chapter_expansion_v1_cn-junior-g9-circle-inscribed-angle_011,圆中一条弧的度数为 230°，它所对的圆周角是多少度？,115,multiple_choice,A:115|B:230|C:-50|D:125|E:105,4,geo_circles;geo_angles,inscribed_angle;angle_relationship,arc_to_inscribed_angle;circle_angle,central_inscribed_confusion;half_angle_error,同弧所对圆周角等于弧度数的一半，所以为 115°。,CN Junior High Math,圆,cn-junior-g9-circle-inscribed-angle,九年级：圆周角与弧,25110,jianzisheng_cn_junior_chapter_expansion_v1,local-ocr-derived: jianzisheng_cn_junior_grade9_pilot_v0; chapter=cn-junior-g9-circle-inscribed-angle; expansion=v1,Honors,AMC8 Transfer,cn_circle_inscribed_angle,geometric_reasoning;relation_selection,130,Chapter-level expansion from existing cleaned Jian Zi Sheng junior OCR coverage signals. Project-native original-equivalent variants; no direct textbook exercise text is reproduced.,zh,CN,CN,中文校内,初中,production
jianzisheng_cn_junior_chapter_expansion_v1_cn-junior-g9-circle-inscribed-angle_012,圆中一条弧的度数为 240°，它所对的圆周角是多少度？,120,multiple_choice,A:240|B:-60|C:130|D:110|E:120,4,geo_circles;geo_angles,inscribed_angle;angle_relationship,arc_to_inscribed_angle;circle_angle,central_inscribed_confusion;half_angle_error,同弧所对圆周角等于弧度数的一半，所以为 120°。,CN Junior High Math,圆,cn-junior-g9-circle-inscribed-angle,九年级：圆周角与弧,25111,jianzisheng_cn_junior_chapter_expansion_v1,local-ocr-derived: jianzisheng_cn_junior_grade9_pilot_v0; chapter=cn-junior-g9-circle-inscribed-angle; expansion=v1,Honors,AMC8 Transfer,cn_circle_inscribed_angle,geometric_reasoning;relation_selection,130,Chapter-level expansion from existing cleaned Jian Zi Sheng junior OCR coverage signals. Project-native original-equivalent variants; no direct textbook exercise text is reproduced.,zh,CN,CN,中文校内,初中,production
jianzisheng_cn_junior_chapter_expansion_v1_cn-junior-g9-circle-inscribed-angle_013,圆中一条弧的度数为 250°，它所对的圆周角是多少度？,125,multiple_choice,A:-70|B:135|C:115|D:125|E:250,4,geo_circles;geo_angles,inscribed_angle;angle_relationship,arc_to_inscribed_angle;circle_angle,central_inscribed_confusion;half_angle_error,同弧所对圆周角等于弧度数的一半，所以为 125°。,CN Junior High Math,圆,cn-junior-g9-circle-inscribed-angle,九年级：圆周角与弧,25112,jianzisheng_cn_junior_chapter_expansion_v1,local-ocr-derived: jianzisheng_cn_junior_grade9_pilot_v0; chapter=cn-junior-g9-circle-inscribed-angle; expansion=v1,Honors,AMC8 Transfer,cn_circle_inscribed_angle,geometric_reasoning;relation_selection,130,Chapter-level expansion from existing cleaned Jian Zi Sheng junior OCR coverage signals. Project-native original-equivalent variants; no direct textbook exercise text is reproduced.,zh,CN,CN,中文校内,初中,production
jianzisheng_cn_junior_chapter_expansion_v1_cn-junior-g9-circle-inscribed-angle_014,圆中一条弧的度数为 260°，它所对的圆周角是多少度？,130,multiple_choice,A:140|B:120|C:130|D:260|E:-80,4,geo_circles;geo_angles,inscribed_angle;angle_relationship,arc_to_inscribed_angle;circle_angle,central_inscribed_confusion;half_angle_error,同弧所对圆周角等于弧度数的一半，所以为 130°。,CN Junior High Math,圆,cn-junior-g9-circle-inscribed-angle,九年级：圆周角与弧,25113,jianzisheng_cn_junior_chapter_expansion_v1,local-ocr-derived: jianzisheng_cn_junior_grade9_pilot_v0; chapter=cn-junior-g9-circle-inscribed-angle; expansion=v1,Honors,AMC8 Transfer,cn_circle_inscribed_angle,geometric_reasoning;relation_selection,130,Chapter-level expansion from existing cleaned Jian Zi Sheng junior OCR coverage signals. Project-native original-equivalent variants; no direct textbook exercise text is reproduced.,zh,CN,CN,中文校内,初中,production
jianzisheng_cn_junior_chapter_expansion_v1_cn-junior-g9-circle-area_001,半径为 10 的圆，面积是多少？,100π,multiple_choice,A:100π|B:20π|C:10π|D:200π|E:100,3,geo_circles;geo_area,circle_area;formula_application,area_formula;circle_measurement,circumference_area_confusion;missing_square_error,圆面积公式为 S=πr^2，所以面积为 100π。,CN Junior High Math,圆,cn-junior-g9-circle-area,九年级：圆的面积,25120,jianzisheng_cn_junior_chapter_expansion_v1,local-ocr-derived: jianzisheng_cn_junior_grade9_pilot_v0; chapter=cn-junior-g9-circle-area; expansion=v1,Standard,Bridge,cn_circle_area,formula_selection;fluency_precision,110,Chapter-level expansion from existing cleaned Jian Zi Sheng junior OCR coverage signals. Project-native original-equivalent variants; no direct textbook exercise text is reproduced.,zh,CN,CN,中文校内,初中,production
jianzisheng_cn_junior_chapter_expansion_v1_cn-junior-g9-circle-area_002,半径为 11 的圆，面积是多少？,121π,multiple_choice,A:22π|B:11π|C:242π|D:121|E:121π,3,geo_circles;geo_area,circle_area;formula_application,area_formula;circle_measurement,circumference_area_confusion;missing_square_error,圆面积公式为 S=πr^2，所以面积为 121π。,CN Junior High Math,圆,cn-junior-g9-circle-area,九年级：圆的面积,25121,jianzisheng_cn_junior_chapter_expansion_v1,local-ocr-derived: jianzisheng_cn_junior_grade9_pilot_v0; chapter=cn-junior-g9-circle-area; expansion=v1,Standard,Bridge,cn_circle_area,formula_selection;fluency_precision,110,Chapter-level expansion from existing cleaned Jian Zi Sheng junior OCR coverage signals. Project-native original-equivalent variants; no direct textbook exercise text is reproduced.,zh,CN,CN,中文校内,初中,production
jianzisheng_cn_junior_chapter_expansion_v1_cn-junior-g9-circle-area_003,半径为 12 的圆，面积是多少？,144π,multiple_choice,A:12π|B:288π|C:144|D:144π|E:24π,3,geo_circles;geo_area,circle_area;formula_application,area_formula;circle_measurement,circumference_area_confusion;missing_square_error,圆面积公式为 S=πr^2，所以面积为 144π。,CN Junior High Math,圆,cn-junior-g9-circle-area,九年级：圆的面积,25122,jianzisheng_cn_junior_chapter_expansion_v1,local-ocr-derived: jianzisheng_cn_junior_grade9_pilot_v0; chapter=cn-junior-g9-circle-area; expansion=v1,Standard,Bridge,cn_circle_area,formula_selection;fluency_precision,110,Chapter-level expansion from existing cleaned Jian Zi Sheng junior OCR coverage signals. Project-native original-equivalent variants; no direct textbook exercise text is reproduced.,zh,CN,CN,中文校内,初中,production
jianzisheng_cn_junior_chapter_expansion_v1_cn-junior-g9-circle-area_004,半径为 3 的圆，面积是多少？,9π,multiple_choice,A:18π|B:9|C:9π|D:6π|E:3π,3,geo_circles;geo_area,circle_area;formula_application,area_formula;circle_measurement,circumference_area_confusion;missing_square_error,圆面积公式为 S=πr^2，所以面积为 9π。,CN Junior High Math,圆,cn-junior-g9-circle-area,九年级：圆的面积,25123,jianzisheng_cn_junior_chapter_expansion_v1,local-ocr-derived: jianzisheng_cn_junior_grade9_pilot_v0; chapter=cn-junior-g9-circle-area; expansion=v1,Standard,Bridge,cn_circle_area,formula_selection;fluency_precision,110,Chapter-level expansion from existing cleaned Jian Zi Sheng junior OCR coverage signals. Project-native original-equivalent variants; no direct textbook exercise text is reproduced.,zh,CN,CN,中文校内,初中,production
jianzisheng_cn_junior_chapter_expansion_v1_cn-junior-g9-circle-area_005,半径为 4 的圆，面积是多少？,16π,multiple_choice,A:16|B:16π|C:8π|D:4π|E:32π,3,geo_circles;geo_area,circle_area;formula_application,area_formula;circle_measurement,circumference_area_confusion;missing_square_error,圆面积公式为 S=πr^2，所以面积为 16π。,CN Junior High Math,圆,cn-junior-g9-circle-area,九年级：圆的面积,25124,jianzisheng_cn_junior_chapter_expansion_v1,local-ocr-derived: jianzisheng_cn_junior_grade9_pilot_v0; chapter=cn-junior-g9-circle-area; expansion=v1,Standard,Bridge,cn_circle_area,formula_selection;fluency_precision,110,Chapter-level expansion from existing cleaned Jian Zi Sheng junior OCR coverage signals. Project-native original-equivalent variants; no direct textbook exercise text is reproduced.,zh,CN,CN,中文校内,初中,production
jianzisheng_cn_junior_chapter_expansion_v1_cn-junior-g9-circle-area_006,半径为 5 的圆，面积是多少？,25π,multiple_choice,A:25π|B:10π|C:5π|D:50π|E:25,3,geo_circles;geo_area,circle_area;formula_application,area_formula;circle_measurement,circumference_area_confusion;missing_square_error,圆面积公式为 S=πr^2，所以面积为 25π。,CN Junior High Math,圆,cn-junior-g9-circle-area,九年级：圆的面积,25125,jianzisheng_cn_junior_chapter_expansion_v1,local-ocr-derived: jianzisheng_cn_junior_grade9_pilot_v0; chapter=cn-junior-g9-circle-area; expansion=v1,Standard,Bridge,cn_circle_area,formula_selection;fluency_precision,110,Chapter-level expansion from existing cleaned Jian Zi Sheng junior OCR coverage signals. Project-native original-equivalent variants; no direct textbook exercise text is reproduced.,zh,CN,CN,中文校内,初中,production
jianzisheng_cn_junior_chapter_expansion_v1_cn-junior-g9-circle-area_007,半径为 6 的圆，面积是多少？,36π,multiple_choice,A:12π|B:6π|C:72π|D:36|E:36π,3,geo_circles;geo_area,circle_area;formula_application,area_formula;circle_measurement,circumference_area_confusion;missing_square_error,圆面积公式为 S=πr^2，所以面积为 36π。,CN Junior High Math,圆,cn-junior-g9-circle-area,九年级：圆的面积,25126,jianzisheng_cn_junior_chapter_expansion_v1,local-ocr-derived: jianzisheng_cn_junior_grade9_pilot_v0; chapter=cn-junior-g9-circle-area; expansion=v1,Standard,Bridge,cn_circle_area,formula_selection;fluency_precision,110,Chapter-level expansion from existing cleaned Jian Zi Sheng junior OCR coverage signals. Project-native original-equivalent variants; no direct textbook exercise text is reproduced.,zh,CN,CN,中文校内,初中,production
jianzisheng_cn_junior_chapter_expansion_v1_cn-junior-g9-circle-area_008,半径为 7 的圆，面积是多少？,49π,multiple_choice,A:7π|B:98π|C:49|D:49π|E:14π,3,geo_circles;geo_area,circle_area;formula_application,area_formula;circle_measurement,circumference_area_confusion;missing_square_error,圆面积公式为 S=πr^2，所以面积为 49π。,CN Junior High Math,圆,cn-junior-g9-circle-area,九年级：圆的面积,25127,jianzisheng_cn_junior_chapter_expansion_v1,local-ocr-derived: jianzisheng_cn_junior_grade9_pilot_v0; chapter=cn-junior-g9-circle-area; expansion=v1,Standard,Bridge,cn_circle_area,formula_selection;fluency_precision,110,Chapter-level expansion from existing cleaned Jian Zi Sheng junior OCR coverage signals. Project-native original-equivalent variants; no direct textbook exercise text is reproduced.,zh,CN,CN,中文校内,初中,production
jianzisheng_cn_junior_chapter_expansion_v1_cn-junior-g9-circle-area_009,半径为 8 的圆，面积是多少？,64π,multiple_choice,A:128π|B:64|C:64π|D:16π|E:8π,3,geo_circles;geo_area,circle_area;formula_application,area_formula;circle_measurement,circumference_area_confusion;missing_square_error,圆面积公式为 S=πr^2，所以面积为 64π。,CN Junior High Math,圆,cn-junior-g9-circle-area,九年级：圆的面积,25128,jianzisheng_cn_junior_chapter_expansion_v1,local-ocr-derived: jianzisheng_cn_junior_grade9_pilot_v0; chapter=cn-junior-g9-circle-area; expansion=v1,Standard,Bridge,cn_circle_area,formula_selection;fluency_precision,110,Chapter-level expansion from existing cleaned Jian Zi Sheng junior OCR coverage signals. Project-native original-equivalent variants; no direct textbook exercise text is reproduced.,zh,CN,CN,中文校内,初中,production
jianzisheng_cn_junior_chapter_expansion_v1_cn-junior-g9-circle-area_010,半径为 9 的圆，面积是多少？,81π,multiple_choice,A:81|B:81π|C:18π|D:9π|E:162π,3,geo_circles;geo_area,circle_area;formula_application,area_formula;circle_measurement,circumference_area_confusion;missing_square_error,圆面积公式为 S=πr^2，所以面积为 81π。,CN Junior High Math,圆,cn-junior-g9-circle-area,九年级：圆的面积,25129,jianzisheng_cn_junior_chapter_expansion_v1,local-ocr-derived: jianzisheng_cn_junior_grade9_pilot_v0; chapter=cn-junior-g9-circle-area; expansion=v1,Standard,Bridge,cn_circle_area,formula_selection;fluency_precision,110,Chapter-level expansion from existing cleaned Jian Zi Sheng junior OCR coverage signals. Project-native original-equivalent variants; no direct textbook exercise text is reproduced.,zh,CN,CN,中文校内,初中,production
jianzisheng_cn_junior_chapter_expansion_v1_cn-junior-g9-circle-area_011,半径为 10 的圆，面积是多少？,100π,multiple_choice,A:100π|B:20π|C:10π|D:200π|E:100,3,geo_circles;geo_area,circle_area;formula_application,area_formula;circle_measurement,circumference_area_confusion;missing_square_error,圆面积公式为 S=πr^2，所以面积为 100π。,CN Junior High Math,圆,cn-junior-g9-circle-area,九年级：圆的面积,25130,jianzisheng_cn_junior_chapter_expansion_v1,local-ocr-derived: jianzisheng_cn_junior_grade9_pilot_v0; chapter=cn-junior-g9-circle-area; expansion=v1,Standard,Bridge,cn_circle_area,formula_selection;fluency_precision,110,Chapter-level expansion from existing cleaned Jian Zi Sheng junior OCR coverage signals. Project-native original-equivalent variants; no direct textbook exercise text is reproduced.,zh,CN,CN,中文校内,初中,production
jianzisheng_cn_junior_chapter_expansion_v1_cn-junior-g9-circle-area_012,半径为 11 的圆，面积是多少？,121π,multiple_choice,A:22π|B:11π|C:242π|D:121|E:121π,3,geo_circles;geo_area,circle_area;formula_application,area_formula;circle_measurement,circumference_area_confusion;missing_square_error,圆面积公式为 S=πr^2，所以面积为 121π。,CN Junior High Math,圆,cn-junior-g9-circle-area,九年级：圆的面积,25131,jianzisheng_cn_junior_chapter_expansion_v1,local-ocr-derived: jianzisheng_cn_junior_grade9_pilot_v0; chapter=cn-junior-g9-circle-area; expansion=v1,Standard,Bridge,cn_circle_area,formula_selection;fluency_precision,110,Chapter-level expansion from existing cleaned Jian Zi Sheng junior OCR coverage signals. Project-native original-equivalent variants; no direct textbook exercise text is reproduced.,zh,CN,CN,中文校内,初中,production
jianzisheng_cn_junior_chapter_expansion_v1_cn-junior-g9-circle-area_013,半径为 12 的圆，面积是多少？,144π,multiple_choice,A:12π|B:288π|C:144|D:144π|E:24π,3,geo_circles;geo_area,circle_area;formula_application,area_formula;circle_measurement,circumference_area_confusion;missing_square_error,圆面积公式为 S=πr^2，所以面积为 144π。,CN Junior High Math,圆,cn-junior-g9-circle-area,九年级：圆的面积,25132,jianzisheng_cn_junior_chapter_expansion_v1,local-ocr-derived: jianzisheng_cn_junior_grade9_pilot_v0; chapter=cn-junior-g9-circle-area; expansion=v1,Standard,Bridge,cn_circle_area,formula_selection;fluency_precision,110,Chapter-level expansion from existing cleaned Jian Zi Sheng junior OCR coverage signals. Project-native original-equivalent variants; no direct textbook exercise text is reproduced.,zh,CN,CN,中文校内,初中,production
jianzisheng_cn_junior_chapter_expansion_v1_cn-junior-g9-circle-area_014,半径为 3 的圆，面积是多少？,9π,multiple_choice,A:18π|B:9|C:9π|D:6π|E:3π,3,geo_circles;geo_area,circle_area;formula_application,area_formula;circle_measurement,circumference_area_confusion;missing_square_error,圆面积公式为 S=πr^2，所以面积为 9π。,CN Junior High Math,圆,cn-junior-g9-circle-area,九年级：圆的面积,25133,jianzisheng_cn_junior_chapter_expansion_v1,local-ocr-derived: jianzisheng_cn_junior_grade9_pilot_v0; chapter=cn-junior-g9-circle-area; expansion=v1,Standard,Bridge,cn_circle_area,formula_selection;fluency_precision,110,Chapter-level expansion from existing cleaned Jian Zi Sheng junior OCR coverage signals. Project-native original-equivalent variants; no direct textbook exercise text is reproduced.,zh,CN,CN,中文校内,初中,production
jianzisheng_cn_junior_chapter_expansion_v1_cn-junior-g9-probability-basic_001,袋中有 2 个红球和 8 个蓝球，随机摸出 1 个球，摸到红球的概率是多少？,1/5,multiple_choice,A:1/5|B:4/5|C:2/8|D:1|E:3/10,3,counting_probability;arith_fractions,simple_probability;fraction_simplification,favorable_over_total;single_draw_probability,part_over_other_part_error;denominator_error,概率=有利结果数÷总结果数，所以为 2/10=1/5。,CN Junior High Math,概率统计,cn-junior-g9-probability-basic,九年级：简单概率,25140,jianzisheng_cn_junior_chapter_expansion_v1,local-ocr-derived: jianzisheng_cn_junior_grade9_pilot_v0; chapter=cn-junior-g9-probability-basic; expansion=v1,Standard,AMC8 Transfer,cn_simple_probability,operation_selection;fraction_reasoning,110,Chapter-level expansion from existing cleaned Jian Zi Sheng junior OCR coverage signals. Project-native original-equivalent variants; no direct textbook exercise text is reproduced.,zh,CN,CN,中文校内,初中,production
jianzisheng_cn_junior_chapter_expansion_v1_cn-junior-g9-probability-basic_002,袋中有 3 个红球和 10 个蓝球，随机摸出 1 个球，摸到红球的概率是多少？,3/13,multiple_choice,A:10/13|B:3/10|C:1|D:4/13|E:3/13,3,counting_probability;arith_fractions,simple_probability;fraction_simplification,favorable_over_total;single_draw_probability,part_over_other_part_error;denominator_error,概率=有利结果数÷总结果数，所以为 3/13=3/13。,CN Junior High Math,概率统计,cn-junior-g9-probability-basic,九年级：简单概率,25141,jianzisheng_cn_junior_chapter_expansion_v1,local-ocr-derived: jianzisheng_cn_junior_grade9_pilot_v0; chapter=cn-junior-g9-probability-basic; expansion=v1,Standard,AMC8 Transfer,cn_simple_probability,operation_selection;fraction_reasoning,110,Chapter-level expansion from existing cleaned Jian Zi Sheng junior OCR coverage signals. Project-native original-equivalent variants; no direct textbook exercise text is reproduced.,zh,CN,CN,中文校内,初中,production
jianzisheng_cn_junior_chapter_expansion_v1_cn-junior-g9-probability-basic_003,袋中有 4 个红球和 3 个蓝球，随机摸出 1 个球，摸到红球的概率是多少？,4/7,multiple_choice,A:4/3|B:1|C:5/7|D:4/7|E:3/7,3,counting_probability;arith_fractions,simple_probability;fraction_simplification,favorable_over_total;single_draw_probability,part_over_other_part_error;denominator_error,概率=有利结果数÷总结果数，所以为 4/7=4/7。,CN Junior High Math,概率统计,cn-junior-g9-probability-basic,九年级：简单概率,25142,jianzisheng_cn_junior_chapter_expansion_v1,local-ocr-derived: jianzisheng_cn_junior_grade9_pilot_v0; chapter=cn-junior-g9-probability-basic; expansion=v1,Standard,AMC8 Transfer,cn_simple_probability,operation_selection;fraction_reasoning,110,Chapter-level expansion from existing cleaned Jian Zi Sheng junior OCR coverage signals. Project-native original-equivalent variants; no direct textbook exercise text is reproduced.,zh,CN,CN,中文校内,初中,production
jianzisheng_cn_junior_chapter_expansion_v1_cn-junior-g9-probability-basic_004,袋中有 5 个红球和 5 个蓝球，随机摸出 1 个球，摸到红球的概率是多少？,1/2,multiple_choice,A:3/5|B:6/2|C:1/2|D:5/5|E:1,3,counting_probability;arith_fractions,simple_probability;fraction_simplification,favorable_over_total;single_draw_probability,part_over_other_part_error;denominator_error,概率=有利结果数÷总结果数，所以为 5/10=1/2。,CN Junior High Math,概率统计,cn-junior-g9-probability-basic,九年级：简单概率,25143,jianzisheng_cn_junior_chapter_expansion_v1,local-ocr-derived: jianzisheng_cn_junior_grade9_pilot_v0; chapter=cn-junior-g9-probability-basic; expansion=v1,Standard,AMC8 Transfer,cn_simple_probability,operation_selection;fraction_reasoning,110,Chapter-level expansion from existing cleaned Jian Zi Sheng junior OCR coverage signals. Project-native original-equivalent variants; no direct textbook exercise text is reproduced.,zh,CN,CN,中文校内,初中,production
jianzisheng_cn_junior_chapter_expansion_v1_cn-junior-g9-probability-basic_005,袋中有 6 个红球和 7 个蓝球，随机摸出 1 个球，摸到红球的概率是多少？,6/13,multiple_choice,A:11/13|B:6/13|C:7/13|D:6/7|E:1,3,counting_probability;arith_fractions,simple_probability;fraction_simplification,favorable_over_total;single_draw_probability,part_over_other_part_error;denominator_error,概率=有利结果数÷总结果数，所以为 6/13=6/13。,CN Junior High Math,概率统计,cn-junior-g9-probability-basic,九年级：简单概率,25144,jianzisheng_cn_junior_chapter_expansion_v1,local-ocr-derived: jianzisheng_cn_junior_grade9_pilot_v0; chapter=cn-junior-g9-probability-basic; expansion=v1,Standard,AMC8 Transfer,cn_simple_probability,operation_selection;fraction_reasoning,110,Chapter-level expansion from existing cleaned Jian Zi Sheng junior OCR coverage signals. Project-native original-equivalent variants; no direct textbook exercise text is reproduced.,zh,CN,CN,中文校内,初中,production
jianzisheng_cn_junior_chapter_expansion_v1_cn-junior-g9-probability-basic_006,袋中有 7 个红球和 9 个蓝球，随机摸出 1 个球，摸到红球的概率是多少？,7/16,multiple_choice,A:7/16|B:9/16|C:7/9|D:1|E:1/2,3,counting_probability;arith_fractions,simple_probability;fraction_simplification,favorable_over_total;single_draw_probability,part_over_other_part_error;denominator_error,概率=有利结果数÷总结果数，所以为 7/16=7/16。,CN Junior High Math,概率统计,cn-junior-g9-probability-basic,九年级：简单概率,25145,jianzisheng_cn_junior_chapter_expansion_v1,local-ocr-derived: jianzisheng_cn_junior_grade9_pilot_v0; chapter=cn-junior-g9-probability-basic; expansion=v1,Standard,AMC8 Transfer,cn_simple_probability,operation_selection;fraction_reasoning,110,Chapter-level expansion from existing cleaned Jian Zi Sheng junior OCR coverage signals. Project-native original-equivalent variants; no direct textbook exercise text is reproduced.,zh,CN,CN,中文校内,初中,production
jianzisheng_cn_junior_chapter_expansion_v1_cn-junior-g9-probability-basic_007,袋中有 8 个红球和 11 个蓝球，随机摸出 1 个球，摸到红球的概率是多少？,8/19,multiple_choice,A:11/19|B:8/11|C:1|D:9/19|E:8/19,3,counting_probability;arith_fractions,simple_probability;fraction_simplification,favorable_over_total;single_draw_probability,part_over_other_part_error;denominator_error,概率=有利结果数÷总结果数，所以为 8/19=8/19。,CN Junior High Math,概率统计,cn-junior-g9-probability-basic,九年级：简单概率,25146,jianzisheng_cn_junior_chapter_expansion_v1,local-ocr-derived: jianzisheng_cn_junior_grade9_pilot_v0; chapter=cn-junior-g9-probability-basic; expansion=v1,Standard,AMC8 Transfer,cn_simple_probability,operation_selection;fraction_reasoning,110,Chapter-level expansion from existing cleaned Jian Zi Sheng junior OCR coverage signals. Project-native original-equivalent variants; no direct textbook exercise text is reproduced.,zh,CN,CN,中文校内,初中,production
jianzisheng_cn_junior_chapter_expansion_v1_cn-junior-g9-probability-basic_008,袋中有 2 个红球和 4 个蓝球，随机摸出 1 个球，摸到红球的概率是多少？,1/3,multiple_choice,A:2/4|B:1|C:1/2|D:1/3|E:2/3,3,counting_probability;arith_fractions,simple_probability;fraction_simplification,favorable_over_total;single_draw_probability,part_over_other_part_error;denominator_error,概率=有利结果数÷总结果数，所以为 2/6=1/3。,CN Junior High Math,概率统计,cn-junior-g9-probability-basic,九年级：简单概率,25147,jianzisheng_cn_junior_chapter_expansion_v1,local-ocr-derived: jianzisheng_cn_junior_grade9_pilot_v0; chapter=cn-junior-g9-probability-basic; expansion=v1,Standard,AMC8 Transfer,cn_simple_probability,operation_selection;fraction_reasoning,110,Chapter-level expansion from existing cleaned Jian Zi Sheng junior OCR coverage signals. Project-native original-equivalent variants; no direct textbook exercise text is reproduced.,zh,CN,CN,中文校内,初中,production
jianzisheng_cn_junior_chapter_expansion_v1_cn-junior-g9-probability-basic_009,袋中有 3 个红球和 6 个蓝球，随机摸出 1 个球，摸到红球的概率是多少？,1/3,multiple_choice,A:1|B:4/9|C:1/3|D:2/3|E:3/6,3,counting_probability;arith_fractions,simple_probability;fraction_simplification,favorable_over_total;single_draw_probability,part_over_other_part_error;denominator_error,概率=有利结果数÷总结果数，所以为 3/9=1/3。,CN Junior High Math,概率统计,cn-junior-g9-probability-basic,九年级：简单概率,25148,jianzisheng_cn_junior_chapter_expansion_v1,local-ocr-derived: jianzisheng_cn_junior_grade9_pilot_v0; chapter=cn-junior-g9-probability-basic; expansion=v1,Standard,AMC8 Transfer,cn_simple_probability,operation_selection;fraction_reasoning,110,Chapter-level expansion from existing cleaned Jian Zi Sheng junior OCR coverage signals. Project-native original-equivalent variants; no direct textbook exercise text is reproduced.,zh,CN,CN,中文校内,初中,production
jianzisheng_cn_junior_chapter_expansion_v1_cn-junior-g9-probability-basic_010,袋中有 4 个红球和 8 个蓝球，随机摸出 1 个球，摸到红球的概率是多少？,1/3,multiple_choice,A:5/12|B:1/3|C:2/3|D:4/8|E:1,3,counting_probability;arith_fractions,simple_probability;fraction_simplification,favorable_over_total;single_draw_probability,part_over_other_part_error;denominator_error,概率=有利结果数÷总结果数，所以为 4/12=1/3。,CN Junior High Math,概率统计,cn-junior-g9-probability-basic,九年级：简单概率,25149,jianzisheng_cn_junior_chapter_expansion_v1,local-ocr-derived: jianzisheng_cn_junior_grade9_pilot_v0; chapter=cn-junior-g9-probability-basic; expansion=v1,Standard,AMC8 Transfer,cn_simple_probability,operation_selection;fraction_reasoning,110,Chapter-level expansion from existing cleaned Jian Zi Sheng junior OCR coverage signals. Project-native original-equivalent variants; no direct textbook exercise text is reproduced.,zh,CN,CN,中文校内,初中,production
jianzisheng_cn_junior_chapter_expansion_v1_cn-junior-g9-probability-basic_011,袋中有 5 个红球和 10 个蓝球，随机摸出 1 个球，摸到红球的概率是多少？,1/3,multiple_choice,A:1/3|B:2/3|C:5/10|D:1|E:2/5,3,counting_probability;arith_fractions,simple_probability;fraction_simplification,favorable_over_total;single_draw_probability,part_over_other_part_error;denominator_error,概率=有利结果数÷总结果数，所以为 5/15=1/3。,CN Junior High Math,概率统计,cn-junior-g9-probability-basic,九年级：简单概率,25150,jianzisheng_cn_junior_chapter_expansion_v1,local-ocr-derived: jianzisheng_cn_junior_grade9_pilot_v0; chapter=cn-junior-g9-probability-basic; expansion=v1,Standard,AMC8 Transfer,cn_simple_probability,operation_selection;fraction_reasoning,110,Chapter-level expansion from existing cleaned Jian Zi Sheng junior OCR coverage signals. Project-native original-equivalent variants; no direct textbook exercise text is reproduced.,zh,CN,CN,中文校内,初中,production
jianzisheng_cn_junior_chapter_expansion_v1_cn-junior-g9-probability-basic_012,袋中有 6 个红球和 3 个蓝球，随机摸出 1 个球，摸到红球的概率是多少？,2/3,multiple_choice,A:1/3|B:6/3|C:1|D:7/9|E:2/3,3,counting_probability;arith_fractions,simple_probability;fraction_simplification,favorable_over_total;single_draw_probability,part_over_other_part_error;denominator_error,概率=有利结果数÷总结果数，所以为 6/9=2/3。,CN Junior High Math,概率统计,cn-junior-g9-probability-basic,九年级：简单概率,25151,jianzisheng_cn_junior_chapter_expansion_v1,local-ocr-derived: jianzisheng_cn_junior_grade9_pilot_v0; chapter=cn-junior-g9-probability-basic; expansion=v1,Standard,AMC8 Transfer,cn_simple_probability,operation_selection;fraction_reasoning,110,Chapter-level expansion from existing cleaned Jian Zi Sheng junior OCR coverage signals. Project-native original-equivalent variants; no direct textbook exercise text is reproduced.,zh,CN,CN,中文校内,初中,production
jianzisheng_cn_junior_chapter_expansion_v1_cn-junior-g9-probability-basic_013,袋中有 7 个红球和 5 个蓝球，随机摸出 1 个球，摸到红球的概率是多少？,7/12,multiple_choice,A:7/5|B:1|C:2/3|D:7/12|E:5/12,3,counting_probability;arith_fractions,simple_probability;fraction_simplification,favorable_over_total;single_draw_probability,part_over_other_part_error;denominator_error,概率=有利结果数÷总结果数，所以为 7/12=7/12。,CN Junior High Math,概率统计,cn-junior-g9-probability-basic,九年级：简单概率,25152,jianzisheng_cn_junior_chapter_expansion_v1,local-ocr-derived: jianzisheng_cn_junior_grade9_pilot_v0; chapter=cn-junior-g9-probability-basic; expansion=v1,Standard,AMC8 Transfer,cn_simple_probability,operation_selection;fraction_reasoning,110,Chapter-level expansion from existing cleaned Jian Zi Sheng junior OCR coverage signals. Project-native original-equivalent variants; no direct textbook exercise text is reproduced.,zh,CN,CN,中文校内,初中,production
jianzisheng_cn_junior_chapter_expansion_v1_cn-junior-g9-probability-basic_014,袋中有 8 个红球和 7 个蓝球，随机摸出 1 个球，摸到红球的概率是多少？,8/15,multiple_choice,A:1|B:3/5|C:8/15|D:7/15|E:8/7,3,counting_probability;arith_fractions,simple_probability;fraction_simplification,favorable_over_total;single_draw_probability,part_over_other_part_error;denominator_error,概率=有利结果数÷总结果数，所以为 8/15=8/15。,CN Junior High Math,概率统计,cn-junior-g9-probability-basic,九年级：简单概率,25153,jianzisheng_cn_junior_chapter_expansion_v1,local-ocr-derived: jianzisheng_cn_junior_grade9_pilot_v0; chapter=cn-junior-g9-probability-basic; expansion=v1,Standard,AMC8 Transfer,cn_simple_probability,operation_selection;fraction_reasoning,110,Chapter-level expansion from existing cleaned Jian Zi Sheng junior OCR coverage signals. Project-native original-equivalent variants; no direct textbook exercise text is reproduced.,zh,CN,CN,中文校内,初中,production
jianzisheng_cn_junior_chapter_expansion_v1_cn-junior-g9-statistics-mean_001,一组数据为 9，11，13，15，17，这组数据的平均数是多少？,13,multiple_choice,A:13|B:14|C:12|D:26|E:18,3,stats_mean;arith_natural_numbers,mean_calculation;arithmetic_fluency,sum_divide_count;data_summary,median_mean_confusion;sum_without_dividing,平均数等于总和除以个数，所以平均数为 13。,CN Junior High Math,概率统计,cn-junior-g9-statistics-mean,九年级：平均数,25160,jianzisheng_cn_junior_chapter_expansion_v1,local-ocr-derived: jianzisheng_cn_junior_grade9_pilot_v0; chapter=cn-junior-g9-statistics-mean; expansion=v1,Standard,Bridge,cn_statistics_mean,fluency_precision;data_reasoning,110,Chapter-level expansion from existing cleaned Jian Zi Sheng junior OCR coverage signals. Project-native original-equivalent variants; no direct textbook exercise text is reproduced.,zh,CN,CN,中文校内,初中,production
jianzisheng_cn_junior_chapter_expansion_v1_cn-junior-g9-statistics-mean_002,一组数据为 2，4，6，8，10，这组数据的平均数是多少？,6,multiple_choice,A:7|B:5|C:12|D:11|E:6,3,stats_mean;arith_natural_numbers,mean_calculation;arithmetic_fluency,sum_divide_count;data_summary,median_mean_confusion;sum_without_dividing,平均数等于总和除以个数，所以平均数为 6。,CN Junior High Math,概率统计,cn-junior-g9-statistics-mean,九年级：平均数,25161,jianzisheng_cn_junior_chapter_expansion_v1,local-ocr-derived: jianzisheng_cn_junior_grade9_pilot_v0; chapter=cn-junior-g9-statistics-mean; expansion=v1,Standard,Bridge,cn_statistics_mean,fluency_precision;data_reasoning,110,Chapter-level expansion from existing cleaned Jian Zi Sheng junior OCR coverage signals. Project-native original-equivalent variants; no direct textbook exercise text is reproduced.,zh,CN,CN,中文校内,初中,production
jianzisheng_cn_junior_chapter_expansion_v1_cn-junior-g9-statistics-mean_003,一组数据为 3，5，7，9，11，这组数据的平均数是多少？,7,multiple_choice,A:6|B:14|C:12|D:7|E:8,3,stats_mean;arith_natural_numbers,mean_calculation;arithmetic_fluency,sum_divide_count;data_summary,median_mean_confusion;sum_without_dividing,平均数等于总和除以个数，所以平均数为 7。,CN Junior High Math,概率统计,cn-junior-g9-statistics-mean,九年级：平均数,25162,jianzisheng_cn_junior_chapter_expansion_v1,local-ocr-derived: jianzisheng_cn_junior_grade9_pilot_v0; chapter=cn-junior-g9-statistics-mean; expansion=v1,Standard,Bridge,cn_statistics_mean,fluency_precision;data_reasoning,110,Chapter-level expansion from existing cleaned Jian Zi Sheng junior OCR coverage signals. Project-native original-equivalent variants; no direct textbook exercise text is reproduced.,zh,CN,CN,中文校内,初中,production
jianzisheng_cn_junior_chapter_expansion_v1_cn-junior-g9-statistics-mean_004,一组数据为 4，6，8，10，12，这组数据的平均数是多少？,8,multiple_choice,A:16|B:13|C:8|D:9|E:7,3,stats_mean;arith_natural_numbers,mean_calculation;arithmetic_fluency,sum_divide_count;data_summary,median_mean_confusion;sum_without_dividing,平均数等于总和除以个数，所以平均数为 8。,CN Junior High Math,概率统计,cn-junior-g9-statistics-mean,九年级：平均数,25163,jianzisheng_cn_junior_chapter_expansion_v1,local-ocr-derived: jianzisheng_cn_junior_grade9_pilot_v0; chapter=cn-junior-g9-statistics-mean; expansion=v1,Standard,Bridge,cn_statistics_mean,fluency_precision;data_reasoning,110,Chapter-level expansion from existing cleaned Jian Zi Sheng junior OCR coverage signals. Project-native original-equivalent variants; no direct textbook exercise text is reproduced.,zh,CN,CN,中文校内,初中,production
jianzisheng_cn_junior_chapter_expansion_v1_cn-junior-g9-statistics-mean_005,一组数据为 5，7，9，11，13，这组数据的平均数是多少？,9,multiple_choice,A:14|B:9|C:10|D:8|E:18,3,stats_mean;arith_natural_numbers,mean_calculation;arithmetic_fluency,sum_divide_count;data_summary,median_mean_confusion;sum_without_dividing,平均数等于总和除以个数，所以平均数为 9。,CN Junior High Math,概率统计,cn-junior-g9-statistics-mean,九年级：平均数,25164,jianzisheng_cn_junior_chapter_expansion_v1,local-ocr-derived: jianzisheng_cn_junior_grade9_pilot_v0; chapter=cn-junior-g9-statistics-mean; expansion=v1,Standard,Bridge,cn_statistics_mean,fluency_precision;data_reasoning,110,Chapter-level expansion from existing cleaned Jian Zi Sheng junior OCR coverage signals. Project-native original-equivalent variants; no direct textbook exercise text is reproduced.,zh,CN,CN,中文校内,初中,production
jianzisheng_cn_junior_chapter_expansion_v1_cn-junior-g9-statistics-mean_006,一组数据为 6，8，10，12，14，这组数据的平均数是多少？,10,multiple_choice,A:10|B:11|C:9|D:20|E:15,3,stats_mean;arith_natural_numbers,mean_calculation;arithmetic_fluency,sum_divide_count;data_summary,median_mean_confusion;sum_without_dividing,平均数等于总和除以个数，所以平均数为 10。,CN Junior High Math,概率统计,cn-junior-g9-statistics-mean,九年级：平均数,25165,jianzisheng_cn_junior_chapter_expansion_v1,local-ocr-derived: jianzisheng_cn_junior_grade9_pilot_v0; chapter=cn-junior-g9-statistics-mean; expansion=v1,Standard,Bridge,cn_statistics_mean,fluency_precision;data_reasoning,110,Chapter-level expansion from existing cleaned Jian Zi Sheng junior OCR coverage signals. Project-native original-equivalent variants; no direct textbook exercise text is reproduced.,zh,CN,CN,中文校内,初中,production
jianzisheng_cn_junior_chapter_expansion_v1_cn-junior-g9-statistics-mean_007,一组数据为 7，9，11，13，15，这组数据的平均数是多少？,11,multiple_choice,A:12|B:10|C:22|D:16|E:11,3,stats_mean;arith_natural_numbers,mean_calculation;arithmetic_fluency,sum_divide_count;data_summary,median_mean_confusion;sum_without_dividing,平均数等于总和除以个数，所以平均数为 11。,CN Junior High Math,概率统计,cn-junior-g9-statistics-mean,九年级：平均数,25166,jianzisheng_cn_junior_chapter_expansion_v1,local-ocr-derived: jianzisheng_cn_junior_grade9_pilot_v0; chapter=cn-junior-g9-statistics-mean; expansion=v1,Standard,Bridge,cn_statistics_mean,fluency_precision;data_reasoning,110,Chapter-level expansion from existing cleaned Jian Zi Sheng junior OCR coverage signals. Project-native original-equivalent variants; no direct textbook exercise text is reproduced.,zh,CN,CN,中文校内,初中,production
jianzisheng_cn_junior_chapter_expansion_v1_cn-junior-g9-statistics-mean_008,一组数据为 8，10，12，14，16，这组数据的平均数是多少？,12,multiple_choice,A:11|B:24|C:17|D:12|E:13,3,stats_mean;arith_natural_numbers,mean_calculation;arithmetic_fluency,sum_divide_count;data_summary,median_mean_confusion;sum_without_dividing,平均数等于总和除以个数，所以平均数为 12。,CN Junior High Math,概率统计,cn-junior-g9-statistics-mean,九年级：平均数,25167,jianzisheng_cn_junior_chapter_expansion_v1,local-ocr-derived: jianzisheng_cn_junior_grade9_pilot_v0; chapter=cn-junior-g9-statistics-mean; expansion=v1,Standard,Bridge,cn_statistics_mean,fluency_precision;data_reasoning,110,Chapter-level expansion from existing cleaned Jian Zi Sheng junior OCR coverage signals. Project-native original-equivalent variants; no direct textbook exercise text is reproduced.,zh,CN,CN,中文校内,初中,production
jianzisheng_cn_junior_chapter_expansion_v1_cn-junior-g9-statistics-mean_009,一组数据为 9，11，13，15，17，这组数据的平均数是多少？,13,multiple_choice,A:26|B:18|C:13|D:14|E:12,3,stats_mean;arith_natural_numbers,mean_calculation;arithmetic_fluency,sum_divide_count;data_summary,median_mean_confusion;sum_without_dividing,平均数等于总和除以个数，所以平均数为 13。,CN Junior High Math,概率统计,cn-junior-g9-statistics-mean,九年级：平均数,25168,jianzisheng_cn_junior_chapter_expansion_v1,local-ocr-derived: jianzisheng_cn_junior_grade9_pilot_v0; chapter=cn-junior-g9-statistics-mean; expansion=v1,Standard,Bridge,cn_statistics_mean,fluency_precision;data_reasoning,110,Chapter-level expansion from existing cleaned Jian Zi Sheng junior OCR coverage signals. Project-native original-equivalent variants; no direct textbook exercise text is reproduced.,zh,CN,CN,中文校内,初中,production
jianzisheng_cn_junior_chapter_expansion_v1_cn-junior-g9-statistics-mean_010,一组数据为 2，4，6，8，10，这组数据的平均数是多少？,6,multiple_choice,A:11|B:6|C:7|D:5|E:12,3,stats_mean;arith_natural_numbers,mean_calculation;arithmetic_fluency,sum_divide_count;data_summary,median_mean_confusion;sum_without_dividing,平均数等于总和除以个数，所以平均数为 6。,CN Junior High Math,概率统计,cn-junior-g9-statistics-mean,九年级：平均数,25169,jianzisheng_cn_junior_chapter_expansion_v1,local-ocr-derived: jianzisheng_cn_junior_grade9_pilot_v0; chapter=cn-junior-g9-statistics-mean; expansion=v1,Standard,Bridge,cn_statistics_mean,fluency_precision;data_reasoning,110,Chapter-level expansion from existing cleaned Jian Zi Sheng junior OCR coverage signals. Project-native original-equivalent variants; no direct textbook exercise text is reproduced.,zh,CN,CN,中文校内,初中,production
jianzisheng_cn_junior_chapter_expansion_v1_cn-junior-g9-statistics-mean_011,一组数据为 3，5，7，9，11，这组数据的平均数是多少？,7,multiple_choice,A:7|B:8|C:6|D:14|E:12,3,stats_mean;arith_natural_numbers,mean_calculation;arithmetic_fluency,sum_divide_count;data_summary,median_mean_confusion;sum_without_dividing,平均数等于总和除以个数，所以平均数为 7。,CN Junior High Math,概率统计,cn-junior-g9-statistics-mean,九年级：平均数,25170,jianzisheng_cn_junior_chapter_expansion_v1,local-ocr-derived: jianzisheng_cn_junior_grade9_pilot_v0; chapter=cn-junior-g9-statistics-mean; expansion=v1,Standard,Bridge,cn_statistics_mean,fluency_precision;data_reasoning,110,Chapter-level expansion from existing cleaned Jian Zi Sheng junior OCR coverage signals. Project-native original-equivalent variants; no direct textbook exercise text is reproduced.,zh,CN,CN,中文校内,初中,production
jianzisheng_cn_junior_chapter_expansion_v1_cn-junior-g9-statistics-mean_012,一组数据为 4，6，8，10，12，这组数据的平均数是多少？,8,multiple_choice,A:9|B:7|C:16|D:13|E:8,3,stats_mean;arith_natural_numbers,mean_calculation;arithmetic_fluency,sum_divide_count;data_summary,median_mean_confusion;sum_without_dividing,平均数等于总和除以个数，所以平均数为 8。,CN Junior High Math,概率统计,cn-junior-g9-statistics-mean,九年级：平均数,25171,jianzisheng_cn_junior_chapter_expansion_v1,local-ocr-derived: jianzisheng_cn_junior_grade9_pilot_v0; chapter=cn-junior-g9-statistics-mean; expansion=v1,Standard,Bridge,cn_statistics_mean,fluency_precision;data_reasoning,110,Chapter-level expansion from existing cleaned Jian Zi Sheng junior OCR coverage signals. Project-native original-equivalent variants; no direct textbook exercise text is reproduced.,zh,CN,CN,中文校内,初中,production
jianzisheng_cn_junior_chapter_expansion_v1_cn-junior-g9-statistics-mean_013,一组数据为 5，7，9，11，13，这组数据的平均数是多少？,9,multiple_choice,A:8|B:18|C:14|D:9|E:10,3,stats_mean;arith_natural_numbers,mean_calculation;arithmetic_fluency,sum_divide_count;data_summary,median_mean_confusion;sum_without_dividing,平均数等于总和除以个数，所以平均数为 9。,CN Junior High Math,概率统计,cn-junior-g9-statistics-mean,九年级：平均数,25172,jianzisheng_cn_junior_chapter_expansion_v1,local-ocr-derived: jianzisheng_cn_junior_grade9_pilot_v0; chapter=cn-junior-g9-statistics-mean; expansion=v1,Standard,Bridge,cn_statistics_mean,fluency_precision;data_reasoning,110,Chapter-level expansion from existing cleaned Jian Zi Sheng junior OCR coverage signals. Project-native original-equivalent variants; no direct textbook exercise text is reproduced.,zh,CN,CN,中文校内,初中,production
jianzisheng_cn_junior_chapter_expansion_v1_cn-junior-g9-statistics-mean_014,一组数据为 6，8，10，12，14，这组数据的平均数是多少？,10,multiple_choice,A:20|B:15|C:10|D:11|E:9,3,stats_mean;arith_natural_numbers,mean_calculation;arithmetic_fluency,sum_divide_count;data_summary,median_mean_confusion;sum_without_dividing,平均数等于总和除以个数，所以平均数为 10。,CN Junior High Math,概率统计,cn-junior-g9-statistics-mean,九年级：平均数,25173,jianzisheng_cn_junior_chapter_expansion_v1,local-ocr-derived: jianzisheng_cn_junior_grade9_pilot_v0; chapter=cn-junior-g9-statistics-mean; expansion=v1,Standard,Bridge,cn_statistics_mean,fluency_precision;data_reasoning,110,Chapter-level expansion from existing cleaned Jian Zi Sheng junior OCR coverage signals. Project-native original-equivalent variants; no direct textbook exercise text is reproduced.,zh,CN,CN,中文校内,初中,production
jianzisheng_cn_junior_chapter_expansion_v1_cn-junior-g9-quadratic-minimum_001,二次函数 y=(x+3)^2-5 的最小值是多少？,-5,multiple_choice,A:-5|B:-3|C:1|D:-4|E:5,4,alg_quadratics;alg_functions,quadratic_vertex_form;minimum_value,vertex_form_minimum;quadratic_graph,vertex_coordinate_confusion;coefficient_as_minimum,函数为顶点式，且开口向上，所以最小值为 -5。,CN Junior High Math,二次函数,cn-junior-g9-quadratic-minimum,九年级：二次函数最值,25180,jianzisheng_cn_junior_chapter_expansion_v1,local-ocr-derived: jianzisheng_cn_junior_grade9_batch2_v0; chapter=cn-junior-g9-quadratic-minimum; expansion=v1,Honors,Algebra Readiness,cn_quadratic_minimum_value,structure_recognition;symbolic_fluency,130,Chapter-level expansion from existing cleaned Jian Zi Sheng junior OCR coverage signals. Project-native original-equivalent variants; no direct textbook exercise text is reproduced.,zh,CN,CN,中文校内,初中,production
jianzisheng_cn_junior_chapter_expansion_v1_cn-junior-g9-quadratic-minimum_002,二次函数 y=(x+2)^2-3 的最小值是多少？,-3,multiple_choice,A:-2|B:1|C:3|D:2|E:-3,4,alg_quadratics;alg_functions,quadratic_vertex_form;minimum_value,vertex_form_minimum;quadratic_graph,vertex_coordinate_confusion;coefficient_as_minimum,函数为顶点式，且开口向上，所以最小值为 -3。,CN Junior High Math,二次函数,cn-junior-g9-quadratic-minimum,九年级：二次函数最值,25181,jianzisheng_cn_junior_chapter_expansion_v1,local-ocr-derived: jianzisheng_cn_junior_grade9_batch2_v0; chapter=cn-junior-g9-quadratic-minimum; expansion=v1,Honors,Algebra Readiness,cn_quadratic_minimum_value,structure_recognition;symbolic_fluency,130,Chapter-level expansion from existing cleaned Jian Zi Sheng junior OCR coverage signals. Project-native original-equivalent variants; no direct textbook exercise text is reproduced.,zh,CN,CN,中文校内,初中,production
jianzisheng_cn_junior_chapter_expansion_v1_cn-junior-g9-quadratic-minimum_003,二次函数 y=(x+1)^2-1 的最小值是多少？,-1,multiple_choice,A:0|B:3|C:4|D:-1|E:1,4,alg_quadratics;alg_functions,quadratic_vertex_form;minimum_value,vertex_form_minimum;quadratic_graph,vertex_coordinate_confusion;coefficient_as_minimum,函数为顶点式，且开口向上，所以最小值为 -1。,CN Junior High Math,二次函数,cn-junior-g9-quadratic-minimum,九年级：二次函数最值,25182,jianzisheng_cn_junior_chapter_expansion_v1,local-ocr-derived: jianzisheng_cn_junior_grade9_batch2_v0; chapter=cn-junior-g9-quadratic-minimum; expansion=v1,Honors,Algebra Readiness,cn_quadratic_minimum_value,structure_recognition;symbolic_fluency,130,Chapter-level expansion from existing cleaned Jian Zi Sheng junior OCR coverage signals. Project-native original-equivalent variants; no direct textbook exercise text is reproduced.,zh,CN,CN,中文校内,初中,production
jianzisheng_cn_junior_chapter_expansion_v1_cn-junior-g9-quadratic-minimum_004,二次函数 y=(x-0)^2+1 的最小值是多少？,1,multiple_choice,A:-1|B:6|C:1|D:0|E:2,4,alg_quadratics;alg_functions,quadratic_vertex_form;minimum_value,vertex_form_minimum;quadratic_graph,vertex_coordinate_confusion;coefficient_as_minimum,函数为顶点式，且开口向上，所以最小值为 1。,CN Junior High Math,二次函数,cn-junior-g9-quadratic-minimum,九年级：二次函数最值,25183,jianzisheng_cn_junior_chapter_expansion_v1,local-ocr-derived: jianzisheng_cn_junior_grade9_batch2_v0; chapter=cn-junior-g9-quadratic-minimum; expansion=v1,Honors,Algebra Readiness,cn_quadratic_minimum_value,structure_recognition;symbolic_fluency,130,Chapter-level expansion from existing cleaned Jian Zi Sheng junior OCR coverage signals. Project-native original-equivalent variants; no direct textbook exercise text is reproduced.,zh,CN,CN,中文校内,初中,production
jianzisheng_cn_junior_chapter_expansion_v1_cn-junior-g9-quadratic-minimum_005,二次函数 y=(x-1)^2+3 的最小值是多少？,3,multiple_choice,A:8|B:3|C:1|D:4|E:-3,4,alg_quadratics;alg_functions,quadratic_vertex_form;minimum_value,vertex_form_minimum;quadratic_graph,vertex_coordinate_confusion;coefficient_as_minimum,函数为顶点式，且开口向上，所以最小值为 3。,CN Junior High Math,二次函数,cn-junior-g9-quadratic-minimum,九年级：二次函数最值,25184,jianzisheng_cn_junior_chapter_expansion_v1,local-ocr-derived: jianzisheng_cn_junior_grade9_batch2_v0; chapter=cn-junior-g9-quadratic-minimum; expansion=v1,Honors,Algebra Readiness,cn_quadratic_minimum_value,structure_recognition;symbolic_fluency,130,Chapter-level expansion from existing cleaned Jian Zi Sheng junior OCR coverage signals. Project-native original-equivalent variants; no direct textbook exercise text is reproduced.,zh,CN,CN,中文校内,初中,production
jianzisheng_cn_junior_chapter_expansion_v1_cn-junior-g9-quadratic-minimum_006,二次函数 y=(x-2)^2+5 的最小值是多少？,5,multiple_choice,A:5|B:2|C:1|D:6|E:-5,4,alg_quadratics;alg_functions,quadratic_vertex_form;minimum_value,vertex_form_minimum;quadratic_graph,vertex_coordinate_confusion;coefficient_as_minimum,函数为顶点式，且开口向上，所以最小值为 5。,CN Junior High Math,二次函数,cn-junior-g9-quadratic-minimum,九年级：二次函数最值,25185,jianzisheng_cn_junior_chapter_expansion_v1,local-ocr-derived: jianzisheng_cn_junior_grade9_batch2_v0; chapter=cn-junior-g9-quadratic-minimum; expansion=v1,Honors,Algebra Readiness,cn_quadratic_minimum_value,structure_recognition;symbolic_fluency,130,Chapter-level expansion from existing cleaned Jian Zi Sheng junior OCR coverage signals. Project-native original-equivalent variants; no direct textbook exercise text is reproduced.,zh,CN,CN,中文校内,初中,production
jianzisheng_cn_junior_chapter_expansion_v1_cn-junior-g9-quadratic-minimum_007,二次函数 y=(x-3)^2-6 的最小值是多少？,-6,multiple_choice,A:3|B:1|C:-5|D:6|E:-6,4,alg_quadratics;alg_functions,quadratic_vertex_form;minimum_value,vertex_form_minimum;quadratic_graph,vertex_coordinate_confusion;coefficient_as_minimum,函数为顶点式，且开口向上，所以最小值为 -6。,CN Junior High Math,二次函数,cn-junior-g9-quadratic-minimum,九年级：二次函数最值,25186,jianzisheng_cn_junior_chapter_expansion_v1,local-ocr-derived: jianzisheng_cn_junior_grade9_batch2_v0; chapter=cn-junior-g9-quadratic-minimum; expansion=v1,Honors,Algebra Readiness,cn_quadratic_minimum_value,structure_recognition;symbolic_fluency,130,Chapter-level expansion from existing cleaned Jian Zi Sheng junior OCR coverage signals. Project-native original-equivalent variants; no direct textbook exercise text is reproduced.,zh,CN,CN,中文校内,初中,production
jianzisheng_cn_junior_chapter_expansion_v1_cn-junior-g9-quadratic-minimum_008,二次函数 y=(x+3)^2-4 的最小值是多少？,-4,multiple_choice,A:1|B:4|C:1|D:-4|E:-3,4,alg_quadratics;alg_functions,quadratic_vertex_form;minimum_value,vertex_form_minimum;quadratic_graph,vertex_coordinate_confusion;coefficient_as_minimum,函数为顶点式，且开口向上，所以最小值为 -4。,CN Junior High Math,二次函数,cn-junior-g9-quadratic-minimum,九年级：二次函数最值,25187,jianzisheng_cn_junior_chapter_expansion_v1,local-ocr-derived: jianzisheng_cn_junior_grade9_batch2_v0; chapter=cn-junior-g9-quadratic-minimum; expansion=v1,Honors,Algebra Readiness,cn_quadratic_minimum_value,structure_recognition;symbolic_fluency,130,Chapter-level expansion from existing cleaned Jian Zi Sheng junior OCR coverage signals. Project-native original-equivalent variants; no direct textbook exercise text is reproduced.,zh,CN,CN,中文校内,初中,production
jianzisheng_cn_junior_chapter_expansion_v1_cn-junior-g9-quadratic-minimum_009,二次函数 y=(x+2)^2-2 的最小值是多少？,-2,multiple_choice,A:2|B:3|C:-2|D:1|E:-1,4,alg_quadratics;alg_functions,quadratic_vertex_form;minimum_value,vertex_form_minimum;quadratic_graph,vertex_coordinate_confusion;coefficient_as_minimum,函数为顶点式，且开口向上，所以最小值为 -2。,CN Junior High Math,二次函数,cn-junior-g9-quadratic-minimum,九年级：二次函数最值,25188,jianzisheng_cn_junior_chapter_expansion_v1,local-ocr-derived: jianzisheng_cn_junior_grade9_batch2_v0; chapter=cn-junior-g9-quadratic-minimum; expansion=v1,Honors,Algebra Readiness,cn_quadratic_minimum_value,structure_recognition;symbolic_fluency,130,Chapter-level expansion from existing cleaned Jian Zi Sheng junior OCR coverage signals. Project-native original-equivalent variants; no direct textbook exercise text is reproduced.,zh,CN,CN,中文校内,初中,production
jianzisheng_cn_junior_chapter_expansion_v1_cn-junior-g9-quadratic-minimum_010,二次函数 y=(x+1)^2+0 的最小值是多少？,0,multiple_choice,A:5|B:0|C:-1|D:1|E:4,4,alg_quadratics;alg_functions,quadratic_vertex_form;minimum_value,vertex_form_minimum;quadratic_graph,vertex_coordinate_confusion;coefficient_as_minimum,函数为顶点式，且开口向上，所以最小值为 0。,CN Junior High Math,二次函数,cn-junior-g9-quadratic-minimum,九年级：二次函数最值,25189,jianzisheng_cn_junior_chapter_expansion_v1,local-ocr-derived: jianzisheng_cn_junior_grade9_batch2_v0; chapter=cn-junior-g9-quadratic-minimum; expansion=v1,Honors,Algebra Readiness,cn_quadratic_minimum_value,structure_recognition;symbolic_fluency,130,Chapter-level expansion from existing cleaned Jian Zi Sheng junior OCR coverage signals. Project-native original-equivalent variants; no direct textbook exercise text is reproduced.,zh,CN,CN,中文校内,初中,production
jianzisheng_cn_junior_chapter_expansion_v1_cn-junior-g9-quadratic-minimum_011,二次函数 y=(x-0)^2+2 的最小值是多少？,2,multiple_choice,A:2|B:0|C:1|D:3|E:-2,4,alg_quadratics;alg_functions,quadratic_vertex_form;minimum_value,vertex_form_minimum;quadratic_graph,vertex_coordinate_confusion;coefficient_as_minimum,函数为顶点式，且开口向上，所以最小值为 2。,CN Junior High Math,二次函数,cn-junior-g9-quadratic-minimum,九年级：二次函数最值,25190,jianzisheng_cn_junior_chapter_expansion_v1,local-ocr-derived: jianzisheng_cn_junior_grade9_batch2_v0; chapter=cn-junior-g9-quadratic-minimum; expansion=v1,Honors,Algebra Readiness,cn_quadratic_minimum_value,structure_recognition;symbolic_fluency,130,Chapter-level expansion from existing cleaned Jian Zi Sheng junior OCR coverage signals. Project-native original-equivalent variants; no direct textbook exercise text is reproduced.,zh,CN,CN,中文校内,初中,production
jianzisheng_cn_junior_chapter_expansion_v1_cn-junior-g9-quadratic-minimum_012,二次函数 y=(x-1)^2+4 的最小值是多少？,4,multiple_choice,A:1|B:5|C:-4|D:9|E:4,4,alg_quadratics;alg_functions,quadratic_vertex_form;minimum_value,vertex_form_minimum;quadratic_graph,vertex_coordinate_confusion;coefficient_as_minimum,函数为顶点式，且开口向上，所以最小值为 4。,CN Junior High Math,二次函数,cn-junior-g9-quadratic-minimum,九年级：二次函数最值,25191,jianzisheng_cn_junior_chapter_expansion_v1,local-ocr-derived: jianzisheng_cn_junior_grade9_batch2_v0; chapter=cn-junior-g9-quadratic-minimum; expansion=v1,Honors,Algebra Readiness,cn_quadratic_minimum_value,structure_recognition;symbolic_fluency,130,Chapter-level expansion from existing cleaned Jian Zi Sheng junior OCR coverage signals. Project-native original-equivalent variants; no direct textbook exercise text is reproduced.,zh,CN,CN,中文校内,初中,production
jianzisheng_cn_junior_chapter_expansion_v1_cn-junior-g9-quadratic-minimum_013,二次函数 y=(x-2)^2+6 的最小值是多少？,6,multiple_choice,A:1|B:7|C:-6|D:6|E:2,4,alg_quadratics;alg_functions,quadratic_vertex_form;minimum_value,vertex_form_minimum;quadratic_graph,vertex_coordinate_confusion;coefficient_as_minimum,函数为顶点式，且开口向上，所以最小值为 6。,CN Junior High Math,二次函数,cn-junior-g9-quadratic-minimum,九年级：二次函数最值,25192,jianzisheng_cn_junior_chapter_expansion_v1,local-ocr-derived: jianzisheng_cn_junior_grade9_batch2_v0; chapter=cn-junior-g9-quadratic-minimum; expansion=v1,Honors,Algebra Readiness,cn_quadratic_minimum_value,structure_recognition;symbolic_fluency,130,Chapter-level expansion from existing cleaned Jian Zi Sheng junior OCR coverage signals. Project-native original-equivalent variants; no direct textbook exercise text is reproduced.,zh,CN,CN,中文校内,初中,production
jianzisheng_cn_junior_chapter_expansion_v1_cn-junior-g9-quadratic-minimum_014,二次函数 y=(x-3)^2-5 的最小值是多少？,-5,multiple_choice,A:-4|B:5|C:-5|D:3|E:1,4,alg_quadratics;alg_functions,quadratic_vertex_form;minimum_value,vertex_form_minimum;quadratic_graph,vertex_coordinate_confusion;coefficient_as_minimum,函数为顶点式，且开口向上，所以最小值为 -5。,CN Junior High Math,二次函数,cn-junior-g9-quadratic-minimum,九年级：二次函数最值,25193,jianzisheng_cn_junior_chapter_expansion_v1,local-ocr-derived: jianzisheng_cn_junior_grade9_batch2_v0; chapter=cn-junior-g9-quadratic-minimum; expansion=v1,Honors,Algebra Readiness,cn_quadratic_minimum_value,structure_recognition;symbolic_fluency,130,Chapter-level expansion from existing cleaned Jian Zi Sheng junior OCR coverage signals. Project-native original-equivalent variants; no direct textbook exercise text is reproduced.,zh,CN,CN,中文校内,初中,production
jianzisheng_cn_junior_chapter_expansion_v1_cn-junior-g9-quadratic-translation_001,函数 y=(x-3)^2-2 可由 y=x^2 怎样平移得到？,向右3个单位，向下2个单位,multiple_choice,A:向右3个单位，向下2个单位|B:向左3个单位，向下2个单位|C:向右3个单位，向上2个单位|D:只向右3个单位|E:只向上2个单位,4,alg_quadratics;alg_graphing;alg_functions,quadratic_translation;vertex_interpretation,graph_transformation;vertex_form,horizontal_shift_sign_error;vertical_shift_error,"顶点式表示顶点为 (3,-2)，所以答案为“向右3个单位，向下2个单位”。",CN Junior High Math,二次函数,cn-junior-g9-quadratic-translation,九年级：二次函数图像平移,25200,jianzisheng_cn_junior_chapter_expansion_v1,local-ocr-derived: jianzisheng_cn_junior_grade9_batch2_v0; chapter=cn-junior-g9-quadratic-translation; expansion=v1,Honors,Algebra Readiness,cn_quadratic_translation,spatial_reasoning;structure_recognition,130,Chapter-level expansion from existing cleaned Jian Zi Sheng junior OCR coverage signals. Project-native original-equivalent variants; no direct textbook exercise text is reproduced.,zh,CN,CN,中文校内,初中,production
jianzisheng_cn_junior_chapter_expansion_v1_cn-junior-g9-quadratic-translation_002,函数 y=(x-4)^2+0 可由 y=x^2 怎样平移得到？,向右4个单位，向上0个单位,multiple_choice,A:向左4个单位，向上0个单位|B:向右4个单位，向下0个单位|C:只向右4个单位|D:只向上0个单位|E:向右4个单位，向上0个单位,4,alg_quadratics;alg_graphing;alg_functions,quadratic_translation;vertex_interpretation,graph_transformation;vertex_form,horizontal_shift_sign_error;vertical_shift_error,"顶点式表示顶点为 (4,0)，所以答案为“向右4个单位，向上0个单位”。",CN Junior High Math,二次函数,cn-junior-g9-quadratic-translation,九年级：二次函数图像平移,25201,jianzisheng_cn_junior_chapter_expansion_v1,local-ocr-derived: jianzisheng_cn_junior_grade9_batch2_v0; chapter=cn-junior-g9-quadratic-translation; expansion=v1,Honors,Algebra Readiness,cn_quadratic_translation,spatial_reasoning;structure_recognition,130,Chapter-level expansion from existing cleaned Jian Zi Sheng junior OCR coverage signals. Project-native original-equivalent variants; no direct textbook exercise text is reproduced.,zh,CN,CN,中文校内,初中,production
jianzisheng_cn_junior_chapter_expansion_v1_cn-junior-g9-quadratic-translation_003,函数 y=(x+4)^2+2 可由 y=x^2 怎样平移得到？,向左4个单位，向上2个单位,multiple_choice,A:向左4个单位，向下2个单位|B:只向右4个单位|C:只向上2个单位|D:向左4个单位，向上2个单位|E:向右4个单位，向上2个单位,4,alg_quadratics;alg_graphing;alg_functions,quadratic_translation;vertex_interpretation,graph_transformation;vertex_form,horizontal_shift_sign_error;vertical_shift_error,"顶点式表示顶点为 (-4,2)，所以答案为“向左4个单位，向上2个单位”。",CN Junior High Math,二次函数,cn-junior-g9-quadratic-translation,九年级：二次函数图像平移,25202,jianzisheng_cn_junior_chapter_expansion_v1,local-ocr-derived: jianzisheng_cn_junior_grade9_batch2_v0; chapter=cn-junior-g9-quadratic-translation; expansion=v1,Honors,Algebra Readiness,cn_quadratic_translation,spatial_reasoning;structure_recognition,130,Chapter-level expansion from existing cleaned Jian Zi Sheng junior OCR coverage signals. Project-native original-equivalent variants; no direct textbook exercise text is reproduced.,zh,CN,CN,中文校内,初中,production
jianzisheng_cn_junior_chapter_expansion_v1_cn-junior-g9-quadratic-translation_004,函数 y=(x+3)^2+4 可由 y=x^2 怎样平移得到？,向左3个单位，向上4个单位,multiple_choice,A:只向右3个单位|B:只向上4个单位|C:向左3个单位，向上4个单位|D:向右3个单位，向上4个单位|E:向左3个单位，向下4个单位,4,alg_quadratics;alg_graphing;alg_functions,quadratic_translation;vertex_interpretation,graph_transformation;vertex_form,horizontal_shift_sign_error;vertical_shift_error,"顶点式表示顶点为 (-3,4)，所以答案为“向左3个单位，向上4个单位”。",CN Junior High Math,二次函数,cn-junior-g9-quadratic-translation,九年级：二次函数图像平移,25203,jianzisheng_cn_junior_chapter_expansion_v1,local-ocr-derived: jianzisheng_cn_junior_grade9_batch2_v0; chapter=cn-junior-g9-quadratic-translation; expansion=v1,Honors,Algebra Readiness,cn_quadratic_translation,spatial_reasoning;structure_recognition,130,Chapter-level expansion from existing cleaned Jian Zi Sheng junior OCR coverage signals. Project-native original-equivalent variants; no direct textbook exercise text is reproduced.,zh,CN,CN,中文校内,初中,production
jianzisheng_cn_junior_chapter_expansion_v1_cn-junior-g9-quadratic-translation_005,函数 y=(x+2)^2-5 可由 y=x^2 怎样平移得到？,向左2个单位，向下5个单位,multiple_choice,A:只向上5个单位|B:向左2个单位，向下5个单位|C:向右2个单位，向下5个单位|D:向左2个单位，向上5个单位|E:只向右2个单位,4,alg_quadratics;alg_graphing;alg_functions,quadratic_translation;vertex_interpretation,graph_transformation;vertex_form,horizontal_shift_sign_error;vertical_shift_error,"顶点式表示顶点为 (-2,-5)，所以答案为“向左2个单位，向下5个单位”。",CN Junior High Math,二次函数,cn-junior-g9-quadratic-translation,九年级：二次函数图像平移,25204,jianzisheng_cn_junior_chapter_expansion_v1,local-ocr-derived: jianzisheng_cn_junior_grade9_batch2_v0; chapter=cn-junior-g9-quadratic-translation; expansion=v1,Honors,Algebra Readiness,cn_quadratic_translation,spatial_reasoning;structure_recognition,130,Chapter-level expansion from existing cleaned Jian Zi Sheng junior OCR coverage signals. Project-native original-equivalent variants; no direct textbook exercise text is reproduced.,zh,CN,CN,中文校内,初中,production
jianzisheng_cn_junior_chapter_expansion_v1_cn-junior-g9-quadratic-translation_006,函数 y=(x+1)^2-3 可由 y=x^2 怎样平移得到？,向左1个单位，向下3个单位,multiple_choice,A:向左1个单位，向下3个单位|B:向右1个单位，向下3个单位|C:向左1个单位，向上3个单位|D:只向右1个单位|E:只向上3个单位,4,alg_quadratics;alg_graphing;alg_functions,quadratic_translation;vertex_interpretation,graph_transformation;vertex_form,horizontal_shift_sign_error;vertical_shift_error,"顶点式表示顶点为 (-1,-3)，所以答案为“向左1个单位，向下3个单位”。",CN Junior High Math,二次函数,cn-junior-g9-quadratic-translation,九年级：二次函数图像平移,25205,jianzisheng_cn_junior_chapter_expansion_v1,local-ocr-derived: jianzisheng_cn_junior_grade9_batch2_v0; chapter=cn-junior-g9-quadratic-translation; expansion=v1,Honors,Algebra Readiness,cn_quadratic_translation,spatial_reasoning;structure_recognition,130,Chapter-level expansion from existing cleaned Jian Zi Sheng junior OCR coverage signals. Project-native original-equivalent variants; no direct textbook exercise text is reproduced.,zh,CN,CN,中文校内,初中,production
jianzisheng_cn_junior_chapter_expansion_v1_cn-junior-g9-quadratic-translation_007,函数 y=(x-0)^2-1 可由 y=x^2 怎样平移得到？,向右0个单位，向下1个单位,multiple_choice,A:向左0个单位，向下1个单位|B:向右0个单位，向上1个单位|C:只向右0个单位|D:只向上1个单位|E:向右0个单位，向下1个单位,4,alg_quadratics;alg_graphing;alg_functions,quadratic_translation;vertex_interpretation,graph_transformation;vertex_form,horizontal_shift_sign_error;vertical_shift_error,"顶点式表示顶点为 (0,-1)，所以答案为“向右0个单位，向下1个单位”。",CN Junior High Math,二次函数,cn-junior-g9-quadratic-translation,九年级：二次函数图像平移,25206,jianzisheng_cn_junior_chapter_expansion_v1,local-ocr-derived: jianzisheng_cn_junior_grade9_batch2_v0; chapter=cn-junior-g9-quadratic-translation; expansion=v1,Honors,Algebra Readiness,cn_quadratic_translation,spatial_reasoning;structure_recognition,130,Chapter-level expansion from existing cleaned Jian Zi Sheng junior OCR coverage signals. Project-native original-equivalent variants; no direct textbook exercise text is reproduced.,zh,CN,CN,中文校内,初中,production
jianzisheng_cn_junior_chapter_expansion_v1_cn-junior-g9-quadratic-translation_008,函数 y=(x-1)^2+1 可由 y=x^2 怎样平移得到？,向右1个单位，向上1个单位,multiple_choice,A:向右1个单位，向下1个单位|B:只向右1个单位|C:只向上1个单位|D:向右1个单位，向上1个单位|E:向左1个单位，向上1个单位,4,alg_quadratics;alg_graphing;alg_functions,quadratic_translation;vertex_interpretation,graph_transformation;vertex_form,horizontal_shift_sign_error;vertical_shift_error,"顶点式表示顶点为 (1,1)，所以答案为“向右1个单位，向上1个单位”。",CN Junior High Math,二次函数,cn-junior-g9-quadratic-translation,九年级：二次函数图像平移,25207,jianzisheng_cn_junior_chapter_expansion_v1,local-ocr-derived: jianzisheng_cn_junior_grade9_batch2_v0; chapter=cn-junior-g9-quadratic-translation; expansion=v1,Honors,Algebra Readiness,cn_quadratic_translation,spatial_reasoning;structure_recognition,130,Chapter-level expansion from existing cleaned Jian Zi Sheng junior OCR coverage signals. Project-native original-equivalent variants; no direct textbook exercise text is reproduced.,zh,CN,CN,中文校内,初中,production
jianzisheng_cn_junior_chapter_expansion_v1_cn-junior-g9-quadratic-translation_009,函数 y=(x-2)^2+3 可由 y=x^2 怎样平移得到？,向右2个单位，向上3个单位,multiple_choice,A:只向右2个单位|B:只向上3个单位|C:向右2个单位，向上3个单位|D:向左2个单位，向上3个单位|E:向右2个单位，向下3个单位,4,alg_quadratics;alg_graphing;alg_functions,quadratic_translation;vertex_interpretation,graph_transformation;vertex_form,horizontal_shift_sign_error;vertical_shift_error,"顶点式表示顶点为 (2,3)，所以答案为“向右2个单位，向上3个单位”。",CN Junior High Math,二次函数,cn-junior-g9-quadratic-translation,九年级：二次函数图像平移,25208,jianzisheng_cn_junior_chapter_expansion_v1,local-ocr-derived: jianzisheng_cn_junior_grade9_batch2_v0; chapter=cn-junior-g9-quadratic-translation; expansion=v1,Honors,Algebra Readiness,cn_quadratic_translation,spatial_reasoning;structure_recognition,130,Chapter-level expansion from existing cleaned Jian Zi Sheng junior OCR coverage signals. Project-native original-equivalent variants; no direct textbook exercise text is reproduced.,zh,CN,CN,中文校内,初中,production
jianzisheng_cn_junior_chapter_expansion_v1_cn-junior-g9-quadratic-translation_010,函数 y=(x-3)^2+5 可由 y=x^2 怎样平移得到？,向右3个单位，向上5个单位,multiple_choice,A:只向上5个单位|B:向右3个单位，向上5个单位|C:向左3个单位，向上5个单位|D:向右3个单位，向下5个单位|E:只向右3个单位,4,alg_quadratics;alg_graphing;alg_functions,quadratic_translation;vertex_interpretation,graph_transformation;vertex_form,horizontal_shift_sign_error;vertical_shift_error,"顶点式表示顶点为 (3,5)，所以答案为“向右3个单位，向上5个单位”。",CN Junior High Math,二次函数,cn-junior-g9-quadratic-translation,九年级：二次函数图像平移,25209,jianzisheng_cn_junior_chapter_expansion_v1,local-ocr-derived: jianzisheng_cn_junior_grade9_batch2_v0; chapter=cn-junior-g9-quadratic-translation; expansion=v1,Honors,Algebra Readiness,cn_quadratic_translation,spatial_reasoning;structure_recognition,130,Chapter-level expansion from existing cleaned Jian Zi Sheng junior OCR coverage signals. Project-native original-equivalent variants; no direct textbook exercise text is reproduced.,zh,CN,CN,中文校内,初中,production
jianzisheng_cn_junior_chapter_expansion_v1_cn-junior-g9-quadratic-translation_011,函数 y=(x-4)^2-4 可由 y=x^2 怎样平移得到？,向右4个单位，向下4个单位,multiple_choice,A:向右4个单位，向下4个单位|B:向左4个单位，向下4个单位|C:向右4个单位，向上4个单位|D:只向右4个单位|E:只向上4个单位,4,alg_quadratics;alg_graphing;alg_functions,quadratic_translation;vertex_interpretation,graph_transformation;vertex_form,horizontal_shift_sign_error;vertical_shift_error,"顶点式表示顶点为 (4,-4)，所以答案为“向右4个单位，向下4个单位”。",CN Junior High Math,二次函数,cn-junior-g9-quadratic-translation,九年级：二次函数图像平移,25210,jianzisheng_cn_junior_chapter_expansion_v1,local-ocr-derived: jianzisheng_cn_junior_grade9_batch2_v0; chapter=cn-junior-g9-quadratic-translation; expansion=v1,Honors,Algebra Readiness,cn_quadratic_translation,spatial_reasoning;structure_recognition,130,Chapter-level expansion from existing cleaned Jian Zi Sheng junior OCR coverage signals. Project-native original-equivalent variants; no direct textbook exercise text is reproduced.,zh,CN,CN,中文校内,初中,production
jianzisheng_cn_junior_chapter_expansion_v1_cn-junior-g9-quadratic-translation_012,函数 y=(x+4)^2-2 可由 y=x^2 怎样平移得到？,向左4个单位，向下2个单位,multiple_choice,A:向右4个单位，向下2个单位|B:向左4个单位，向上2个单位|C:只向右4个单位|D:只向上2个单位|E:向左4个单位，向下2个单位,4,alg_quadratics;alg_graphing;alg_functions,quadratic_translation;vertex_interpretation,graph_transformation;vertex_form,horizontal_shift_sign_error;vertical_shift_error,"顶点式表示顶点为 (-4,-2)，所以答案为“向左4个单位，向下2个单位”。",CN Junior High Math,二次函数,cn-junior-g9-quadratic-translation,九年级：二次函数图像平移,25211,jianzisheng_cn_junior_chapter_expansion_v1,local-ocr-derived: jianzisheng_cn_junior_grade9_batch2_v0; chapter=cn-junior-g9-quadratic-translation; expansion=v1,Honors,Algebra Readiness,cn_quadratic_translation,spatial_reasoning;structure_recognition,130,Chapter-level expansion from existing cleaned Jian Zi Sheng junior OCR coverage signals. Project-native original-equivalent variants; no direct textbook exercise text is reproduced.,zh,CN,CN,中文校内,初中,production
jianzisheng_cn_junior_chapter_expansion_v1_cn-junior-g9-quadratic-translation_013,函数 y=(x+3)^2+0 可由 y=x^2 怎样平移得到？,向左3个单位，向上0个单位,multiple_choice,A:向左3个单位，向下0个单位|B:只向右3个单位|C:只向上0个单位|D:向左3个单位，向上0个单位|E:向右3个单位，向上0个单位,4,alg_quadratics;alg_graphing;alg_functions,quadratic_translation;vertex_interpretation,graph_transformation;vertex_form,horizontal_shift_sign_error;vertical_shift_error,"顶点式表示顶点为 (-3,0)，所以答案为“向左3个单位，向上0个单位”。",CN Junior High Math,二次函数,cn-junior-g9-quadratic-translation,九年级：二次函数图像平移,25212,jianzisheng_cn_junior_chapter_expansion_v1,local-ocr-derived: jianzisheng_cn_junior_grade9_batch2_v0; chapter=cn-junior-g9-quadratic-translation; expansion=v1,Honors,Algebra Readiness,cn_quadratic_translation,spatial_reasoning;structure_recognition,130,Chapter-level expansion from existing cleaned Jian Zi Sheng junior OCR coverage signals. Project-native original-equivalent variants; no direct textbook exercise text is reproduced.,zh,CN,CN,中文校内,初中,production
jianzisheng_cn_junior_chapter_expansion_v1_cn-junior-g9-quadratic-translation_014,函数 y=(x+2)^2+2 可由 y=x^2 怎样平移得到？,向左2个单位，向上2个单位,multiple_choice,A:只向右2个单位|B:只向上2个单位|C:向左2个单位，向上2个单位|D:向右2个单位，向上2个单位|E:向左2个单位，向下2个单位,4,alg_quadratics;alg_graphing;alg_functions,quadratic_translation;vertex_interpretation,graph_transformation;vertex_form,horizontal_shift_sign_error;vertical_shift_error,"顶点式表示顶点为 (-2,2)，所以答案为“向左2个单位，向上2个单位”。",CN Junior High Math,二次函数,cn-junior-g9-quadratic-translation,九年级：二次函数图像平移,25213,jianzisheng_cn_junior_chapter_expansion_v1,local-ocr-derived: jianzisheng_cn_junior_grade9_batch2_v0; chapter=cn-junior-g9-quadratic-translation; expansion=v1,Honors,Algebra Readiness,cn_quadratic_translation,spatial_reasoning;structure_recognition,130,Chapter-level expansion from existing cleaned Jian Zi Sheng junior OCR coverage signals. Project-native original-equivalent variants; no direct textbook exercise text is reproduced.,zh,CN,CN,中文校内,初中,production
jianzisheng_cn_junior_chapter_expansion_v1_cn-junior-g9-similarity-area-ratio_001,两个相似图形的对应边长比为 4:8，它们的面积比是多少？,16:64,multiple_choice,A:16:64|B:4:8|C:8:4|D:8:16|E:12:8,5,geo_similarity;geo_area;arith_proportions,similarity_area_ratio;square_ratio,scale_factor_squared;area_similarity,linear_area_ratio_error;ratio_order_error,相似图形面积比等于边长比的平方，所以面积比为 16:64。,CN Junior High Math,相似三角形,cn-junior-g9-similarity-area-ratio,九年级：相似图形面积比,25220,jianzisheng_cn_junior_chapter_expansion_v1,local-ocr-derived: jianzisheng_cn_junior_grade9_batch2_v0; chapter=cn-junior-g9-similarity-area-ratio; expansion=v1,AMC8,AMC8 Transfer,cn_similarity_area_ratio,multiplicative_reasoning;structure_recognition,150,Chapter-level expansion from existing cleaned Jian Zi Sheng junior OCR coverage signals. Project-native original-equivalent variants; no direct textbook exercise text is reproduced.,zh,CN,CN,中文校内,初中,production
jianzisheng_cn_junior_chapter_expansion_v1_cn-junior-g9-similarity-area-ratio_002,两个相似图形的对应边长比为 5:6，它们的面积比是多少？,25:36,multiple_choice,A:5:6|B:6:5|C:10:12|D:11:6|E:25:36,5,geo_similarity;geo_area;arith_proportions,similarity_area_ratio;square_ratio,scale_factor_squared;area_similarity,linear_area_ratio_error;ratio_order_error,相似图形面积比等于边长比的平方，所以面积比为 25:36。,CN Junior High Math,相似三角形,cn-junior-g9-similarity-area-ratio,九年级：相似图形面积比,25221,jianzisheng_cn_junior_chapter_expansion_v1,local-ocr-derived: jianzisheng_cn_junior_grade9_batch2_v0; chapter=cn-junior-g9-similarity-area-ratio; expansion=v1,AMC8,AMC8 Transfer,cn_similarity_area_ratio,multiplicative_reasoning;structure_recognition,150,Chapter-level expansion from existing cleaned Jian Zi Sheng junior OCR coverage signals. Project-native original-equivalent variants; no direct textbook exercise text is reproduced.,zh,CN,CN,中文校内,初中,production
jianzisheng_cn_junior_chapter_expansion_v1_cn-junior-g9-similarity-area-ratio_003,两个相似图形的对应边长比为 6:8，它们的面积比是多少？,36:64,multiple_choice,A:8:6|B:12:16|C:14:8|D:36:64|E:6:8,5,geo_similarity;geo_area;arith_proportions,similarity_area_ratio;square_ratio,scale_factor_squared;area_similarity,linear_area_ratio_error;ratio_order_error,相似图形面积比等于边长比的平方，所以面积比为 36:64。,CN Junior High Math,相似三角形,cn-junior-g9-similarity-area-ratio,九年级：相似图形面积比,25222,jianzisheng_cn_junior_chapter_expansion_v1,local-ocr-derived: jianzisheng_cn_junior_grade9_batch2_v0; chapter=cn-junior-g9-similarity-area-ratio; expansion=v1,AMC8,AMC8 Transfer,cn_similarity_area_ratio,multiplicative_reasoning;structure_recognition,150,Chapter-level expansion from existing cleaned Jian Zi Sheng junior OCR coverage signals. Project-native original-equivalent variants; no direct textbook exercise text is reproduced.,zh,CN,CN,中文校内,初中,production
jianzisheng_cn_junior_chapter_expansion_v1_cn-junior-g9-similarity-area-ratio_004,两个相似图形的对应边长比为 2:5，它们的面积比是多少？,4:25,multiple_choice,A:4:10|B:7:5|C:4:25|D:2:5|E:5:2,5,geo_similarity;geo_area;arith_proportions,similarity_area_ratio;square_ratio,scale_factor_squared;area_similarity,linear_area_ratio_error;ratio_order_error,相似图形面积比等于边长比的平方，所以面积比为 4:25。,CN Junior High Math,相似三角形,cn-junior-g9-similarity-area-ratio,九年级：相似图形面积比,25223,jianzisheng_cn_junior_chapter_expansion_v1,local-ocr-derived: jianzisheng_cn_junior_grade9_batch2_v0; chapter=cn-junior-g9-similarity-area-ratio; expansion=v1,AMC8,AMC8 Transfer,cn_similarity_area_ratio,multiplicative_reasoning;structure_recognition,150,Chapter-level expansion from existing cleaned Jian Zi Sheng junior OCR coverage signals. Project-native original-equivalent variants; no direct textbook exercise text is reproduced.,zh,CN,CN,中文校内,初中,production
jianzisheng_cn_junior_chapter_expansion_v1_cn-junior-g9-similarity-area-ratio_005,两个相似图形的对应边长比为 3:7，它们的面积比是多少？,9:49,multiple_choice,A:10:7|B:9:49|C:3:7|D:7:3|E:6:14,5,geo_similarity;geo_area;arith_proportions,similarity_area_ratio;square_ratio,scale_factor_squared;area_similarity,linear_area_ratio_error;ratio_order_error,相似图形面积比等于边长比的平方，所以面积比为 9:49。,CN Junior High Math,相似三角形,cn-junior-g9-similarity-area-ratio,九年级：相似图形面积比,25224,jianzisheng_cn_junior_chapter_expansion_v1,local-ocr-derived: jianzisheng_cn_junior_grade9_batch2_v0; chapter=cn-junior-g9-similarity-area-ratio; expansion=v1,AMC8,AMC8 Transfer,cn_similarity_area_ratio,multiplicative_reasoning;structure_recognition,150,Chapter-level expansion from existing cleaned Jian Zi Sheng junior OCR coverage signals. Project-native original-equivalent variants; no direct textbook exercise text is reproduced.,zh,CN,CN,中文校内,初中,production
jianzisheng_cn_junior_chapter_expansion_v1_cn-junior-g9-similarity-area-ratio_006,两个相似图形的对应边长比为 4:5，它们的面积比是多少？,16:25,multiple_choice,A:16:25|B:4:5|C:5:4|D:8:10|E:9:5,5,geo_similarity;geo_area;arith_proportions,similarity_area_ratio;square_ratio,scale_factor_squared;area_similarity,linear_area_ratio_error;ratio_order_error,相似图形面积比等于边长比的平方，所以面积比为 16:25。,CN Junior High Math,相似三角形,cn-junior-g9-similarity-area-ratio,九年级：相似图形面积比,25225,jianzisheng_cn_junior_chapter_expansion_v1,local-ocr-derived: jianzisheng_cn_junior_grade9_batch2_v0; chapter=cn-junior-g9-similarity-area-ratio; expansion=v1,AMC8,AMC8 Transfer,cn_similarity_area_ratio,multiplicative_reasoning;structure_recognition,150,Chapter-level expansion from existing cleaned Jian Zi Sheng junior OCR coverage signals. Project-native original-equivalent variants; no direct textbook exercise text is reproduced.,zh,CN,CN,中文校内,初中,production
jianzisheng_cn_junior_chapter_expansion_v1_cn-junior-g9-similarity-area-ratio_007,两个相似图形的对应边长比为 5:7，它们的面积比是多少？,25:49,multiple_choice,A:5:7|B:7:5|C:10:14|D:12:7|E:25:49,5,geo_similarity;geo_area;arith_proportions,similarity_area_ratio;square_ratio,scale_factor_squared;area_similarity,linear_area_ratio_error;ratio_order_error,相似图形面积比等于边长比的平方，所以面积比为 25:49。,CN Junior High Math,相似三角形,cn-junior-g9-similarity-area-ratio,九年级：相似图形面积比,25226,jianzisheng_cn_junior_chapter_expansion_v1,local-ocr-derived: jianzisheng_cn_junior_grade9_batch2_v0; chapter=cn-junior-g9-similarity-area-ratio; expansion=v1,AMC8,AMC8 Transfer,cn_similarity_area_ratio,multiplicative_reasoning;structure_recognition,150,Chapter-level expansion from existing cleaned Jian Zi Sheng junior OCR coverage signals. Project-native original-equivalent variants; no direct textbook exercise text is reproduced.,zh,CN,CN,中文校内,初中,production
jianzisheng_cn_junior_chapter_expansion_v1_cn-junior-g9-similarity-area-ratio_008,两个相似图形的对应边长比为 6:9，它们的面积比是多少？,36:81,multiple_choice,A:9:6|B:12:18|C:15:9|D:36:81|E:6:9,5,geo_similarity;geo_area;arith_proportions,similarity_area_ratio;square_ratio,scale_factor_squared;area_similarity,linear_area_ratio_error;ratio_order_error,相似图形面积比等于边长比的平方，所以面积比为 36:81。,CN Junior High Math,相似三角形,cn-junior-g9-similarity-area-ratio,九年级：相似图形面积比,25227,jianzisheng_cn_junior_chapter_expansion_v1,local-ocr-derived: jianzisheng_cn_junior_grade9_batch2_v0; chapter=cn-junior-g9-similarity-area-ratio; expansion=v1,AMC8,AMC8 Transfer,cn_similarity_area_ratio,multiplicative_reasoning;structure_recognition,150,Chapter-level expansion from existing cleaned Jian Zi Sheng junior OCR coverage signals. Project-native original-equivalent variants; no direct textbook exercise text is reproduced.,zh,CN,CN,中文校内,初中,production
jianzisheng_cn_junior_chapter_expansion_v1_cn-junior-g9-similarity-area-ratio_009,两个相似图形的对应边长比为 2:6，它们的面积比是多少？,4:36,multiple_choice,A:4:12|B:8:6|C:4:36|D:2:6|E:6:2,5,geo_similarity;geo_area;arith_proportions,similarity_area_ratio;square_ratio,scale_factor_squared;area_similarity,linear_area_ratio_error;ratio_order_error,相似图形面积比等于边长比的平方，所以面积比为 4:36。,CN Junior High Math,相似三角形,cn-junior-g9-similarity-area-ratio,九年级：相似图形面积比,25228,jianzisheng_cn_junior_chapter_expansion_v1,local-ocr-derived: jianzisheng_cn_junior_grade9_batch2_v0; chapter=cn-junior-g9-similarity-area-ratio; expansion=v1,AMC8,AMC8 Transfer,cn_similarity_area_ratio,multiplicative_reasoning;structure_recognition,150,Chapter-level expansion from existing cleaned Jian Zi Sheng junior OCR coverage signals. Project-native original-equivalent variants; no direct textbook exercise text is reproduced.,zh,CN,CN,中文校内,初中,production
jianzisheng_cn_junior_chapter_expansion_v1_cn-junior-g9-similarity-area-ratio_010,两个相似图形的对应边长比为 3:4，它们的面积比是多少？,9:16,multiple_choice,A:7:4|B:9:16|C:3:4|D:4:3|E:6:8,5,geo_similarity;geo_area;arith_proportions,similarity_area_ratio;square_ratio,scale_factor_squared;area_similarity,linear_area_ratio_error;ratio_order_error,相似图形面积比等于边长比的平方，所以面积比为 9:16。,CN Junior High Math,相似三角形,cn-junior-g9-similarity-area-ratio,九年级：相似图形面积比,25229,jianzisheng_cn_junior_chapter_expansion_v1,local-ocr-derived: jianzisheng_cn_junior_grade9_batch2_v0; chapter=cn-junior-g9-similarity-area-ratio; expansion=v1,AMC8,AMC8 Transfer,cn_similarity_area_ratio,multiplicative_reasoning;structure_recognition,150,Chapter-level expansion from existing cleaned Jian Zi Sheng junior OCR coverage signals. Project-native original-equivalent variants; no direct textbook exercise text is reproduced.,zh,CN,CN,中文校内,初中,production
jianzisheng_cn_junior_chapter_expansion_v1_cn-junior-g9-similarity-area-ratio_011,两个相似图形的对应边长比为 4:6，它们的面积比是多少？,16:36,multiple_choice,A:16:36|B:4:6|C:6:4|D:8:12|E:10:6,5,geo_similarity;geo_area;arith_proportions,similarity_area_ratio;square_ratio,scale_factor_squared;area_similarity,linear_area_ratio_error;ratio_order_error,相似图形面积比等于边长比的平方，所以面积比为 16:36。,CN Junior High Math,相似三角形,cn-junior-g9-similarity-area-ratio,九年级：相似图形面积比,25230,jianzisheng_cn_junior_chapter_expansion_v1,local-ocr-derived: jianzisheng_cn_junior_grade9_batch2_v0; chapter=cn-junior-g9-similarity-area-ratio; expansion=v1,AMC8,AMC8 Transfer,cn_similarity_area_ratio,multiplicative_reasoning;structure_recognition,150,Chapter-level expansion from existing cleaned Jian Zi Sheng junior OCR coverage signals. Project-native original-equivalent variants; no direct textbook exercise text is reproduced.,zh,CN,CN,中文校内,初中,production
jianzisheng_cn_junior_chapter_expansion_v1_cn-junior-g9-similarity-area-ratio_012,两个相似图形的对应边长比为 5:8，它们的面积比是多少？,25:64,multiple_choice,A:5:8|B:8:5|C:10:16|D:13:8|E:25:64,5,geo_similarity;geo_area;arith_proportions,similarity_area_ratio;square_ratio,scale_factor_squared;area_similarity,linear_area_ratio_error;ratio_order_error,相似图形面积比等于边长比的平方，所以面积比为 25:64。,CN Junior High Math,相似三角形,cn-junior-g9-similarity-area-ratio,九年级：相似图形面积比,25231,jianzisheng_cn_junior_chapter_expansion_v1,local-ocr-derived: jianzisheng_cn_junior_grade9_batch2_v0; chapter=cn-junior-g9-similarity-area-ratio; expansion=v1,AMC8,AMC8 Transfer,cn_similarity_area_ratio,multiplicative_reasoning;structure_recognition,150,Chapter-level expansion from existing cleaned Jian Zi Sheng junior OCR coverage signals. Project-native original-equivalent variants; no direct textbook exercise text is reproduced.,zh,CN,CN,中文校内,初中,production
jianzisheng_cn_junior_chapter_expansion_v1_cn-junior-g9-similarity-area-ratio_013,两个相似图形的对应边长比为 6:10，它们的面积比是多少？,36:100,multiple_choice,A:10:6|B:12:20|C:16:10|D:36:100|E:6:10,5,geo_similarity;geo_area;arith_proportions,similarity_area_ratio;square_ratio,scale_factor_squared;area_similarity,linear_area_ratio_error;ratio_order_error,相似图形面积比等于边长比的平方，所以面积比为 36:100。,CN Junior High Math,相似三角形,cn-junior-g9-similarity-area-ratio,九年级：相似图形面积比,25232,jianzisheng_cn_junior_chapter_expansion_v1,local-ocr-derived: jianzisheng_cn_junior_grade9_batch2_v0; chapter=cn-junior-g9-similarity-area-ratio; expansion=v1,AMC8,AMC8 Transfer,cn_similarity_area_ratio,multiplicative_reasoning;structure_recognition,150,Chapter-level expansion from existing cleaned Jian Zi Sheng junior OCR coverage signals. Project-native original-equivalent variants; no direct textbook exercise text is reproduced.,zh,CN,CN,中文校内,初中,production
jianzisheng_cn_junior_chapter_expansion_v1_cn-junior-g9-similarity-area-ratio_014,两个相似图形的对应边长比为 2:3，它们的面积比是多少？,4:9,multiple_choice,A:4:6|B:5:3|C:4:9|D:2:3|E:3:2,5,geo_similarity;geo_area;arith_proportions,similarity_area_ratio;square_ratio,scale_factor_squared;area_similarity,linear_area_ratio_error;ratio_order_error,相似图形面积比等于边长比的平方，所以面积比为 4:9。,CN Junior High Math,相似三角形,cn-junior-g9-similarity-area-ratio,九年级：相似图形面积比,25233,jianzisheng_cn_junior_chapter_expansion_v1,local-ocr-derived: jianzisheng_cn_junior_grade9_batch2_v0; chapter=cn-junior-g9-similarity-area-ratio; expansion=v1,AMC8,AMC8 Transfer,cn_similarity_area_ratio,multiplicative_reasoning;structure_recognition,150,Chapter-level expansion from existing cleaned Jian Zi Sheng junior OCR coverage signals. Project-native original-equivalent variants; no direct textbook exercise text is reproduced.,zh,CN,CN,中文校内,初中,production
jianzisheng_cn_junior_chapter_expansion_v1_cn-junior-g9-circle-tangent_001,圆的半径为 8，切线段长为 15，则圆心到圆外点的距离是多少？,17,multiple_choice,A:17|B:23|C:7|D:18|E:15,5,geo_circles;geo_pythagorean;geo_triangles,tangent_radius_perpendicular;pythagorean_theorem,circle_tangent_right_triangle;geometry_synthesis,tangent_radius_relation_error;add_lengths_error,半径与切线垂直，形成直角三角形，所以距离为 √(8^2+15^2)=17。,CN Junior High Math,圆,cn-junior-g9-circle-tangent,九年级：圆的切线与半径,25240,jianzisheng_cn_junior_chapter_expansion_v1,local-ocr-derived: jianzisheng_cn_junior_grade9_batch2_v0; chapter=cn-junior-g9-circle-tangent; expansion=v1,AMC8,AMC8 Transfer,cn_circle_tangent_radius,geometric_reasoning;formula_selection,150,Chapter-level expansion from existing cleaned Jian Zi Sheng junior OCR coverage signals. Project-native original-equivalent variants; no direct textbook exercise text is reproduced.,zh,CN,CN,中文校内,初中,production
jianzisheng_cn_junior_chapter_expansion_v1_cn-junior-g9-circle-tangent_002,圆的半径为 7，切线段长为 24，则圆心到圆外点的距离是多少？,25,multiple_choice,A:31|B:17|C:26|D:24|E:25,5,geo_circles;geo_pythagorean;geo_triangles,tangent_radius_perpendicular;pythagorean_theorem,circle_tangent_right_triangle;geometry_synthesis,tangent_radius_relation_error;add_lengths_error,半径与切线垂直，形成直角三角形，所以距离为 √(7^2+24^2)=25。,CN Junior High Math,圆,cn-junior-g9-circle-tangent,九年级：圆的切线与半径,25241,jianzisheng_cn_junior_chapter_expansion_v1,local-ocr-derived: jianzisheng_cn_junior_grade9_batch2_v0; chapter=cn-junior-g9-circle-tangent; expansion=v1,AMC8,AMC8 Transfer,cn_circle_tangent_radius,geometric_reasoning;formula_selection,150,Chapter-level expansion from existing cleaned Jian Zi Sheng junior OCR coverage signals. Project-native original-equivalent variants; no direct textbook exercise text is reproduced.,zh,CN,CN,中文校内,初中,production
jianzisheng_cn_junior_chapter_expansion_v1_cn-junior-g9-circle-tangent_003,圆的半径为 9，切线段长为 12，则圆心到圆外点的距离是多少？,15,multiple_choice,A:3|B:16|C:12|D:15|E:21,5,geo_circles;geo_pythagorean;geo_triangles,tangent_radius_perpendicular;pythagorean_theorem,circle_tangent_right_triangle;geometry_synthesis,tangent_radius_relation_error;add_lengths_error,半径与切线垂直，形成直角三角形，所以距离为 √(9^2+12^2)=15。,CN Junior High Math,圆,cn-junior-g9-circle-tangent,九年级：圆的切线与半径,25242,jianzisheng_cn_junior_chapter_expansion_v1,local-ocr-derived: jianzisheng_cn_junior_grade9_batch2_v0; chapter=cn-junior-g9-circle-tangent; expansion=v1,AMC8,AMC8 Transfer,cn_circle_tangent_radius,geometric_reasoning;formula_selection,150,Chapter-level expansion from existing cleaned Jian Zi Sheng junior OCR coverage signals. Project-native original-equivalent variants; no direct textbook exercise text is reproduced.,zh,CN,CN,中文校内,初中,production
jianzisheng_cn_junior_chapter_expansion_v1_cn-junior-g9-circle-tangent_004,圆的半径为 5，切线段长为 12，则圆心到圆外点的距离是多少？,13,multiple_choice,A:14|B:12|C:13|D:17|E:7,5,geo_circles;geo_pythagorean;geo_triangles,tangent_radius_perpendicular;pythagorean_theorem,circle_tangent_right_triangle;geometry_synthesis,tangent_radius_relation_error;add_lengths_error,半径与切线垂直，形成直角三角形，所以距离为 √(5^2+12^2)=13。,CN Junior High Math,圆,cn-junior-g9-circle-tangent,九年级：圆的切线与半径,25243,jianzisheng_cn_junior_chapter_expansion_v1,local-ocr-derived: jianzisheng_cn_junior_grade9_batch2_v0; chapter=cn-junior-g9-circle-tangent; expansion=v1,AMC8,AMC8 Transfer,cn_circle_tangent_radius,geometric_reasoning;formula_selection,150,Chapter-level expansion from existing cleaned Jian Zi Sheng junior OCR coverage signals. Project-native original-equivalent variants; no direct textbook exercise text is reproduced.,zh,CN,CN,中文校内,初中,production
jianzisheng_cn_junior_chapter_expansion_v1_cn-junior-g9-circle-tangent_005,圆的半径为 6，切线段长为 8，则圆心到圆外点的距离是多少？,10,multiple_choice,A:8|B:10|C:14|D:2|E:11,5,geo_circles;geo_pythagorean;geo_triangles,tangent_radius_perpendicular;pythagorean_theorem,circle_tangent_right_triangle;geometry_synthesis,tangent_radius_relation_error;add_lengths_error,半径与切线垂直，形成直角三角形，所以距离为 √(6^2+8^2)=10。,CN Junior High Math,圆,cn-junior-g9-circle-tangent,九年级：圆的切线与半径,25244,jianzisheng_cn_junior_chapter_expansion_v1,local-ocr-derived: jianzisheng_cn_junior_grade9_batch2_v0; chapter=cn-junior-g9-circle-tangent; expansion=v1,AMC8,AMC8 Transfer,cn_circle_tangent_radius,geometric_reasoning;formula_selection,150,Chapter-level expansion from existing cleaned Jian Zi Sheng junior OCR coverage signals. Project-native original-equivalent variants; no direct textbook exercise text is reproduced.,zh,CN,CN,中文校内,初中,production
jianzisheng_cn_junior_chapter_expansion_v1_cn-junior-g9-circle-tangent_006,圆的半径为 8，切线段长为 15，则圆心到圆外点的距离是多少？,17,multiple_choice,A:17|B:23|C:7|D:18|E:15,5,geo_circles;geo_pythagorean;geo_triangles,tangent_radius_perpendicular;pythagorean_theorem,circle_tangent_right_triangle;geometry_synthesis,tangent_radius_relation_error;add_lengths_error,半径与切线垂直，形成直角三角形，所以距离为 √(8^2+15^2)=17。,CN Junior High Math,圆,cn-junior-g9-circle-tangent,九年级：圆的切线与半径,25245,jianzisheng_cn_junior_chapter_expansion_v1,local-ocr-derived: jianzisheng_cn_junior_grade9_batch2_v0; chapter=cn-junior-g9-circle-tangent; expansion=v1,AMC8,AMC8 Transfer,cn_circle_tangent_radius,geometric_reasoning;formula_selection,150,Chapter-level expansion from existing cleaned Jian Zi Sheng junior OCR coverage signals. Project-native original-equivalent variants; no direct textbook exercise text is reproduced.,zh,CN,CN,中文校内,初中,production
jianzisheng_cn_junior_chapter_expansion_v1_cn-junior-g9-circle-tangent_007,圆的半径为 7，切线段长为 24，则圆心到圆外点的距离是多少？,25,multiple_choice,A:31|B:17|C:26|D:24|E:25,5,geo_circles;geo_pythagorean;geo_triangles,tangent_radius_perpendicular;pythagorean_theorem,circle_tangent_right_triangle;geometry_synthesis,tangent_radius_relation_error;add_lengths_error,半径与切线垂直，形成直角三角形，所以距离为 √(7^2+24^2)=25。,CN Junior High Math,圆,cn-junior-g9-circle-tangent,九年级：圆的切线与半径,25246,jianzisheng_cn_junior_chapter_expansion_v1,local-ocr-derived: jianzisheng_cn_junior_grade9_batch2_v0; chapter=cn-junior-g9-circle-tangent; expansion=v1,AMC8,AMC8 Transfer,cn_circle_tangent_radius,geometric_reasoning;formula_selection,150,Chapter-level expansion from existing cleaned Jian Zi Sheng junior OCR coverage signals. Project-native original-equivalent variants; no direct textbook exercise text is reproduced.,zh,CN,CN,中文校内,初中,production
jianzisheng_cn_junior_chapter_expansion_v1_cn-junior-g9-circle-tangent_008,圆的半径为 9，切线段长为 12，则圆心到圆外点的距离是多少？,15,multiple_choice,A:3|B:16|C:12|D:15|E:21,5,geo_circles;geo_pythagorean;geo_triangles,tangent_radius_perpendicular;pythagorean_theorem,circle_tangent_right_triangle;geometry_synthesis,tangent_radius_relation_error;add_lengths_error,半径与切线垂直，形成直角三角形，所以距离为 √(9^2+12^2)=15。,CN Junior High Math,圆,cn-junior-g9-circle-tangent,九年级：圆的切线与半径,25247,jianzisheng_cn_junior_chapter_expansion_v1,local-ocr-derived: jianzisheng_cn_junior_grade9_batch2_v0; chapter=cn-junior-g9-circle-tangent; expansion=v1,AMC8,AMC8 Transfer,cn_circle_tangent_radius,geometric_reasoning;formula_selection,150,Chapter-level expansion from existing cleaned Jian Zi Sheng junior OCR coverage signals. Project-native original-equivalent variants; no direct textbook exercise text is reproduced.,zh,CN,CN,中文校内,初中,production
jianzisheng_cn_junior_chapter_expansion_v1_cn-junior-g9-circle-tangent_009,圆的半径为 5，切线段长为 12，则圆心到圆外点的距离是多少？,13,multiple_choice,A:14|B:12|C:13|D:17|E:7,5,geo_circles;geo_pythagorean;geo_triangles,tangent_radius_perpendicular;pythagorean_theorem,circle_tangent_right_triangle;geometry_synthesis,tangent_radius_relation_error;add_lengths_error,半径与切线垂直，形成直角三角形，所以距离为 √(5^2+12^2)=13。,CN Junior High Math,圆,cn-junior-g9-circle-tangent,九年级：圆的切线与半径,25248,jianzisheng_cn_junior_chapter_expansion_v1,local-ocr-derived: jianzisheng_cn_junior_grade9_batch2_v0; chapter=cn-junior-g9-circle-tangent; expansion=v1,AMC8,AMC8 Transfer,cn_circle_tangent_radius,geometric_reasoning;formula_selection,150,Chapter-level expansion from existing cleaned Jian Zi Sheng junior OCR coverage signals. Project-native original-equivalent variants; no direct textbook exercise text is reproduced.,zh,CN,CN,中文校内,初中,production
jianzisheng_cn_junior_chapter_expansion_v1_cn-junior-g9-circle-tangent_010,圆的半径为 6，切线段长为 8，则圆心到圆外点的距离是多少？,10,multiple_choice,A:8|B:10|C:14|D:2|E:11,5,geo_circles;geo_pythagorean;geo_triangles,tangent_radius_perpendicular;pythagorean_theorem,circle_tangent_right_triangle;geometry_synthesis,tangent_radius_relation_error;add_lengths_error,半径与切线垂直，形成直角三角形，所以距离为 √(6^2+8^2)=10。,CN Junior High Math,圆,cn-junior-g9-circle-tangent,九年级：圆的切线与半径,25249,jianzisheng_cn_junior_chapter_expansion_v1,local-ocr-derived: jianzisheng_cn_junior_grade9_batch2_v0; chapter=cn-junior-g9-circle-tangent; expansion=v1,AMC8,AMC8 Transfer,cn_circle_tangent_radius,geometric_reasoning;formula_selection,150,Chapter-level expansion from existing cleaned Jian Zi Sheng junior OCR coverage signals. Project-native original-equivalent variants; no direct textbook exercise text is reproduced.,zh,CN,CN,中文校内,初中,production
jianzisheng_cn_junior_chapter_expansion_v1_cn-junior-g9-circle-tangent_011,圆的半径为 8，切线段长为 15，则圆心到圆外点的距离是多少？,17,multiple_choice,A:17|B:23|C:7|D:18|E:15,5,geo_circles;geo_pythagorean;geo_triangles,tangent_radius_perpendicular;pythagorean_theorem,circle_tangent_right_triangle;geometry_synthesis,tangent_radius_relation_error;add_lengths_error,半径与切线垂直，形成直角三角形，所以距离为 √(8^2+15^2)=17。,CN Junior High Math,圆,cn-junior-g9-circle-tangent,九年级：圆的切线与半径,25250,jianzisheng_cn_junior_chapter_expansion_v1,local-ocr-derived: jianzisheng_cn_junior_grade9_batch2_v0; chapter=cn-junior-g9-circle-tangent; expansion=v1,AMC8,AMC8 Transfer,cn_circle_tangent_radius,geometric_reasoning;formula_selection,150,Chapter-level expansion from existing cleaned Jian Zi Sheng junior OCR coverage signals. Project-native original-equivalent variants; no direct textbook exercise text is reproduced.,zh,CN,CN,中文校内,初中,production
jianzisheng_cn_junior_chapter_expansion_v1_cn-junior-g9-circle-tangent_012,圆的半径为 7，切线段长为 24，则圆心到圆外点的距离是多少？,25,multiple_choice,A:31|B:17|C:26|D:24|E:25,5,geo_circles;geo_pythagorean;geo_triangles,tangent_radius_perpendicular;pythagorean_theorem,circle_tangent_right_triangle;geometry_synthesis,tangent_radius_relation_error;add_lengths_error,半径与切线垂直，形成直角三角形，所以距离为 √(7^2+24^2)=25。,CN Junior High Math,圆,cn-junior-g9-circle-tangent,九年级：圆的切线与半径,25251,jianzisheng_cn_junior_chapter_expansion_v1,local-ocr-derived: jianzisheng_cn_junior_grade9_batch2_v0; chapter=cn-junior-g9-circle-tangent; expansion=v1,AMC8,AMC8 Transfer,cn_circle_tangent_radius,geometric_reasoning;formula_selection,150,Chapter-level expansion from existing cleaned Jian Zi Sheng junior OCR coverage signals. Project-native original-equivalent variants; no direct textbook exercise text is reproduced.,zh,CN,CN,中文校内,初中,production
jianzisheng_cn_junior_chapter_expansion_v1_cn-junior-g9-circle-tangent_013,圆的半径为 9，切线段长为 12，则圆心到圆外点的距离是多少？,15,multiple_choice,A:3|B:16|C:12|D:15|E:21,5,geo_circles;geo_pythagorean;geo_triangles,tangent_radius_perpendicular;pythagorean_theorem,circle_tangent_right_triangle;geometry_synthesis,tangent_radius_relation_error;add_lengths_error,半径与切线垂直，形成直角三角形，所以距离为 √(9^2+12^2)=15。,CN Junior High Math,圆,cn-junior-g9-circle-tangent,九年级：圆的切线与半径,25252,jianzisheng_cn_junior_chapter_expansion_v1,local-ocr-derived: jianzisheng_cn_junior_grade9_batch2_v0; chapter=cn-junior-g9-circle-tangent; expansion=v1,AMC8,AMC8 Transfer,cn_circle_tangent_radius,geometric_reasoning;formula_selection,150,Chapter-level expansion from existing cleaned Jian Zi Sheng junior OCR coverage signals. Project-native original-equivalent variants; no direct textbook exercise text is reproduced.,zh,CN,CN,中文校内,初中,production
jianzisheng_cn_junior_chapter_expansion_v1_cn-junior-g9-circle-tangent_014,圆的半径为 5，切线段长为 12，则圆心到圆外点的距离是多少？,13,multiple_choice,A:14|B:12|C:13|D:17|E:7,5,geo_circles;geo_pythagorean;geo_triangles,tangent_radius_perpendicular;pythagorean_theorem,circle_tangent_right_triangle;geometry_synthesis,tangent_radius_relation_error;add_lengths_error,半径与切线垂直，形成直角三角形，所以距离为 √(5^2+12^2)=13。,CN Junior High Math,圆,cn-junior-g9-circle-tangent,九年级：圆的切线与半径,25253,jianzisheng_cn_junior_chapter_expansion_v1,local-ocr-derived: jianzisheng_cn_junior_grade9_batch2_v0; chapter=cn-junior-g9-circle-tangent; expansion=v1,AMC8,AMC8 Transfer,cn_circle_tangent_radius,geometric_reasoning;formula_selection,150,Chapter-level expansion from existing cleaned Jian Zi Sheng junior OCR coverage signals. Project-native original-equivalent variants; no direct textbook exercise text is reproduced.,zh,CN,CN,中文校内,初中,production
jianzisheng_cn_junior_chapter_expansion_v1_cn-junior-g9-probability-complement_001,某事件发生的概率为 3/7，它不发生的概率是多少？,4/7,multiple_choice,A:4/7|B:3/7|C:1|D:0|E:9/7,4,counting_probability;arith_fractions,complement_probability;fraction_subtraction,one_minus_probability;event_complement,complement_confusion;fraction_subtraction_error,不发生是补事件，概率为 1-3/7=4/7。,CN Junior High Math,概率统计,cn-junior-g9-probability-complement,九年级：补事件概率,25260,jianzisheng_cn_junior_chapter_expansion_v1,local-ocr-derived: jianzisheng_cn_junior_grade9_batch2_v0; chapter=cn-junior-g9-probability-complement; expansion=v1,Honors,AMC8 Transfer,cn_probability_complement,operation_selection;fraction_reasoning,130,Chapter-level expansion from existing cleaned Jian Zi Sheng junior OCR coverage signals. Project-native original-equivalent variants; no direct textbook exercise text is reproduced.,zh,CN,CN,中文校内,初中,production
jianzisheng_cn_junior_chapter_expansion_v1_cn-junior-g9-probability-complement_002,某事件发生的概率为 4/9，它不发生的概率是多少？,5/9,multiple_choice,A:4/9|B:1|C:0|D:10/9|E:5/9,4,counting_probability;arith_fractions,complement_probability;fraction_subtraction,one_minus_probability;event_complement,complement_confusion;fraction_subtraction_error,不发生是补事件，概率为 1-4/9=5/9。,CN Junior High Math,概率统计,cn-junior-g9-probability-complement,九年级：补事件概率,25261,jianzisheng_cn_junior_chapter_expansion_v1,local-ocr-derived: jianzisheng_cn_junior_grade9_batch2_v0; chapter=cn-junior-g9-probability-complement; expansion=v1,Honors,AMC8 Transfer,cn_probability_complement,operation_selection;fraction_reasoning,130,Chapter-level expansion from existing cleaned Jian Zi Sheng junior OCR coverage signals. Project-native original-equivalent variants; no direct textbook exercise text is reproduced.,zh,CN,CN,中文校内,初中,production
jianzisheng_cn_junior_chapter_expansion_v1_cn-junior-g9-probability-complement_003,某事件发生的概率为 5/11，它不发生的概率是多少？,6/11,multiple_choice,A:1|B:0|C:11/11|D:6/11|E:5/11,4,counting_probability;arith_fractions,complement_probability;fraction_subtraction,one_minus_probability;event_complement,complement_confusion;fraction_subtraction_error,不发生是补事件，概率为 1-5/11=6/11。,CN Junior High Math,概率统计,cn-junior-g9-probability-complement,九年级：补事件概率,25262,jianzisheng_cn_junior_chapter_expansion_v1,local-ocr-derived: jianzisheng_cn_junior_grade9_batch2_v0; chapter=cn-junior-g9-probability-complement; expansion=v1,Honors,AMC8 Transfer,cn_probability_complement,operation_selection;fraction_reasoning,130,Chapter-level expansion from existing cleaned Jian Zi Sheng junior OCR coverage signals. Project-native original-equivalent variants; no direct textbook exercise text is reproduced.,zh,CN,CN,中文校内,初中,production
jianzisheng_cn_junior_chapter_expansion_v1_cn-junior-g9-probability-complement_004,某事件发生的概率为 1/8，它不发生的概率是多少？,7/8,multiple_choice,A:0|B:2/8|C:7/8|D:1/8|E:1,4,counting_probability;arith_fractions,complement_probability;fraction_subtraction,one_minus_probability;event_complement,complement_confusion;fraction_subtraction_error,不发生是补事件，概率为 1-1/8=7/8。,CN Junior High Math,概率统计,cn-junior-g9-probability-complement,九年级：补事件概率,25263,jianzisheng_cn_junior_chapter_expansion_v1,local-ocr-derived: jianzisheng_cn_junior_grade9_batch2_v0; chapter=cn-junior-g9-probability-complement; expansion=v1,Honors,AMC8 Transfer,cn_probability_complement,operation_selection;fraction_reasoning,130,Chapter-level expansion from existing cleaned Jian Zi Sheng junior OCR coverage signals. Project-native original-equivalent variants; no direct textbook exercise text is reproduced.,zh,CN,CN,中文校内,初中,production
jianzisheng_cn_junior_chapter_expansion_v1_cn-junior-g9-probability-complement_005,某事件发生的概率为 2/10，它不发生的概率是多少？,4/5,multiple_choice,A:3/10|B:4/5|C:2/10|D:1|E:0,4,counting_probability;arith_fractions,complement_probability;fraction_subtraction,one_minus_probability;event_complement,complement_confusion;fraction_subtraction_error,不发生是补事件，概率为 1-2/10=4/5。,CN Junior High Math,概率统计,cn-junior-g9-probability-complement,九年级：补事件概率,25264,jianzisheng_cn_junior_chapter_expansion_v1,local-ocr-derived: jianzisheng_cn_junior_grade9_batch2_v0; chapter=cn-junior-g9-probability-complement; expansion=v1,Honors,AMC8 Transfer,cn_probability_complement,operation_selection;fraction_reasoning,130,Chapter-level expansion from existing cleaned Jian Zi Sheng junior OCR coverage signals. Project-native original-equivalent variants; no direct textbook exercise text is reproduced.,zh,CN,CN,中文校内,初中,production
jianzisheng_cn_junior_chapter_expansion_v1_cn-junior-g9-probability-complement_006,某事件发生的概率为 3/6，它不发生的概率是多少？,1/2,multiple_choice,A:1/2|B:3/6|C:1|D:0|E:4/6,4,counting_probability;arith_fractions,complement_probability;fraction_subtraction,one_minus_probability;event_complement,complement_confusion;fraction_subtraction_error,不发生是补事件，概率为 1-3/6=1/2。,CN Junior High Math,概率统计,cn-junior-g9-probability-complement,九年级：补事件概率,25265,jianzisheng_cn_junior_chapter_expansion_v1,local-ocr-derived: jianzisheng_cn_junior_grade9_batch2_v0; chapter=cn-junior-g9-probability-complement; expansion=v1,Honors,AMC8 Transfer,cn_probability_complement,operation_selection;fraction_reasoning,130,Chapter-level expansion from existing cleaned Jian Zi Sheng junior OCR coverage signals. Project-native original-equivalent variants; no direct textbook exercise text is reproduced.,zh,CN,CN,中文校内,初中,production
jianzisheng_cn_junior_chapter_expansion_v1_cn-junior-g9-probability-complement_007,某事件发生的概率为 4/8，它不发生的概率是多少？,1/2,multiple_choice,A:4/8|B:1|C:0|D:5/8|E:1/2,4,counting_probability;arith_fractions,complement_probability;fraction_subtraction,one_minus_probability;event_complement,complement_confusion;fraction_subtraction_error,不发生是补事件，概率为 1-4/8=1/2。,CN Junior High Math,概率统计,cn-junior-g9-probability-complement,九年级：补事件概率,25266,jianzisheng_cn_junior_chapter_expansion_v1,local-ocr-derived: jianzisheng_cn_junior_grade9_batch2_v0; chapter=cn-junior-g9-probability-complement; expansion=v1,Honors,AMC8 Transfer,cn_probability_complement,operation_selection;fraction_reasoning,130,Chapter-level expansion from existing cleaned Jian Zi Sheng junior OCR coverage signals. Project-native original-equivalent variants; no direct textbook exercise text is reproduced.,zh,CN,CN,中文校内,初中,production
jianzisheng_cn_junior_chapter_expansion_v1_cn-junior-g9-probability-complement_008,某事件发生的概率为 5/10，它不发生的概率是多少？,1/2,multiple_choice,A:1|B:0|C:6/10|D:1/2|E:5/10,4,counting_probability;arith_fractions,complement_probability;fraction_subtraction,one_minus_probability;event_complement,complement_confusion;fraction_subtraction_error,不发生是补事件，概率为 1-5/10=1/2。,CN Junior High Math,概率统计,cn-junior-g9-probability-complement,九年级：补事件概率,25267,jianzisheng_cn_junior_chapter_expansion_v1,local-ocr-derived: jianzisheng_cn_junior_grade9_batch2_v0; chapter=cn-junior-g9-probability-complement; expansion=v1,Honors,AMC8 Transfer,cn_probability_complement,operation_selection;fraction_reasoning,130,Chapter-level expansion from existing cleaned Jian Zi Sheng junior OCR coverage signals. Project-native original-equivalent variants; no direct textbook exercise text is reproduced.,zh,CN,CN,中文校内,初中,production
jianzisheng_cn_junior_chapter_expansion_v1_cn-junior-g9-probability-complement_009,某事件发生的概率为 1/7，它不发生的概率是多少？,6/7,multiple_choice,A:0|B:2/7|C:6/7|D:1/7|E:1,4,counting_probability;arith_fractions,complement_probability;fraction_subtraction,one_minus_probability;event_complement,complement_confusion;fraction_subtraction_error,不发生是补事件，概率为 1-1/7=6/7。,CN Junior High Math,概率统计,cn-junior-g9-probability-complement,九年级：补事件概率,25268,jianzisheng_cn_junior_chapter_expansion_v1,local-ocr-derived: jianzisheng_cn_junior_grade9_batch2_v0; chapter=cn-junior-g9-probability-complement; expansion=v1,Honors,AMC8 Transfer,cn_probability_complement,operation_selection;fraction_reasoning,130,Chapter-level expansion from existing cleaned Jian Zi Sheng junior OCR coverage signals. Project-native original-equivalent variants; no direct textbook exercise text is reproduced.,zh,CN,CN,中文校内,初中,production
jianzisheng_cn_junior_chapter_expansion_v1_cn-junior-g9-probability-complement_010,某事件发生的概率为 2/9，它不发生的概率是多少？,7/9,multiple_choice,A:3/9|B:7/9|C:2/9|D:1|E:0,4,counting_probability;arith_fractions,complement_probability;fraction_subtraction,one_minus_probability;event_complement,complement_confusion;fraction_subtraction_error,不发生是补事件，概率为 1-2/9=7/9。,CN Junior High Math,概率统计,cn-junior-g9-probability-complement,九年级：补事件概率,25269,jianzisheng_cn_junior_chapter_expansion_v1,local-ocr-derived: jianzisheng_cn_junior_grade9_batch2_v0; chapter=cn-junior-g9-probability-complement; expansion=v1,Honors,AMC8 Transfer,cn_probability_complement,operation_selection;fraction_reasoning,130,Chapter-level expansion from existing cleaned Jian Zi Sheng junior OCR coverage signals. Project-native original-equivalent variants; no direct textbook exercise text is reproduced.,zh,CN,CN,中文校内,初中,production
jianzisheng_cn_junior_chapter_expansion_v1_cn-junior-g9-probability-complement_011,某事件发生的概率为 3/11，它不发生的概率是多少？,8/11,multiple_choice,A:8/11|B:3/11|C:1|D:0|E:4/11,4,counting_probability;arith_fractions,complement_probability;fraction_subtraction,one_minus_probability;event_complement,complement_confusion;fraction_subtraction_error,不发生是补事件，概率为 1-3/11=8/11。,CN Junior High Math,概率统计,cn-junior-g9-probability-complement,九年级：补事件概率,25270,jianzisheng_cn_junior_chapter_expansion_v1,local-ocr-derived: jianzisheng_cn_junior_grade9_batch2_v0; chapter=cn-junior-g9-probability-complement; expansion=v1,Honors,AMC8 Transfer,cn_probability_complement,operation_selection;fraction_reasoning,130,Chapter-level expansion from existing cleaned Jian Zi Sheng junior OCR coverage signals. Project-native original-equivalent variants; no direct textbook exercise text is reproduced.,zh,CN,CN,中文校内,初中,production
jianzisheng_cn_junior_chapter_expansion_v1_cn-junior-g9-probability-complement_012,某事件发生的概率为 4/7，它不发生的概率是多少？,3/7,multiple_choice,A:4/7|B:1|C:0|D:5/7|E:3/7,4,counting_probability;arith_fractions,complement_probability;fraction_subtraction,one_minus_probability;event_complement,complement_confusion;fraction_subtraction_error,不发生是补事件，概率为 1-4/7=3/7。,CN Junior High Math,概率统计,cn-junior-g9-probability-complement,九年级：补事件概率,25271,jianzisheng_cn_junior_chapter_expansion_v1,local-ocr-derived: jianzisheng_cn_junior_grade9_batch2_v0; chapter=cn-junior-g9-probability-complement; expansion=v1,Honors,AMC8 Transfer,cn_probability_complement,operation_selection;fraction_reasoning,130,Chapter-level expansion from existing cleaned Jian Zi Sheng junior OCR coverage signals. Project-native original-equivalent variants; no direct textbook exercise text is reproduced.,zh,CN,CN,中文校内,初中,production
jianzisheng_cn_junior_chapter_expansion_v1_cn-junior-g9-probability-complement_013,某事件发生的概率为 5/9，它不发生的概率是多少？,4/9,multiple_choice,A:1|B:0|C:6/9|D:4/9|E:5/9,4,counting_probability;arith_fractions,complement_probability;fraction_subtraction,one_minus_probability;event_complement,complement_confusion;fraction_subtraction_error,不发生是补事件，概率为 1-5/9=4/9。,CN Junior High Math,概率统计,cn-junior-g9-probability-complement,九年级：补事件概率,25272,jianzisheng_cn_junior_chapter_expansion_v1,local-ocr-derived: jianzisheng_cn_junior_grade9_batch2_v0; chapter=cn-junior-g9-probability-complement; expansion=v1,Honors,AMC8 Transfer,cn_probability_complement,operation_selection;fraction_reasoning,130,Chapter-level expansion from existing cleaned Jian Zi Sheng junior OCR coverage signals. Project-native original-equivalent variants; no direct textbook exercise text is reproduced.,zh,CN,CN,中文校内,初中,production
jianzisheng_cn_junior_chapter_expansion_v1_cn-junior-g9-probability-complement_014,某事件发生的概率为 1/6，它不发生的概率是多少？,5/6,multiple_choice,A:0|B:2/6|C:5/6|D:1/6|E:1,4,counting_probability;arith_fractions,complement_probability;fraction_subtraction,one_minus_probability;event_complement,complement_confusion;fraction_subtraction_error,不发生是补事件，概率为 1-1/6=5/6。,CN Junior High Math,概率统计,cn-junior-g9-probability-complement,九年级：补事件概率,25273,jianzisheng_cn_junior_chapter_expansion_v1,local-ocr-derived: jianzisheng_cn_junior_grade9_batch2_v0; chapter=cn-junior-g9-probability-complement; expansion=v1,Honors,AMC8 Transfer,cn_probability_complement,operation_selection;fraction_reasoning,130,Chapter-level expansion from existing cleaned Jian Zi Sheng junior OCR coverage signals. Project-native original-equivalent variants; no direct textbook exercise text is reproduced.,zh,CN,CN,中文校内,初中,production
jianzisheng_cn_junior_chapter_expansion_v1_cn-junior-g9-statistics-range_001,一组数据为 8，10，13，22，24，这组数据的极差是多少？,16,multiple_choice,A:16|B:13|C:32|D:17|E:15,3,stats_range;stats_median,range_calculation;data_reading,max_minus_min;data_summary,range_median_confusion;sum_endpoints_error,极差=最大值-最小值=24-8=16。,CN Junior High Math,概率统计,cn-junior-g9-statistics-range,九年级：极差与中位数辨析,25280,jianzisheng_cn_junior_chapter_expansion_v1,local-ocr-derived: jianzisheng_cn_junior_grade9_batch2_v0; chapter=cn-junior-g9-statistics-range; expansion=v1,Standard,Bridge,cn_statistics_range,data_reasoning;fluency_precision,110,Chapter-level expansion from existing cleaned Jian Zi Sheng junior OCR coverage signals. Project-native original-equivalent variants; no direct textbook exercise text is reproduced.,zh,CN,CN,中文校内,初中,production
jianzisheng_cn_junior_chapter_expansion_v1_cn-junior-g9-statistics-range_002,一组数据为 1，3，6，8，10，这组数据的极差是多少？,9,multiple_choice,A:6|B:11|C:10|D:8|E:9,3,stats_range;stats_median,range_calculation;data_reading,max_minus_min;data_summary,range_median_confusion;sum_endpoints_error,极差=最大值-最小值=10-1=9。,CN Junior High Math,概率统计,cn-junior-g9-statistics-range,九年级：极差与中位数辨析,25281,jianzisheng_cn_junior_chapter_expansion_v1,local-ocr-derived: jianzisheng_cn_junior_grade9_batch2_v0; chapter=cn-junior-g9-statistics-range; expansion=v1,Standard,Bridge,cn_statistics_range,data_reasoning;fluency_precision,110,Chapter-level expansion from existing cleaned Jian Zi Sheng junior OCR coverage signals. Project-native original-equivalent variants; no direct textbook exercise text is reproduced.,zh,CN,CN,中文校内,初中,production
jianzisheng_cn_junior_chapter_expansion_v1_cn-junior-g9-statistics-range_003,一组数据为 2，4，7，10，12，这组数据的极差是多少？,10,multiple_choice,A:14|B:11|C:9|D:10|E:7,3,stats_range;stats_median,range_calculation;data_reading,max_minus_min;data_summary,range_median_confusion;sum_endpoints_error,极差=最大值-最小值=12-2=10。,CN Junior High Math,概率统计,cn-junior-g9-statistics-range,九年级：极差与中位数辨析,25282,jianzisheng_cn_junior_chapter_expansion_v1,local-ocr-derived: jianzisheng_cn_junior_grade9_batch2_v0; chapter=cn-junior-g9-statistics-range; expansion=v1,Standard,Bridge,cn_statistics_range,data_reasoning;fluency_precision,110,Chapter-level expansion from existing cleaned Jian Zi Sheng junior OCR coverage signals. Project-native original-equivalent variants; no direct textbook exercise text is reproduced.,zh,CN,CN,中文校内,初中,production
jianzisheng_cn_junior_chapter_expansion_v1_cn-junior-g9-statistics-range_004,一组数据为 3，5，8，12，14，这组数据的极差是多少？,11,multiple_choice,A:12|B:10|C:11|D:8|E:17,3,stats_range;stats_median,range_calculation;data_reading,max_minus_min;data_summary,range_median_confusion;sum_endpoints_error,极差=最大值-最小值=14-3=11。,CN Junior High Math,概率统计,cn-junior-g9-statistics-range,九年级：极差与中位数辨析,25283,jianzisheng_cn_junior_chapter_expansion_v1,local-ocr-derived: jianzisheng_cn_junior_grade9_batch2_v0; chapter=cn-junior-g9-statistics-range; expansion=v1,Standard,Bridge,cn_statistics_range,data_reasoning;fluency_precision,110,Chapter-level expansion from existing cleaned Jian Zi Sheng junior OCR coverage signals. Project-native original-equivalent variants; no direct textbook exercise text is reproduced.,zh,CN,CN,中文校内,初中,production
jianzisheng_cn_junior_chapter_expansion_v1_cn-junior-g9-statistics-range_005,一组数据为 4，6，9，14，16，这组数据的极差是多少？,12,multiple_choice,A:11|B:12|C:9|D:20|E:13,3,stats_range;stats_median,range_calculation;data_reading,max_minus_min;data_summary,range_median_confusion;sum_endpoints_error,极差=最大值-最小值=16-4=12。,CN Junior High Math,概率统计,cn-junior-g9-statistics-range,九年级：极差与中位数辨析,25284,jianzisheng_cn_junior_chapter_expansion_v1,local-ocr-derived: jianzisheng_cn_junior_grade9_batch2_v0; chapter=cn-junior-g9-statistics-range; expansion=v1,Standard,Bridge,cn_statistics_range,data_reasoning;fluency_precision,110,Chapter-level expansion from existing cleaned Jian Zi Sheng junior OCR coverage signals. Project-native original-equivalent variants; no direct textbook exercise text is reproduced.,zh,CN,CN,中文校内,初中,production
jianzisheng_cn_junior_chapter_expansion_v1_cn-junior-g9-statistics-range_006,一组数据为 5，7，10，16，18，这组数据的极差是多少？,13,multiple_choice,A:13|B:10|C:23|D:14|E:12,3,stats_range;stats_median,range_calculation;data_reading,max_minus_min;data_summary,range_median_confusion;sum_endpoints_error,极差=最大值-最小值=18-5=13。,CN Junior High Math,概率统计,cn-junior-g9-statistics-range,九年级：极差与中位数辨析,25285,jianzisheng_cn_junior_chapter_expansion_v1,local-ocr-derived: jianzisheng_cn_junior_grade9_batch2_v0; chapter=cn-junior-g9-statistics-range; expansion=v1,Standard,Bridge,cn_statistics_range,data_reasoning;fluency_precision,110,Chapter-level expansion from existing cleaned Jian Zi Sheng junior OCR coverage signals. Project-native original-equivalent variants; no direct textbook exercise text is reproduced.,zh,CN,CN,中文校内,初中,production
jianzisheng_cn_junior_chapter_expansion_v1_cn-junior-g9-statistics-range_007,一组数据为 6，8，11，18，20，这组数据的极差是多少？,14,multiple_choice,A:11|B:26|C:15|D:13|E:14,3,stats_range;stats_median,range_calculation;data_reading,max_minus_min;data_summary,range_median_confusion;sum_endpoints_error,极差=最大值-最小值=20-6=14。,CN Junior High Math,概率统计,cn-junior-g9-statistics-range,九年级：极差与中位数辨析,25286,jianzisheng_cn_junior_chapter_expansion_v1,local-ocr-derived: jianzisheng_cn_junior_grade9_batch2_v0; chapter=cn-junior-g9-statistics-range; expansion=v1,Standard,Bridge,cn_statistics_range,data_reasoning;fluency_precision,110,Chapter-level expansion from existing cleaned Jian Zi Sheng junior OCR coverage signals. Project-native original-equivalent variants; no direct textbook exercise text is reproduced.,zh,CN,CN,中文校内,初中,production
jianzisheng_cn_junior_chapter_expansion_v1_cn-junior-g9-statistics-range_008,一组数据为 7，9，12，20，22，这组数据的极差是多少？,15,multiple_choice,A:29|B:16|C:14|D:15|E:12,3,stats_range;stats_median,range_calculation;data_reading,max_minus_min;data_summary,range_median_confusion;sum_endpoints_error,极差=最大值-最小值=22-7=15。,CN Junior High Math,概率统计,cn-junior-g9-statistics-range,九年级：极差与中位数辨析,25287,jianzisheng_cn_junior_chapter_expansion_v1,local-ocr-derived: jianzisheng_cn_junior_grade9_batch2_v0; chapter=cn-junior-g9-statistics-range; expansion=v1,Standard,Bridge,cn_statistics_range,data_reasoning;fluency_precision,110,Chapter-level expansion from existing cleaned Jian Zi Sheng junior OCR coverage signals. Project-native original-equivalent variants; no direct textbook exercise text is reproduced.,zh,CN,CN,中文校内,初中,production
jianzisheng_cn_junior_chapter_expansion_v1_cn-junior-g9-statistics-range_009,一组数据为 8，10，13，22，24，这组数据的极差是多少？,16,multiple_choice,A:17|B:15|C:16|D:13|E:32,3,stats_range;stats_median,range_calculation;data_reading,max_minus_min;data_summary,range_median_confusion;sum_endpoints_error,极差=最大值-最小值=24-8=16。,CN Junior High Math,概率统计,cn-junior-g9-statistics-range,九年级：极差与中位数辨析,25288,jianzisheng_cn_junior_chapter_expansion_v1,local-ocr-derived: jianzisheng_cn_junior_grade9_batch2_v0; chapter=cn-junior-g9-statistics-range; expansion=v1,Standard,Bridge,cn_statistics_range,data_reasoning;fluency_precision,110,Chapter-level expansion from existing cleaned Jian Zi Sheng junior OCR coverage signals. Project-native original-equivalent variants; no direct textbook exercise text is reproduced.,zh,CN,CN,中文校内,初中,production
jianzisheng_cn_junior_chapter_expansion_v1_cn-junior-g9-statistics-range_010,一组数据为 1，3，6，8，10，这组数据的极差是多少？,9,multiple_choice,A:8|B:9|C:6|D:11|E:10,3,stats_range;stats_median,range_calculation;data_reading,max_minus_min;data_summary,range_median_confusion;sum_endpoints_error,极差=最大值-最小值=10-1=9。,CN Junior High Math,概率统计,cn-junior-g9-statistics-range,九年级：极差与中位数辨析,25289,jianzisheng_cn_junior_chapter_expansion_v1,local-ocr-derived: jianzisheng_cn_junior_grade9_batch2_v0; chapter=cn-junior-g9-statistics-range; expansion=v1,Standard,Bridge,cn_statistics_range,data_reasoning;fluency_precision,110,Chapter-level expansion from existing cleaned Jian Zi Sheng junior OCR coverage signals. Project-native original-equivalent variants; no direct textbook exercise text is reproduced.,zh,CN,CN,中文校内,初中,production
jianzisheng_cn_junior_chapter_expansion_v1_cn-junior-g9-statistics-range_011,一组数据为 2，4，7，10，12，这组数据的极差是多少？,10,multiple_choice,A:10|B:7|C:14|D:11|E:9,3,stats_range;stats_median,range_calculation;data_reading,max_minus_min;data_summary,range_median_confusion;sum_endpoints_error,极差=最大值-最小值=12-2=10。,CN Junior High Math,概率统计,cn-junior-g9-statistics-range,九年级：极差与中位数辨析,25290,jianzisheng_cn_junior_chapter_expansion_v1,local-ocr-derived: jianzisheng_cn_junior_grade9_batch2_v0; chapter=cn-junior-g9-statistics-range; expansion=v1,Standard,Bridge,cn_statistics_range,data_reasoning;fluency_precision,110,Chapter-level expansion from existing cleaned Jian Zi Sheng junior OCR coverage signals. Project-native original-equivalent variants; no direct textbook exercise text is reproduced.,zh,CN,CN,中文校内,初中,production
jianzisheng_cn_junior_chapter_expansion_v1_cn-junior-g9-statistics-range_012,一组数据为 3，5，8，12，14，这组数据的极差是多少？,11,multiple_choice,A:8|B:17|C:12|D:10|E:11,3,stats_range;stats_median,range_calculation;data_reading,max_minus_min;data_summary,range_median_confusion;sum_endpoints_error,极差=最大值-最小值=14-3=11。,CN Junior High Math,概率统计,cn-junior-g9-statistics-range,九年级：极差与中位数辨析,25291,jianzisheng_cn_junior_chapter_expansion_v1,local-ocr-derived: jianzisheng_cn_junior_grade9_batch2_v0; chapter=cn-junior-g9-statistics-range; expansion=v1,Standard,Bridge,cn_statistics_range,data_reasoning;fluency_precision,110,Chapter-level expansion from existing cleaned Jian Zi Sheng junior OCR coverage signals. Project-native original-equivalent variants; no direct textbook exercise text is reproduced.,zh,CN,CN,中文校内,初中,production
jianzisheng_cn_junior_chapter_expansion_v1_cn-junior-g9-statistics-range_013,一组数据为 4，6，9，14，16，这组数据的极差是多少？,12,multiple_choice,A:20|B:13|C:11|D:12|E:9,3,stats_range;stats_median,range_calculation;data_reading,max_minus_min;data_summary,range_median_confusion;sum_endpoints_error,极差=最大值-最小值=16-4=12。,CN Junior High Math,概率统计,cn-junior-g9-statistics-range,九年级：极差与中位数辨析,25292,jianzisheng_cn_junior_chapter_expansion_v1,local-ocr-derived: jianzisheng_cn_junior_grade9_batch2_v0; chapter=cn-junior-g9-statistics-range; expansion=v1,Standard,Bridge,cn_statistics_range,data_reasoning;fluency_precision,110,Chapter-level expansion from existing cleaned Jian Zi Sheng junior OCR coverage signals. Project-native original-equivalent variants; no direct textbook exercise text is reproduced.,zh,CN,CN,中文校内,初中,production
jianzisheng_cn_junior_chapter_expansion_v1_cn-junior-g9-statistics-range_014,一组数据为 5，7，10，16，18，这组数据的极差是多少？,13,multiple_choice,A:14|B:12|C:13|D:10|E:23,3,stats_range;stats_median,range_calculation;data_reading,max_minus_min;data_summary,range_median_confusion;sum_endpoints_error,极差=最大值-最小值=18-5=13。,CN Junior High Math,概率统计,cn-junior-g9-statistics-range,九年级：极差与中位数辨析,25293,jianzisheng_cn_junior_chapter_expansion_v1,local-ocr-derived: jianzisheng_cn_junior_grade9_batch2_v0; chapter=cn-junior-g9-statistics-range; expansion=v1,Standard,Bridge,cn_statistics_range,data_reasoning;fluency_precision,110,Chapter-level expansion from existing cleaned Jian Zi Sheng junior OCR coverage signals. Project-native original-equivalent variants; no direct textbook exercise text is reproduced.,zh,CN,CN,中文校内,初中,production
jianzisheng_cn_junior_chapter_expansion_v1_cn-junior-g9-quadratic-discriminant_001,一元二次方程 2x^2-1x-2=0 的判别式 Δ 的值是多少？,17,multiple_choice,A:17|B:-15|C:15|D:-17|E:21,4,alg_quadratics;alg_functions,quadratic_discriminant;formula_application,discriminant;quadratic_roots_structure,discriminant_sign_error;coefficient_confusion,判别式 Δ=b^2-4ac=-1^2-4×2×-2=17。,CN Junior High Math,二次函数,cn-junior-g9-quadratic-discriminant,九年级：一元二次方程判别式,25300,jianzisheng_cn_junior_chapter_expansion_v1,local-ocr-derived: jianzisheng_cn_junior_grade9_batch3_v0; chapter=cn-junior-g9-quadratic-discriminant; expansion=v1,Honors,Algebra Readiness,cn_quadratic_discriminant,formula_selection;symbolic_fluency,130,Chapter-level expansion from existing cleaned Jian Zi Sheng junior OCR coverage signals. Project-native original-equivalent variants; no direct textbook exercise text is reproduced.,zh,CN,CN,中文校内,初中,production
jianzisheng_cn_junior_chapter_expansion_v1_cn-junior-g9-quadratic-discriminant_002,一元二次方程 3x^2+0x+0=0 的判别式 Δ 的值是多少？,0,multiple_choice,A:4|B:3|C:4|D:5|E:0,4,alg_quadratics;alg_functions,quadratic_discriminant;formula_application,discriminant;quadratic_roots_structure,discriminant_sign_error;coefficient_confusion,判别式 Δ=b^2-4ac=0^2-4×3×0=0。,CN Junior High Math,二次函数,cn-junior-g9-quadratic-discriminant,九年级：一元二次方程判别式,25301,jianzisheng_cn_junior_chapter_expansion_v1,local-ocr-derived: jianzisheng_cn_junior_grade9_batch3_v0; chapter=cn-junior-g9-quadratic-discriminant; expansion=v1,Honors,Algebra Readiness,cn_quadratic_discriminant,formula_selection;symbolic_fluency,130,Chapter-level expansion from existing cleaned Jian Zi Sheng junior OCR coverage signals. Project-native original-equivalent variants; no direct textbook exercise text is reproduced.,zh,CN,CN,中文校内,初中,production
jianzisheng_cn_junior_chapter_expansion_v1_cn-junior-g9-quadratic-discriminant_003,一元二次方程 1x^2+1x+2=0 的判别式 Δ 的值是多少？,-7,multiple_choice,A:7|B:-3|C:-2|D:-7|E:9,4,alg_quadratics;alg_functions,quadratic_discriminant;formula_application,discriminant;quadratic_roots_structure,discriminant_sign_error;coefficient_confusion,判别式 Δ=b^2-4ac=1^2-4×1×2=-7。,CN Junior High Math,二次函数,cn-junior-g9-quadratic-discriminant,九年级：一元二次方程判别式,25302,jianzisheng_cn_junior_chapter_expansion_v1,local-ocr-derived: jianzisheng_cn_junior_grade9_batch3_v0; chapter=cn-junior-g9-quadratic-discriminant; expansion=v1,Honors,Algebra Readiness,cn_quadratic_discriminant,formula_selection;symbolic_fluency,130,Chapter-level expansion from existing cleaned Jian Zi Sheng junior OCR coverage signals. Project-native original-equivalent variants; no direct textbook exercise text is reproduced.,zh,CN,CN,中文校内,初中,production
jianzisheng_cn_junior_chapter_expansion_v1_cn-junior-g9-quadratic-discriminant_004,一元二次方程 2x^2+2x+4=0 的判别式 Δ 的值是多少？,-28,multiple_choice,A:28|B:-24|C:-28|D:36|E:-30,4,alg_quadratics;alg_functions,quadratic_discriminant;formula_application,discriminant;quadratic_roots_structure,discriminant_sign_error;coefficient_confusion,判别式 Δ=b^2-4ac=2^2-4×2×4=-28。,CN Junior High Math,二次函数,cn-junior-g9-quadratic-discriminant,九年级：一元二次方程判别式,25303,jianzisheng_cn_junior_chapter_expansion_v1,local-ocr-derived: jianzisheng_cn_junior_grade9_batch3_v0; chapter=cn-junior-g9-quadratic-discriminant; expansion=v1,Honors,Algebra Readiness,cn_quadratic_discriminant,formula_selection;symbolic_fluency,130,Chapter-level expansion from existing cleaned Jian Zi Sheng junior OCR coverage signals. Project-native original-equivalent variants; no direct textbook exercise text is reproduced.,zh,CN,CN,中文校内,初中,production
jianzisheng_cn_junior_chapter_expansion_v1_cn-junior-g9-quadratic-discriminant_005,一元二次方程 3x^2+3x-5=0 的判别式 Δ 的值是多少？,69,multiple_choice,A:73|B:69|C:-51|D:63|E:-69,4,alg_quadratics;alg_functions,quadratic_discriminant;formula_application,discriminant;quadratic_roots_structure,discriminant_sign_error;coefficient_confusion,判别式 Δ=b^2-4ac=3^2-4×3×-5=69。,CN Junior High Math,二次函数,cn-junior-g9-quadratic-discriminant,九年级：一元二次方程判别式,25304,jianzisheng_cn_junior_chapter_expansion_v1,local-ocr-derived: jianzisheng_cn_junior_grade9_batch3_v0; chapter=cn-junior-g9-quadratic-discriminant; expansion=v1,Honors,Algebra Readiness,cn_quadratic_discriminant,formula_selection;symbolic_fluency,130,Chapter-level expansion from existing cleaned Jian Zi Sheng junior OCR coverage signals. Project-native original-equivalent variants; no direct textbook exercise text is reproduced.,zh,CN,CN,中文校内,初中,production
jianzisheng_cn_junior_chapter_expansion_v1_cn-junior-g9-quadratic-discriminant_006,一元二次方程 1x^2+4x-3=0 的判别式 Δ 的值是多少？,28,multiple_choice,A:28|B:4|C:16|D:-28|E:32,4,alg_quadratics;alg_functions,quadratic_discriminant;formula_application,discriminant;quadratic_roots_structure,discriminant_sign_error;coefficient_confusion,判别式 Δ=b^2-4ac=4^2-4×1×-3=28。,CN Junior High Math,二次函数,cn-junior-g9-quadratic-discriminant,九年级：一元二次方程判别式,25305,jianzisheng_cn_junior_chapter_expansion_v1,local-ocr-derived: jianzisheng_cn_junior_grade9_batch3_v0; chapter=cn-junior-g9-quadratic-discriminant; expansion=v1,Honors,Algebra Readiness,cn_quadratic_discriminant,formula_selection;symbolic_fluency,130,Chapter-level expansion from existing cleaned Jian Zi Sheng junior OCR coverage signals. Project-native original-equivalent variants; no direct textbook exercise text is reproduced.,zh,CN,CN,中文校内,初中,production
jianzisheng_cn_junior_chapter_expansion_v1_cn-junior-g9-quadratic-discriminant_007,一元二次方程 2x^2+5x-1=0 的判别式 Δ 的值是多少？,33,multiple_choice,A:17|B:13|C:-33|D:37|E:33,4,alg_quadratics;alg_functions,quadratic_discriminant;formula_application,discriminant;quadratic_roots_structure,discriminant_sign_error;coefficient_confusion,判别式 Δ=b^2-4ac=5^2-4×2×-1=33。,CN Junior High Math,二次函数,cn-junior-g9-quadratic-discriminant,九年级：一元二次方程判别式,25306,jianzisheng_cn_junior_chapter_expansion_v1,local-ocr-derived: jianzisheng_cn_junior_grade9_batch3_v0; chapter=cn-junior-g9-quadratic-discriminant; expansion=v1,Honors,Algebra Readiness,cn_quadratic_discriminant,formula_selection;symbolic_fluency,130,Chapter-level expansion from existing cleaned Jian Zi Sheng junior OCR coverage signals. Project-native original-equivalent variants; no direct textbook exercise text is reproduced.,zh,CN,CN,中文校内,初中,production
jianzisheng_cn_junior_chapter_expansion_v1_cn-junior-g9-quadratic-discriminant_008,一元二次方程 3x^2+6x+1=0 的判别式 Δ 的值是多少？,24,multiple_choice,A:-6|B:-24|C:28|D:24|E:48,4,alg_quadratics;alg_functions,quadratic_discriminant;formula_application,discriminant;quadratic_roots_structure,discriminant_sign_error;coefficient_confusion,判别式 Δ=b^2-4ac=6^2-4×3×1=24。,CN Junior High Math,二次函数,cn-junior-g9-quadratic-discriminant,九年级：一元二次方程判别式,25307,jianzisheng_cn_junior_chapter_expansion_v1,local-ocr-derived: jianzisheng_cn_junior_grade9_batch3_v0; chapter=cn-junior-g9-quadratic-discriminant; expansion=v1,Honors,Algebra Readiness,cn_quadratic_discriminant,formula_selection;symbolic_fluency,130,Chapter-level expansion from existing cleaned Jian Zi Sheng junior OCR coverage signals. Project-native original-equivalent variants; no direct textbook exercise text is reproduced.,zh,CN,CN,中文校内,初中,production
jianzisheng_cn_junior_chapter_expansion_v1_cn-junior-g9-quadratic-discriminant_009,一元二次方程 1x^2+7x+3=0 的判别式 Δ 的值是多少？,37,multiple_choice,A:-37|B:41|C:37|D:61|E:-5,4,alg_quadratics;alg_functions,quadratic_discriminant;formula_application,discriminant;quadratic_roots_structure,discriminant_sign_error;coefficient_confusion,判别式 Δ=b^2-4ac=7^2-4×1×3=37。,CN Junior High Math,二次函数,cn-junior-g9-quadratic-discriminant,九年级：一元二次方程判别式,25308,jianzisheng_cn_junior_chapter_expansion_v1,local-ocr-derived: jianzisheng_cn_junior_grade9_batch3_v0; chapter=cn-junior-g9-quadratic-discriminant; expansion=v1,Honors,Algebra Readiness,cn_quadratic_discriminant,formula_selection;symbolic_fluency,130,Chapter-level expansion from existing cleaned Jian Zi Sheng junior OCR coverage signals. Project-native original-equivalent variants; no direct textbook exercise text is reproduced.,zh,CN,CN,中文校内,初中,production
jianzisheng_cn_junior_chapter_expansion_v1_cn-junior-g9-quadratic-discriminant_010,一元二次方程 2x^2+8x+5=0 的判别式 Δ 的值是多少？,24,multiple_choice,A:28|B:24|C:104|D:-32|E:-24,4,alg_quadratics;alg_functions,quadratic_discriminant;formula_application,discriminant;quadratic_roots_structure,discriminant_sign_error;coefficient_confusion,判别式 Δ=b^2-4ac=8^2-4×2×5=24。,CN Junior High Math,二次函数,cn-junior-g9-quadratic-discriminant,九年级：一元二次方程判别式,25309,jianzisheng_cn_junior_chapter_expansion_v1,local-ocr-derived: jianzisheng_cn_junior_grade9_batch3_v0; chapter=cn-junior-g9-quadratic-discriminant; expansion=v1,Honors,Algebra Readiness,cn_quadratic_discriminant,formula_selection;symbolic_fluency,130,Chapter-level expansion from existing cleaned Jian Zi Sheng junior OCR coverage signals. Project-native original-equivalent variants; no direct textbook exercise text is reproduced.,zh,CN,CN,中文校内,初中,production
jianzisheng_cn_junior_chapter_expansion_v1_cn-junior-g9-quadratic-discriminant_011,一元二次方程 3x^2-8x-4=0 的判别式 Δ 的值是多少？,112,multiple_choice,A:112|B:16|C:40|D:-112|E:116,4,alg_quadratics;alg_functions,quadratic_discriminant;formula_application,discriminant;quadratic_roots_structure,discriminant_sign_error;coefficient_confusion,判别式 Δ=b^2-4ac=-8^2-4×3×-4=112。,CN Junior High Math,二次函数,cn-junior-g9-quadratic-discriminant,九年级：一元二次方程判别式,25310,jianzisheng_cn_junior_chapter_expansion_v1,local-ocr-derived: jianzisheng_cn_junior_grade9_batch3_v0; chapter=cn-junior-g9-quadratic-discriminant; expansion=v1,Honors,Algebra Readiness,cn_quadratic_discriminant,formula_selection;symbolic_fluency,130,Chapter-level expansion from existing cleaned Jian Zi Sheng junior OCR coverage signals. Project-native original-equivalent variants; no direct textbook exercise text is reproduced.,zh,CN,CN,中文校内,初中,production
jianzisheng_cn_junior_chapter_expansion_v1_cn-junior-g9-quadratic-discriminant_012,一元二次方程 1x^2-7x-2=0 的判别式 Δ 的值是多少？,57,multiple_choice,A:41|B:1|C:-57|D:61|E:57,4,alg_quadratics;alg_functions,quadratic_discriminant;formula_application,discriminant;quadratic_roots_structure,discriminant_sign_error;coefficient_confusion,判别式 Δ=b^2-4ac=-7^2-4×1×-2=57。,CN Junior High Math,二次函数,cn-junior-g9-quadratic-discriminant,九年级：一元二次方程判别式,25311,jianzisheng_cn_junior_chapter_expansion_v1,local-ocr-derived: jianzisheng_cn_junior_grade9_batch3_v0; chapter=cn-junior-g9-quadratic-discriminant; expansion=v1,Honors,Algebra Readiness,cn_quadratic_discriminant,formula_selection;symbolic_fluency,130,Chapter-level expansion from existing cleaned Jian Zi Sheng junior OCR coverage signals. Project-native original-equivalent variants; no direct textbook exercise text is reproduced.,zh,CN,CN,中文校内,初中,production
jianzisheng_cn_junior_chapter_expansion_v1_cn-junior-g9-quadratic-discriminant_013,一元二次方程 2x^2-6x+0=0 的判别式 Δ 的值是多少？,36,multiple_choice,A:-36|B:40|C:41|D:36|E:-6,4,alg_quadratics;alg_functions,quadratic_discriminant;formula_application,discriminant;quadratic_roots_structure,discriminant_sign_error;coefficient_confusion,判别式 Δ=b^2-4ac=-6^2-4×2×0=36。,CN Junior High Math,二次函数,cn-junior-g9-quadratic-discriminant,九年级：一元二次方程判别式,25312,jianzisheng_cn_junior_chapter_expansion_v1,local-ocr-derived: jianzisheng_cn_junior_grade9_batch3_v0; chapter=cn-junior-g9-quadratic-discriminant; expansion=v1,Honors,Algebra Readiness,cn_quadratic_discriminant,formula_selection;symbolic_fluency,130,Chapter-level expansion from existing cleaned Jian Zi Sheng junior OCR coverage signals. Project-native original-equivalent variants; no direct textbook exercise text is reproduced.,zh,CN,CN,中文校内,初中,production
jianzisheng_cn_junior_chapter_expansion_v1_cn-junior-g9-quadratic-discriminant_014,一元二次方程 3x^2-5x+2=0 的判别式 Δ 的值是多少？,1,multiple_choice,A:-1|B:5|C:1|D:49|E:-29,4,alg_quadratics;alg_functions,quadratic_discriminant;formula_application,discriminant;quadratic_roots_structure,discriminant_sign_error;coefficient_confusion,判别式 Δ=b^2-4ac=-5^2-4×3×2=1。,CN Junior High Math,二次函数,cn-junior-g9-quadratic-discriminant,九年级：一元二次方程判别式,25313,jianzisheng_cn_junior_chapter_expansion_v1,local-ocr-derived: jianzisheng_cn_junior_grade9_batch3_v0; chapter=cn-junior-g9-quadratic-discriminant; expansion=v1,Honors,Algebra Readiness,cn_quadratic_discriminant,formula_selection;symbolic_fluency,130,Chapter-level expansion from existing cleaned Jian Zi Sheng junior OCR coverage signals. Project-native original-equivalent variants; no direct textbook exercise text is reproduced.,zh,CN,CN,中文校内,初中,production
jianzisheng_cn_junior_chapter_expansion_v1_cn-junior-g9-quadratic-modeling_001,方程 x^2+1x-6=0 的两个根是多少？,-3或2,multiple_choice,A:-3或2|B:3或-2|C:-1|D:-6|E:-2或3,4,alg_quadratics;geo_area;prealg_word_to_equation,quadratic_modeling;area_model,rectangle_fence_model;optimization_readiness,perimeter_area_confusion;missing_wall_constraint,该方程可分解为 (x--3)(x-2)=0，所以 x=-3 或 x=2。,CN Junior High Math,二次函数,cn-junior-g9-quadratic-modeling,九年级：二次函数应用模型,25320,jianzisheng_cn_junior_chapter_expansion_v1,local-ocr-derived: jianzisheng_cn_junior_grade9_batch3_v0; chapter=cn-junior-g9-quadratic-modeling; expansion=v1,Honors,Algebra Readiness,cn_quadratic_area_model,modeling;operation_selection,130,Chapter-level expansion from existing cleaned Jian Zi Sheng junior OCR coverage signals. Project-native original-equivalent variants; no direct textbook exercise text is reproduced.,zh,CN,CN,中文校内,初中,production
jianzisheng_cn_junior_chapter_expansion_v1_cn-junior-g9-quadratic-modeling_002,方程 x^2-2x-8=0 的两个根是多少？,-2或4,multiple_choice,A:2或-4|B:2|C:-8|D:-1或5|E:-2或4,4,alg_quadratics;geo_area;prealg_word_to_equation,quadratic_modeling;area_model,rectangle_fence_model;optimization_readiness,perimeter_area_confusion;missing_wall_constraint,该方程可分解为 (x--2)(x-4)=0，所以 x=-2 或 x=4。,CN Junior High Math,二次函数,cn-junior-g9-quadratic-modeling,九年级：二次函数应用模型,25321,jianzisheng_cn_junior_chapter_expansion_v1,local-ocr-derived: jianzisheng_cn_junior_grade9_batch3_v0; chapter=cn-junior-g9-quadratic-modeling; expansion=v1,Honors,Algebra Readiness,cn_quadratic_area_model,modeling;operation_selection,130,Chapter-level expansion from existing cleaned Jian Zi Sheng junior OCR coverage signals. Project-native original-equivalent variants; no direct textbook exercise text is reproduced.,zh,CN,CN,中文校内,初中,production
jianzisheng_cn_junior_chapter_expansion_v1_cn-junior-g9-quadratic-modeling_003,方程 x^2-5x-6=0 的两个根是多少？,-1或6,multiple_choice,A:5|B:-6|C:0或7|D:-1或6|E:1或-6,4,alg_quadratics;geo_area;prealg_word_to_equation,quadratic_modeling;area_model,rectangle_fence_model;optimization_readiness,perimeter_area_confusion;missing_wall_constraint,该方程可分解为 (x--1)(x-6)=0，所以 x=-1 或 x=6。,CN Junior High Math,二次函数,cn-junior-g9-quadratic-modeling,九年级：二次函数应用模型,25322,jianzisheng_cn_junior_chapter_expansion_v1,local-ocr-derived: jianzisheng_cn_junior_grade9_batch3_v0; chapter=cn-junior-g9-quadratic-modeling; expansion=v1,Honors,Algebra Readiness,cn_quadratic_area_model,modeling;operation_selection,130,Chapter-level expansion from existing cleaned Jian Zi Sheng junior OCR coverage signals. Project-native original-equivalent variants; no direct textbook exercise text is reproduced.,zh,CN,CN,中文校内,初中,production
jianzisheng_cn_junior_chapter_expansion_v1_cn-junior-g9-quadratic-modeling_004,方程 x^2-3x+0=0 的两个根是多少？,0或3,multiple_choice,A:0|B:1或4|C:0或3|D:0或-3|E:3,4,alg_quadratics;geo_area;prealg_word_to_equation,quadratic_modeling;area_model,rectangle_fence_model;optimization_readiness,perimeter_area_confusion;missing_wall_constraint,该方程可分解为 (x-0)(x-3)=0，所以 x=0 或 x=3。,CN Junior High Math,二次函数,cn-junior-g9-quadratic-modeling,九年级：二次函数应用模型,25323,jianzisheng_cn_junior_chapter_expansion_v1,local-ocr-derived: jianzisheng_cn_junior_grade9_batch3_v0; chapter=cn-junior-g9-quadratic-modeling; expansion=v1,Honors,Algebra Readiness,cn_quadratic_area_model,modeling;operation_selection,130,Chapter-level expansion from existing cleaned Jian Zi Sheng junior OCR coverage signals. Project-native original-equivalent variants; no direct textbook exercise text is reproduced.,zh,CN,CN,中文校内,初中,production
jianzisheng_cn_junior_chapter_expansion_v1_cn-junior-g9-quadratic-modeling_005,方程 x^2-6x+5=0 的两个根是多少？,1或5,multiple_choice,A:2或6|B:1或5|C:-1或-5|D:6|E:5,4,alg_quadratics;geo_area;prealg_word_to_equation,quadratic_modeling;area_model,rectangle_fence_model;optimization_readiness,perimeter_area_confusion;missing_wall_constraint,该方程可分解为 (x-1)(x-5)=0，所以 x=1 或 x=5。,CN Junior High Math,二次函数,cn-junior-g9-quadratic-modeling,九年级：二次函数应用模型,25324,jianzisheng_cn_junior_chapter_expansion_v1,local-ocr-derived: jianzisheng_cn_junior_grade9_batch3_v0; chapter=cn-junior-g9-quadratic-modeling; expansion=v1,Honors,Algebra Readiness,cn_quadratic_area_model,modeling;operation_selection,130,Chapter-level expansion from existing cleaned Jian Zi Sheng junior OCR coverage signals. Project-native original-equivalent variants; no direct textbook exercise text is reproduced.,zh,CN,CN,中文校内,初中,production
jianzisheng_cn_junior_chapter_expansion_v1_cn-junior-g9-quadratic-modeling_006,方程 x^2-9x+14=0 的两个根是多少？,2或7,multiple_choice,A:2或7|B:-2或-7|C:9|D:14|E:3或8,4,alg_quadratics;geo_area;prealg_word_to_equation,quadratic_modeling;area_model,rectangle_fence_model;optimization_readiness,perimeter_area_confusion;missing_wall_constraint,该方程可分解为 (x-2)(x-7)=0，所以 x=2 或 x=7。,CN Junior High Math,二次函数,cn-junior-g9-quadratic-modeling,九年级：二次函数应用模型,25325,jianzisheng_cn_junior_chapter_expansion_v1,local-ocr-derived: jianzisheng_cn_junior_grade9_batch3_v0; chapter=cn-junior-g9-quadratic-modeling; expansion=v1,Honors,Algebra Readiness,cn_quadratic_area_model,modeling;operation_selection,130,Chapter-level expansion from existing cleaned Jian Zi Sheng junior OCR coverage signals. Project-native original-equivalent variants; no direct textbook exercise text is reproduced.,zh,CN,CN,中文校内,初中,production
jianzisheng_cn_junior_chapter_expansion_v1_cn-junior-g9-quadratic-modeling_007,方程 x^2-12x+27=0 的两个根是多少？,3或9,multiple_choice,A:-3或-9|B:12|C:27|D:4或10|E:3或9,4,alg_quadratics;geo_area;prealg_word_to_equation,quadratic_modeling;area_model,rectangle_fence_model;optimization_readiness,perimeter_area_confusion;missing_wall_constraint,该方程可分解为 (x-3)(x-9)=0，所以 x=3 或 x=9。,CN Junior High Math,二次函数,cn-junior-g9-quadratic-modeling,九年级：二次函数应用模型,25326,jianzisheng_cn_junior_chapter_expansion_v1,local-ocr-derived: jianzisheng_cn_junior_grade9_batch3_v0; chapter=cn-junior-g9-quadratic-modeling; expansion=v1,Honors,Algebra Readiness,cn_quadratic_area_model,modeling;operation_selection,130,Chapter-level expansion from existing cleaned Jian Zi Sheng junior OCR coverage signals. Project-native original-equivalent variants; no direct textbook exercise text is reproduced.,zh,CN,CN,中文校内,初中,production
jianzisheng_cn_junior_chapter_expansion_v1_cn-junior-g9-quadratic-modeling_008,方程 x^2-1x-12=0 的两个根是多少？,-3或4,multiple_choice,A:1|B:-12|C:-2或5|D:-3或4|E:3或-4,4,alg_quadratics;geo_area;prealg_word_to_equation,quadratic_modeling;area_model,rectangle_fence_model;optimization_readiness,perimeter_area_confusion;missing_wall_constraint,该方程可分解为 (x--3)(x-4)=0，所以 x=-3 或 x=4。,CN Junior High Math,二次函数,cn-junior-g9-quadratic-modeling,九年级：二次函数应用模型,25327,jianzisheng_cn_junior_chapter_expansion_v1,local-ocr-derived: jianzisheng_cn_junior_grade9_batch3_v0; chapter=cn-junior-g9-quadratic-modeling; expansion=v1,Honors,Algebra Readiness,cn_quadratic_area_model,modeling;operation_selection,130,Chapter-level expansion from existing cleaned Jian Zi Sheng junior OCR coverage signals. Project-native original-equivalent variants; no direct textbook exercise text is reproduced.,zh,CN,CN,中文校内,初中,production
jianzisheng_cn_junior_chapter_expansion_v1_cn-junior-g9-quadratic-modeling_009,方程 x^2+1x-2=0 的两个根是多少？,-2或1,multiple_choice,A:-2|B:-1或2|C:-2或1|D:2或-1|E:-1,4,alg_quadratics;geo_area;prealg_word_to_equation,quadratic_modeling;area_model,rectangle_fence_model;optimization_readiness,perimeter_area_confusion;missing_wall_constraint,该方程可分解为 (x--2)(x-1)=0，所以 x=-2 或 x=1。,CN Junior High Math,二次函数,cn-junior-g9-quadratic-modeling,九年级：二次函数应用模型,25328,jianzisheng_cn_junior_chapter_expansion_v1,local-ocr-derived: jianzisheng_cn_junior_grade9_batch3_v0; chapter=cn-junior-g9-quadratic-modeling; expansion=v1,Honors,Algebra Readiness,cn_quadratic_area_model,modeling;operation_selection,130,Chapter-level expansion from existing cleaned Jian Zi Sheng junior OCR coverage signals. Project-native original-equivalent variants; no direct textbook exercise text is reproduced.,zh,CN,CN,中文校内,初中,production
jianzisheng_cn_junior_chapter_expansion_v1_cn-junior-g9-quadratic-modeling_010,方程 x^2-2x-3=0 的两个根是多少？,-1或3,multiple_choice,A:0或4|B:-1或3|C:1或-3|D:2|E:-3,4,alg_quadratics;geo_area;prealg_word_to_equation,quadratic_modeling;area_model,rectangle_fence_model;optimization_readiness,perimeter_area_confusion;missing_wall_constraint,该方程可分解为 (x--1)(x-3)=0，所以 x=-1 或 x=3。,CN Junior High Math,二次函数,cn-junior-g9-quadratic-modeling,九年级：二次函数应用模型,25329,jianzisheng_cn_junior_chapter_expansion_v1,local-ocr-derived: jianzisheng_cn_junior_grade9_batch3_v0; chapter=cn-junior-g9-quadratic-modeling; expansion=v1,Honors,Algebra Readiness,cn_quadratic_area_model,modeling;operation_selection,130,Chapter-level expansion from existing cleaned Jian Zi Sheng junior OCR coverage signals. Project-native original-equivalent variants; no direct textbook exercise text is reproduced.,zh,CN,CN,中文校内,初中,production
jianzisheng_cn_junior_chapter_expansion_v1_cn-junior-g9-quadratic-modeling_011,方程 x^2-5x+0=0 的两个根是多少？,0或5,multiple_choice,A:0或5|B:0或-5|C:5|D:0|E:1或6,4,alg_quadratics;geo_area;prealg_word_to_equation,quadratic_modeling;area_model,rectangle_fence_model;optimization_readiness,perimeter_area_confusion;missing_wall_constraint,该方程可分解为 (x-0)(x-5)=0，所以 x=0 或 x=5。,CN Junior High Math,二次函数,cn-junior-g9-quadratic-modeling,九年级：二次函数应用模型,25330,jianzisheng_cn_junior_chapter_expansion_v1,local-ocr-derived: jianzisheng_cn_junior_grade9_batch3_v0; chapter=cn-junior-g9-quadratic-modeling; expansion=v1,Honors,Algebra Readiness,cn_quadratic_area_model,modeling;operation_selection,130,Chapter-level expansion from existing cleaned Jian Zi Sheng junior OCR coverage signals. Project-native original-equivalent variants; no direct textbook exercise text is reproduced.,zh,CN,CN,中文校内,初中,production
jianzisheng_cn_junior_chapter_expansion_v1_cn-junior-g9-quadratic-modeling_012,方程 x^2-8x+7=0 的两个根是多少？,1或7,multiple_choice,A:-1或-7|B:8|C:7|D:2或8|E:1或7,4,alg_quadratics;geo_area;prealg_word_to_equation,quadratic_modeling;area_model,rectangle_fence_model;optimization_readiness,perimeter_area_confusion;missing_wall_constraint,该方程可分解为 (x-1)(x-7)=0，所以 x=1 或 x=7。,CN Junior High Math,二次函数,cn-junior-g9-quadratic-modeling,九年级：二次函数应用模型,25331,jianzisheng_cn_junior_chapter_expansion_v1,local-ocr-derived: jianzisheng_cn_junior_grade9_batch3_v0; chapter=cn-junior-g9-quadratic-modeling; expansion=v1,Honors,Algebra Readiness,cn_quadratic_area_model,modeling;operation_selection,130,Chapter-level expansion from existing cleaned Jian Zi Sheng junior OCR coverage signals. Project-native original-equivalent variants; no direct textbook exercise text is reproduced.,zh,CN,CN,中文校内,初中,production
jianzisheng_cn_junior_chapter_expansion_v1_cn-junior-g9-quadratic-modeling_013,方程 x^2-11x+18=0 的两个根是多少？,2或9,multiple_choice,A:11|B:18|C:3或10|D:2或9|E:-2或-9,4,alg_quadratics;geo_area;prealg_word_to_equation,quadratic_modeling;area_model,rectangle_fence_model;optimization_readiness,perimeter_area_confusion;missing_wall_constraint,该方程可分解为 (x-2)(x-9)=0，所以 x=2 或 x=9。,CN Junior High Math,二次函数,cn-junior-g9-quadratic-modeling,九年级：二次函数应用模型,25332,jianzisheng_cn_junior_chapter_expansion_v1,local-ocr-derived: jianzisheng_cn_junior_grade9_batch3_v0; chapter=cn-junior-g9-quadratic-modeling; expansion=v1,Honors,Algebra Readiness,cn_quadratic_area_model,modeling;operation_selection,130,Chapter-level expansion from existing cleaned Jian Zi Sheng junior OCR coverage signals. Project-native original-equivalent variants; no direct textbook exercise text is reproduced.,zh,CN,CN,中文校内,初中,production
jianzisheng_cn_junior_chapter_expansion_v1_cn-junior-g9-quadratic-modeling_014,方程 x^2-9x+18=0 的两个根是多少？,3或6,multiple_choice,A:18|B:4或7|C:3或6|D:-3或-6|E:9,4,alg_quadratics;geo_area;prealg_word_to_equation,quadratic_modeling;area_model,rectangle_fence_model;optimization_readiness,perimeter_area_confusion;missing_wall_constraint,该方程可分解为 (x-3)(x-6)=0，所以 x=3 或 x=6。,CN Junior High Math,二次函数,cn-junior-g9-quadratic-modeling,九年级：二次函数应用模型,25333,jianzisheng_cn_junior_chapter_expansion_v1,local-ocr-derived: jianzisheng_cn_junior_grade9_batch3_v0; chapter=cn-junior-g9-quadratic-modeling; expansion=v1,Honors,Algebra Readiness,cn_quadratic_area_model,modeling;operation_selection,130,Chapter-level expansion from existing cleaned Jian Zi Sheng junior OCR coverage signals. Project-native original-equivalent variants; no direct textbook exercise text is reproduced.,zh,CN,CN,中文校内,初中,production
jianzisheng_cn_junior_chapter_expansion_v1_cn-junior-g9-arc-length_001,半径为 11 的圆中，圆心角为 180° 的弧长是多少？,11π,multiple_choice,A:11π|B:22π|C:121π|D:90|E:11π+5,4,geo_arc_length;geo_circles,arc_length;fraction_of_circumference,sector_fraction;circle_measurement,circumference_full_circle_error;degree_fraction_error,弧长=2πr×圆心角/360°，所以弧长为 11π。,CN Junior High Math,圆,cn-junior-g9-arc-length,九年级：弧长,25340,jianzisheng_cn_junior_chapter_expansion_v1,local-ocr-derived: jianzisheng_cn_junior_grade9_batch3_v0; chapter=cn-junior-g9-arc-length; expansion=v1,Honors,AMC8 Transfer,cn_circle_arc_length,formula_selection;fraction_reasoning,130,Chapter-level expansion from existing cleaned Jian Zi Sheng junior OCR coverage signals. Project-native original-equivalent variants; no direct textbook exercise text is reproduced.,zh,CN,CN,中文校内,初中,production
jianzisheng_cn_junior_chapter_expansion_v1_cn-junior-g9-arc-length_002,半径为 12 的圆中，圆心角为 60° 的弧长是多少？,4π,multiple_choice,A:24π|B:144π|C:12π|D:30|E:4π,4,geo_arc_length;geo_circles,arc_length;fraction_of_circumference,sector_fraction;circle_measurement,circumference_full_circle_error;degree_fraction_error,弧长=2πr×圆心角/360°，所以弧长为 4π。,CN Junior High Math,圆,cn-junior-g9-arc-length,九年级：弧长,25341,jianzisheng_cn_junior_chapter_expansion_v1,local-ocr-derived: jianzisheng_cn_junior_grade9_batch3_v0; chapter=cn-junior-g9-arc-length; expansion=v1,Honors,AMC8 Transfer,cn_circle_arc_length,formula_selection;fraction_reasoning,130,Chapter-level expansion from existing cleaned Jian Zi Sheng junior OCR coverage signals. Project-native original-equivalent variants; no direct textbook exercise text is reproduced.,zh,CN,CN,中文校内,初中,production
jianzisheng_cn_junior_chapter_expansion_v1_cn-junior-g9-arc-length_003,半径为 4 的圆中，圆心角为 90° 的弧长是多少？,2π,multiple_choice,A:16π|B:4π|C:45|D:2π|E:8π,4,geo_arc_length;geo_circles,arc_length;fraction_of_circumference,sector_fraction;circle_measurement,circumference_full_circle_error;degree_fraction_error,弧长=2πr×圆心角/360°，所以弧长为 2π。,CN Junior High Math,圆,cn-junior-g9-arc-length,九年级：弧长,25342,jianzisheng_cn_junior_chapter_expansion_v1,local-ocr-derived: jianzisheng_cn_junior_grade9_batch3_v0; chapter=cn-junior-g9-arc-length; expansion=v1,Honors,AMC8 Transfer,cn_circle_arc_length,formula_selection;fraction_reasoning,130,Chapter-level expansion from existing cleaned Jian Zi Sheng junior OCR coverage signals. Project-native original-equivalent variants; no direct textbook exercise text is reproduced.,zh,CN,CN,中文校内,初中,production
jianzisheng_cn_junior_chapter_expansion_v1_cn-junior-g9-arc-length_004,半径为 5 的圆中，圆心角为 120° 的弧长是多少？,10/3π,multiple_choice,A:5π|B:60|C:10/3π|D:10π|E:25π,4,geo_arc_length;geo_circles,arc_length;fraction_of_circumference,sector_fraction;circle_measurement,circumference_full_circle_error;degree_fraction_error,弧长=2πr×圆心角/360°，所以弧长为 10/3π。,CN Junior High Math,圆,cn-junior-g9-arc-length,九年级：弧长,25343,jianzisheng_cn_junior_chapter_expansion_v1,local-ocr-derived: jianzisheng_cn_junior_grade9_batch3_v0; chapter=cn-junior-g9-arc-length; expansion=v1,Honors,AMC8 Transfer,cn_circle_arc_length,formula_selection;fraction_reasoning,130,Chapter-level expansion from existing cleaned Jian Zi Sheng junior OCR coverage signals. Project-native original-equivalent variants; no direct textbook exercise text is reproduced.,zh,CN,CN,中文校内,初中,production
jianzisheng_cn_junior_chapter_expansion_v1_cn-junior-g9-arc-length_005,半径为 6 的圆中，圆心角为 180° 的弧长是多少？,6π,multiple_choice,A:6π+5|B:6π|C:12π|D:36π|E:90,4,geo_arc_length;geo_circles,arc_length;fraction_of_circumference,sector_fraction;circle_measurement,circumference_full_circle_error;degree_fraction_error,弧长=2πr×圆心角/360°，所以弧长为 6π。,CN Junior High Math,圆,cn-junior-g9-arc-length,九年级：弧长,25344,jianzisheng_cn_junior_chapter_expansion_v1,local-ocr-derived: jianzisheng_cn_junior_grade9_batch3_v0; chapter=cn-junior-g9-arc-length; expansion=v1,Honors,AMC8 Transfer,cn_circle_arc_length,formula_selection;fraction_reasoning,130,Chapter-level expansion from existing cleaned Jian Zi Sheng junior OCR coverage signals. Project-native original-equivalent variants; no direct textbook exercise text is reproduced.,zh,CN,CN,中文校内,初中,production
jianzisheng_cn_junior_chapter_expansion_v1_cn-junior-g9-arc-length_006,半径为 7 的圆中，圆心角为 60° 的弧长是多少？,7/3π,multiple_choice,A:7/3π|B:14π|C:49π|D:7π|E:30,4,geo_arc_length;geo_circles,arc_length;fraction_of_circumference,sector_fraction;circle_measurement,circumference_full_circle_error;degree_fraction_error,弧长=2πr×圆心角/360°，所以弧长为 7/3π。,CN Junior High Math,圆,cn-junior-g9-arc-length,九年级：弧长,25345,jianzisheng_cn_junior_chapter_expansion_v1,local-ocr-derived: jianzisheng_cn_junior_grade9_batch3_v0; chapter=cn-junior-g9-arc-length; expansion=v1,Honors,AMC8 Transfer,cn_circle_arc_length,formula_selection;fraction_reasoning,130,Chapter-level expansion from existing cleaned Jian Zi Sheng junior OCR coverage signals. Project-native original-equivalent variants; no direct textbook exercise text is reproduced.,zh,CN,CN,中文校内,初中,production
jianzisheng_cn_junior_chapter_expansion_v1_cn-junior-g9-arc-length_007,半径为 8 的圆中，圆心角为 90° 的弧长是多少？,4π,multiple_choice,A:16π|B:64π|C:8π|D:45|E:4π,4,geo_arc_length;geo_circles,arc_length;fraction_of_circumference,sector_fraction;circle_measurement,circumference_full_circle_error;degree_fraction_error,弧长=2πr×圆心角/360°，所以弧长为 4π。,CN Junior High Math,圆,cn-junior-g9-arc-length,九年级：弧长,25346,jianzisheng_cn_junior_chapter_expansion_v1,local-ocr-derived: jianzisheng_cn_junior_grade9_batch3_v0; chapter=cn-junior-g9-arc-length; expansion=v1,Honors,AMC8 Transfer,cn_circle_arc_length,formula_selection;fraction_reasoning,130,Chapter-level expansion from existing cleaned Jian Zi Sheng junior OCR coverage signals. Project-native original-equivalent variants; no direct textbook exercise text is reproduced.,zh,CN,CN,中文校内,初中,production
jianzisheng_cn_junior_chapter_expansion_v1_cn-junior-g9-arc-length_008,半径为 9 的圆中，圆心角为 120° 的弧长是多少？,6π,multiple_choice,A:81π|B:9π|C:60|D:6π|E:18π,4,geo_arc_length;geo_circles,arc_length;fraction_of_circumference,sector_fraction;circle_measurement,circumference_full_circle_error;degree_fraction_error,弧长=2πr×圆心角/360°，所以弧长为 6π。,CN Junior High Math,圆,cn-junior-g9-arc-length,九年级：弧长,25347,jianzisheng_cn_junior_chapter_expansion_v1,local-ocr-derived: jianzisheng_cn_junior_grade9_batch3_v0; chapter=cn-junior-g9-arc-length; expansion=v1,Honors,AMC8 Transfer,cn_circle_arc_length,formula_selection;fraction_reasoning,130,Chapter-level expansion from existing cleaned Jian Zi Sheng junior OCR coverage signals. Project-native original-equivalent variants; no direct textbook exercise text is reproduced.,zh,CN,CN,中文校内,初中,production
jianzisheng_cn_junior_chapter_expansion_v1_cn-junior-g9-arc-length_009,半径为 10 的圆中，圆心角为 180° 的弧长是多少？,10π,multiple_choice,A:90|B:10π+5|C:10π|D:20π|E:100π,4,geo_arc_length;geo_circles,arc_length;fraction_of_circumference,sector_fraction;circle_measurement,circumference_full_circle_error;degree_fraction_error,弧长=2πr×圆心角/360°，所以弧长为 10π。,CN Junior High Math,圆,cn-junior-g9-arc-length,九年级：弧长,25348,jianzisheng_cn_junior_chapter_expansion_v1,local-ocr-derived: jianzisheng_cn_junior_grade9_batch3_v0; chapter=cn-junior-g9-arc-length; expansion=v1,Honors,AMC8 Transfer,cn_circle_arc_length,formula_selection;fraction_reasoning,130,Chapter-level expansion from existing cleaned Jian Zi Sheng junior OCR coverage signals. Project-native original-equivalent variants; no direct textbook exercise text is reproduced.,zh,CN,CN,中文校内,初中,production
jianzisheng_cn_junior_chapter_expansion_v1_cn-junior-g9-arc-length_010,半径为 11 的圆中，圆心角为 60° 的弧长是多少？,11/3π,multiple_choice,A:30|B:11/3π|C:22π|D:121π|E:11π,4,geo_arc_length;geo_circles,arc_length;fraction_of_circumference,sector_fraction;circle_measurement,circumference_full_circle_error;degree_fraction_error,弧长=2πr×圆心角/360°，所以弧长为 11/3π。,CN Junior High Math,圆,cn-junior-g9-arc-length,九年级：弧长,25349,jianzisheng_cn_junior_chapter_expansion_v1,local-ocr-derived: jianzisheng_cn_junior_grade9_batch3_v0; chapter=cn-junior-g9-arc-length; expansion=v1,Honors,AMC8 Transfer,cn_circle_arc_length,formula_selection;fraction_reasoning,130,Chapter-level expansion from existing cleaned Jian Zi Sheng junior OCR coverage signals. Project-native original-equivalent variants; no direct textbook exercise text is reproduced.,zh,CN,CN,中文校内,初中,production
jianzisheng_cn_junior_chapter_expansion_v1_cn-junior-g9-arc-length_011,半径为 12 的圆中，圆心角为 90° 的弧长是多少？,6π,multiple_choice,A:6π|B:24π|C:144π|D:12π|E:45,4,geo_arc_length;geo_circles,arc_length;fraction_of_circumference,sector_fraction;circle_measurement,circumference_full_circle_error;degree_fraction_error,弧长=2πr×圆心角/360°，所以弧长为 6π。,CN Junior High Math,圆,cn-junior-g9-arc-length,九年级：弧长,25350,jianzisheng_cn_junior_chapter_expansion_v1,local-ocr-derived: jianzisheng_cn_junior_grade9_batch3_v0; chapter=cn-junior-g9-arc-length; expansion=v1,Honors,AMC8 Transfer,cn_circle_arc_length,formula_selection;fraction_reasoning,130,Chapter-level expansion from existing cleaned Jian Zi Sheng junior OCR coverage signals. Project-native original-equivalent variants; no direct textbook exercise text is reproduced.,zh,CN,CN,中文校内,初中,production
jianzisheng_cn_junior_chapter_expansion_v1_cn-junior-g9-arc-length_012,半径为 4 的圆中，圆心角为 120° 的弧长是多少？,8/3π,multiple_choice,A:8π|B:16π|C:4π|D:60|E:8/3π,4,geo_arc_length;geo_circles,arc_length;fraction_of_circumference,sector_fraction;circle_measurement,circumference_full_circle_error;degree_fraction_error,弧长=2πr×圆心角/360°，所以弧长为 8/3π。,CN Junior High Math,圆,cn-junior-g9-arc-length,九年级：弧长,25351,jianzisheng_cn_junior_chapter_expansion_v1,local-ocr-derived: jianzisheng_cn_junior_grade9_batch3_v0; chapter=cn-junior-g9-arc-length; expansion=v1,Honors,AMC8 Transfer,cn_circle_arc_length,formula_selection;fraction_reasoning,130,Chapter-level expansion from existing cleaned Jian Zi Sheng junior OCR coverage signals. Project-native original-equivalent variants; no direct textbook exercise text is reproduced.,zh,CN,CN,中文校内,初中,production
jianzisheng_cn_junior_chapter_expansion_v1_cn-junior-g9-arc-length_013,半径为 5 的圆中，圆心角为 180° 的弧长是多少？,5π,multiple_choice,A:25π|B:90|C:5π+5|D:5π|E:10π,4,geo_arc_length;geo_circles,arc_length;fraction_of_circumference,sector_fraction;circle_measurement,circumference_full_circle_error;degree_fraction_error,弧长=2πr×圆心角/360°，所以弧长为 5π。,CN Junior High Math,圆,cn-junior-g9-arc-length,九年级：弧长,25352,jianzisheng_cn_junior_chapter_expansion_v1,local-ocr-derived: jianzisheng_cn_junior_grade9_batch3_v0; chapter=cn-junior-g9-arc-length; expansion=v1,Honors,AMC8 Transfer,cn_circle_arc_length,formula_selection;fraction_reasoning,130,Chapter-level expansion from existing cleaned Jian Zi Sheng junior OCR coverage signals. Project-native original-equivalent variants; no direct textbook exercise text is reproduced.,zh,CN,CN,中文校内,初中,production
jianzisheng_cn_junior_chapter_expansion_v1_cn-junior-g9-arc-length_014,半径为 6 的圆中，圆心角为 60° 的弧长是多少？,2π,multiple_choice,A:6π|B:30|C:2π|D:12π|E:36π,4,geo_arc_length;geo_circles,arc_length;fraction_of_circumference,sector_fraction;circle_measurement,circumference_full_circle_error;degree_fraction_error,弧长=2πr×圆心角/360°，所以弧长为 2π。,CN Junior High Math,圆,cn-junior-g9-arc-length,九年级：弧长,25353,jianzisheng_cn_junior_chapter_expansion_v1,local-ocr-derived: jianzisheng_cn_junior_grade9_batch3_v0; chapter=cn-junior-g9-arc-length; expansion=v1,Honors,AMC8 Transfer,cn_circle_arc_length,formula_selection;fraction_reasoning,130,Chapter-level expansion from existing cleaned Jian Zi Sheng junior OCR coverage signals. Project-native original-equivalent variants; no direct textbook exercise text is reproduced.,zh,CN,CN,中文校内,初中,production
jianzisheng_cn_junior_chapter_expansion_v1_cn-junior-g9-chord-distance_001,圆的半径为 8，切线段长为 15，则圆心到圆外点的距离是多少？,17,multiple_choice,A:17|B:23|C:7|D:18|E:15,5,geo_circles;geo_pythagorean,chord_distance;pythagorean_theorem,radius_chord_right_triangle;circle_geometry,forget_half_chord;subtract_lengths_error,半径与切线垂直，形成直角三角形，所以距离为 √(8^2+15^2)=17。,CN Junior High Math,圆,cn-junior-g9-chord-distance,九年级：垂径定理与弦,25360,jianzisheng_cn_junior_chapter_expansion_v1,local-ocr-derived: jianzisheng_cn_junior_grade9_batch3_v0; chapter=cn-junior-g9-chord-distance; expansion=v1,AMC8,AMC8 Transfer,cn_circle_chord_distance,geometric_reasoning;formula_selection,150,Chapter-level expansion from existing cleaned Jian Zi Sheng junior OCR coverage signals. Project-native original-equivalent variants; no direct textbook exercise text is reproduced.,zh,CN,CN,中文校内,初中,production
jianzisheng_cn_junior_chapter_expansion_v1_cn-junior-g9-chord-distance_002,圆的半径为 7，切线段长为 24，则圆心到圆外点的距离是多少？,25,multiple_choice,A:31|B:17|C:26|D:24|E:25,5,geo_circles;geo_pythagorean,chord_distance;pythagorean_theorem,radius_chord_right_triangle;circle_geometry,forget_half_chord;subtract_lengths_error,半径与切线垂直，形成直角三角形，所以距离为 √(7^2+24^2)=25。,CN Junior High Math,圆,cn-junior-g9-chord-distance,九年级：垂径定理与弦,25361,jianzisheng_cn_junior_chapter_expansion_v1,local-ocr-derived: jianzisheng_cn_junior_grade9_batch3_v0; chapter=cn-junior-g9-chord-distance; expansion=v1,AMC8,AMC8 Transfer,cn_circle_chord_distance,geometric_reasoning;formula_selection,150,Chapter-level expansion from existing cleaned Jian Zi Sheng junior OCR coverage signals. Project-native original-equivalent variants; no direct textbook exercise text is reproduced.,zh,CN,CN,中文校内,初中,production
jianzisheng_cn_junior_chapter_expansion_v1_cn-junior-g9-chord-distance_003,圆的半径为 9，切线段长为 12，则圆心到圆外点的距离是多少？,15,multiple_choice,A:3|B:16|C:12|D:15|E:21,5,geo_circles;geo_pythagorean,chord_distance;pythagorean_theorem,radius_chord_right_triangle;circle_geometry,forget_half_chord;subtract_lengths_error,半径与切线垂直，形成直角三角形，所以距离为 √(9^2+12^2)=15。,CN Junior High Math,圆,cn-junior-g9-chord-distance,九年级：垂径定理与弦,25362,jianzisheng_cn_junior_chapter_expansion_v1,local-ocr-derived: jianzisheng_cn_junior_grade9_batch3_v0; chapter=cn-junior-g9-chord-distance; expansion=v1,AMC8,AMC8 Transfer,cn_circle_chord_distance,geometric_reasoning;formula_selection,150,Chapter-level expansion from existing cleaned Jian Zi Sheng junior OCR coverage signals. Project-native original-equivalent variants; no direct textbook exercise text is reproduced.,zh,CN,CN,中文校内,初中,production
jianzisheng_cn_junior_chapter_expansion_v1_cn-junior-g9-chord-distance_004,圆的半径为 5，切线段长为 12，则圆心到圆外点的距离是多少？,13,multiple_choice,A:14|B:12|C:13|D:17|E:7,5,geo_circles;geo_pythagorean,chord_distance;pythagorean_theorem,radius_chord_right_triangle;circle_geometry,forget_half_chord;subtract_lengths_error,半径与切线垂直，形成直角三角形，所以距离为 √(5^2+12^2)=13。,CN Junior High Math,圆,cn-junior-g9-chord-distance,九年级：垂径定理与弦,25363,jianzisheng_cn_junior_chapter_expansion_v1,local-ocr-derived: jianzisheng_cn_junior_grade9_batch3_v0; chapter=cn-junior-g9-chord-distance; expansion=v1,AMC8,AMC8 Transfer,cn_circle_chord_distance,geometric_reasoning;formula_selection,150,Chapter-level expansion from existing cleaned Jian Zi Sheng junior OCR coverage signals. Project-native original-equivalent variants; no direct textbook exercise text is reproduced.,zh,CN,CN,中文校内,初中,production
jianzisheng_cn_junior_chapter_expansion_v1_cn-junior-g9-chord-distance_005,圆的半径为 6，切线段长为 8，则圆心到圆外点的距离是多少？,10,multiple_choice,A:8|B:10|C:14|D:2|E:11,5,geo_circles;geo_pythagorean,chord_distance;pythagorean_theorem,radius_chord_right_triangle;circle_geometry,forget_half_chord;subtract_lengths_error,半径与切线垂直，形成直角三角形，所以距离为 √(6^2+8^2)=10。,CN Junior High Math,圆,cn-junior-g9-chord-distance,九年级：垂径定理与弦,25364,jianzisheng_cn_junior_chapter_expansion_v1,local-ocr-derived: jianzisheng_cn_junior_grade9_batch3_v0; chapter=cn-junior-g9-chord-distance; expansion=v1,AMC8,AMC8 Transfer,cn_circle_chord_distance,geometric_reasoning;formula_selection,150,Chapter-level expansion from existing cleaned Jian Zi Sheng junior OCR coverage signals. Project-native original-equivalent variants; no direct textbook exercise text is reproduced.,zh,CN,CN,中文校内,初中,production
jianzisheng_cn_junior_chapter_expansion_v1_cn-junior-g9-chord-distance_006,圆的半径为 8，切线段长为 15，则圆心到圆外点的距离是多少？,17,multiple_choice,A:17|B:23|C:7|D:18|E:15,5,geo_circles;geo_pythagorean,chord_distance;pythagorean_theorem,radius_chord_right_triangle;circle_geometry,forget_half_chord;subtract_lengths_error,半径与切线垂直，形成直角三角形，所以距离为 √(8^2+15^2)=17。,CN Junior High Math,圆,cn-junior-g9-chord-distance,九年级：垂径定理与弦,25365,jianzisheng_cn_junior_chapter_expansion_v1,local-ocr-derived: jianzisheng_cn_junior_grade9_batch3_v0; chapter=cn-junior-g9-chord-distance; expansion=v1,AMC8,AMC8 Transfer,cn_circle_chord_distance,geometric_reasoning;formula_selection,150,Chapter-level expansion from existing cleaned Jian Zi Sheng junior OCR coverage signals. Project-native original-equivalent variants; no direct textbook exercise text is reproduced.,zh,CN,CN,中文校内,初中,production
jianzisheng_cn_junior_chapter_expansion_v1_cn-junior-g9-chord-distance_007,圆的半径为 7，切线段长为 24，则圆心到圆外点的距离是多少？,25,multiple_choice,A:31|B:17|C:26|D:24|E:25,5,geo_circles;geo_pythagorean,chord_distance;pythagorean_theorem,radius_chord_right_triangle;circle_geometry,forget_half_chord;subtract_lengths_error,半径与切线垂直，形成直角三角形，所以距离为 √(7^2+24^2)=25。,CN Junior High Math,圆,cn-junior-g9-chord-distance,九年级：垂径定理与弦,25366,jianzisheng_cn_junior_chapter_expansion_v1,local-ocr-derived: jianzisheng_cn_junior_grade9_batch3_v0; chapter=cn-junior-g9-chord-distance; expansion=v1,AMC8,AMC8 Transfer,cn_circle_chord_distance,geometric_reasoning;formula_selection,150,Chapter-level expansion from existing cleaned Jian Zi Sheng junior OCR coverage signals. Project-native original-equivalent variants; no direct textbook exercise text is reproduced.,zh,CN,CN,中文校内,初中,production
jianzisheng_cn_junior_chapter_expansion_v1_cn-junior-g9-chord-distance_008,圆的半径为 9，切线段长为 12，则圆心到圆外点的距离是多少？,15,multiple_choice,A:3|B:16|C:12|D:15|E:21,5,geo_circles;geo_pythagorean,chord_distance;pythagorean_theorem,radius_chord_right_triangle;circle_geometry,forget_half_chord;subtract_lengths_error,半径与切线垂直，形成直角三角形，所以距离为 √(9^2+12^2)=15。,CN Junior High Math,圆,cn-junior-g9-chord-distance,九年级：垂径定理与弦,25367,jianzisheng_cn_junior_chapter_expansion_v1,local-ocr-derived: jianzisheng_cn_junior_grade9_batch3_v0; chapter=cn-junior-g9-chord-distance; expansion=v1,AMC8,AMC8 Transfer,cn_circle_chord_distance,geometric_reasoning;formula_selection,150,Chapter-level expansion from existing cleaned Jian Zi Sheng junior OCR coverage signals. Project-native original-equivalent variants; no direct textbook exercise text is reproduced.,zh,CN,CN,中文校内,初中,production
jianzisheng_cn_junior_chapter_expansion_v1_cn-junior-g9-chord-distance_009,圆的半径为 5，切线段长为 12，则圆心到圆外点的距离是多少？,13,multiple_choice,A:14|B:12|C:13|D:17|E:7,5,geo_circles;geo_pythagorean,chord_distance;pythagorean_theorem,radius_chord_right_triangle;circle_geometry,forget_half_chord;subtract_lengths_error,半径与切线垂直，形成直角三角形，所以距离为 √(5^2+12^2)=13。,CN Junior High Math,圆,cn-junior-g9-chord-distance,九年级：垂径定理与弦,25368,jianzisheng_cn_junior_chapter_expansion_v1,local-ocr-derived: jianzisheng_cn_junior_grade9_batch3_v0; chapter=cn-junior-g9-chord-distance; expansion=v1,AMC8,AMC8 Transfer,cn_circle_chord_distance,geometric_reasoning;formula_selection,150,Chapter-level expansion from existing cleaned Jian Zi Sheng junior OCR coverage signals. Project-native original-equivalent variants; no direct textbook exercise text is reproduced.,zh,CN,CN,中文校内,初中,production
jianzisheng_cn_junior_chapter_expansion_v1_cn-junior-g9-chord-distance_010,圆的半径为 6，切线段长为 8，则圆心到圆外点的距离是多少？,10,multiple_choice,A:8|B:10|C:14|D:2|E:11,5,geo_circles;geo_pythagorean,chord_distance;pythagorean_theorem,radius_chord_right_triangle;circle_geometry,forget_half_chord;subtract_lengths_error,半径与切线垂直，形成直角三角形，所以距离为 √(6^2+8^2)=10。,CN Junior High Math,圆,cn-junior-g9-chord-distance,九年级：垂径定理与弦,25369,jianzisheng_cn_junior_chapter_expansion_v1,local-ocr-derived: jianzisheng_cn_junior_grade9_batch3_v0; chapter=cn-junior-g9-chord-distance; expansion=v1,AMC8,AMC8 Transfer,cn_circle_chord_distance,geometric_reasoning;formula_selection,150,Chapter-level expansion from existing cleaned Jian Zi Sheng junior OCR coverage signals. Project-native original-equivalent variants; no direct textbook exercise text is reproduced.,zh,CN,CN,中文校内,初中,production
jianzisheng_cn_junior_chapter_expansion_v1_cn-junior-g9-chord-distance_011,圆的半径为 8，切线段长为 15，则圆心到圆外点的距离是多少？,17,multiple_choice,A:17|B:23|C:7|D:18|E:15,5,geo_circles;geo_pythagorean,chord_distance;pythagorean_theorem,radius_chord_right_triangle;circle_geometry,forget_half_chord;subtract_lengths_error,半径与切线垂直，形成直角三角形，所以距离为 √(8^2+15^2)=17。,CN Junior High Math,圆,cn-junior-g9-chord-distance,九年级：垂径定理与弦,25370,jianzisheng_cn_junior_chapter_expansion_v1,local-ocr-derived: jianzisheng_cn_junior_grade9_batch3_v0; chapter=cn-junior-g9-chord-distance; expansion=v1,AMC8,AMC8 Transfer,cn_circle_chord_distance,geometric_reasoning;formula_selection,150,Chapter-level expansion from existing cleaned Jian Zi Sheng junior OCR coverage signals. Project-native original-equivalent variants; no direct textbook exercise text is reproduced.,zh,CN,CN,中文校内,初中,production
jianzisheng_cn_junior_chapter_expansion_v1_cn-junior-g9-chord-distance_012,圆的半径为 7，切线段长为 24，则圆心到圆外点的距离是多少？,25,multiple_choice,A:31|B:17|C:26|D:24|E:25,5,geo_circles;geo_pythagorean,chord_distance;pythagorean_theorem,radius_chord_right_triangle;circle_geometry,forget_half_chord;subtract_lengths_error,半径与切线垂直，形成直角三角形，所以距离为 √(7^2+24^2)=25。,CN Junior High Math,圆,cn-junior-g9-chord-distance,九年级：垂径定理与弦,25371,jianzisheng_cn_junior_chapter_expansion_v1,local-ocr-derived: jianzisheng_cn_junior_grade9_batch3_v0; chapter=cn-junior-g9-chord-distance; expansion=v1,AMC8,AMC8 Transfer,cn_circle_chord_distance,geometric_reasoning;formula_selection,150,Chapter-level expansion from existing cleaned Jian Zi Sheng junior OCR coverage signals. Project-native original-equivalent variants; no direct textbook exercise text is reproduced.,zh,CN,CN,中文校内,初中,production
jianzisheng_cn_junior_chapter_expansion_v1_cn-junior-g9-chord-distance_013,圆的半径为 9，切线段长为 12，则圆心到圆外点的距离是多少？,15,multiple_choice,A:3|B:16|C:12|D:15|E:21,5,geo_circles;geo_pythagorean,chord_distance;pythagorean_theorem,radius_chord_right_triangle;circle_geometry,forget_half_chord;subtract_lengths_error,半径与切线垂直，形成直角三角形，所以距离为 √(9^2+12^2)=15。,CN Junior High Math,圆,cn-junior-g9-chord-distance,九年级：垂径定理与弦,25372,jianzisheng_cn_junior_chapter_expansion_v1,local-ocr-derived: jianzisheng_cn_junior_grade9_batch3_v0; chapter=cn-junior-g9-chord-distance; expansion=v1,AMC8,AMC8 Transfer,cn_circle_chord_distance,geometric_reasoning;formula_selection,150,Chapter-level expansion from existing cleaned Jian Zi Sheng junior OCR coverage signals. Project-native original-equivalent variants; no direct textbook exercise text is reproduced.,zh,CN,CN,中文校内,初中,production
jianzisheng_cn_junior_chapter_expansion_v1_cn-junior-g9-chord-distance_014,圆的半径为 5，切线段长为 12，则圆心到圆外点的距离是多少？,13,multiple_choice,A:14|B:12|C:13|D:17|E:7,5,geo_circles;geo_pythagorean,chord_distance;pythagorean_theorem,radius_chord_right_triangle;circle_geometry,forget_half_chord;subtract_lengths_error,半径与切线垂直，形成直角三角形，所以距离为 √(5^2+12^2)=13。,CN Junior High Math,圆,cn-junior-g9-chord-distance,九年级：垂径定理与弦,25373,jianzisheng_cn_junior_chapter_expansion_v1,local-ocr-derived: jianzisheng_cn_junior_grade9_batch3_v0; chapter=cn-junior-g9-chord-distance; expansion=v1,AMC8,AMC8 Transfer,cn_circle_chord_distance,geometric_reasoning;formula_selection,150,Chapter-level expansion from existing cleaned Jian Zi Sheng junior OCR coverage signals. Project-native original-equivalent variants; no direct textbook exercise text is reproduced.,zh,CN,CN,中文校内,初中,production
jianzisheng_cn_junior_chapter_expansion_v1_cn-junior-g9-similarity-application_001,两个三角形相似。小三角形一边长为 3，对应的大三角形边长为 15。若小三角形另一边长为 9，则大三角形对应边长是多少？,45,multiple_choice,A:45|B:24|C:14|D:2|E:48,4,geo_similarity;arith_proportions,similarity_application;proportional_reasoning,shadow_similarity;real_world_ratio,additive_scaling_error;inverse_ratio_error,相似比为 5，所以对应边为 9×5=45。,CN Junior High Math,相似三角形,cn-junior-g9-similarity-application,九年级：相似三角形实际应用,25380,jianzisheng_cn_junior_chapter_expansion_v1,local-ocr-derived: jianzisheng_cn_junior_grade9_batch3_v0; chapter=cn-junior-g9-similarity-application; expansion=v1,Honors,AMC8 Transfer,cn_similarity_shadow_application,modeling;multiplicative_reasoning,130,Chapter-level expansion from existing cleaned Jian Zi Sheng junior OCR coverage signals. Project-native original-equivalent variants; no direct textbook exercise text is reproduced.,zh,CN,CN,中文校内,初中,production
jianzisheng_cn_junior_chapter_expansion_v1_cn-junior-g9-similarity-application_002,两个三角形相似。小三角形一边长为 4，对应的大三角形边长为 8。若小三角形另一边长为 11，则大三角形对应边长是多少？,22,multiple_choice,A:19|B:13|C:6|D:26|E:22,4,geo_similarity;arith_proportions,similarity_application;proportional_reasoning,shadow_similarity;real_world_ratio,additive_scaling_error;inverse_ratio_error,相似比为 2，所以对应边为 11×2=22。,CN Junior High Math,相似三角形,cn-junior-g9-similarity-application,九年级：相似三角形实际应用,25381,jianzisheng_cn_junior_chapter_expansion_v1,local-ocr-derived: jianzisheng_cn_junior_grade9_batch3_v0; chapter=cn-junior-g9-similarity-application; expansion=v1,Honors,AMC8 Transfer,cn_similarity_shadow_application,modeling;multiplicative_reasoning,130,Chapter-level expansion from existing cleaned Jian Zi Sheng junior OCR coverage signals. Project-native original-equivalent variants; no direct textbook exercise text is reproduced.,zh,CN,CN,中文校内,初中,production
jianzisheng_cn_junior_chapter_expansion_v1_cn-junior-g9-similarity-application_003,两个三角形相似。小三角形一边长为 5，对应的大三角形边长为 15。若小三角形另一边长为 4，则大三角形对应边长是多少？,12,multiple_choice,A:7|B:1|C:17|D:12|E:19,4,geo_similarity;arith_proportions,similarity_application;proportional_reasoning,shadow_similarity;real_world_ratio,additive_scaling_error;inverse_ratio_error,相似比为 3，所以对应边为 4×3=12。,CN Junior High Math,相似三角形,cn-junior-g9-similarity-application,九年级：相似三角形实际应用,25382,jianzisheng_cn_junior_chapter_expansion_v1,local-ocr-derived: jianzisheng_cn_junior_grade9_batch3_v0; chapter=cn-junior-g9-similarity-application; expansion=v1,Honors,AMC8 Transfer,cn_similarity_shadow_application,modeling;multiplicative_reasoning,130,Chapter-level expansion from existing cleaned Jian Zi Sheng junior OCR coverage signals. Project-native original-equivalent variants; no direct textbook exercise text is reproduced.,zh,CN,CN,中文校内,初中,production
jianzisheng_cn_junior_chapter_expansion_v1_cn-junior-g9-similarity-application_004,两个三角形相似。小三角形一边长为 6，对应的大三角形边长为 24。若小三角形另一边长为 6，则大三角形对应边长是多少？,24,multiple_choice,A:2|B:29|C:24|D:30|E:10,4,geo_similarity;arith_proportions,similarity_application;proportional_reasoning,shadow_similarity;real_world_ratio,additive_scaling_error;inverse_ratio_error,相似比为 4，所以对应边为 6×4=24。,CN Junior High Math,相似三角形,cn-junior-g9-similarity-application,九年级：相似三角形实际应用,25383,jianzisheng_cn_junior_chapter_expansion_v1,local-ocr-derived: jianzisheng_cn_junior_grade9_batch3_v0; chapter=cn-junior-g9-similarity-application; expansion=v1,Honors,AMC8 Transfer,cn_similarity_shadow_application,modeling;multiplicative_reasoning,130,Chapter-level expansion from existing cleaned Jian Zi Sheng junior OCR coverage signals. Project-native original-equivalent variants; no direct textbook exercise text is reproduced.,zh,CN,CN,中文校内,初中,production
jianzisheng_cn_junior_chapter_expansion_v1_cn-junior-g9-similarity-application_005,两个三角形相似。小三角形一边长为 7，对应的大三角形边长为 35。若小三角形另一边长为 8，则大三角形对应边长是多少？,40,multiple_choice,A:47|B:40|C:43|D:13|E:2,4,geo_similarity;arith_proportions,similarity_application;proportional_reasoning,shadow_similarity;real_world_ratio,additive_scaling_error;inverse_ratio_error,相似比为 5，所以对应边为 8×5=40。,CN Junior High Math,相似三角形,cn-junior-g9-similarity-application,九年级：相似三角形实际应用,25384,jianzisheng_cn_junior_chapter_expansion_v1,local-ocr-derived: jianzisheng_cn_junior_grade9_batch3_v0; chapter=cn-junior-g9-similarity-application; expansion=v1,Honors,AMC8 Transfer,cn_similarity_shadow_application,modeling;multiplicative_reasoning,130,Chapter-level expansion from existing cleaned Jian Zi Sheng junior OCR coverage signals. Project-native original-equivalent variants; no direct textbook exercise text is reproduced.,zh,CN,CN,中文校内,初中,production
jianzisheng_cn_junior_chapter_expansion_v1_cn-junior-g9-similarity-application_006,两个三角形相似。小三角形一边长为 8，对应的大三角形边长为 16。若小三角形另一边长为 10，则大三角形对应边长是多少？,20,multiple_choice,A:20|B:26|C:12|D:5|E:28,4,geo_similarity;arith_proportions,similarity_application;proportional_reasoning,shadow_similarity;real_world_ratio,additive_scaling_error;inverse_ratio_error,相似比为 2，所以对应边为 10×2=20。,CN Junior High Math,相似三角形,cn-junior-g9-similarity-application,九年级：相似三角形实际应用,25385,jianzisheng_cn_junior_chapter_expansion_v1,local-ocr-derived: jianzisheng_cn_junior_grade9_batch3_v0; chapter=cn-junior-g9-similarity-application; expansion=v1,Honors,AMC8 Transfer,cn_similarity_shadow_application,modeling;multiplicative_reasoning,130,Chapter-level expansion from existing cleaned Jian Zi Sheng junior OCR coverage signals. Project-native original-equivalent variants; no direct textbook exercise text is reproduced.,zh,CN,CN,中文校内,初中,production
jianzisheng_cn_junior_chapter_expansion_v1_cn-junior-g9-similarity-application_007,两个三角形相似。小三角形一边长为 9，对应的大三角形边长为 27。若小三角形另一边长为 12，则大三角形对应边长是多少？,36,multiple_choice,A:39|B:15|C:4|D:45|E:36,4,geo_similarity;arith_proportions,similarity_application;proportional_reasoning,shadow_similarity;real_world_ratio,additive_scaling_error;inverse_ratio_error,相似比为 3，所以对应边为 12×3=36。,CN Junior High Math,相似三角形,cn-junior-g9-similarity-application,九年级：相似三角形实际应用,25386,jianzisheng_cn_junior_chapter_expansion_v1,local-ocr-derived: jianzisheng_cn_junior_grade9_batch3_v0; chapter=cn-junior-g9-similarity-application; expansion=v1,Honors,AMC8 Transfer,cn_similarity_shadow_application,modeling;multiplicative_reasoning,130,Chapter-level expansion from existing cleaned Jian Zi Sheng junior OCR coverage signals. Project-native original-equivalent variants; no direct textbook exercise text is reproduced.,zh,CN,CN,中文校内,初中,production
jianzisheng_cn_junior_chapter_expansion_v1_cn-junior-g9-similarity-application_008,两个三角形相似。小三角形一边长为 3，对应的大三角形边长为 12。若小三角形另一边长为 5，则大三角形对应边长是多少？,20,multiple_choice,A:9|B:1|C:23|D:20|E:17,4,geo_similarity;arith_proportions,similarity_application;proportional_reasoning,shadow_similarity;real_world_ratio,additive_scaling_error;inverse_ratio_error,相似比为 4，所以对应边为 5×4=20。,CN Junior High Math,相似三角形,cn-junior-g9-similarity-application,九年级：相似三角形实际应用,25387,jianzisheng_cn_junior_chapter_expansion_v1,local-ocr-derived: jianzisheng_cn_junior_grade9_batch3_v0; chapter=cn-junior-g9-similarity-application; expansion=v1,Honors,AMC8 Transfer,cn_similarity_shadow_application,modeling;multiplicative_reasoning,130,Chapter-level expansion from existing cleaned Jian Zi Sheng junior OCR coverage signals. Project-native original-equivalent variants; no direct textbook exercise text is reproduced.,zh,CN,CN,中文校内,初中,production
jianzisheng_cn_junior_chapter_expansion_v1_cn-junior-g9-similarity-application_009,两个三角形相似。小三角形一边长为 4，对应的大三角形边长为 20。若小三角形另一边长为 7，则大三角形对应边长是多少？,35,multiple_choice,A:1|B:39|C:35|D:27|E:12,4,geo_similarity;arith_proportions,similarity_application;proportional_reasoning,shadow_similarity;real_world_ratio,additive_scaling_error;inverse_ratio_error,相似比为 5，所以对应边为 7×5=35。,CN Junior High Math,相似三角形,cn-junior-g9-similarity-application,九年级：相似三角形实际应用,25388,jianzisheng_cn_junior_chapter_expansion_v1,local-ocr-derived: jianzisheng_cn_junior_grade9_batch3_v0; chapter=cn-junior-g9-similarity-application; expansion=v1,Honors,AMC8 Transfer,cn_similarity_shadow_application,modeling;multiplicative_reasoning,130,Chapter-level expansion from existing cleaned Jian Zi Sheng junior OCR coverage signals. Project-native original-equivalent variants; no direct textbook exercise text is reproduced.,zh,CN,CN,中文校内,初中,production
jianzisheng_cn_junior_chapter_expansion_v1_cn-junior-g9-similarity-application_010,两个三角形相似。小三角形一边长为 5，对应的大三角形边长为 10。若小三角形另一边长为 9，则大三角形对应边长是多少？,18,multiple_choice,A:23|B:18|C:19|D:11|E:5,4,geo_similarity;arith_proportions,similarity_application;proportional_reasoning,shadow_similarity;real_world_ratio,additive_scaling_error;inverse_ratio_error,相似比为 2，所以对应边为 9×2=18。,CN Junior High Math,相似三角形,cn-junior-g9-similarity-application,九年级：相似三角形实际应用,25389,jianzisheng_cn_junior_chapter_expansion_v1,local-ocr-derived: jianzisheng_cn_junior_grade9_batch3_v0; chapter=cn-junior-g9-similarity-application; expansion=v1,Honors,AMC8 Transfer,cn_similarity_shadow_application,modeling;multiplicative_reasoning,130,Chapter-level expansion from existing cleaned Jian Zi Sheng junior OCR coverage signals. Project-native original-equivalent variants; no direct textbook exercise text is reproduced.,zh,CN,CN,中文校内,初中,production
jianzisheng_cn_junior_chapter_expansion_v1_cn-junior-g9-similarity-application_011,两个三角形相似。小三角形一边长为 6，对应的大三角形边长为 18。若小三角形另一边长为 11，则大三角形对应边长是多少？,33,multiple_choice,A:33|B:29|C:14|D:4|E:39,4,geo_similarity;arith_proportions,similarity_application;proportional_reasoning,shadow_similarity;real_world_ratio,additive_scaling_error;inverse_ratio_error,相似比为 3，所以对应边为 11×3=33。,CN Junior High Math,相似三角形,cn-junior-g9-similarity-application,九年级：相似三角形实际应用,25390,jianzisheng_cn_junior_chapter_expansion_v1,local-ocr-derived: jianzisheng_cn_junior_grade9_batch3_v0; chapter=cn-junior-g9-similarity-application; expansion=v1,Honors,AMC8 Transfer,cn_similarity_shadow_application,modeling;multiplicative_reasoning,130,Chapter-level expansion from existing cleaned Jian Zi Sheng junior OCR coverage signals. Project-native original-equivalent variants; no direct textbook exercise text is reproduced.,zh,CN,CN,中文校内,初中,production
jianzisheng_cn_junior_chapter_expansion_v1_cn-junior-g9-similarity-application_012,两个三角形相似。小三角形一边长为 7，对应的大三角形边长为 28。若小三角形另一边长为 4，则大三角形对应边长是多少？,16,multiple_choice,A:32|B:8|C:1|D:23|E:16,4,geo_similarity;arith_proportions,similarity_application;proportional_reasoning,shadow_similarity;real_world_ratio,additive_scaling_error;inverse_ratio_error,相似比为 4，所以对应边为 4×4=16。,CN Junior High Math,相似三角形,cn-junior-g9-similarity-application,九年级：相似三角形实际应用,25391,jianzisheng_cn_junior_chapter_expansion_v1,local-ocr-derived: jianzisheng_cn_junior_grade9_batch3_v0; chapter=cn-junior-g9-similarity-application; expansion=v1,Honors,AMC8 Transfer,cn_similarity_shadow_application,modeling;multiplicative_reasoning,130,Chapter-level expansion from existing cleaned Jian Zi Sheng junior OCR coverage signals. Project-native original-equivalent variants; no direct textbook exercise text is reproduced.,zh,CN,CN,中文校内,初中,production
jianzisheng_cn_junior_chapter_expansion_v1_cn-junior-g9-similarity-application_013,两个三角形相似。小三角形一边长为 8，对应的大三角形边长为 40。若小三角形另一边长为 6，则大三角形对应边长是多少？,30,multiple_choice,A:11|B:1|C:38|D:30|E:46,4,geo_similarity;arith_proportions,similarity_application;proportional_reasoning,shadow_similarity;real_world_ratio,additive_scaling_error;inverse_ratio_error,相似比为 5，所以对应边为 6×5=30。,CN Junior High Math,相似三角形,cn-junior-g9-similarity-application,九年级：相似三角形实际应用,25392,jianzisheng_cn_junior_chapter_expansion_v1,local-ocr-derived: jianzisheng_cn_junior_grade9_batch3_v0; chapter=cn-junior-g9-similarity-application; expansion=v1,Honors,AMC8 Transfer,cn_similarity_shadow_application,modeling;multiplicative_reasoning,130,Chapter-level expansion from existing cleaned Jian Zi Sheng junior OCR coverage signals. Project-native original-equivalent variants; no direct textbook exercise text is reproduced.,zh,CN,CN,中文校内,初中,production
jianzisheng_cn_junior_chapter_expansion_v1_cn-junior-g9-similarity-application_014,两个三角形相似。小三角形一边长为 9，对应的大三角形边长为 18。若小三角形另一边长为 8，则大三角形对应边长是多少？,16,multiple_choice,A:4|B:25|C:16|D:26|E:10,4,geo_similarity;arith_proportions,similarity_application;proportional_reasoning,shadow_similarity;real_world_ratio,additive_scaling_error;inverse_ratio_error,相似比为 2，所以对应边为 8×2=16。,CN Junior High Math,相似三角形,cn-junior-g9-similarity-application,九年级：相似三角形实际应用,25393,jianzisheng_cn_junior_chapter_expansion_v1,local-ocr-derived: jianzisheng_cn_junior_grade9_batch3_v0; chapter=cn-junior-g9-similarity-application; expansion=v1,Honors,AMC8 Transfer,cn_similarity_shadow_application,modeling;multiplicative_reasoning,130,Chapter-level expansion from existing cleaned Jian Zi Sheng junior OCR coverage signals. Project-native original-equivalent variants; no direct textbook exercise text is reproduced.,zh,CN,CN,中文校内,初中,production
jianzisheng_cn_junior_chapter_expansion_v1_cn-junior-g9-probability-two-step_001,袋中有 2 个红球和 8 个蓝球，随机摸出 1 个球，摸到红球的概率是多少？,1/5,multiple_choice,A:1/5|B:4/5|C:2/8|D:1|E:3/10,4,counting_probability;arith_fractions,probability_reading;event_scope,single_event_in_multi_step_context;favorable_over_total,unneeded_second_step_error;denominator_error,概率=有利结果数÷总结果数，所以为 2/10=1/5。,CN Junior High Math,概率统计,cn-junior-g9-probability-two-step,九年级：多步情境概率辨析,25400,jianzisheng_cn_junior_chapter_expansion_v1,local-ocr-derived: jianzisheng_cn_junior_grade9_batch3_v0; chapter=cn-junior-g9-probability-two-step; expansion=v1,Honors,AMC8 Transfer,cn_probability_two_step_scope,operation_selection;probabilistic_reasoning,130,Chapter-level expansion from existing cleaned Jian Zi Sheng junior OCR coverage signals. Project-native original-equivalent variants; no direct textbook exercise text is reproduced.,zh,CN,CN,中文校内,初中,production
jianzisheng_cn_junior_chapter_expansion_v1_cn-junior-g9-probability-two-step_002,袋中有 3 个红球和 10 个蓝球，随机摸出 1 个球，摸到红球的概率是多少？,3/13,multiple_choice,A:10/13|B:3/10|C:1|D:4/13|E:3/13,4,counting_probability;arith_fractions,probability_reading;event_scope,single_event_in_multi_step_context;favorable_over_total,unneeded_second_step_error;denominator_error,概率=有利结果数÷总结果数，所以为 3/13=3/13。,CN Junior High Math,概率统计,cn-junior-g9-probability-two-step,九年级：多步情境概率辨析,25401,jianzisheng_cn_junior_chapter_expansion_v1,local-ocr-derived: jianzisheng_cn_junior_grade9_batch3_v0; chapter=cn-junior-g9-probability-two-step; expansion=v1,Honors,AMC8 Transfer,cn_probability_two_step_scope,operation_selection;probabilistic_reasoning,130,Chapter-level expansion from existing cleaned Jian Zi Sheng junior OCR coverage signals. Project-native original-equivalent variants; no direct textbook exercise text is reproduced.,zh,CN,CN,中文校内,初中,production
jianzisheng_cn_junior_chapter_expansion_v1_cn-junior-g9-probability-two-step_003,袋中有 4 个红球和 3 个蓝球，随机摸出 1 个球，摸到红球的概率是多少？,4/7,multiple_choice,A:4/3|B:1|C:5/7|D:4/7|E:3/7,4,counting_probability;arith_fractions,probability_reading;event_scope,single_event_in_multi_step_context;favorable_over_total,unneeded_second_step_error;denominator_error,概率=有利结果数÷总结果数，所以为 4/7=4/7。,CN Junior High Math,概率统计,cn-junior-g9-probability-two-step,九年级：多步情境概率辨析,25402,jianzisheng_cn_junior_chapter_expansion_v1,local-ocr-derived: jianzisheng_cn_junior_grade9_batch3_v0; chapter=cn-junior-g9-probability-two-step; expansion=v1,Honors,AMC8 Transfer,cn_probability_two_step_scope,operation_selection;probabilistic_reasoning,130,Chapter-level expansion from existing cleaned Jian Zi Sheng junior OCR coverage signals. Project-native original-equivalent variants; no direct textbook exercise text is reproduced.,zh,CN,CN,中文校内,初中,production
jianzisheng_cn_junior_chapter_expansion_v1_cn-junior-g9-probability-two-step_004,袋中有 5 个红球和 5 个蓝球，随机摸出 1 个球，摸到红球的概率是多少？,1/2,multiple_choice,A:3/5|B:6/2|C:1/2|D:5/5|E:1,4,counting_probability;arith_fractions,probability_reading;event_scope,single_event_in_multi_step_context;favorable_over_total,unneeded_second_step_error;denominator_error,概率=有利结果数÷总结果数，所以为 5/10=1/2。,CN Junior High Math,概率统计,cn-junior-g9-probability-two-step,九年级：多步情境概率辨析,25403,jianzisheng_cn_junior_chapter_expansion_v1,local-ocr-derived: jianzisheng_cn_junior_grade9_batch3_v0; chapter=cn-junior-g9-probability-two-step; expansion=v1,Honors,AMC8 Transfer,cn_probability_two_step_scope,operation_selection;probabilistic_reasoning,130,Chapter-level expansion from existing cleaned Jian Zi Sheng junior OCR coverage signals. Project-native original-equivalent variants; no direct textbook exercise text is reproduced.,zh,CN,CN,中文校内,初中,production
jianzisheng_cn_junior_chapter_expansion_v1_cn-junior-g9-probability-two-step_005,袋中有 6 个红球和 7 个蓝球，随机摸出 1 个球，摸到红球的概率是多少？,6/13,multiple_choice,A:11/13|B:6/13|C:7/13|D:6/7|E:1,4,counting_probability;arith_fractions,probability_reading;event_scope,single_event_in_multi_step_context;favorable_over_total,unneeded_second_step_error;denominator_error,概率=有利结果数÷总结果数，所以为 6/13=6/13。,CN Junior High Math,概率统计,cn-junior-g9-probability-two-step,九年级：多步情境概率辨析,25404,jianzisheng_cn_junior_chapter_expansion_v1,local-ocr-derived: jianzisheng_cn_junior_grade9_batch3_v0; chapter=cn-junior-g9-probability-two-step; expansion=v1,Honors,AMC8 Transfer,cn_probability_two_step_scope,operation_selection;probabilistic_reasoning,130,Chapter-level expansion from existing cleaned Jian Zi Sheng junior OCR coverage signals. Project-native original-equivalent variants; no direct textbook exercise text is reproduced.,zh,CN,CN,中文校内,初中,production
jianzisheng_cn_junior_chapter_expansion_v1_cn-junior-g9-probability-two-step_006,袋中有 7 个红球和 9 个蓝球，随机摸出 1 个球，摸到红球的概率是多少？,7/16,multiple_choice,A:7/16|B:9/16|C:7/9|D:1|E:1/2,4,counting_probability;arith_fractions,probability_reading;event_scope,single_event_in_multi_step_context;favorable_over_total,unneeded_second_step_error;denominator_error,概率=有利结果数÷总结果数，所以为 7/16=7/16。,CN Junior High Math,概率统计,cn-junior-g9-probability-two-step,九年级：多步情境概率辨析,25405,jianzisheng_cn_junior_chapter_expansion_v1,local-ocr-derived: jianzisheng_cn_junior_grade9_batch3_v0; chapter=cn-junior-g9-probability-two-step; expansion=v1,Honors,AMC8 Transfer,cn_probability_two_step_scope,operation_selection;probabilistic_reasoning,130,Chapter-level expansion from existing cleaned Jian Zi Sheng junior OCR coverage signals. Project-native original-equivalent variants; no direct textbook exercise text is reproduced.,zh,CN,CN,中文校内,初中,production
jianzisheng_cn_junior_chapter_expansion_v1_cn-junior-g9-probability-two-step_007,袋中有 8 个红球和 11 个蓝球，随机摸出 1 个球，摸到红球的概率是多少？,8/19,multiple_choice,A:11/19|B:8/11|C:1|D:9/19|E:8/19,4,counting_probability;arith_fractions,probability_reading;event_scope,single_event_in_multi_step_context;favorable_over_total,unneeded_second_step_error;denominator_error,概率=有利结果数÷总结果数，所以为 8/19=8/19。,CN Junior High Math,概率统计,cn-junior-g9-probability-two-step,九年级：多步情境概率辨析,25406,jianzisheng_cn_junior_chapter_expansion_v1,local-ocr-derived: jianzisheng_cn_junior_grade9_batch3_v0; chapter=cn-junior-g9-probability-two-step; expansion=v1,Honors,AMC8 Transfer,cn_probability_two_step_scope,operation_selection;probabilistic_reasoning,130,Chapter-level expansion from existing cleaned Jian Zi Sheng junior OCR coverage signals. Project-native original-equivalent variants; no direct textbook exercise text is reproduced.,zh,CN,CN,中文校内,初中,production
jianzisheng_cn_junior_chapter_expansion_v1_cn-junior-g9-probability-two-step_008,袋中有 2 个红球和 4 个蓝球，随机摸出 1 个球，摸到红球的概率是多少？,1/3,multiple_choice,A:2/4|B:1|C:1/2|D:1/3|E:2/3,4,counting_probability;arith_fractions,probability_reading;event_scope,single_event_in_multi_step_context;favorable_over_total,unneeded_second_step_error;denominator_error,概率=有利结果数÷总结果数，所以为 2/6=1/3。,CN Junior High Math,概率统计,cn-junior-g9-probability-two-step,九年级：多步情境概率辨析,25407,jianzisheng_cn_junior_chapter_expansion_v1,local-ocr-derived: jianzisheng_cn_junior_grade9_batch3_v0; chapter=cn-junior-g9-probability-two-step; expansion=v1,Honors,AMC8 Transfer,cn_probability_two_step_scope,operation_selection;probabilistic_reasoning,130,Chapter-level expansion from existing cleaned Jian Zi Sheng junior OCR coverage signals. Project-native original-equivalent variants; no direct textbook exercise text is reproduced.,zh,CN,CN,中文校内,初中,production
jianzisheng_cn_junior_chapter_expansion_v1_cn-junior-g9-probability-two-step_009,袋中有 3 个红球和 6 个蓝球，随机摸出 1 个球，摸到红球的概率是多少？,1/3,multiple_choice,A:1|B:4/9|C:1/3|D:2/3|E:3/6,4,counting_probability;arith_fractions,probability_reading;event_scope,single_event_in_multi_step_context;favorable_over_total,unneeded_second_step_error;denominator_error,概率=有利结果数÷总结果数，所以为 3/9=1/3。,CN Junior High Math,概率统计,cn-junior-g9-probability-two-step,九年级：多步情境概率辨析,25408,jianzisheng_cn_junior_chapter_expansion_v1,local-ocr-derived: jianzisheng_cn_junior_grade9_batch3_v0; chapter=cn-junior-g9-probability-two-step; expansion=v1,Honors,AMC8 Transfer,cn_probability_two_step_scope,operation_selection;probabilistic_reasoning,130,Chapter-level expansion from existing cleaned Jian Zi Sheng junior OCR coverage signals. Project-native original-equivalent variants; no direct textbook exercise text is reproduced.,zh,CN,CN,中文校内,初中,production
jianzisheng_cn_junior_chapter_expansion_v1_cn-junior-g9-probability-two-step_010,袋中有 4 个红球和 8 个蓝球，随机摸出 1 个球，摸到红球的概率是多少？,1/3,multiple_choice,A:5/12|B:1/3|C:2/3|D:4/8|E:1,4,counting_probability;arith_fractions,probability_reading;event_scope,single_event_in_multi_step_context;favorable_over_total,unneeded_second_step_error;denominator_error,概率=有利结果数÷总结果数，所以为 4/12=1/3。,CN Junior High Math,概率统计,cn-junior-g9-probability-two-step,九年级：多步情境概率辨析,25409,jianzisheng_cn_junior_chapter_expansion_v1,local-ocr-derived: jianzisheng_cn_junior_grade9_batch3_v0; chapter=cn-junior-g9-probability-two-step; expansion=v1,Honors,AMC8 Transfer,cn_probability_two_step_scope,operation_selection;probabilistic_reasoning,130,Chapter-level expansion from existing cleaned Jian Zi Sheng junior OCR coverage signals. Project-native original-equivalent variants; no direct textbook exercise text is reproduced.,zh,CN,CN,中文校内,初中,production
jianzisheng_cn_junior_chapter_expansion_v1_cn-junior-g9-probability-two-step_011,袋中有 5 个红球和 10 个蓝球，随机摸出 1 个球，摸到红球的概率是多少？,1/3,multiple_choice,A:1/3|B:2/3|C:5/10|D:1|E:2/5,4,counting_probability;arith_fractions,probability_reading;event_scope,single_event_in_multi_step_context;favorable_over_total,unneeded_second_step_error;denominator_error,概率=有利结果数÷总结果数，所以为 5/15=1/3。,CN Junior High Math,概率统计,cn-junior-g9-probability-two-step,九年级：多步情境概率辨析,25410,jianzisheng_cn_junior_chapter_expansion_v1,local-ocr-derived: jianzisheng_cn_junior_grade9_batch3_v0; chapter=cn-junior-g9-probability-two-step; expansion=v1,Honors,AMC8 Transfer,cn_probability_two_step_scope,operation_selection;probabilistic_reasoning,130,Chapter-level expansion from existing cleaned Jian Zi Sheng junior OCR coverage signals. Project-native original-equivalent variants; no direct textbook exercise text is reproduced.,zh,CN,CN,中文校内,初中,production
jianzisheng_cn_junior_chapter_expansion_v1_cn-junior-g9-probability-two-step_012,袋中有 6 个红球和 3 个蓝球，随机摸出 1 个球，摸到红球的概率是多少？,2/3,multiple_choice,A:1/3|B:6/3|C:1|D:7/9|E:2/3,4,counting_probability;arith_fractions,probability_reading;event_scope,single_event_in_multi_step_context;favorable_over_total,unneeded_second_step_error;denominator_error,概率=有利结果数÷总结果数，所以为 6/9=2/3。,CN Junior High Math,概率统计,cn-junior-g9-probability-two-step,九年级：多步情境概率辨析,25411,jianzisheng_cn_junior_chapter_expansion_v1,local-ocr-derived: jianzisheng_cn_junior_grade9_batch3_v0; chapter=cn-junior-g9-probability-two-step; expansion=v1,Honors,AMC8 Transfer,cn_probability_two_step_scope,operation_selection;probabilistic_reasoning,130,Chapter-level expansion from existing cleaned Jian Zi Sheng junior OCR coverage signals. Project-native original-equivalent variants; no direct textbook exercise text is reproduced.,zh,CN,CN,中文校内,初中,production
jianzisheng_cn_junior_chapter_expansion_v1_cn-junior-g9-probability-two-step_013,袋中有 7 个红球和 5 个蓝球，随机摸出 1 个球，摸到红球的概率是多少？,7/12,multiple_choice,A:7/5|B:1|C:2/3|D:7/12|E:5/12,4,counting_probability;arith_fractions,probability_reading;event_scope,single_event_in_multi_step_context;favorable_over_total,unneeded_second_step_error;denominator_error,概率=有利结果数÷总结果数，所以为 7/12=7/12。,CN Junior High Math,概率统计,cn-junior-g9-probability-two-step,九年级：多步情境概率辨析,25412,jianzisheng_cn_junior_chapter_expansion_v1,local-ocr-derived: jianzisheng_cn_junior_grade9_batch3_v0; chapter=cn-junior-g9-probability-two-step; expansion=v1,Honors,AMC8 Transfer,cn_probability_two_step_scope,operation_selection;probabilistic_reasoning,130,Chapter-level expansion from existing cleaned Jian Zi Sheng junior OCR coverage signals. Project-native original-equivalent variants; no direct textbook exercise text is reproduced.,zh,CN,CN,中文校内,初中,production
jianzisheng_cn_junior_chapter_expansion_v1_cn-junior-g9-probability-two-step_014,袋中有 8 个红球和 7 个蓝球，随机摸出 1 个球，摸到红球的概率是多少？,8/15,multiple_choice,A:1|B:3/5|C:8/15|D:7/15|E:8/7,4,counting_probability;arith_fractions,probability_reading;event_scope,single_event_in_multi_step_context;favorable_over_total,unneeded_second_step_error;denominator_error,概率=有利结果数÷总结果数，所以为 8/15=8/15。,CN Junior High Math,概率统计,cn-junior-g9-probability-two-step,九年级：多步情境概率辨析,25413,jianzisheng_cn_junior_chapter_expansion_v1,local-ocr-derived: jianzisheng_cn_junior_grade9_batch3_v0; chapter=cn-junior-g9-probability-two-step; expansion=v1,Honors,AMC8 Transfer,cn_probability_two_step_scope,operation_selection;probabilistic_reasoning,130,Chapter-level expansion from existing cleaned Jian Zi Sheng junior OCR coverage signals. Project-native original-equivalent variants; no direct textbook exercise text is reproduced.,zh,CN,CN,中文校内,初中,production
jianzisheng_cn_junior_chapter_expansion_v1_cn-junior-g9-quadratic-x-intercepts_001,一元二次方程 2x^2-1x-2=0 的判别式 Δ 的值是多少？,17,multiple_choice,A:17|B:-15|C:15|D:-17|E:21,5,alg_quadratics;alg_graphing,discriminant_interpretation;graph_intercepts,roots_to_graph_intersections;quadratic_graph,discriminant_interpretation_error;graph_root_confusion,判别式 Δ=b^2-4ac=-1^2-4×2×-2=17。,CN Junior High Math,二次函数,cn-junior-g9-quadratic-x-intercepts,九年级：二次函数与 x 轴交点,25420,jianzisheng_cn_junior_chapter_expansion_v1,local-ocr-derived: jianzisheng_cn_junior_grade9_batch4_v0; chapter=cn-junior-g9-quadratic-x-intercepts; expansion=v1,AMC8,AMC8 Transfer,cn_quadratic_x_intercept_count,structure_recognition;graph_reasoning,150,Chapter-level expansion from existing cleaned Jian Zi Sheng junior OCR coverage signals. Project-native original-equivalent variants; no direct textbook exercise text is reproduced.,zh,CN,CN,中文校内,初中,production
jianzisheng_cn_junior_chapter_expansion_v1_cn-junior-g9-quadratic-x-intercepts_002,一元二次方程 3x^2+0x+0=0 的判别式 Δ 的值是多少？,0,multiple_choice,A:4|B:3|C:4|D:5|E:0,5,alg_quadratics;alg_graphing,discriminant_interpretation;graph_intercepts,roots_to_graph_intersections;quadratic_graph,discriminant_interpretation_error;graph_root_confusion,判别式 Δ=b^2-4ac=0^2-4×3×0=0。,CN Junior High Math,二次函数,cn-junior-g9-quadratic-x-intercepts,九年级：二次函数与 x 轴交点,25421,jianzisheng_cn_junior_chapter_expansion_v1,local-ocr-derived: jianzisheng_cn_junior_grade9_batch4_v0; chapter=cn-junior-g9-quadratic-x-intercepts; expansion=v1,AMC8,AMC8 Transfer,cn_quadratic_x_intercept_count,structure_recognition;graph_reasoning,150,Chapter-level expansion from existing cleaned Jian Zi Sheng junior OCR coverage signals. Project-native original-equivalent variants; no direct textbook exercise text is reproduced.,zh,CN,CN,中文校内,初中,production
jianzisheng_cn_junior_chapter_expansion_v1_cn-junior-g9-quadratic-x-intercepts_003,一元二次方程 1x^2+1x+2=0 的判别式 Δ 的值是多少？,-7,multiple_choice,A:7|B:-3|C:-2|D:-7|E:9,5,alg_quadratics;alg_graphing,discriminant_interpretation;graph_intercepts,roots_to_graph_intersections;quadratic_graph,discriminant_interpretation_error;graph_root_confusion,判别式 Δ=b^2-4ac=1^2-4×1×2=-7。,CN Junior High Math,二次函数,cn-junior-g9-quadratic-x-intercepts,九年级：二次函数与 x 轴交点,25422,jianzisheng_cn_junior_chapter_expansion_v1,local-ocr-derived: jianzisheng_cn_junior_grade9_batch4_v0; chapter=cn-junior-g9-quadratic-x-intercepts; expansion=v1,AMC8,AMC8 Transfer,cn_quadratic_x_intercept_count,structure_recognition;graph_reasoning,150,Chapter-level expansion from existing cleaned Jian Zi Sheng junior OCR coverage signals. Project-native original-equivalent variants; no direct textbook exercise text is reproduced.,zh,CN,CN,中文校内,初中,production
jianzisheng_cn_junior_chapter_expansion_v1_cn-junior-g9-quadratic-x-intercepts_004,一元二次方程 2x^2+2x+4=0 的判别式 Δ 的值是多少？,-28,multiple_choice,A:28|B:-24|C:-28|D:36|E:-30,5,alg_quadratics;alg_graphing,discriminant_interpretation;graph_intercepts,roots_to_graph_intersections;quadratic_graph,discriminant_interpretation_error;graph_root_confusion,判别式 Δ=b^2-4ac=2^2-4×2×4=-28。,CN Junior High Math,二次函数,cn-junior-g9-quadratic-x-intercepts,九年级：二次函数与 x 轴交点,25423,jianzisheng_cn_junior_chapter_expansion_v1,local-ocr-derived: jianzisheng_cn_junior_grade9_batch4_v0; chapter=cn-junior-g9-quadratic-x-intercepts; expansion=v1,AMC8,AMC8 Transfer,cn_quadratic_x_intercept_count,structure_recognition;graph_reasoning,150,Chapter-level expansion from existing cleaned Jian Zi Sheng junior OCR coverage signals. Project-native original-equivalent variants; no direct textbook exercise text is reproduced.,zh,CN,CN,中文校内,初中,production
jianzisheng_cn_junior_chapter_expansion_v1_cn-junior-g9-quadratic-x-intercepts_005,一元二次方程 3x^2+3x-5=0 的判别式 Δ 的值是多少？,69,multiple_choice,A:73|B:69|C:-51|D:63|E:-69,5,alg_quadratics;alg_graphing,discriminant_interpretation;graph_intercepts,roots_to_graph_intersections;quadratic_graph,discriminant_interpretation_error;graph_root_confusion,判别式 Δ=b^2-4ac=3^2-4×3×-5=69。,CN Junior High Math,二次函数,cn-junior-g9-quadratic-x-intercepts,九年级：二次函数与 x 轴交点,25424,jianzisheng_cn_junior_chapter_expansion_v1,local-ocr-derived: jianzisheng_cn_junior_grade9_batch4_v0; chapter=cn-junior-g9-quadratic-x-intercepts; expansion=v1,AMC8,AMC8 Transfer,cn_quadratic_x_intercept_count,structure_recognition;graph_reasoning,150,Chapter-level expansion from existing cleaned Jian Zi Sheng junior OCR coverage signals. Project-native original-equivalent variants; no direct textbook exercise text is reproduced.,zh,CN,CN,中文校内,初中,production
jianzisheng_cn_junior_chapter_expansion_v1_cn-junior-g9-quadratic-x-intercepts_006,一元二次方程 1x^2+4x-3=0 的判别式 Δ 的值是多少？,28,multiple_choice,A:28|B:4|C:16|D:-28|E:32,5,alg_quadratics;alg_graphing,discriminant_interpretation;graph_intercepts,roots_to_graph_intersections;quadratic_graph,discriminant_interpretation_error;graph_root_confusion,判别式 Δ=b^2-4ac=4^2-4×1×-3=28。,CN Junior High Math,二次函数,cn-junior-g9-quadratic-x-intercepts,九年级：二次函数与 x 轴交点,25425,jianzisheng_cn_junior_chapter_expansion_v1,local-ocr-derived: jianzisheng_cn_junior_grade9_batch4_v0; chapter=cn-junior-g9-quadratic-x-intercepts; expansion=v1,AMC8,AMC8 Transfer,cn_quadratic_x_intercept_count,structure_recognition;graph_reasoning,150,Chapter-level expansion from existing cleaned Jian Zi Sheng junior OCR coverage signals. Project-native original-equivalent variants; no direct textbook exercise text is reproduced.,zh,CN,CN,中文校内,初中,production
jianzisheng_cn_junior_chapter_expansion_v1_cn-junior-g9-quadratic-x-intercepts_007,一元二次方程 2x^2+5x-1=0 的判别式 Δ 的值是多少？,33,multiple_choice,A:17|B:13|C:-33|D:37|E:33,5,alg_quadratics;alg_graphing,discriminant_interpretation;graph_intercepts,roots_to_graph_intersections;quadratic_graph,discriminant_interpretation_error;graph_root_confusion,判别式 Δ=b^2-4ac=5^2-4×2×-1=33。,CN Junior High Math,二次函数,cn-junior-g9-quadratic-x-intercepts,九年级：二次函数与 x 轴交点,25426,jianzisheng_cn_junior_chapter_expansion_v1,local-ocr-derived: jianzisheng_cn_junior_grade9_batch4_v0; chapter=cn-junior-g9-quadratic-x-intercepts; expansion=v1,AMC8,AMC8 Transfer,cn_quadratic_x_intercept_count,structure_recognition;graph_reasoning,150,Chapter-level expansion from existing cleaned Jian Zi Sheng junior OCR coverage signals. Project-native original-equivalent variants; no direct textbook exercise text is reproduced.,zh,CN,CN,中文校内,初中,production
jianzisheng_cn_junior_chapter_expansion_v1_cn-junior-g9-quadratic-x-intercepts_008,一元二次方程 3x^2+6x+1=0 的判别式 Δ 的值是多少？,24,multiple_choice,A:-6|B:-24|C:28|D:24|E:48,5,alg_quadratics;alg_graphing,discriminant_interpretation;graph_intercepts,roots_to_graph_intersections;quadratic_graph,discriminant_interpretation_error;graph_root_confusion,判别式 Δ=b^2-4ac=6^2-4×3×1=24。,CN Junior High Math,二次函数,cn-junior-g9-quadratic-x-intercepts,九年级：二次函数与 x 轴交点,25427,jianzisheng_cn_junior_chapter_expansion_v1,local-ocr-derived: jianzisheng_cn_junior_grade9_batch4_v0; chapter=cn-junior-g9-quadratic-x-intercepts; expansion=v1,AMC8,AMC8 Transfer,cn_quadratic_x_intercept_count,structure_recognition;graph_reasoning,150,Chapter-level expansion from existing cleaned Jian Zi Sheng junior OCR coverage signals. Project-native original-equivalent variants; no direct textbook exercise text is reproduced.,zh,CN,CN,中文校内,初中,production
jianzisheng_cn_junior_chapter_expansion_v1_cn-junior-g9-quadratic-x-intercepts_009,一元二次方程 1x^2+7x+3=0 的判别式 Δ 的值是多少？,37,multiple_choice,A:-37|B:41|C:37|D:61|E:-5,5,alg_quadratics;alg_graphing,discriminant_interpretation;graph_intercepts,roots_to_graph_intersections;quadratic_graph,discriminant_interpretation_error;graph_root_confusion,判别式 Δ=b^2-4ac=7^2-4×1×3=37。,CN Junior High Math,二次函数,cn-junior-g9-quadratic-x-intercepts,九年级：二次函数与 x 轴交点,25428,jianzisheng_cn_junior_chapter_expansion_v1,local-ocr-derived: jianzisheng_cn_junior_grade9_batch4_v0; chapter=cn-junior-g9-quadratic-x-intercepts; expansion=v1,AMC8,AMC8 Transfer,cn_quadratic_x_intercept_count,structure_recognition;graph_reasoning,150,Chapter-level expansion from existing cleaned Jian Zi Sheng junior OCR coverage signals. Project-native original-equivalent variants; no direct textbook exercise text is reproduced.,zh,CN,CN,中文校内,初中,production
jianzisheng_cn_junior_chapter_expansion_v1_cn-junior-g9-quadratic-x-intercepts_010,一元二次方程 2x^2+8x+5=0 的判别式 Δ 的值是多少？,24,multiple_choice,A:28|B:24|C:104|D:-32|E:-24,5,alg_quadratics;alg_graphing,discriminant_interpretation;graph_intercepts,roots_to_graph_intersections;quadratic_graph,discriminant_interpretation_error;graph_root_confusion,判别式 Δ=b^2-4ac=8^2-4×2×5=24。,CN Junior High Math,二次函数,cn-junior-g9-quadratic-x-intercepts,九年级：二次函数与 x 轴交点,25429,jianzisheng_cn_junior_chapter_expansion_v1,local-ocr-derived: jianzisheng_cn_junior_grade9_batch4_v0; chapter=cn-junior-g9-quadratic-x-intercepts; expansion=v1,AMC8,AMC8 Transfer,cn_quadratic_x_intercept_count,structure_recognition;graph_reasoning,150,Chapter-level expansion from existing cleaned Jian Zi Sheng junior OCR coverage signals. Project-native original-equivalent variants; no direct textbook exercise text is reproduced.,zh,CN,CN,中文校内,初中,production
jianzisheng_cn_junior_chapter_expansion_v1_cn-junior-g9-quadratic-x-intercepts_011,一元二次方程 3x^2-8x-4=0 的判别式 Δ 的值是多少？,112,multiple_choice,A:112|B:16|C:40|D:-112|E:116,5,alg_quadratics;alg_graphing,discriminant_interpretation;graph_intercepts,roots_to_graph_intersections;quadratic_graph,discriminant_interpretation_error;graph_root_confusion,判别式 Δ=b^2-4ac=-8^2-4×3×-4=112。,CN Junior High Math,二次函数,cn-junior-g9-quadratic-x-intercepts,九年级：二次函数与 x 轴交点,25430,jianzisheng_cn_junior_chapter_expansion_v1,local-ocr-derived: jianzisheng_cn_junior_grade9_batch4_v0; chapter=cn-junior-g9-quadratic-x-intercepts; expansion=v1,AMC8,AMC8 Transfer,cn_quadratic_x_intercept_count,structure_recognition;graph_reasoning,150,Chapter-level expansion from existing cleaned Jian Zi Sheng junior OCR coverage signals. Project-native original-equivalent variants; no direct textbook exercise text is reproduced.,zh,CN,CN,中文校内,初中,production
jianzisheng_cn_junior_chapter_expansion_v1_cn-junior-g9-quadratic-x-intercepts_012,一元二次方程 1x^2-7x-2=0 的判别式 Δ 的值是多少？,57,multiple_choice,A:41|B:1|C:-57|D:61|E:57,5,alg_quadratics;alg_graphing,discriminant_interpretation;graph_intercepts,roots_to_graph_intersections;quadratic_graph,discriminant_interpretation_error;graph_root_confusion,判别式 Δ=b^2-4ac=-7^2-4×1×-2=57。,CN Junior High Math,二次函数,cn-junior-g9-quadratic-x-intercepts,九年级：二次函数与 x 轴交点,25431,jianzisheng_cn_junior_chapter_expansion_v1,local-ocr-derived: jianzisheng_cn_junior_grade9_batch4_v0; chapter=cn-junior-g9-quadratic-x-intercepts; expansion=v1,AMC8,AMC8 Transfer,cn_quadratic_x_intercept_count,structure_recognition;graph_reasoning,150,Chapter-level expansion from existing cleaned Jian Zi Sheng junior OCR coverage signals. Project-native original-equivalent variants; no direct textbook exercise text is reproduced.,zh,CN,CN,中文校内,初中,production
jianzisheng_cn_junior_chapter_expansion_v1_cn-junior-g9-quadratic-x-intercepts_013,一元二次方程 2x^2-6x+0=0 的判别式 Δ 的值是多少？,36,multiple_choice,A:-36|B:40|C:41|D:36|E:-6,5,alg_quadratics;alg_graphing,discriminant_interpretation;graph_intercepts,roots_to_graph_intersections;quadratic_graph,discriminant_interpretation_error;graph_root_confusion,判别式 Δ=b^2-4ac=-6^2-4×2×0=36。,CN Junior High Math,二次函数,cn-junior-g9-quadratic-x-intercepts,九年级：二次函数与 x 轴交点,25432,jianzisheng_cn_junior_chapter_expansion_v1,local-ocr-derived: jianzisheng_cn_junior_grade9_batch4_v0; chapter=cn-junior-g9-quadratic-x-intercepts; expansion=v1,AMC8,AMC8 Transfer,cn_quadratic_x_intercept_count,structure_recognition;graph_reasoning,150,Chapter-level expansion from existing cleaned Jian Zi Sheng junior OCR coverage signals. Project-native original-equivalent variants; no direct textbook exercise text is reproduced.,zh,CN,CN,中文校内,初中,production
jianzisheng_cn_junior_chapter_expansion_v1_cn-junior-g9-quadratic-x-intercepts_014,一元二次方程 3x^2-5x+2=0 的判别式 Δ 的值是多少？,1,multiple_choice,A:-1|B:5|C:1|D:49|E:-29,5,alg_quadratics;alg_graphing,discriminant_interpretation;graph_intercepts,roots_to_graph_intersections;quadratic_graph,discriminant_interpretation_error;graph_root_confusion,判别式 Δ=b^2-4ac=-5^2-4×3×2=1。,CN Junior High Math,二次函数,cn-junior-g9-quadratic-x-intercepts,九年级：二次函数与 x 轴交点,25433,jianzisheng_cn_junior_chapter_expansion_v1,local-ocr-derived: jianzisheng_cn_junior_grade9_batch4_v0; chapter=cn-junior-g9-quadratic-x-intercepts; expansion=v1,AMC8,AMC8 Transfer,cn_quadratic_x_intercept_count,structure_recognition;graph_reasoning,150,Chapter-level expansion from existing cleaned Jian Zi Sheng junior OCR coverage signals. Project-native original-equivalent variants; no direct textbook exercise text is reproduced.,zh,CN,CN,中文校内,初中,production
jianzisheng_cn_junior_chapter_expansion_v1_cn-junior-g9-rectangle-area-model_001,长方形的长为 9x，宽为 10，面积是多少？,90x,multiple_choice,A:90x|B:19x|C:38x|D:9x+10|E:90,4,geo_area;alg_quadratics;alg_linear_equations,area_model;perimeter_to_dimension,rectangle_model;optimization_readiness,perimeter_area_confusion;half_perimeter_error,面积=长×宽，所以 9x×10=90x。,CN Junior High Math,二次函数,cn-junior-g9-rectangle-area-model,九年级：面积模型与二次函数准备,25440,jianzisheng_cn_junior_chapter_expansion_v1,local-ocr-derived: jianzisheng_cn_junior_grade9_batch4_v0; chapter=cn-junior-g9-rectangle-area-model; expansion=v1,Honors,Algebra Readiness,cn_rectangle_area_model,modeling;operation_selection,130,Chapter-level expansion from existing cleaned Jian Zi Sheng junior OCR coverage signals. Project-native original-equivalent variants; no direct textbook exercise text is reproduced.,zh,CN,CN,中文校内,初中,production
jianzisheng_cn_junior_chapter_expansion_v1_cn-junior-g9-rectangle-area-model_002,长方形的长为 2x，宽为 11，面积是多少？,22x,multiple_choice,A:13x|B:26x|C:2x+11|D:22|E:22x,4,geo_area;alg_quadratics;alg_linear_equations,area_model;perimeter_to_dimension,rectangle_model;optimization_readiness,perimeter_area_confusion;half_perimeter_error,面积=长×宽，所以 2x×11=22x。,CN Junior High Math,二次函数,cn-junior-g9-rectangle-area-model,九年级：面积模型与二次函数准备,25441,jianzisheng_cn_junior_chapter_expansion_v1,local-ocr-derived: jianzisheng_cn_junior_grade9_batch4_v0; chapter=cn-junior-g9-rectangle-area-model; expansion=v1,Honors,Algebra Readiness,cn_rectangle_area_model,modeling;operation_selection,130,Chapter-level expansion from existing cleaned Jian Zi Sheng junior OCR coverage signals. Project-native original-equivalent variants; no direct textbook exercise text is reproduced.,zh,CN,CN,中文校内,初中,production
jianzisheng_cn_junior_chapter_expansion_v1_cn-junior-g9-rectangle-area-model_003,长方形的长为 3x，宽为 3，面积是多少？,9x,multiple_choice,A:12x|B:3x+3|C:9|D:9x|E:6x,4,geo_area;alg_quadratics;alg_linear_equations,area_model;perimeter_to_dimension,rectangle_model;optimization_readiness,perimeter_area_confusion;half_perimeter_error,面积=长×宽，所以 3x×3=9x。,CN Junior High Math,二次函数,cn-junior-g9-rectangle-area-model,九年级：面积模型与二次函数准备,25442,jianzisheng_cn_junior_chapter_expansion_v1,local-ocr-derived: jianzisheng_cn_junior_grade9_batch4_v0; chapter=cn-junior-g9-rectangle-area-model; expansion=v1,Honors,Algebra Readiness,cn_rectangle_area_model,modeling;operation_selection,130,Chapter-level expansion from existing cleaned Jian Zi Sheng junior OCR coverage signals. Project-native original-equivalent variants; no direct textbook exercise text is reproduced.,zh,CN,CN,中文校内,初中,production
jianzisheng_cn_junior_chapter_expansion_v1_cn-junior-g9-rectangle-area-model_004,长方形的长为 4x，宽为 4，面积是多少？,16x,multiple_choice,A:16|B:16x+5|C:16x|D:8x|E:4x+4,4,geo_area;alg_quadratics;alg_linear_equations,area_model;perimeter_to_dimension,rectangle_model;optimization_readiness,perimeter_area_confusion;half_perimeter_error,面积=长×宽，所以 4x×4=16x。,CN Junior High Math,二次函数,cn-junior-g9-rectangle-area-model,九年级：面积模型与二次函数准备,25443,jianzisheng_cn_junior_chapter_expansion_v1,local-ocr-derived: jianzisheng_cn_junior_grade9_batch4_v0; chapter=cn-junior-g9-rectangle-area-model; expansion=v1,Honors,Algebra Readiness,cn_rectangle_area_model,modeling;operation_selection,130,Chapter-level expansion from existing cleaned Jian Zi Sheng junior OCR coverage signals. Project-native original-equivalent variants; no direct textbook exercise text is reproduced.,zh,CN,CN,中文校内,初中,production
jianzisheng_cn_junior_chapter_expansion_v1_cn-junior-g9-rectangle-area-model_005,长方形的长为 5x，宽为 5，面积是多少？,25x,multiple_choice,A:25|B:25x|C:10x|D:20x|E:5x+5,4,geo_area;alg_quadratics;alg_linear_equations,area_model;perimeter_to_dimension,rectangle_model;optimization_readiness,perimeter_area_confusion;half_perimeter_error,面积=长×宽，所以 5x×5=25x。,CN Junior High Math,二次函数,cn-junior-g9-rectangle-area-model,九年级：面积模型与二次函数准备,25444,jianzisheng_cn_junior_chapter_expansion_v1,local-ocr-derived: jianzisheng_cn_junior_grade9_batch4_v0; chapter=cn-junior-g9-rectangle-area-model; expansion=v1,Honors,Algebra Readiness,cn_rectangle_area_model,modeling;operation_selection,130,Chapter-level expansion from existing cleaned Jian Zi Sheng junior OCR coverage signals. Project-native original-equivalent variants; no direct textbook exercise text is reproduced.,zh,CN,CN,中文校内,初中,production
jianzisheng_cn_junior_chapter_expansion_v1_cn-junior-g9-rectangle-area-model_006,长方形的长为 6x，宽为 6，面积是多少？,36x,multiple_choice,A:36x|B:12x|C:24x|D:6x+6|E:36,4,geo_area;alg_quadratics;alg_linear_equations,area_model;perimeter_to_dimension,rectangle_model;optimization_readiness,perimeter_area_confusion;half_perimeter_error,面积=长×宽，所以 6x×6=36x。,CN Junior High Math,二次函数,cn-junior-g9-rectangle-area-model,九年级：面积模型与二次函数准备,25445,jianzisheng_cn_junior_chapter_expansion_v1,local-ocr-derived: jianzisheng_cn_junior_grade9_batch4_v0; chapter=cn-junior-g9-rectangle-area-model; expansion=v1,Honors,Algebra Readiness,cn_rectangle_area_model,modeling;operation_selection,130,Chapter-level expansion from existing cleaned Jian Zi Sheng junior OCR coverage signals. Project-native original-equivalent variants; no direct textbook exercise text is reproduced.,zh,CN,CN,中文校内,初中,production
jianzisheng_cn_junior_chapter_expansion_v1_cn-junior-g9-rectangle-area-model_007,长方形的长为 7x，宽为 7，面积是多少？,49x,multiple_choice,A:14x|B:28x|C:7x+7|D:49|E:49x,4,geo_area;alg_quadratics;alg_linear_equations,area_model;perimeter_to_dimension,rectangle_model;optimization_readiness,perimeter_area_confusion;half_perimeter_error,面积=长×宽，所以 7x×7=49x。,CN Junior High Math,二次函数,cn-junior-g9-rectangle-area-model,九年级：面积模型与二次函数准备,25446,jianzisheng_cn_junior_chapter_expansion_v1,local-ocr-derived: jianzisheng_cn_junior_grade9_batch4_v0; chapter=cn-junior-g9-rectangle-area-model; expansion=v1,Honors,Algebra Readiness,cn_rectangle_area_model,modeling;operation_selection,130,Chapter-level expansion from existing cleaned Jian Zi Sheng junior OCR coverage signals. Project-native original-equivalent variants; no direct textbook exercise text is reproduced.,zh,CN,CN,中文校内,初中,production
jianzisheng_cn_junior_chapter_expansion_v1_cn-junior-g9-rectangle-area-model_008,长方形的长为 8x，宽为 8，面积是多少？,64x,multiple_choice,A:32x|B:8x+8|C:64|D:64x|E:16x,4,geo_area;alg_quadratics;alg_linear_equations,area_model;perimeter_to_dimension,rectangle_model;optimization_readiness,perimeter_area_confusion;half_perimeter_error,面积=长×宽，所以 8x×8=64x。,CN Junior High Math,二次函数,cn-junior-g9-rectangle-area-model,九年级：面积模型与二次函数准备,25447,jianzisheng_cn_junior_chapter_expansion_v1,local-ocr-derived: jianzisheng_cn_junior_grade9_batch4_v0; chapter=cn-junior-g9-rectangle-area-model; expansion=v1,Honors,Algebra Readiness,cn_rectangle_area_model,modeling;operation_selection,130,Chapter-level expansion from existing cleaned Jian Zi Sheng junior OCR coverage signals. Project-native original-equivalent variants; no direct textbook exercise text is reproduced.,zh,CN,CN,中文校内,初中,production
jianzisheng_cn_junior_chapter_expansion_v1_cn-junior-g9-rectangle-area-model_009,长方形的长为 9x，宽为 9，面积是多少？,81x,multiple_choice,A:9x+9|B:81|C:81x|D:18x|E:36x,4,geo_area;alg_quadratics;alg_linear_equations,area_model;perimeter_to_dimension,rectangle_model;optimization_readiness,perimeter_area_confusion;half_perimeter_error,面积=长×宽，所以 9x×9=81x。,CN Junior High Math,二次函数,cn-junior-g9-rectangle-area-model,九年级：面积模型与二次函数准备,25448,jianzisheng_cn_junior_chapter_expansion_v1,local-ocr-derived: jianzisheng_cn_junior_grade9_batch4_v0; chapter=cn-junior-g9-rectangle-area-model; expansion=v1,Honors,Algebra Readiness,cn_rectangle_area_model,modeling;operation_selection,130,Chapter-level expansion from existing cleaned Jian Zi Sheng junior OCR coverage signals. Project-native original-equivalent variants; no direct textbook exercise text is reproduced.,zh,CN,CN,中文校内,初中,production
jianzisheng_cn_junior_chapter_expansion_v1_cn-junior-g9-rectangle-area-model_010,长方形的长为 2x，宽为 10，面积是多少？,20x,multiple_choice,A:20|B:20x|C:12x|D:24x|E:2x+10,4,geo_area;alg_quadratics;alg_linear_equations,area_model;perimeter_to_dimension,rectangle_model;optimization_readiness,perimeter_area_confusion;half_perimeter_error,面积=长×宽，所以 2x×10=20x。,CN Junior High Math,二次函数,cn-junior-g9-rectangle-area-model,九年级：面积模型与二次函数准备,25449,jianzisheng_cn_junior_chapter_expansion_v1,local-ocr-derived: jianzisheng_cn_junior_grade9_batch4_v0; chapter=cn-junior-g9-rectangle-area-model; expansion=v1,Honors,Algebra Readiness,cn_rectangle_area_model,modeling;operation_selection,130,Chapter-level expansion from existing cleaned Jian Zi Sheng junior OCR coverage signals. Project-native original-equivalent variants; no direct textbook exercise text is reproduced.,zh,CN,CN,中文校内,初中,production
jianzisheng_cn_junior_chapter_expansion_v1_cn-junior-g9-rectangle-area-model_011,长方形的长为 3x，宽为 11，面积是多少？,33x,multiple_choice,A:33x|B:14x|C:28x|D:3x+11|E:33,4,geo_area;alg_quadratics;alg_linear_equations,area_model;perimeter_to_dimension,rectangle_model;optimization_readiness,perimeter_area_confusion;half_perimeter_error,面积=长×宽，所以 3x×11=33x。,CN Junior High Math,二次函数,cn-junior-g9-rectangle-area-model,九年级：面积模型与二次函数准备,25450,jianzisheng_cn_junior_chapter_expansion_v1,local-ocr-derived: jianzisheng_cn_junior_grade9_batch4_v0; chapter=cn-junior-g9-rectangle-area-model; expansion=v1,Honors,Algebra Readiness,cn_rectangle_area_model,modeling;operation_selection,130,Chapter-level expansion from existing cleaned Jian Zi Sheng junior OCR coverage signals. Project-native original-equivalent variants; no direct textbook exercise text is reproduced.,zh,CN,CN,中文校内,初中,production
jianzisheng_cn_junior_chapter_expansion_v1_cn-junior-g9-rectangle-area-model_012,长方形的长为 4x，宽为 3，面积是多少？,12x,multiple_choice,A:7x|B:14x|C:4x+3|D:12|E:12x,4,geo_area;alg_quadratics;alg_linear_equations,area_model;perimeter_to_dimension,rectangle_model;optimization_readiness,perimeter_area_confusion;half_perimeter_error,面积=长×宽，所以 4x×3=12x。,CN Junior High Math,二次函数,cn-junior-g9-rectangle-area-model,九年级：面积模型与二次函数准备,25451,jianzisheng_cn_junior_chapter_expansion_v1,local-ocr-derived: jianzisheng_cn_junior_grade9_batch4_v0; chapter=cn-junior-g9-rectangle-area-model; expansion=v1,Honors,Algebra Readiness,cn_rectangle_area_model,modeling;operation_selection,130,Chapter-level expansion from existing cleaned Jian Zi Sheng junior OCR coverage signals. Project-native original-equivalent variants; no direct textbook exercise text is reproduced.,zh,CN,CN,中文校内,初中,production
jianzisheng_cn_junior_chapter_expansion_v1_cn-junior-g9-rectangle-area-model_013,长方形的长为 5x，宽为 4，面积是多少？,20x,multiple_choice,A:18x|B:5x+4|C:20|D:20x|E:9x,4,geo_area;alg_quadratics;alg_linear_equations,area_model;perimeter_to_dimension,rectangle_model;optimization_readiness,perimeter_area_confusion;half_perimeter_error,面积=长×宽，所以 5x×4=20x。,CN Junior High Math,二次函数,cn-junior-g9-rectangle-area-model,九年级：面积模型与二次函数准备,25452,jianzisheng_cn_junior_chapter_expansion_v1,local-ocr-derived: jianzisheng_cn_junior_grade9_batch4_v0; chapter=cn-junior-g9-rectangle-area-model; expansion=v1,Honors,Algebra Readiness,cn_rectangle_area_model,modeling;operation_selection,130,Chapter-level expansion from existing cleaned Jian Zi Sheng junior OCR coverage signals. Project-native original-equivalent variants; no direct textbook exercise text is reproduced.,zh,CN,CN,中文校内,初中,production
jianzisheng_cn_junior_chapter_expansion_v1_cn-junior-g9-rectangle-area-model_014,长方形的长为 6x，宽为 5，面积是多少？,30x,multiple_choice,A:6x+5|B:30|C:30x|D:11x|E:22x,4,geo_area;alg_quadratics;alg_linear_equations,area_model;perimeter_to_dimension,rectangle_model;optimization_readiness,perimeter_area_confusion;half_perimeter_error,面积=长×宽，所以 6x×5=30x。,CN Junior High Math,二次函数,cn-junior-g9-rectangle-area-model,九年级：面积模型与二次函数准备,25453,jianzisheng_cn_junior_chapter_expansion_v1,local-ocr-derived: jianzisheng_cn_junior_grade9_batch4_v0; chapter=cn-junior-g9-rectangle-area-model; expansion=v1,Honors,Algebra Readiness,cn_rectangle_area_model,modeling;operation_selection,130,Chapter-level expansion from existing cleaned Jian Zi Sheng junior OCR coverage signals. Project-native original-equivalent variants; no direct textbook exercise text is reproduced.,zh,CN,CN,中文校内,初中,production
jianzisheng_cn_junior_chapter_expansion_v1_cn-junior-g9-sector-area_001,半径为 11 的圆中，圆心角为 180° 的扇形面积是多少？,121/2π,multiple_choice,A:121/2π|B:121π|C:22π|D:11π|E:90,5,geo_circles;geo_area,sector_area;fraction_of_circle_area,sector_fraction;circle_area,arc_length_sector_area_confusion;degree_fraction_error,扇形面积=πr^2×圆心角/360°，所以面积为 121/2π。,CN Junior High Math,圆,cn-junior-g9-sector-area,九年级：扇形面积,25460,jianzisheng_cn_junior_chapter_expansion_v1,local-ocr-derived: jianzisheng_cn_junior_grade9_batch4_v0; chapter=cn-junior-g9-sector-area; expansion=v1,AMC8,AMC8 Transfer,cn_circle_sector_area,formula_selection;fraction_reasoning,150,Chapter-level expansion from existing cleaned Jian Zi Sheng junior OCR coverage signals. Project-native original-equivalent variants; no direct textbook exercise text is reproduced.,zh,CN,CN,中文校内,初中,production
jianzisheng_cn_junior_chapter_expansion_v1_cn-junior-g9-sector-area_002,半径为 12 的圆中，圆心角为 60° 的扇形面积是多少？,24π,multiple_choice,A:144π|B:12π|C:30|D:24π+5|E:24π,5,geo_circles;geo_area,sector_area;fraction_of_circle_area,sector_fraction;circle_area,arc_length_sector_area_confusion;degree_fraction_error,扇形面积=πr^2×圆心角/360°，所以面积为 24π。,CN Junior High Math,圆,cn-junior-g9-sector-area,九年级：扇形面积,25461,jianzisheng_cn_junior_chapter_expansion_v1,local-ocr-derived: jianzisheng_cn_junior_grade9_batch4_v0; chapter=cn-junior-g9-sector-area; expansion=v1,AMC8,AMC8 Transfer,cn_circle_sector_area,formula_selection;fraction_reasoning,150,Chapter-level expansion from existing cleaned Jian Zi Sheng junior OCR coverage signals. Project-native original-equivalent variants; no direct textbook exercise text is reproduced.,zh,CN,CN,中文校内,初中,production
jianzisheng_cn_junior_chapter_expansion_v1_cn-junior-g9-sector-area_003,半径为 4 的圆中，圆心角为 90° 的扇形面积是多少？,4π,multiple_choice,A:8π|B:45|C:4π+5|D:4π|E:16π,5,geo_circles;geo_area,sector_area;fraction_of_circle_area,sector_fraction;circle_area,arc_length_sector_area_confusion;degree_fraction_error,扇形面积=πr^2×圆心角/360°，所以面积为 4π。,CN Junior High Math,圆,cn-junior-g9-sector-area,九年级：扇形面积,25462,jianzisheng_cn_junior_chapter_expansion_v1,local-ocr-derived: jianzisheng_cn_junior_grade9_batch4_v0; chapter=cn-junior-g9-sector-area; expansion=v1,AMC8,AMC8 Transfer,cn_circle_sector_area,formula_selection;fraction_reasoning,150,Chapter-level expansion from existing cleaned Jian Zi Sheng junior OCR coverage signals. Project-native original-equivalent variants; no direct textbook exercise text is reproduced.,zh,CN,CN,中文校内,初中,production
jianzisheng_cn_junior_chapter_expansion_v1_cn-junior-g9-sector-area_004,半径为 5 的圆中，圆心角为 120° 的扇形面积是多少？,25/3π,multiple_choice,A:5π|B:60|C:25/3π|D:25π|E:10π,5,geo_circles;geo_area,sector_area;fraction_of_circle_area,sector_fraction;circle_area,arc_length_sector_area_confusion;degree_fraction_error,扇形面积=πr^2×圆心角/360°，所以面积为 25/3π。,CN Junior High Math,圆,cn-junior-g9-sector-area,九年级：扇形面积,25463,jianzisheng_cn_junior_chapter_expansion_v1,local-ocr-derived: jianzisheng_cn_junior_grade9_batch4_v0; chapter=cn-junior-g9-sector-area; expansion=v1,AMC8,AMC8 Transfer,cn_circle_sector_area,formula_selection;fraction_reasoning,150,Chapter-level expansion from existing cleaned Jian Zi Sheng junior OCR coverage signals. Project-native original-equivalent variants; no direct textbook exercise text is reproduced.,zh,CN,CN,中文校内,初中,production
jianzisheng_cn_junior_chapter_expansion_v1_cn-junior-g9-sector-area_005,半径为 6 的圆中，圆心角为 180° 的扇形面积是多少？,18π,multiple_choice,A:90|B:18π|C:36π|D:12π|E:6π,5,geo_circles;geo_area,sector_area;fraction_of_circle_area,sector_fraction;circle_area,arc_length_sector_area_confusion;degree_fraction_error,扇形面积=πr^2×圆心角/360°，所以面积为 18π。,CN Junior High Math,圆,cn-junior-g9-sector-area,九年级：扇形面积,25464,jianzisheng_cn_junior_chapter_expansion_v1,local-ocr-derived: jianzisheng_cn_junior_grade9_batch4_v0; chapter=cn-junior-g9-sector-area; expansion=v1,AMC8,AMC8 Transfer,cn_circle_sector_area,formula_selection;fraction_reasoning,150,Chapter-level expansion from existing cleaned Jian Zi Sheng junior OCR coverage signals. Project-native original-equivalent variants; no direct textbook exercise text is reproduced.,zh,CN,CN,中文校内,初中,production
jianzisheng_cn_junior_chapter_expansion_v1_cn-junior-g9-sector-area_006,半径为 7 的圆中，圆心角为 60° 的扇形面积是多少？,49/6π,multiple_choice,A:49/6π|B:49π|C:14π|D:7π|E:30,5,geo_circles;geo_area,sector_area;fraction_of_circle_area,sector_fraction;circle_area,arc_length_sector_area_confusion;degree_fraction_error,扇形面积=πr^2×圆心角/360°，所以面积为 49/6π。,CN Junior High Math,圆,cn-junior-g9-sector-area,九年级：扇形面积,25465,jianzisheng_cn_junior_chapter_expansion_v1,local-ocr-derived: jianzisheng_cn_junior_grade9_batch4_v0; chapter=cn-junior-g9-sector-area; expansion=v1,AMC8,AMC8 Transfer,cn_circle_sector_area,formula_selection;fraction_reasoning,150,Chapter-level expansion from existing cleaned Jian Zi Sheng junior OCR coverage signals. Project-native original-equivalent variants; no direct textbook exercise text is reproduced.,zh,CN,CN,中文校内,初中,production
jianzisheng_cn_junior_chapter_expansion_v1_cn-junior-g9-sector-area_007,半径为 8 的圆中，圆心角为 90° 的扇形面积是多少？,16π,multiple_choice,A:64π|B:8π|C:45|D:16π+5|E:16π,5,geo_circles;geo_area,sector_area;fraction_of_circle_area,sector_fraction;circle_area,arc_length_sector_area_confusion;degree_fraction_error,扇形面积=πr^2×圆心角/360°，所以面积为 16π。,CN Junior High Math,圆,cn-junior-g9-sector-area,九年级：扇形面积,25466,jianzisheng_cn_junior_chapter_expansion_v1,local-ocr-derived: jianzisheng_cn_junior_grade9_batch4_v0; chapter=cn-junior-g9-sector-area; expansion=v1,AMC8,AMC8 Transfer,cn_circle_sector_area,formula_selection;fraction_reasoning,150,Chapter-level expansion from existing cleaned Jian Zi Sheng junior OCR coverage signals. Project-native original-equivalent variants; no direct textbook exercise text is reproduced.,zh,CN,CN,中文校内,初中,production
jianzisheng_cn_junior_chapter_expansion_v1_cn-junior-g9-sector-area_008,半径为 9 的圆中，圆心角为 120° 的扇形面积是多少？,27π,multiple_choice,A:18π|B:9π|C:60|D:27π|E:81π,5,geo_circles;geo_area,sector_area;fraction_of_circle_area,sector_fraction;circle_area,arc_length_sector_area_confusion;degree_fraction_error,扇形面积=πr^2×圆心角/360°，所以面积为 27π。,CN Junior High Math,圆,cn-junior-g9-sector-area,九年级：扇形面积,25467,jianzisheng_cn_junior_chapter_expansion_v1,local-ocr-derived: jianzisheng_cn_junior_grade9_batch4_v0; chapter=cn-junior-g9-sector-area; expansion=v1,AMC8,AMC8 Transfer,cn_circle_sector_area,formula_selection;fraction_reasoning,150,Chapter-level expansion from existing cleaned Jian Zi Sheng junior OCR coverage signals. Project-native original-equivalent variants; no direct textbook exercise text is reproduced.,zh,CN,CN,中文校内,初中,production
jianzisheng_cn_junior_chapter_expansion_v1_cn-junior-g9-sector-area_009,半径为 10 的圆中，圆心角为 180° 的扇形面积是多少？,50π,multiple_choice,A:10π|B:90|C:50π|D:100π|E:20π,5,geo_circles;geo_area,sector_area;fraction_of_circle_area,sector_fraction;circle_area,arc_length_sector_area_confusion;degree_fraction_error,扇形面积=πr^2×圆心角/360°，所以面积为 50π。,CN Junior High Math,圆,cn-junior-g9-sector-area,九年级：扇形面积,25468,jianzisheng_cn_junior_chapter_expansion_v1,local-ocr-derived: jianzisheng_cn_junior_grade9_batch4_v0; chapter=cn-junior-g9-sector-area; expansion=v1,AMC8,AMC8 Transfer,cn_circle_sector_area,formula_selection;fraction_reasoning,150,Chapter-level expansion from existing cleaned Jian Zi Sheng junior OCR coverage signals. Project-native original-equivalent variants; no direct textbook exercise text is reproduced.,zh,CN,CN,中文校内,初中,production
jianzisheng_cn_junior_chapter_expansion_v1_cn-junior-g9-sector-area_010,半径为 11 的圆中，圆心角为 60° 的扇形面积是多少？,121/6π,multiple_choice,A:30|B:121/6π|C:121π|D:22π|E:11π,5,geo_circles;geo_area,sector_area;fraction_of_circle_area,sector_fraction;circle_area,arc_length_sector_area_confusion;degree_fraction_error,扇形面积=πr^2×圆心角/360°，所以面积为 121/6π。,CN Junior High Math,圆,cn-junior-g9-sector-area,九年级：扇形面积,25469,jianzisheng_cn_junior_chapter_expansion_v1,local-ocr-derived: jianzisheng_cn_junior_grade9_batch4_v0; chapter=cn-junior-g9-sector-area; expansion=v1,AMC8,AMC8 Transfer,cn_circle_sector_area,formula_selection;fraction_reasoning,150,Chapter-level expansion from existing cleaned Jian Zi Sheng junior OCR coverage signals. Project-native original-equivalent variants; no direct textbook exercise text is reproduced.,zh,CN,CN,中文校内,初中,production
jianzisheng_cn_junior_chapter_expansion_v1_cn-junior-g9-sector-area_011,半径为 12 的圆中，圆心角为 90° 的扇形面积是多少？,36π,multiple_choice,A:36π|B:144π|C:24π|D:12π|E:45,5,geo_circles;geo_area,sector_area;fraction_of_circle_area,sector_fraction;circle_area,arc_length_sector_area_confusion;degree_fraction_error,扇形面积=πr^2×圆心角/360°，所以面积为 36π。,CN Junior High Math,圆,cn-junior-g9-sector-area,九年级：扇形面积,25470,jianzisheng_cn_junior_chapter_expansion_v1,local-ocr-derived: jianzisheng_cn_junior_grade9_batch4_v0; chapter=cn-junior-g9-sector-area; expansion=v1,AMC8,AMC8 Transfer,cn_circle_sector_area,formula_selection;fraction_reasoning,150,Chapter-level expansion from existing cleaned Jian Zi Sheng junior OCR coverage signals. Project-native original-equivalent variants; no direct textbook exercise text is reproduced.,zh,CN,CN,中文校内,初中,production
jianzisheng_cn_junior_chapter_expansion_v1_cn-junior-g9-sector-area_012,半径为 4 的圆中，圆心角为 120° 的扇形面积是多少？,16/3π,multiple_choice,A:16π|B:8π|C:4π|D:60|E:16/3π,5,geo_circles;geo_area,sector_area;fraction_of_circle_area,sector_fraction;circle_area,arc_length_sector_area_confusion;degree_fraction_error,扇形面积=πr^2×圆心角/360°，所以面积为 16/3π。,CN Junior High Math,圆,cn-junior-g9-sector-area,九年级：扇形面积,25471,jianzisheng_cn_junior_chapter_expansion_v1,local-ocr-derived: jianzisheng_cn_junior_grade9_batch4_v0; chapter=cn-junior-g9-sector-area; expansion=v1,AMC8,AMC8 Transfer,cn_circle_sector_area,formula_selection;fraction_reasoning,150,Chapter-level expansion from existing cleaned Jian Zi Sheng junior OCR coverage signals. Project-native original-equivalent variants; no direct textbook exercise text is reproduced.,zh,CN,CN,中文校内,初中,production
jianzisheng_cn_junior_chapter_expansion_v1_cn-junior-g9-sector-area_013,半径为 5 的圆中，圆心角为 180° 的扇形面积是多少？,25/2π,multiple_choice,A:10π|B:5π|C:90|D:25/2π|E:25π,5,geo_circles;geo_area,sector_area;fraction_of_circle_area,sector_fraction;circle_area,arc_length_sector_area_confusion;degree_fraction_error,扇形面积=πr^2×圆心角/360°，所以面积为 25/2π。,CN Junior High Math,圆,cn-junior-g9-sector-area,九年级：扇形面积,25472,jianzisheng_cn_junior_chapter_expansion_v1,local-ocr-derived: jianzisheng_cn_junior_grade9_batch4_v0; chapter=cn-junior-g9-sector-area; expansion=v1,AMC8,AMC8 Transfer,cn_circle_sector_area,formula_selection;fraction_reasoning,150,Chapter-level expansion from existing cleaned Jian Zi Sheng junior OCR coverage signals. Project-native original-equivalent variants; no direct textbook exercise text is reproduced.,zh,CN,CN,中文校内,初中,production
jianzisheng_cn_junior_chapter_expansion_v1_cn-junior-g9-sector-area_014,半径为 6 的圆中，圆心角为 60° 的扇形面积是多少？,6π,multiple_choice,A:30|B:6π+5|C:6π|D:36π|E:12π,5,geo_circles;geo_area,sector_area;fraction_of_circle_area,sector_fraction;circle_area,arc_length_sector_area_confusion;degree_fraction_error,扇形面积=πr^2×圆心角/360°，所以面积为 6π。,CN Junior High Math,圆,cn-junior-g9-sector-area,九年级：扇形面积,25473,jianzisheng_cn_junior_chapter_expansion_v1,local-ocr-derived: jianzisheng_cn_junior_grade9_batch4_v0; chapter=cn-junior-g9-sector-area; expansion=v1,AMC8,AMC8 Transfer,cn_circle_sector_area,formula_selection;fraction_reasoning,150,Chapter-level expansion from existing cleaned Jian Zi Sheng junior OCR coverage signals. Project-native original-equivalent variants; no direct textbook exercise text is reproduced.,zh,CN,CN,中文校内,初中,production
jianzisheng_cn_junior_chapter_expansion_v1_cn-junior-g9-circle-ratio_001,两个圆的半径分别为 2 和 6，它们的周长比是多少？,1:3,multiple_choice,A:1:3|B:4:36|C:6:2|D:8:6|E:2:12,4,geo_circles;arith_proportions,circle_scale_ratio;proportional_reasoning,radius_to_circumference_ratio;similar_circles,area_circumference_ratio_confusion;ratio_order_error,圆周长与半径成正比，所以周长比等于半径比 1:3。,CN Junior High Math,圆,cn-junior-g9-circle-ratio,九年级：圆的比例关系,25480,jianzisheng_cn_junior_chapter_expansion_v1,local-ocr-derived: jianzisheng_cn_junior_grade9_batch4_v0; chapter=cn-junior-g9-circle-ratio; expansion=v1,Honors,AMC8 Transfer,cn_circle_circumference_ratio,multiplicative_reasoning;structure_recognition,130,Chapter-level expansion from existing cleaned Jian Zi Sheng junior OCR coverage signals. Project-native original-equivalent variants; no direct textbook exercise text is reproduced.,zh,CN,CN,中文校内,初中,production
jianzisheng_cn_junior_chapter_expansion_v1_cn-junior-g9-circle-ratio_002,两个圆的半径分别为 3 和 12，它们的周长比是多少？,1:4,multiple_choice,A:9:144|B:12:3|C:15:12|D:3:24|E:1:4,4,geo_circles;arith_proportions,circle_scale_ratio;proportional_reasoning,radius_to_circumference_ratio;similar_circles,area_circumference_ratio_confusion;ratio_order_error,圆周长与半径成正比，所以周长比等于半径比 1:4。,CN Junior High Math,圆,cn-junior-g9-circle-ratio,九年级：圆的比例关系,25481,jianzisheng_cn_junior_chapter_expansion_v1,local-ocr-derived: jianzisheng_cn_junior_grade9_batch4_v0; chapter=cn-junior-g9-circle-ratio; expansion=v1,Honors,AMC8 Transfer,cn_circle_circumference_ratio,multiplicative_reasoning;structure_recognition,130,Chapter-level expansion from existing cleaned Jian Zi Sheng junior OCR coverage signals. Project-native original-equivalent variants; no direct textbook exercise text is reproduced.,zh,CN,CN,中文校内,初中,production
jianzisheng_cn_junior_chapter_expansion_v1_cn-junior-g9-circle-ratio_003,两个圆的半径分别为 4 和 8，它们的周长比是多少？,1:2,multiple_choice,A:8:4|B:12:8|C:4:16|D:1:2|E:16:64,4,geo_circles;arith_proportions,circle_scale_ratio;proportional_reasoning,radius_to_circumference_ratio;similar_circles,area_circumference_ratio_confusion;ratio_order_error,圆周长与半径成正比，所以周长比等于半径比 1:2。,CN Junior High Math,圆,cn-junior-g9-circle-ratio,九年级：圆的比例关系,25482,jianzisheng_cn_junior_chapter_expansion_v1,local-ocr-derived: jianzisheng_cn_junior_grade9_batch4_v0; chapter=cn-junior-g9-circle-ratio; expansion=v1,Honors,AMC8 Transfer,cn_circle_circumference_ratio,multiplicative_reasoning;structure_recognition,130,Chapter-level expansion from existing cleaned Jian Zi Sheng junior OCR coverage signals. Project-native original-equivalent variants; no direct textbook exercise text is reproduced.,zh,CN,CN,中文校内,初中,production
jianzisheng_cn_junior_chapter_expansion_v1_cn-junior-g9-circle-ratio_004,两个圆的半径分别为 5 和 15，它们的周长比是多少？,1:3,multiple_choice,A:20:15|B:5:30|C:1:3|D:25:225|E:15:5,4,geo_circles;arith_proportions,circle_scale_ratio;proportional_reasoning,radius_to_circumference_ratio;similar_circles,area_circumference_ratio_confusion;ratio_order_error,圆周长与半径成正比，所以周长比等于半径比 1:3。,CN Junior High Math,圆,cn-junior-g9-circle-ratio,九年级：圆的比例关系,25483,jianzisheng_cn_junior_chapter_expansion_v1,local-ocr-derived: jianzisheng_cn_junior_grade9_batch4_v0; chapter=cn-junior-g9-circle-ratio; expansion=v1,Honors,AMC8 Transfer,cn_circle_circumference_ratio,multiplicative_reasoning;structure_recognition,130,Chapter-level expansion from existing cleaned Jian Zi Sheng junior OCR coverage signals. Project-native original-equivalent variants; no direct textbook exercise text is reproduced.,zh,CN,CN,中文校内,初中,production
jianzisheng_cn_junior_chapter_expansion_v1_cn-junior-g9-circle-ratio_005,两个圆的半径分别为 6 和 24，它们的周长比是多少？,1:4,multiple_choice,A:6:48|B:1:4|C:36:576|D:24:6|E:30:24,4,geo_circles;arith_proportions,circle_scale_ratio;proportional_reasoning,radius_to_circumference_ratio;similar_circles,area_circumference_ratio_confusion;ratio_order_error,圆周长与半径成正比，所以周长比等于半径比 1:4。,CN Junior High Math,圆,cn-junior-g9-circle-ratio,九年级：圆的比例关系,25484,jianzisheng_cn_junior_chapter_expansion_v1,local-ocr-derived: jianzisheng_cn_junior_grade9_batch4_v0; chapter=cn-junior-g9-circle-ratio; expansion=v1,Honors,AMC8 Transfer,cn_circle_circumference_ratio,multiplicative_reasoning;structure_recognition,130,Chapter-level expansion from existing cleaned Jian Zi Sheng junior OCR coverage signals. Project-native original-equivalent variants; no direct textbook exercise text is reproduced.,zh,CN,CN,中文校内,初中,production
jianzisheng_cn_junior_chapter_expansion_v1_cn-junior-g9-circle-ratio_006,两个圆的半径分别为 7 和 14，它们的周长比是多少？,1:2,multiple_choice,A:1:2|B:49:196|C:14:7|D:21:14|E:7:28,4,geo_circles;arith_proportions,circle_scale_ratio;proportional_reasoning,radius_to_circumference_ratio;similar_circles,area_circumference_ratio_confusion;ratio_order_error,圆周长与半径成正比，所以周长比等于半径比 1:2。,CN Junior High Math,圆,cn-junior-g9-circle-ratio,九年级：圆的比例关系,25485,jianzisheng_cn_junior_chapter_expansion_v1,local-ocr-derived: jianzisheng_cn_junior_grade9_batch4_v0; chapter=cn-junior-g9-circle-ratio; expansion=v1,Honors,AMC8 Transfer,cn_circle_circumference_ratio,multiplicative_reasoning;structure_recognition,130,Chapter-level expansion from existing cleaned Jian Zi Sheng junior OCR coverage signals. Project-native original-equivalent variants; no direct textbook exercise text is reproduced.,zh,CN,CN,中文校内,初中,production
jianzisheng_cn_junior_chapter_expansion_v1_cn-junior-g9-circle-ratio_007,两个圆的半径分别为 8 和 24，它们的周长比是多少？,1:3,multiple_choice,A:64:576|B:24:8|C:32:24|D:8:48|E:1:3,4,geo_circles;arith_proportions,circle_scale_ratio;proportional_reasoning,radius_to_circumference_ratio;similar_circles,area_circumference_ratio_confusion;ratio_order_error,圆周长与半径成正比，所以周长比等于半径比 1:3。,CN Junior High Math,圆,cn-junior-g9-circle-ratio,九年级：圆的比例关系,25486,jianzisheng_cn_junior_chapter_expansion_v1,local-ocr-derived: jianzisheng_cn_junior_grade9_batch4_v0; chapter=cn-junior-g9-circle-ratio; expansion=v1,Honors,AMC8 Transfer,cn_circle_circumference_ratio,multiplicative_reasoning;structure_recognition,130,Chapter-level expansion from existing cleaned Jian Zi Sheng junior OCR coverage signals. Project-native original-equivalent variants; no direct textbook exercise text is reproduced.,zh,CN,CN,中文校内,初中,production
jianzisheng_cn_junior_chapter_expansion_v1_cn-junior-g9-circle-ratio_008,两个圆的半径分别为 2 和 8，它们的周长比是多少？,1:4,multiple_choice,A:8:2|B:10:8|C:2:16|D:1:4|E:4:64,4,geo_circles;arith_proportions,circle_scale_ratio;proportional_reasoning,radius_to_circumference_ratio;similar_circles,area_circumference_ratio_confusion;ratio_order_error,圆周长与半径成正比，所以周长比等于半径比 1:4。,CN Junior High Math,圆,cn-junior-g9-circle-ratio,九年级：圆的比例关系,25487,jianzisheng_cn_junior_chapter_expansion_v1,local-ocr-derived: jianzisheng_cn_junior_grade9_batch4_v0; chapter=cn-junior-g9-circle-ratio; expansion=v1,Honors,AMC8 Transfer,cn_circle_circumference_ratio,multiplicative_reasoning;structure_recognition,130,Chapter-level expansion from existing cleaned Jian Zi Sheng junior OCR coverage signals. Project-native original-equivalent variants; no direct textbook exercise text is reproduced.,zh,CN,CN,中文校内,初中,production
jianzisheng_cn_junior_chapter_expansion_v1_cn-junior-g9-circle-ratio_009,两个圆的半径分别为 3 和 6，它们的周长比是多少？,1:2,multiple_choice,A:9:6|B:3:12|C:1:2|D:9:36|E:6:3,4,geo_circles;arith_proportions,circle_scale_ratio;proportional_reasoning,radius_to_circumference_ratio;similar_circles,area_circumference_ratio_confusion;ratio_order_error,圆周长与半径成正比，所以周长比等于半径比 1:2。,CN Junior High Math,圆,cn-junior-g9-circle-ratio,九年级：圆的比例关系,25488,jianzisheng_cn_junior_chapter_expansion_v1,local-ocr-derived: jianzisheng_cn_junior_grade9_batch4_v0; chapter=cn-junior-g9-circle-ratio; expansion=v1,Honors,AMC8 Transfer,cn_circle_circumference_ratio,multiplicative_reasoning;structure_recognition,130,Chapter-level expansion from existing cleaned Jian Zi Sheng junior OCR coverage signals. Project-native original-equivalent variants; no direct textbook exercise text is reproduced.,zh,CN,CN,中文校内,初中,production
jianzisheng_cn_junior_chapter_expansion_v1_cn-junior-g9-circle-ratio_010,两个圆的半径分别为 4 和 12，它们的周长比是多少？,1:3,multiple_choice,A:4:24|B:1:3|C:16:144|D:12:4|E:16:12,4,geo_circles;arith_proportions,circle_scale_ratio;proportional_reasoning,radius_to_circumference_ratio;similar_circles,area_circumference_ratio_confusion;ratio_order_error,圆周长与半径成正比，所以周长比等于半径比 1:3。,CN Junior High Math,圆,cn-junior-g9-circle-ratio,九年级：圆的比例关系,25489,jianzisheng_cn_junior_chapter_expansion_v1,local-ocr-derived: jianzisheng_cn_junior_grade9_batch4_v0; chapter=cn-junior-g9-circle-ratio; expansion=v1,Honors,AMC8 Transfer,cn_circle_circumference_ratio,multiplicative_reasoning;structure_recognition,130,Chapter-level expansion from existing cleaned Jian Zi Sheng junior OCR coverage signals. Project-native original-equivalent variants; no direct textbook exercise text is reproduced.,zh,CN,CN,中文校内,初中,production
jianzisheng_cn_junior_chapter_expansion_v1_cn-junior-g9-circle-ratio_011,两个圆的半径分别为 5 和 20，它们的周长比是多少？,1:4,multiple_choice,A:1:4|B:25:400|C:20:5|D:25:20|E:5:40,4,geo_circles;arith_proportions,circle_scale_ratio;proportional_reasoning,radius_to_circumference_ratio;similar_circles,area_circumference_ratio_confusion;ratio_order_error,圆周长与半径成正比，所以周长比等于半径比 1:4。,CN Junior High Math,圆,cn-junior-g9-circle-ratio,九年级：圆的比例关系,25490,jianzisheng_cn_junior_chapter_expansion_v1,local-ocr-derived: jianzisheng_cn_junior_grade9_batch4_v0; chapter=cn-junior-g9-circle-ratio; expansion=v1,Honors,AMC8 Transfer,cn_circle_circumference_ratio,multiplicative_reasoning;structure_recognition,130,Chapter-level expansion from existing cleaned Jian Zi Sheng junior OCR coverage signals. Project-native original-equivalent variants; no direct textbook exercise text is reproduced.,zh,CN,CN,中文校内,初中,production
jianzisheng_cn_junior_chapter_expansion_v1_cn-junior-g9-circle-ratio_012,两个圆的半径分别为 6 和 12，它们的周长比是多少？,1:2,multiple_choice,A:36:144|B:12:6|C:18:12|D:6:24|E:1:2,4,geo_circles;arith_proportions,circle_scale_ratio;proportional_reasoning,radius_to_circumference_ratio;similar_circles,area_circumference_ratio_confusion;ratio_order_error,圆周长与半径成正比，所以周长比等于半径比 1:2。,CN Junior High Math,圆,cn-junior-g9-circle-ratio,九年级：圆的比例关系,25491,jianzisheng_cn_junior_chapter_expansion_v1,local-ocr-derived: jianzisheng_cn_junior_grade9_batch4_v0; chapter=cn-junior-g9-circle-ratio; expansion=v1,Honors,AMC8 Transfer,cn_circle_circumference_ratio,multiplicative_reasoning;structure_recognition,130,Chapter-level expansion from existing cleaned Jian Zi Sheng junior OCR coverage signals. Project-native original-equivalent variants; no direct textbook exercise text is reproduced.,zh,CN,CN,中文校内,初中,production
jianzisheng_cn_junior_chapter_expansion_v1_cn-junior-g9-circle-ratio_013,两个圆的半径分别为 7 和 21，它们的周长比是多少？,1:3,multiple_choice,A:21:7|B:28:21|C:7:42|D:1:3|E:49:441,4,geo_circles;arith_proportions,circle_scale_ratio;proportional_reasoning,radius_to_circumference_ratio;similar_circles,area_circumference_ratio_confusion;ratio_order_error,圆周长与半径成正比，所以周长比等于半径比 1:3。,CN Junior High Math,圆,cn-junior-g9-circle-ratio,九年级：圆的比例关系,25492,jianzisheng_cn_junior_chapter_expansion_v1,local-ocr-derived: jianzisheng_cn_junior_grade9_batch4_v0; chapter=cn-junior-g9-circle-ratio; expansion=v1,Honors,AMC8 Transfer,cn_circle_circumference_ratio,multiplicative_reasoning;structure_recognition,130,Chapter-level expansion from existing cleaned Jian Zi Sheng junior OCR coverage signals. Project-native original-equivalent variants; no direct textbook exercise text is reproduced.,zh,CN,CN,中文校内,初中,production
jianzisheng_cn_junior_chapter_expansion_v1_cn-junior-g9-circle-ratio_014,两个圆的半径分别为 8 和 32，它们的周长比是多少？,1:4,multiple_choice,A:40:32|B:8:64|C:1:4|D:64:1024|E:32:8,4,geo_circles;arith_proportions,circle_scale_ratio;proportional_reasoning,radius_to_circumference_ratio;similar_circles,area_circumference_ratio_confusion;ratio_order_error,圆周长与半径成正比，所以周长比等于半径比 1:4。,CN Junior High Math,圆,cn-junior-g9-circle-ratio,九年级：圆的比例关系,25493,jianzisheng_cn_junior_chapter_expansion_v1,local-ocr-derived: jianzisheng_cn_junior_grade9_batch4_v0; chapter=cn-junior-g9-circle-ratio; expansion=v1,Honors,AMC8 Transfer,cn_circle_circumference_ratio,multiplicative_reasoning;structure_recognition,130,Chapter-level expansion from existing cleaned Jian Zi Sheng junior OCR coverage signals. Project-native original-equivalent variants; no direct textbook exercise text is reproduced.,zh,CN,CN,中文校内,初中,production
jianzisheng_cn_junior_chapter_expansion_v1_cn-junior-g9-expected-count_001,某事件发生的概率为 2/4，重复试验 60 次，预计大约发生多少次？,30,multiple_choice,A:30|B:60|C:35|D:25|E:35,4,counting_probability;arith_fractions,expected_count;fraction_multiplication,probability_times_trials;expected_frequency,probability_vs_count_confusion;complement_count_error,预计次数=概率×试验次数，所以约为 2/4×60=30 次。,CN Junior High Math,概率统计,cn-junior-g9-expected-count,九年级：概率与频数估计,25500,jianzisheng_cn_junior_chapter_expansion_v1,local-ocr-derived: jianzisheng_cn_junior_grade9_batch4_v0; chapter=cn-junior-g9-expected-count; expansion=v1,Honors,AMC8 Transfer,cn_probability_expected_count,multiplicative_reasoning;data_reasoning,130,Chapter-level expansion from existing cleaned Jian Zi Sheng junior OCR coverage signals. Project-native original-equivalent variants; no direct textbook exercise text is reproduced.,zh,CN,CN,中文校内,初中,production
jianzisheng_cn_junior_chapter_expansion_v1_cn-junior-g9-expected-count_002,某事件发生的概率为 1/5，重复试验 40 次，预计大约发生多少次？,8,multiple_choice,A:40|B:13|C:3|D:32|E:8,4,counting_probability;arith_fractions,expected_count;fraction_multiplication,probability_times_trials;expected_frequency,probability_vs_count_confusion;complement_count_error,预计次数=概率×试验次数，所以约为 1/5×40=8 次。,CN Junior High Math,概率统计,cn-junior-g9-expected-count,九年级：概率与频数估计,25501,jianzisheng_cn_junior_chapter_expansion_v1,local-ocr-derived: jianzisheng_cn_junior_grade9_batch4_v0; chapter=cn-junior-g9-expected-count; expansion=v1,Honors,AMC8 Transfer,cn_probability_expected_count,multiplicative_reasoning;data_reasoning,130,Chapter-level expansion from existing cleaned Jian Zi Sheng junior OCR coverage signals. Project-native original-equivalent variants; no direct textbook exercise text is reproduced.,zh,CN,CN,中文校内,初中,production
jianzisheng_cn_junior_chapter_expansion_v1_cn-junior-g9-expected-count_003,某事件发生的概率为 5/6，重复试验 54 次，预计大约发生多少次？,45,multiple_choice,A:50|B:40|C:9|D:45|E:54,4,counting_probability;arith_fractions,expected_count;fraction_multiplication,probability_times_trials;expected_frequency,probability_vs_count_confusion;complement_count_error,预计次数=概率×试验次数，所以约为 5/6×54=45 次。,CN Junior High Math,概率统计,cn-junior-g9-expected-count,九年级：概率与频数估计,25502,jianzisheng_cn_junior_chapter_expansion_v1,local-ocr-derived: jianzisheng_cn_junior_grade9_batch4_v0; chapter=cn-junior-g9-expected-count; expansion=v1,Honors,AMC8 Transfer,cn_probability_expected_count,multiplicative_reasoning;data_reasoning,130,Chapter-level expansion from existing cleaned Jian Zi Sheng junior OCR coverage signals. Project-native original-equivalent variants; no direct textbook exercise text is reproduced.,zh,CN,CN,中文校内,初中,production
jianzisheng_cn_junior_chapter_expansion_v1_cn-junior-g9-expected-count_004,某事件发生的概率为 5/7，重复试验 70 次，预计大约发生多少次？,50,multiple_choice,A:45|B:20|C:50|D:70|E:55,4,counting_probability;arith_fractions,expected_count;fraction_multiplication,probability_times_trials;expected_frequency,probability_vs_count_confusion;complement_count_error,预计次数=概率×试验次数，所以约为 5/7×70=50 次。,CN Junior High Math,概率统计,cn-junior-g9-expected-count,九年级：概率与频数估计,25503,jianzisheng_cn_junior_chapter_expansion_v1,local-ocr-derived: jianzisheng_cn_junior_grade9_batch4_v0; chapter=cn-junior-g9-expected-count; expansion=v1,Honors,AMC8 Transfer,cn_probability_expected_count,multiplicative_reasoning;data_reasoning,130,Chapter-level expansion from existing cleaned Jian Zi Sheng junior OCR coverage signals. Project-native original-equivalent variants; no direct textbook exercise text is reproduced.,zh,CN,CN,中文校内,初中,production
jianzisheng_cn_junior_chapter_expansion_v1_cn-junior-g9-expected-count_005,某事件发生的概率为 5/8，重复试验 88 次，预计大约发生多少次？,55,multiple_choice,A:33|B:55|C:88|D:60|E:50,4,counting_probability;arith_fractions,expected_count;fraction_multiplication,probability_times_trials;expected_frequency,probability_vs_count_confusion;complement_count_error,预计次数=概率×试验次数，所以约为 5/8×88=55 次。,CN Junior High Math,概率统计,cn-junior-g9-expected-count,九年级：概率与频数估计,25504,jianzisheng_cn_junior_chapter_expansion_v1,local-ocr-derived: jianzisheng_cn_junior_grade9_batch4_v0; chapter=cn-junior-g9-expected-count; expansion=v1,Honors,AMC8 Transfer,cn_probability_expected_count,multiplicative_reasoning;data_reasoning,130,Chapter-level expansion from existing cleaned Jian Zi Sheng junior OCR coverage signals. Project-native original-equivalent variants; no direct textbook exercise text is reproduced.,zh,CN,CN,中文校内,初中,production
jianzisheng_cn_junior_chapter_expansion_v1_cn-junior-g9-expected-count_006,某事件发生的概率为 5/9，重复试验 108 次，预计大约发生多少次？,60,multiple_choice,A:60|B:108|C:65|D:55|E:48,4,counting_probability;arith_fractions,expected_count;fraction_multiplication,probability_times_trials;expected_frequency,probability_vs_count_confusion;complement_count_error,预计次数=概率×试验次数，所以约为 5/9×108=60 次。,CN Junior High Math,概率统计,cn-junior-g9-expected-count,九年级：概率与频数估计,25505,jianzisheng_cn_junior_chapter_expansion_v1,local-ocr-derived: jianzisheng_cn_junior_grade9_batch4_v0; chapter=cn-junior-g9-expected-count; expansion=v1,Honors,AMC8 Transfer,cn_probability_expected_count,multiplicative_reasoning;data_reasoning,130,Chapter-level expansion from existing cleaned Jian Zi Sheng junior OCR coverage signals. Project-native original-equivalent variants; no direct textbook exercise text is reproduced.,zh,CN,CN,中文校内,初中,production
jianzisheng_cn_junior_chapter_expansion_v1_cn-junior-g9-expected-count_007,某事件发生的概率为 5/10，重复试验 130 次，预计大约发生多少次？,65,multiple_choice,A:130|B:70|C:60|D:70|E:65,4,counting_probability;arith_fractions,expected_count;fraction_multiplication,probability_times_trials;expected_frequency,probability_vs_count_confusion;complement_count_error,预计次数=概率×试验次数，所以约为 5/10×130=65 次。,CN Junior High Math,概率统计,cn-junior-g9-expected-count,九年级：概率与频数估计,25506,jianzisheng_cn_junior_chapter_expansion_v1,local-ocr-derived: jianzisheng_cn_junior_grade9_batch4_v0; chapter=cn-junior-g9-expected-count; expansion=v1,Honors,AMC8 Transfer,cn_probability_expected_count,multiplicative_reasoning;data_reasoning,130,Chapter-level expansion from existing cleaned Jian Zi Sheng junior OCR coverage signals. Project-native original-equivalent variants; no direct textbook exercise text is reproduced.,zh,CN,CN,中文校内,初中,production
jianzisheng_cn_junior_chapter_expansion_v1_cn-junior-g9-expected-count_008,某事件发生的概率为 3/4，重复试验 56 次，预计大约发生多少次？,42,multiple_choice,A:47|B:37|C:14|D:42|E:56,4,counting_probability;arith_fractions,expected_count;fraction_multiplication,probability_times_trials;expected_frequency,probability_vs_count_confusion;complement_count_error,预计次数=概率×试验次数，所以约为 3/4×56=42 次。,CN Junior High Math,概率统计,cn-junior-g9-expected-count,九年级：概率与频数估计,25507,jianzisheng_cn_junior_chapter_expansion_v1,local-ocr-derived: jianzisheng_cn_junior_grade9_batch4_v0; chapter=cn-junior-g9-expected-count; expansion=v1,Honors,AMC8 Transfer,cn_probability_expected_count,multiplicative_reasoning;data_reasoning,130,Chapter-level expansion from existing cleaned Jian Zi Sheng junior OCR coverage signals. Project-native original-equivalent variants; no direct textbook exercise text is reproduced.,zh,CN,CN,中文校内,初中,production
jianzisheng_cn_junior_chapter_expansion_v1_cn-junior-g9-expected-count_009,某事件发生的概率为 4/5，重复试验 75 次，预计大约发生多少次？,60,multiple_choice,A:55|B:15|C:60|D:75|E:65,4,counting_probability;arith_fractions,expected_count;fraction_multiplication,probability_times_trials;expected_frequency,probability_vs_count_confusion;complement_count_error,预计次数=概率×试验次数，所以约为 4/5×75=60 次。,CN Junior High Math,概率统计,cn-junior-g9-expected-count,九年级：概率与频数估计,25508,jianzisheng_cn_junior_chapter_expansion_v1,local-ocr-derived: jianzisheng_cn_junior_grade9_batch4_v0; chapter=cn-junior-g9-expected-count; expansion=v1,Honors,AMC8 Transfer,cn_probability_expected_count,multiplicative_reasoning;data_reasoning,130,Chapter-level expansion from existing cleaned Jian Zi Sheng junior OCR coverage signals. Project-native original-equivalent variants; no direct textbook exercise text is reproduced.,zh,CN,CN,中文校内,初中,production
jianzisheng_cn_junior_chapter_expansion_v1_cn-junior-g9-expected-count_010,某事件发生的概率为 2/6，重复试验 48 次，预计大约发生多少次？,16,multiple_choice,A:32|B:16|C:48|D:21|E:11,4,counting_probability;arith_fractions,expected_count;fraction_multiplication,probability_times_trials;expected_frequency,probability_vs_count_confusion;complement_count_error,预计次数=概率×试验次数，所以约为 2/6×48=16 次。,CN Junior High Math,概率统计,cn-junior-g9-expected-count,九年级：概率与频数估计,25509,jianzisheng_cn_junior_chapter_expansion_v1,local-ocr-derived: jianzisheng_cn_junior_grade9_batch4_v0; chapter=cn-junior-g9-expected-count; expansion=v1,Honors,AMC8 Transfer,cn_probability_expected_count,multiplicative_reasoning;data_reasoning,130,Chapter-level expansion from existing cleaned Jian Zi Sheng junior OCR coverage signals. Project-native original-equivalent variants; no direct textbook exercise text is reproduced.,zh,CN,CN,中文校内,初中,production
jianzisheng_cn_junior_chapter_expansion_v1_cn-junior-g9-expected-count_011,某事件发生的概率为 6/7，重复试验 63 次，预计大约发生多少次？,54,multiple_choice,A:54|B:63|C:59|D:49|E:9,4,counting_probability;arith_fractions,expected_count;fraction_multiplication,probability_times_trials;expected_frequency,probability_vs_count_confusion;complement_count_error,预计次数=概率×试验次数，所以约为 6/7×63=54 次。,CN Junior High Math,概率统计,cn-junior-g9-expected-count,九年级：概率与频数估计,25510,jianzisheng_cn_junior_chapter_expansion_v1,local-ocr-derived: jianzisheng_cn_junior_grade9_batch4_v0; chapter=cn-junior-g9-expected-count; expansion=v1,Honors,AMC8 Transfer,cn_probability_expected_count,multiplicative_reasoning;data_reasoning,130,Chapter-level expansion from existing cleaned Jian Zi Sheng junior OCR coverage signals. Project-native original-equivalent variants; no direct textbook exercise text is reproduced.,zh,CN,CN,中文校内,初中,production
jianzisheng_cn_junior_chapter_expansion_v1_cn-junior-g9-expected-count_012,某事件发生的概率为 5/8，重复试验 80 次，预计大约发生多少次？,50,multiple_choice,A:80|B:55|C:45|D:30|E:50,4,counting_probability;arith_fractions,expected_count;fraction_multiplication,probability_times_trials;expected_frequency,probability_vs_count_confusion;complement_count_error,预计次数=概率×试验次数，所以约为 5/8×80=50 次。,CN Junior High Math,概率统计,cn-junior-g9-expected-count,九年级：概率与频数估计,25511,jianzisheng_cn_junior_chapter_expansion_v1,local-ocr-derived: jianzisheng_cn_junior_grade9_batch4_v0; chapter=cn-junior-g9-expected-count; expansion=v1,Honors,AMC8 Transfer,cn_probability_expected_count,multiplicative_reasoning;data_reasoning,130,Chapter-level expansion from existing cleaned Jian Zi Sheng junior OCR coverage signals. Project-native original-equivalent variants; no direct textbook exercise text is reproduced.,zh,CN,CN,中文校内,初中,production
jianzisheng_cn_junior_chapter_expansion_v1_cn-junior-g9-expected-count_013,某事件发生的概率为 4/9，重复试验 99 次，预计大约发生多少次？,44,multiple_choice,A:49|B:39|C:55|D:44|E:99,4,counting_probability;arith_fractions,expected_count;fraction_multiplication,probability_times_trials;expected_frequency,probability_vs_count_confusion;complement_count_error,预计次数=概率×试验次数，所以约为 4/9×99=44 次。,CN Junior High Math,概率统计,cn-junior-g9-expected-count,九年级：概率与频数估计,25512,jianzisheng_cn_junior_chapter_expansion_v1,local-ocr-derived: jianzisheng_cn_junior_grade9_batch4_v0; chapter=cn-junior-g9-expected-count; expansion=v1,Honors,AMC8 Transfer,cn_probability_expected_count,multiplicative_reasoning;data_reasoning,130,Chapter-level expansion from existing cleaned Jian Zi Sheng junior OCR coverage signals. Project-native original-equivalent variants; no direct textbook exercise text is reproduced.,zh,CN,CN,中文校内,初中,production
jianzisheng_cn_junior_chapter_expansion_v1_cn-junior-g9-expected-count_014,某事件发生的概率为 3/10，重复试验 120 次，预计大约发生多少次？,36,multiple_choice,A:31|B:84|C:36|D:120|E:41,4,counting_probability;arith_fractions,expected_count;fraction_multiplication,probability_times_trials;expected_frequency,probability_vs_count_confusion;complement_count_error,预计次数=概率×试验次数，所以约为 3/10×120=36 次。,CN Junior High Math,概率统计,cn-junior-g9-expected-count,九年级：概率与频数估计,25513,jianzisheng_cn_junior_chapter_expansion_v1,local-ocr-derived: jianzisheng_cn_junior_grade9_batch4_v0; chapter=cn-junior-g9-expected-count; expansion=v1,Honors,AMC8 Transfer,cn_probability_expected_count,multiplicative_reasoning;data_reasoning,130,Chapter-level expansion from existing cleaned Jian Zi Sheng junior OCR coverage signals. Project-native original-equivalent variants; no direct textbook exercise text is reproduced.,zh,CN,CN,中文校内,初中,production
jianzisheng_cn_junior_chapter_expansion_v1_cn-junior-g9-statistics-missing-value_001,5 个数的平均数为 9.8，其中 4 个数为 5，6，8，17，第 5 个数是多少？,13,multiple_choice,A:13|B:9.8|C:36|D:15|E:11,4,stats_mean;alg_linear_equations,missing_value_from_mean;linear_equation_solving,mean_total_relationship;data_inverse_problem,mean_as_missing_value;forget_total_count,5 个数总和为 9.8×5，减去已知 4 个数的和，得到第 5 个数为 13。,CN Junior High Math,概率统计,cn-junior-g9-statistics-missing-value,九年级：平均数反求,25520,jianzisheng_cn_junior_chapter_expansion_v1,local-ocr-derived: jianzisheng_cn_junior_grade9_batch4_v0; chapter=cn-junior-g9-statistics-missing-value; expansion=v1,Honors,Algebra Readiness,cn_statistics_missing_value,inverse_operations;data_reasoning,130,Chapter-level expansion from existing cleaned Jian Zi Sheng junior OCR coverage signals. Project-native original-equivalent variants; no direct textbook exercise text is reproduced.,zh,CN,CN,中文校内,初中,production
jianzisheng_cn_junior_chapter_expansion_v1_cn-junior-g9-statistics-missing-value_002,5 个数的平均数为 9.2，其中 4 个数为 6，7，9，10，第 5 个数是多少？,14,multiple_choice,A:9.2|B:32|C:16|D:12|E:14,4,stats_mean;alg_linear_equations,missing_value_from_mean;linear_equation_solving,mean_total_relationship;data_inverse_problem,mean_as_missing_value;forget_total_count,5 个数总和为 9.2×5，减去已知 4 个数的和，得到第 5 个数为 14。,CN Junior High Math,概率统计,cn-junior-g9-statistics-missing-value,九年级：平均数反求,25521,jianzisheng_cn_junior_chapter_expansion_v1,local-ocr-derived: jianzisheng_cn_junior_grade9_batch4_v0; chapter=cn-junior-g9-statistics-missing-value; expansion=v1,Honors,Algebra Readiness,cn_statistics_missing_value,inverse_operations;data_reasoning,130,Chapter-level expansion from existing cleaned Jian Zi Sheng junior OCR coverage signals. Project-native original-equivalent variants; no direct textbook exercise text is reproduced.,zh,CN,CN,中文校内,初中,production
jianzisheng_cn_junior_chapter_expansion_v1_cn-junior-g9-statistics-missing-value_003,5 个数的平均数为 10.2，其中 4 个数为 7，8，10，11，第 5 个数是多少？,15,multiple_choice,A:36|B:17|C:13|D:15|E:10.2,4,stats_mean;alg_linear_equations,missing_value_from_mean;linear_equation_solving,mean_total_relationship;data_inverse_problem,mean_as_missing_value;forget_total_count,5 个数总和为 10.2×5，减去已知 4 个数的和，得到第 5 个数为 15。,CN Junior High Math,概率统计,cn-junior-g9-statistics-missing-value,九年级：平均数反求,25522,jianzisheng_cn_junior_chapter_expansion_v1,local-ocr-derived: jianzisheng_cn_junior_grade9_batch4_v0; chapter=cn-junior-g9-statistics-missing-value; expansion=v1,Honors,Algebra Readiness,cn_statistics_missing_value,inverse_operations;data_reasoning,130,Chapter-level expansion from existing cleaned Jian Zi Sheng junior OCR coverage signals. Project-native original-equivalent variants; no direct textbook exercise text is reproduced.,zh,CN,CN,中文校内,初中,production
jianzisheng_cn_junior_chapter_expansion_v1_cn-junior-g9-statistics-missing-value_004,5 个数的平均数为 8.2，其中 4 个数为 3，9，11，12，第 5 个数是多少？,6,multiple_choice,A:8|B:4|C:6|D:8.2|E:35,4,stats_mean;alg_linear_equations,missing_value_from_mean;linear_equation_solving,mean_total_relationship;data_inverse_problem,mean_as_missing_value;forget_total_count,5 个数总和为 8.2×5，减去已知 4 个数的和，得到第 5 个数为 6。,CN Junior High Math,概率统计,cn-junior-g9-statistics-missing-value,九年级：平均数反求,25523,jianzisheng_cn_junior_chapter_expansion_v1,local-ocr-derived: jianzisheng_cn_junior_grade9_batch4_v0; chapter=cn-junior-g9-statistics-missing-value; expansion=v1,Honors,Algebra Readiness,cn_statistics_missing_value,inverse_operations;data_reasoning,130,Chapter-level expansion from existing cleaned Jian Zi Sheng junior OCR coverage signals. Project-native original-equivalent variants; no direct textbook exercise text is reproduced.,zh,CN,CN,中文校内,初中,production
jianzisheng_cn_junior_chapter_expansion_v1_cn-junior-g9-statistics-missing-value_005,5 个数的平均数为 9.2，其中 4 个数为 4，10，12，13，第 5 个数是多少？,7,multiple_choice,A:5|B:7|C:9.2|D:39|E:9,4,stats_mean;alg_linear_equations,missing_value_from_mean;linear_equation_solving,mean_total_relationship;data_inverse_problem,mean_as_missing_value;forget_total_count,5 个数总和为 9.2×5，减去已知 4 个数的和，得到第 5 个数为 7。,CN Junior High Math,概率统计,cn-junior-g9-statistics-missing-value,九年级：平均数反求,25524,jianzisheng_cn_junior_chapter_expansion_v1,local-ocr-derived: jianzisheng_cn_junior_grade9_batch4_v0; chapter=cn-junior-g9-statistics-missing-value; expansion=v1,Honors,Algebra Readiness,cn_statistics_missing_value,inverse_operations;data_reasoning,130,Chapter-level expansion from existing cleaned Jian Zi Sheng junior OCR coverage signals. Project-native original-equivalent variants; no direct textbook exercise text is reproduced.,zh,CN,CN,中文校内,初中,production
jianzisheng_cn_junior_chapter_expansion_v1_cn-junior-g9-statistics-missing-value_006,5 个数的平均数为 9，其中 4 个数为 5，5，13，14，第 5 个数是多少？,8,multiple_choice,A:8|B:9|C:37|D:10|E:6,4,stats_mean;alg_linear_equations,missing_value_from_mean;linear_equation_solving,mean_total_relationship;data_inverse_problem,mean_as_missing_value;forget_total_count,5 个数总和为 9×5，减去已知 4 个数的和，得到第 5 个数为 8。,CN Junior High Math,概率统计,cn-junior-g9-statistics-missing-value,九年级：平均数反求,25525,jianzisheng_cn_junior_chapter_expansion_v1,local-ocr-derived: jianzisheng_cn_junior_grade9_batch4_v0; chapter=cn-junior-g9-statistics-missing-value; expansion=v1,Honors,Algebra Readiness,cn_statistics_missing_value,inverse_operations;data_reasoning,130,Chapter-level expansion from existing cleaned Jian Zi Sheng junior OCR coverage signals. Project-native original-equivalent variants; no direct textbook exercise text is reproduced.,zh,CN,CN,中文校内,初中,production
jianzisheng_cn_junior_chapter_expansion_v1_cn-junior-g9-statistics-missing-value_007,5 个数的平均数为 10，其中 4 个数为 6，6，14，15，第 5 个数是多少？,9,multiple_choice,A:10|B:41|C:11|D:7|E:9,4,stats_mean;alg_linear_equations,missing_value_from_mean;linear_equation_solving,mean_total_relationship;data_inverse_problem,mean_as_missing_value;forget_total_count,5 个数总和为 10×5，减去已知 4 个数的和，得到第 5 个数为 9。,CN Junior High Math,概率统计,cn-junior-g9-statistics-missing-value,九年级：平均数反求,25526,jianzisheng_cn_junior_chapter_expansion_v1,local-ocr-derived: jianzisheng_cn_junior_grade9_batch4_v0; chapter=cn-junior-g9-statistics-missing-value; expansion=v1,Honors,Algebra Readiness,cn_statistics_missing_value,inverse_operations;data_reasoning,130,Chapter-level expansion from existing cleaned Jian Zi Sheng junior OCR coverage signals. Project-native original-equivalent variants; no direct textbook exercise text is reproduced.,zh,CN,CN,中文校内,初中,production
jianzisheng_cn_junior_chapter_expansion_v1_cn-junior-g9-statistics-missing-value_008,5 个数的平均数为 9.6，其中 4 个数为 7，7，8，16，第 5 个数是多少？,10,multiple_choice,A:38|B:12|C:8|D:10|E:9.6,4,stats_mean;alg_linear_equations,missing_value_from_mean;linear_equation_solving,mean_total_relationship;data_inverse_problem,mean_as_missing_value;forget_total_count,5 个数总和为 9.6×5，减去已知 4 个数的和，得到第 5 个数为 10。,CN Junior High Math,概率统计,cn-junior-g9-statistics-missing-value,九年级：平均数反求,25527,jianzisheng_cn_junior_chapter_expansion_v1,local-ocr-derived: jianzisheng_cn_junior_grade9_batch4_v0; chapter=cn-junior-g9-statistics-missing-value; expansion=v1,Honors,Algebra Readiness,cn_statistics_missing_value,inverse_operations;data_reasoning,130,Chapter-level expansion from existing cleaned Jian Zi Sheng junior OCR coverage signals. Project-native original-equivalent variants; no direct textbook exercise text is reproduced.,zh,CN,CN,中文校内,初中,production
jianzisheng_cn_junior_chapter_expansion_v1_cn-junior-g9-statistics-missing-value_009,5 个数的平均数为 9.6，其中 4 个数为 3，8，9，17，第 5 个数是多少？,11,multiple_choice,A:13|B:9|C:11|D:9.6|E:37,4,stats_mean;alg_linear_equations,missing_value_from_mean;linear_equation_solving,mean_total_relationship;data_inverse_problem,mean_as_missing_value;forget_total_count,5 个数总和为 9.6×5，减去已知 4 个数的和，得到第 5 个数为 11。,CN Junior High Math,概率统计,cn-junior-g9-statistics-missing-value,九年级：平均数反求,25528,jianzisheng_cn_junior_chapter_expansion_v1,local-ocr-derived: jianzisheng_cn_junior_grade9_batch4_v0; chapter=cn-junior-g9-statistics-missing-value; expansion=v1,Honors,Algebra Readiness,cn_statistics_missing_value,inverse_operations;data_reasoning,130,Chapter-level expansion from existing cleaned Jian Zi Sheng junior OCR coverage signals. Project-native original-equivalent variants; no direct textbook exercise text is reproduced.,zh,CN,CN,中文校内,初中,production
jianzisheng_cn_junior_chapter_expansion_v1_cn-junior-g9-statistics-missing-value_010,5 个数的平均数为 9，其中 4 个数为 4，9，10，10，第 5 个数是多少？,12,multiple_choice,A:10|B:12|C:9|D:33|E:14,4,stats_mean;alg_linear_equations,missing_value_from_mean;linear_equation_solving,mean_total_relationship;data_inverse_problem,mean_as_missing_value;forget_total_count,5 个数总和为 9×5，减去已知 4 个数的和，得到第 5 个数为 12。,CN Junior High Math,概率统计,cn-junior-g9-statistics-missing-value,九年级：平均数反求,25529,jianzisheng_cn_junior_chapter_expansion_v1,local-ocr-derived: jianzisheng_cn_junior_grade9_batch4_v0; chapter=cn-junior-g9-statistics-missing-value; expansion=v1,Honors,Algebra Readiness,cn_statistics_missing_value,inverse_operations;data_reasoning,130,Chapter-level expansion from existing cleaned Jian Zi Sheng junior OCR coverage signals. Project-native original-equivalent variants; no direct textbook exercise text is reproduced.,zh,CN,CN,中文校内,初中,production
jianzisheng_cn_junior_chapter_expansion_v1_cn-junior-g9-statistics-missing-value_011,5 个数的平均数为 10，其中 4 个数为 5，10，11，11，第 5 个数是多少？,13,multiple_choice,A:13|B:10|C:37|D:15|E:11,4,stats_mean;alg_linear_equations,missing_value_from_mean;linear_equation_solving,mean_total_relationship;data_inverse_problem,mean_as_missing_value;forget_total_count,5 个数总和为 10×5，减去已知 4 个数的和，得到第 5 个数为 13。,CN Junior High Math,概率统计,cn-junior-g9-statistics-missing-value,九年级：平均数反求,25530,jianzisheng_cn_junior_chapter_expansion_v1,local-ocr-derived: jianzisheng_cn_junior_grade9_batch4_v0; chapter=cn-junior-g9-statistics-missing-value; expansion=v1,Honors,Algebra Readiness,cn_statistics_missing_value,inverse_operations;data_reasoning,130,Chapter-level expansion from existing cleaned Jian Zi Sheng junior OCR coverage signals. Project-native original-equivalent variants; no direct textbook exercise text is reproduced.,zh,CN,CN,中文校内,初中,production
jianzisheng_cn_junior_chapter_expansion_v1_cn-junior-g9-statistics-missing-value_012,5 个数的平均数为 9.8，其中 4 个数为 6，5，12，12，第 5 个数是多少？,14,multiple_choice,A:9.8|B:35|C:16|D:12|E:14,4,stats_mean;alg_linear_equations,missing_value_from_mean;linear_equation_solving,mean_total_relationship;data_inverse_problem,mean_as_missing_value;forget_total_count,5 个数总和为 9.8×5，减去已知 4 个数的和，得到第 5 个数为 14。,CN Junior High Math,概率统计,cn-junior-g9-statistics-missing-value,九年级：平均数反求,25531,jianzisheng_cn_junior_chapter_expansion_v1,local-ocr-derived: jianzisheng_cn_junior_grade9_batch4_v0; chapter=cn-junior-g9-statistics-missing-value; expansion=v1,Honors,Algebra Readiness,cn_statistics_missing_value,inverse_operations;data_reasoning,130,Chapter-level expansion from existing cleaned Jian Zi Sheng junior OCR coverage signals. Project-native original-equivalent variants; no direct textbook exercise text is reproduced.,zh,CN,CN,中文校内,初中,production
jianzisheng_cn_junior_chapter_expansion_v1_cn-junior-g9-statistics-missing-value_013,5 个数的平均数为 10.8，其中 4 个数为 7，6，13，13，第 5 个数是多少？,15,multiple_choice,A:39|B:17|C:13|D:15|E:10.8,4,stats_mean;alg_linear_equations,missing_value_from_mean;linear_equation_solving,mean_total_relationship;data_inverse_problem,mean_as_missing_value;forget_total_count,5 个数总和为 10.8×5，减去已知 4 个数的和，得到第 5 个数为 15。,CN Junior High Math,概率统计,cn-junior-g9-statistics-missing-value,九年级：平均数反求,25532,jianzisheng_cn_junior_chapter_expansion_v1,local-ocr-derived: jianzisheng_cn_junior_grade9_batch4_v0; chapter=cn-junior-g9-statistics-missing-value; expansion=v1,Honors,Algebra Readiness,cn_statistics_missing_value,inverse_operations;data_reasoning,130,Chapter-level expansion from existing cleaned Jian Zi Sheng junior OCR coverage signals. Project-native original-equivalent variants; no direct textbook exercise text is reproduced.,zh,CN,CN,中文校内,初中,production
jianzisheng_cn_junior_chapter_expansion_v1_cn-junior-g9-statistics-missing-value_014,5 个数的平均数为 8.8，其中 4 个数为 3，7，14，14，第 5 个数是多少？,6,multiple_choice,A:8|B:4|C:6|D:8.8|E:38,4,stats_mean;alg_linear_equations,missing_value_from_mean;linear_equation_solving,mean_total_relationship;data_inverse_problem,mean_as_missing_value;forget_total_count,5 个数总和为 8.8×5，减去已知 4 个数的和，得到第 5 个数为 6。,CN Junior High Math,概率统计,cn-junior-g9-statistics-missing-value,九年级：平均数反求,25533,jianzisheng_cn_junior_chapter_expansion_v1,local-ocr-derived: jianzisheng_cn_junior_grade9_batch4_v0; chapter=cn-junior-g9-statistics-missing-value; expansion=v1,Honors,Algebra Readiness,cn_statistics_missing_value,inverse_operations;data_reasoning,130,Chapter-level expansion from existing cleaned Jian Zi Sheng junior OCR coverage signals. Project-native original-equivalent variants; no direct textbook exercise text is reproduced.,zh,CN,CN,中文校内,初中,production
