id,statement,answer,answer_type,choices,difficulty,concepts,skills,patterns,misconceptions,solution,course,theme,chapter,chapter_title,sequence,source_collection,source_file,taxonomy_layer,taxonomy_stage,problem_type,cognitive_tags,estimated_time_seconds,notes
college_alg_fn_001,Let f(x) = 2x + 3. Find f(1).,5,multiple_choice,A:5|B:6|C:8|D:-1|E:7,3,alg_functions;prealg_substitution,function_evaluation;substitution,input_output_mapping;linear_function_evaluation,variable_meaning_error;operation_order_error,Substitute x = 1: f(1) = 2(1) + 3 = 2 + 3 = 5.,Algebra 1,Functions and Modeling,college-algebra-01-functions,Functions and Function Notation,5100,college_algebra_stitz_zeager,"local-pdf: College Algebra -- Carl Stitz, Jeff Zeager.pdf; College Algebra 1.3-1.4 Introduction to Functions and Function Notation",Standard,Algebra Readiness,function_evaluation,symbol_evaluation;input_output_mapping,90,Original-equivalent bridge item generated from local textbook coverage signals. No full textbook exercise text is reproduced.
college_alg_fn_002,Let f(x) = 3x + 4. Find f(2).,10,multiple_choice,A:9|B:18|C:2|D:13|E:10,3,alg_functions;prealg_substitution,function_evaluation;substitution,input_output_mapping;linear_function_evaluation,variable_meaning_error;operation_order_error,Substitute x = 2: f(2) = 3(2) + 4 = 6 + 4 = 10.,Algebra 1,Functions and Modeling,college-algebra-01-functions,Functions and Function Notation,5101,college_algebra_stitz_zeager,"local-pdf: College Algebra -- Carl Stitz, Jeff Zeager.pdf; College Algebra 1.3-1.4 Introduction to Functions and Function Notation",Standard,Algebra Readiness,function_evaluation,symbol_evaluation;input_output_mapping,90,Original-equivalent bridge item generated from local textbook coverage signals. No full textbook exercise text is reproduced.
college_alg_fn_003,Let f(x) = 4x + 5. Find f(3).,17,multiple_choice,A:32|B:7|C:21|D:17|E:12,3,alg_functions;prealg_substitution,function_evaluation;substitution,input_output_mapping;linear_function_evaluation,variable_meaning_error;operation_order_error,Substitute x = 3: f(3) = 4(3) + 5 = 12 + 5 = 17.,Algebra 1,Functions and Modeling,college-algebra-01-functions,Functions and Function Notation,5102,college_algebra_stitz_zeager,"local-pdf: College Algebra -- Carl Stitz, Jeff Zeager.pdf; College Algebra 1.3-1.4 Introduction to Functions and Function Notation",Standard,Algebra Readiness,function_evaluation,symbol_evaluation;input_output_mapping,90,Original-equivalent bridge item generated from local textbook coverage signals. No full textbook exercise text is reproduced.
college_alg_fn_004,Let f(x) = 5x + 6. Find f(4).,26,multiple_choice,A:14|B:31|C:26|D:15|E:50,3,alg_functions;prealg_substitution,function_evaluation;substitution,input_output_mapping;linear_function_evaluation,variable_meaning_error;operation_order_error,Substitute x = 4: f(4) = 5(4) + 6 = 20 + 6 = 26.,Algebra 1,Functions and Modeling,college-algebra-01-functions,Functions and Function Notation,5103,college_algebra_stitz_zeager,"local-pdf: College Algebra -- Carl Stitz, Jeff Zeager.pdf; College Algebra 1.3-1.4 Introduction to Functions and Function Notation",Standard,Algebra Readiness,function_evaluation,symbol_evaluation;input_output_mapping,90,Original-equivalent bridge item generated from local textbook coverage signals. No full textbook exercise text is reproduced.
college_alg_fn_005,Let f(x) = 2x + 7. Find f(5).,17,multiple_choice,A:19|B:17|C:14|D:24|E:3,3,alg_functions;prealg_substitution,function_evaluation;substitution,input_output_mapping;linear_function_evaluation,variable_meaning_error;operation_order_error,Substitute x = 5: f(5) = 2(5) + 7 = 10 + 7 = 17.,Algebra 1,Functions and Modeling,college-algebra-01-functions,Functions and Function Notation,5104,college_algebra_stitz_zeager,"local-pdf: College Algebra -- Carl Stitz, Jeff Zeager.pdf; College Algebra 1.3-1.4 Introduction to Functions and Function Notation",Standard,Algebra Readiness,function_evaluation,symbol_evaluation;input_output_mapping,90,Original-equivalent bridge item generated from local textbook coverage signals. No full textbook exercise text is reproduced.
college_alg_fn_006,Let f(x) = 3x + 8. Find f(6).,26,multiple_choice,A:26|B:17|C:42|D:10|E:29,3,alg_functions;prealg_substitution,function_evaluation;substitution,input_output_mapping;linear_function_evaluation,variable_meaning_error;operation_order_error,Substitute x = 6: f(6) = 3(6) + 8 = 18 + 8 = 26.,Algebra 1,Functions and Modeling,college-algebra-01-functions,Functions and Function Notation,5105,college_algebra_stitz_zeager,"local-pdf: College Algebra -- Carl Stitz, Jeff Zeager.pdf; College Algebra 1.3-1.4 Introduction to Functions and Function Notation",Standard,Algebra Readiness,function_evaluation,symbol_evaluation;input_output_mapping,90,Original-equivalent bridge item generated from local textbook coverage signals. No full textbook exercise text is reproduced.
college_alg_fn_007,Let f(x) = 4x + 3. Find f(7).,31,multiple_choice,A:14|B:40|C:25|D:35|E:31,3,alg_functions;prealg_substitution,function_evaluation;substitution,input_output_mapping;linear_function_evaluation,variable_meaning_error;operation_order_error,Substitute x = 7: f(7) = 4(7) + 3 = 28 + 3 = 31.,Algebra 1,Functions and Modeling,college-algebra-01-functions,Functions and Function Notation,5106,college_algebra_stitz_zeager,"local-pdf: College Algebra -- Carl Stitz, Jeff Zeager.pdf; College Algebra 1.3-1.4 Introduction to Functions and Function Notation",Standard,Algebra Readiness,function_evaluation,symbol_evaluation;input_output_mapping,90,Original-equivalent bridge item generated from local textbook coverage signals. No full textbook exercise text is reproduced.
college_alg_fn_008,Let f(x) = 5x + 4. Find f(8).,44,multiple_choice,A:60|B:36|C:49|D:44|E:17,3,alg_functions;prealg_substitution,function_evaluation;substitution,input_output_mapping;linear_function_evaluation,variable_meaning_error;operation_order_error,Substitute x = 8: f(8) = 5(8) + 4 = 40 + 4 = 44.,Algebra 1,Functions and Modeling,college-algebra-01-functions,Functions and Function Notation,5107,college_algebra_stitz_zeager,"local-pdf: College Algebra -- Carl Stitz, Jeff Zeager.pdf; College Algebra 1.3-1.4 Introduction to Functions and Function Notation",Standard,Algebra Readiness,function_evaluation,symbol_evaluation;input_output_mapping,90,Original-equivalent bridge item generated from local textbook coverage signals. No full textbook exercise text is reproduced.
college_alg_fn_009,Let f(x) = 2x + 5. Find f(1).,7,multiple_choice,A:-3|B:9|C:7|D:8|E:12,4,alg_functions;prealg_substitution,function_evaluation;substitution,input_output_mapping;linear_function_evaluation,variable_meaning_error;operation_order_error,Substitute x = 1: f(1) = 2(1) + 5 = 2 + 5 = 7.,Algebra 1,Functions and Modeling,college-algebra-01-functions,Functions and Function Notation,5108,college_algebra_stitz_zeager,"local-pdf: College Algebra -- Carl Stitz, Jeff Zeager.pdf; College Algebra 1.3-1.4 Introduction to Functions and Function Notation",Standard,Algebra Readiness,function_evaluation,symbol_evaluation;input_output_mapping,110,Original-equivalent bridge item generated from local textbook coverage signals. No full textbook exercise text is reproduced.
college_alg_fn_010,Let f(x) = 3x + 6. Find f(2).,12,multiple_choice,A:15|B:12|C:11|D:24|E:0,4,alg_functions;prealg_substitution,function_evaluation;substitution,input_output_mapping;linear_function_evaluation,variable_meaning_error;operation_order_error,Substitute x = 2: f(2) = 3(2) + 6 = 6 + 6 = 12.,Algebra 1,Functions and Modeling,college-algebra-01-functions,Functions and Function Notation,5109,college_algebra_stitz_zeager,"local-pdf: College Algebra -- Carl Stitz, Jeff Zeager.pdf; College Algebra 1.3-1.4 Introduction to Functions and Function Notation",Standard,Algebra Readiness,function_evaluation,symbol_evaluation;input_output_mapping,110,Original-equivalent bridge item generated from local textbook coverage signals. No full textbook exercise text is reproduced.
college_alg_fn_011,Let f(x) = 4x + 7. Find f(3).,19,multiple_choice,A:19|B:14|C:40|D:5|E:23,4,alg_functions;prealg_substitution,function_evaluation;substitution,input_output_mapping;linear_function_evaluation,variable_meaning_error;operation_order_error,Substitute x = 3: f(3) = 4(3) + 7 = 12 + 7 = 19.,Algebra 1,Functions and Modeling,college-algebra-01-functions,Functions and Function Notation,5110,college_algebra_stitz_zeager,"local-pdf: College Algebra -- Carl Stitz, Jeff Zeager.pdf; College Algebra 1.3-1.4 Introduction to Functions and Function Notation",Standard,Algebra Readiness,function_evaluation,symbol_evaluation;input_output_mapping,110,Original-equivalent bridge item generated from local textbook coverage signals. No full textbook exercise text is reproduced.
college_alg_fn_012,Let f(x) = 5x + 8. Find f(4).,28,multiple_choice,A:17|B:60|C:12|D:33|E:28,4,alg_functions;prealg_substitution,function_evaluation;substitution,input_output_mapping;linear_function_evaluation,variable_meaning_error;operation_order_error,Substitute x = 4: f(4) = 5(4) + 8 = 20 + 8 = 28.,Algebra 1,Functions and Modeling,college-algebra-01-functions,Functions and Function Notation,5111,college_algebra_stitz_zeager,"local-pdf: College Algebra -- Carl Stitz, Jeff Zeager.pdf; College Algebra 1.3-1.4 Introduction to Functions and Function Notation",Standard,Algebra Readiness,function_evaluation,symbol_evaluation;input_output_mapping,110,Original-equivalent bridge item generated from local textbook coverage signals. No full textbook exercise text is reproduced.
college_alg_fn_013,Let f(x) = 2x + 3. Find f(5).,13,multiple_choice,A:16|B:7|C:15|D:13|E:10,4,alg_functions;prealg_substitution,function_evaluation;substitution,input_output_mapping;linear_function_evaluation,variable_meaning_error;operation_order_error,Substitute x = 5: f(5) = 2(5) + 3 = 10 + 3 = 13.,Algebra 1,Functions and Modeling,college-algebra-01-functions,Functions and Function Notation,5112,college_algebra_stitz_zeager,"local-pdf: College Algebra -- Carl Stitz, Jeff Zeager.pdf; College Algebra 1.3-1.4 Introduction to Functions and Function Notation",Honors,Algebra Readiness,function_evaluation,symbol_evaluation;input_output_mapping,110,Original-equivalent bridge item generated from local textbook coverage signals. No full textbook exercise text is reproduced.
college_alg_fn_014,Let f(x) = 3x + 4. Find f(6).,22,multiple_choice,A:14|B:25|C:22|D:13|E:30,4,alg_functions;prealg_substitution,function_evaluation;substitution,input_output_mapping;linear_function_evaluation,variable_meaning_error;operation_order_error,Substitute x = 6: f(6) = 3(6) + 4 = 18 + 4 = 22.,Algebra 1,Functions and Modeling,college-algebra-01-functions,Functions and Function Notation,5113,college_algebra_stitz_zeager,"local-pdf: College Algebra -- Carl Stitz, Jeff Zeager.pdf; College Algebra 1.3-1.4 Introduction to Functions and Function Notation",Honors,Algebra Readiness,function_evaluation,symbol_evaluation;input_output_mapping,110,Original-equivalent bridge item generated from local textbook coverage signals. No full textbook exercise text is reproduced.
college_alg_fn_015,Let f(x) = 4x + 5. Find f(7).,33,multiple_choice,A:37|B:33|C:16|D:48|E:23,4,alg_functions;prealg_substitution,function_evaluation;substitution,input_output_mapping;linear_function_evaluation,variable_meaning_error;operation_order_error,Substitute x = 7: f(7) = 4(7) + 5 = 28 + 5 = 33.,Algebra 1,Functions and Modeling,college-algebra-01-functions,Functions and Function Notation,5114,college_algebra_stitz_zeager,"local-pdf: College Algebra -- Carl Stitz, Jeff Zeager.pdf; College Algebra 1.3-1.4 Introduction to Functions and Function Notation",Honors,Algebra Readiness,function_evaluation,symbol_evaluation;input_output_mapping,110,Original-equivalent bridge item generated from local textbook coverage signals. No full textbook exercise text is reproduced.
college_alg_fn_016,Let f(x) = 5x + 6. Find f(8).,46,multiple_choice,A:46|B:19|C:70|D:34|E:51,4,alg_functions;prealg_substitution,function_evaluation;substitution,input_output_mapping;linear_function_evaluation,variable_meaning_error;operation_order_error,Substitute x = 8: f(8) = 5(8) + 6 = 40 + 6 = 46.,Algebra 1,Functions and Modeling,college-algebra-01-functions,Functions and Function Notation,5115,college_algebra_stitz_zeager,"local-pdf: College Algebra -- Carl Stitz, Jeff Zeager.pdf; College Algebra 1.3-1.4 Introduction to Functions and Function Notation",Honors,Algebra Readiness,function_evaluation,symbol_evaluation;input_output_mapping,110,Original-equivalent bridge item generated from local textbook coverage signals. No full textbook exercise text is reproduced.
college_alg_fn_017,Let f(x) = 2x + 7. Find f(1).,9,multiple_choice,A:10|B:16|C:-5|D:11|E:9,4,alg_functions;prealg_substitution,function_evaluation;substitution,input_output_mapping;linear_function_evaluation,variable_meaning_error;operation_order_error,Substitute x = 1: f(1) = 2(1) + 7 = 2 + 7 = 9.,Algebra 1,Functions and Modeling,college-algebra-01-functions,Functions and Function Notation,5116,college_algebra_stitz_zeager,"local-pdf: College Algebra -- Carl Stitz, Jeff Zeager.pdf; College Algebra 1.3-1.4 Introduction to Functions and Function Notation",Honors,Algebra Readiness,function_evaluation,symbol_evaluation;input_output_mapping,110,Original-equivalent bridge item generated from local textbook coverage signals. No full textbook exercise text is reproduced.
college_alg_fn_018,Let f(x) = 3x + 8. Find f(2).,14,multiple_choice,A:30|B:-2|C:17|D:14|E:13,4,alg_functions;prealg_substitution,function_evaluation;substitution,input_output_mapping;linear_function_evaluation,variable_meaning_error;operation_order_error,Substitute x = 2: f(2) = 3(2) + 8 = 6 + 8 = 14.,Algebra 1,Functions and Modeling,college-algebra-01-functions,Functions and Function Notation,5117,college_algebra_stitz_zeager,"local-pdf: College Algebra -- Carl Stitz, Jeff Zeager.pdf; College Algebra 1.3-1.4 Introduction to Functions and Function Notation",Honors,Algebra Readiness,function_evaluation,symbol_evaluation;input_output_mapping,110,Original-equivalent bridge item generated from local textbook coverage signals. No full textbook exercise text is reproduced.
college_alg_fn_019,Let f(x) = 4x + 3. Find f(3).,15,multiple_choice,A:9|B:19|C:15|D:10|E:24,4,alg_functions;prealg_substitution,function_evaluation;substitution,input_output_mapping;linear_function_evaluation,variable_meaning_error;operation_order_error,Substitute x = 3: f(3) = 4(3) + 3 = 12 + 3 = 15.,Algebra 1,Functions and Modeling,college-algebra-01-functions,Functions and Function Notation,5118,college_algebra_stitz_zeager,"local-pdf: College Algebra -- Carl Stitz, Jeff Zeager.pdf; College Algebra 1.3-1.4 Introduction to Functions and Function Notation",Honors,Algebra Readiness,function_evaluation,symbol_evaluation;input_output_mapping,110,Original-equivalent bridge item generated from local textbook coverage signals. No full textbook exercise text is reproduced.
college_alg_fn_020,Let f(x) = 5x + 4. Find f(4).,24,multiple_choice,A:29|B:24|C:13|D:40|E:16,4,alg_functions;prealg_substitution,function_evaluation;substitution,input_output_mapping;linear_function_evaluation,variable_meaning_error;operation_order_error,Substitute x = 4: f(4) = 5(4) + 4 = 20 + 4 = 24.,Algebra 1,Functions and Modeling,college-algebra-01-functions,Functions and Function Notation,5119,college_algebra_stitz_zeager,"local-pdf: College Algebra -- Carl Stitz, Jeff Zeager.pdf; College Algebra 1.3-1.4 Introduction to Functions and Function Notation",Honors,Algebra Readiness,function_evaluation,symbol_evaluation;input_output_mapping,110,Original-equivalent bridge item generated from local textbook coverage signals. No full textbook exercise text is reproduced.
college_alg_line_001,"Find the slope-intercept form of the line with slope 2 passing through (1, 3).",2x+1,multiple_choice,A:2x+1|B:2x+3|C:1x+1|D:2x-3|E:5x,4,alg_graphing;alg_linear_equations;alg_functions,slope_intercept_form;substitution,linear_modeling;coordinate_reasoning,slope_intercept_confusion;substitution_error,"Use y = mx + b. Substitute (1, 3): 3 = 2(1) + b, so b = 1. The line is y = 2x+1.",Algebra 1,Linear Equations and Functions,college-algebra-02-linear-functions,Linear Functions,5230,college_algebra_stitz_zeager,"local-pdf: College Algebra -- Carl Stitz, Jeff Zeager.pdf; College Algebra 2.1 Linear Functions",Standard,Algebra Readiness,linear_function_modeling,coordinate_reasoning;formula_selection,110,Original-equivalent bridge item generated from local textbook coverage signals. No full textbook exercise text is reproduced.
college_alg_line_002,"Find the slope-intercept form of the line with slope 3 passing through (2, 4).",3x-2,multiple_choice,A:3x+4|B:2x+-2|C:3x-4|D:7x|E:3x-2,4,alg_graphing;alg_linear_equations;alg_functions,slope_intercept_form;substitution,linear_modeling;coordinate_reasoning,slope_intercept_confusion;substitution_error,"Use y = mx + b. Substitute (2, 4): 4 = 3(2) + b, so b = -2. The line is y = 3x-2.",Algebra 1,Linear Equations and Functions,college-algebra-02-linear-functions,Linear Functions,5231,college_algebra_stitz_zeager,"local-pdf: College Algebra -- Carl Stitz, Jeff Zeager.pdf; College Algebra 2.1 Linear Functions",Standard,Algebra Readiness,linear_function_modeling,coordinate_reasoning;formula_selection,110,Original-equivalent bridge item generated from local textbook coverage signals. No full textbook exercise text is reproduced.
college_alg_line_003,"Find the slope-intercept form of the line with slope 4 passing through (3, 5).",4x-7,multiple_choice,A:3x+-7|B:4x-5|C:9x|D:4x-7|E:4x+5,4,alg_graphing;alg_linear_equations;alg_functions,slope_intercept_form;substitution,linear_modeling;coordinate_reasoning,slope_intercept_confusion;substitution_error,"Use y = mx + b. Substitute (3, 5): 5 = 4(3) + b, so b = -7. The line is y = 4x-7.",Algebra 1,Linear Equations and Functions,college-algebra-02-linear-functions,Linear Functions,5232,college_algebra_stitz_zeager,"local-pdf: College Algebra -- Carl Stitz, Jeff Zeager.pdf; College Algebra 2.1 Linear Functions",Standard,Algebra Readiness,linear_function_modeling,coordinate_reasoning;formula_selection,110,Original-equivalent bridge item generated from local textbook coverage signals. No full textbook exercise text is reproduced.
college_alg_line_004,"Find the slope-intercept form of the line with slope 5 passing through (4, 6).",5x-14,multiple_choice,A:5x-6|B:11x|C:5x-14|D:5x+6|E:4x+-14,4,alg_graphing;alg_linear_equations;alg_functions,slope_intercept_form;substitution,linear_modeling;coordinate_reasoning,slope_intercept_confusion;substitution_error,"Use y = mx + b. Substitute (4, 6): 6 = 5(4) + b, so b = -14. The line is y = 5x-14.",Algebra 1,Linear Equations and Functions,college-algebra-02-linear-functions,Linear Functions,5233,college_algebra_stitz_zeager,"local-pdf: College Algebra -- Carl Stitz, Jeff Zeager.pdf; College Algebra 2.1 Linear Functions",Standard,Algebra Readiness,linear_function_modeling,coordinate_reasoning;formula_selection,110,Original-equivalent bridge item generated from local textbook coverage signals. No full textbook exercise text is reproduced.
college_alg_line_005,"Find the slope-intercept form of the line with slope 6 passing through (1, 7).",6x+1,multiple_choice,A:13x|B:6x+1|C:6x+7|D:1x+1|E:6x-7,4,alg_graphing;alg_linear_equations;alg_functions,slope_intercept_form;substitution,linear_modeling;coordinate_reasoning,slope_intercept_confusion;substitution_error,"Use y = mx + b. Substitute (1, 7): 7 = 6(1) + b, so b = 1. The line is y = 6x+1.",Algebra 1,Linear Equations and Functions,college-algebra-02-linear-functions,Linear Functions,5234,college_algebra_stitz_zeager,"local-pdf: College Algebra -- Carl Stitz, Jeff Zeager.pdf; College Algebra 2.1 Linear Functions",Standard,Algebra Readiness,linear_function_modeling,coordinate_reasoning;formula_selection,110,Original-equivalent bridge item generated from local textbook coverage signals. No full textbook exercise text is reproduced.
college_alg_line_006,"Find the slope-intercept form of the line with slope 2 passing through (2, 8).",2x+4,multiple_choice,A:2x+4|B:2x+8|C:2x-8|D:10x|E:2x+4+5,4,alg_graphing;alg_linear_equations;alg_functions,slope_intercept_form;substitution,linear_modeling;coordinate_reasoning,slope_intercept_confusion;substitution_error,"Use y = mx + b. Substitute (2, 8): 8 = 2(2) + b, so b = 4. The line is y = 2x+4.",Algebra 1,Linear Equations and Functions,college-algebra-02-linear-functions,Linear Functions,5235,college_algebra_stitz_zeager,"local-pdf: College Algebra -- Carl Stitz, Jeff Zeager.pdf; College Algebra 2.1 Linear Functions",Standard,Algebra Readiness,linear_function_modeling,coordinate_reasoning;formula_selection,110,Original-equivalent bridge item generated from local textbook coverage signals. No full textbook exercise text is reproduced.
college_alg_line_007,"Find the slope-intercept form of the line with slope 3 passing through (3, 3).",3x-6,multiple_choice,A:3x+3|B:3x+-6|C:3x-3|D:6x|E:3x-6,4,alg_graphing;alg_linear_equations;alg_functions,slope_intercept_form;substitution,linear_modeling;coordinate_reasoning,slope_intercept_confusion;substitution_error,"Use y = mx + b. Substitute (3, 3): 3 = 3(3) + b, so b = -6. The line is y = 3x-6.",Algebra 1,Linear Equations and Functions,college-algebra-02-linear-functions,Linear Functions,5236,college_algebra_stitz_zeager,"local-pdf: College Algebra -- Carl Stitz, Jeff Zeager.pdf; College Algebra 2.1 Linear Functions",Standard,Algebra Readiness,linear_function_modeling,coordinate_reasoning;formula_selection,110,Original-equivalent bridge item generated from local textbook coverage signals. No full textbook exercise text is reproduced.
college_alg_line_008,"Find the slope-intercept form of the line with slope 4 passing through (4, 4).",4x-12,multiple_choice,A:4x+-12|B:4x-4|C:8x|D:4x-12|E:4x+4,4,alg_graphing;alg_linear_equations;alg_functions,slope_intercept_form;substitution,linear_modeling;coordinate_reasoning,slope_intercept_confusion;substitution_error,"Use y = mx + b. Substitute (4, 4): 4 = 4(4) + b, so b = -12. The line is y = 4x-12.",Algebra 1,Linear Equations and Functions,college-algebra-02-linear-functions,Linear Functions,5237,college_algebra_stitz_zeager,"local-pdf: College Algebra -- Carl Stitz, Jeff Zeager.pdf; College Algebra 2.1 Linear Functions",Standard,Algebra Readiness,linear_function_modeling,coordinate_reasoning;formula_selection,110,Original-equivalent bridge item generated from local textbook coverage signals. No full textbook exercise text is reproduced.
college_alg_line_009,"Find the slope-intercept form of the line with slope 5 passing through (1, 5).",5x,multiple_choice,A:5x-5|B:10x|C:5x|D:5x+5|E:1x+0,4,alg_graphing;alg_linear_equations;alg_functions,slope_intercept_form;substitution,linear_modeling;coordinate_reasoning,slope_intercept_confusion;substitution_error,"Use y = mx + b. Substitute (1, 5): 5 = 5(1) + b, so b = 0. The line is y = 5x.",Algebra 1,Linear Equations and Functions,college-algebra-02-linear-functions,Linear Functions,5238,college_algebra_stitz_zeager,"local-pdf: College Algebra -- Carl Stitz, Jeff Zeager.pdf; College Algebra 2.1 Linear Functions",Standard,Algebra Readiness,linear_function_modeling,coordinate_reasoning;formula_selection,110,Original-equivalent bridge item generated from local textbook coverage signals. No full textbook exercise text is reproduced.
college_alg_line_010,"Find the slope-intercept form of the line with slope 6 passing through (2, 6).",6x-6,multiple_choice,A:6x-6+5|B:6x-6|C:6x+6|D:2x+-6|E:12x,4,alg_graphing;alg_linear_equations;alg_functions,slope_intercept_form;substitution,linear_modeling;coordinate_reasoning,slope_intercept_confusion;substitution_error,"Use y = mx + b. Substitute (2, 6): 6 = 6(2) + b, so b = -6. The line is y = 6x-6.",Algebra 1,Linear Equations and Functions,college-algebra-02-linear-functions,Linear Functions,5239,college_algebra_stitz_zeager,"local-pdf: College Algebra -- Carl Stitz, Jeff Zeager.pdf; College Algebra 2.1 Linear Functions",Standard,Algebra Readiness,linear_function_modeling,coordinate_reasoning;formula_selection,110,Original-equivalent bridge item generated from local textbook coverage signals. No full textbook exercise text is reproduced.
college_alg_line_011,"Find the slope-intercept form of the line with slope 2 passing through (3, 7).",2x+1,multiple_choice,A:2x+1|B:2x+7|C:3x+1|D:2x-7|E:9x,4,alg_graphing;alg_linear_equations;alg_functions,slope_intercept_form;substitution,linear_modeling;coordinate_reasoning,slope_intercept_confusion;substitution_error,"Use y = mx + b. Substitute (3, 7): 7 = 2(3) + b, so b = 1. The line is y = 2x+1.",Algebra 1,Linear Equations and Functions,college-algebra-02-linear-functions,Linear Functions,5240,college_algebra_stitz_zeager,"local-pdf: College Algebra -- Carl Stitz, Jeff Zeager.pdf; College Algebra 2.1 Linear Functions",Standard,Algebra Readiness,linear_function_modeling,coordinate_reasoning;formula_selection,110,Original-equivalent bridge item generated from local textbook coverage signals. No full textbook exercise text is reproduced.
college_alg_line_012,"Find the slope-intercept form of the line with slope 3 passing through (4, 8).",3x-4,multiple_choice,A:3x+8|B:4x+-4|C:3x-8|D:11x|E:3x-4,4,alg_graphing;alg_linear_equations;alg_functions,slope_intercept_form;substitution,linear_modeling;coordinate_reasoning,slope_intercept_confusion;substitution_error,"Use y = mx + b. Substitute (4, 8): 8 = 3(4) + b, so b = -4. The line is y = 3x-4.",Algebra 1,Linear Equations and Functions,college-algebra-02-linear-functions,Linear Functions,5241,college_algebra_stitz_zeager,"local-pdf: College Algebra -- Carl Stitz, Jeff Zeager.pdf; College Algebra 2.1 Linear Functions",Standard,Algebra Readiness,linear_function_modeling,coordinate_reasoning;formula_selection,110,Original-equivalent bridge item generated from local textbook coverage signals. No full textbook exercise text is reproduced.
college_alg_line_013,"Find the slope-intercept form of the line with slope 4 passing through (1, 3).",4x-1,multiple_choice,A:1x+-1|B:4x-3|C:7x|D:4x-1|E:4x+3,4,alg_graphing;alg_linear_equations;alg_functions,slope_intercept_form;substitution,linear_modeling;coordinate_reasoning,slope_intercept_confusion;substitution_error,"Use y = mx + b. Substitute (1, 3): 3 = 4(1) + b, so b = -1. The line is y = 4x-1.",Algebra 1,Linear Equations and Functions,college-algebra-02-linear-functions,Linear Functions,5242,college_algebra_stitz_zeager,"local-pdf: College Algebra -- Carl Stitz, Jeff Zeager.pdf; College Algebra 2.1 Linear Functions",Standard,Algebra Readiness,linear_function_modeling,coordinate_reasoning;formula_selection,110,Original-equivalent bridge item generated from local textbook coverage signals. No full textbook exercise text is reproduced.
college_alg_line_014,"Find the slope-intercept form of the line with slope 5 passing through (2, 4).",5x-6,multiple_choice,A:5x-4|B:9x|C:5x-6|D:5x+4|E:2x+-6,4,alg_graphing;alg_linear_equations;alg_functions,slope_intercept_form;substitution,linear_modeling;coordinate_reasoning,slope_intercept_confusion;substitution_error,"Use y = mx + b. Substitute (2, 4): 4 = 5(2) + b, so b = -6. The line is y = 5x-6.",Algebra 1,Linear Equations and Functions,college-algebra-02-linear-functions,Linear Functions,5243,college_algebra_stitz_zeager,"local-pdf: College Algebra -- Carl Stitz, Jeff Zeager.pdf; College Algebra 2.1 Linear Functions",Standard,Algebra Readiness,linear_function_modeling,coordinate_reasoning;formula_selection,110,Original-equivalent bridge item generated from local textbook coverage signals. No full textbook exercise text is reproduced.
college_alg_line_015,"Find the slope-intercept form of the line with slope 6 passing through (3, 5).",6x-13,multiple_choice,A:11x|B:6x-13|C:6x+5|D:3x+-13|E:6x-5,4,alg_graphing;alg_linear_equations;alg_functions,slope_intercept_form;substitution,linear_modeling;coordinate_reasoning,slope_intercept_confusion;substitution_error,"Use y = mx + b. Substitute (3, 5): 5 = 6(3) + b, so b = -13. The line is y = 6x-13.",Algebra 1,Linear Equations and Functions,college-algebra-02-linear-functions,Linear Functions,5244,college_algebra_stitz_zeager,"local-pdf: College Algebra -- Carl Stitz, Jeff Zeager.pdf; College Algebra 2.1 Linear Functions",Standard,Algebra Readiness,linear_function_modeling,coordinate_reasoning;formula_selection,110,Original-equivalent bridge item generated from local textbook coverage signals. No full textbook exercise text is reproduced.
college_alg_line_016,"Find the slope-intercept form of the line with slope 2 passing through (4, 6).",2x-2,multiple_choice,A:2x-2|B:2x+6|C:4x+-2|D:2x-6|E:8x,4,alg_graphing;alg_linear_equations;alg_functions,slope_intercept_form;substitution,linear_modeling;coordinate_reasoning,slope_intercept_confusion;substitution_error,"Use y = mx + b. Substitute (4, 6): 6 = 2(4) + b, so b = -2. The line is y = 2x-2.",Algebra 1,Linear Equations and Functions,college-algebra-02-linear-functions,Linear Functions,5245,college_algebra_stitz_zeager,"local-pdf: College Algebra -- Carl Stitz, Jeff Zeager.pdf; College Algebra 2.1 Linear Functions",Standard,Algebra Readiness,linear_function_modeling,coordinate_reasoning;formula_selection,110,Original-equivalent bridge item generated from local textbook coverage signals. No full textbook exercise text is reproduced.
college_alg_line_017,"Find the slope-intercept form of the line with slope 3 passing through (1, 7).",3x+4,multiple_choice,A:3x+7|B:1x+4|C:3x-7|D:10x|E:3x+4,4,alg_graphing;alg_linear_equations;alg_functions,slope_intercept_form;substitution,linear_modeling;coordinate_reasoning,slope_intercept_confusion;substitution_error,"Use y = mx + b. Substitute (1, 7): 7 = 3(1) + b, so b = 4. The line is y = 3x+4.",Algebra 1,Linear Equations and Functions,college-algebra-02-linear-functions,Linear Functions,5246,college_algebra_stitz_zeager,"local-pdf: College Algebra -- Carl Stitz, Jeff Zeager.pdf; College Algebra 2.1 Linear Functions",Standard,Algebra Readiness,linear_function_modeling,coordinate_reasoning;formula_selection,110,Original-equivalent bridge item generated from local textbook coverage signals. No full textbook exercise text is reproduced.
college_alg_line_018,"Find the slope-intercept form of the line with slope 4 passing through (2, 8).",4x,multiple_choice,A:2x+0|B:4x-8|C:12x|D:4x|E:4x+8,4,alg_graphing;alg_linear_equations;alg_functions,slope_intercept_form;substitution,linear_modeling;coordinate_reasoning,slope_intercept_confusion;substitution_error,"Use y = mx + b. Substitute (2, 8): 8 = 4(2) + b, so b = 0. The line is y = 4x.",Algebra 1,Linear Equations and Functions,college-algebra-02-linear-functions,Linear Functions,5247,college_algebra_stitz_zeager,"local-pdf: College Algebra -- Carl Stitz, Jeff Zeager.pdf; College Algebra 2.1 Linear Functions",Standard,Algebra Readiness,linear_function_modeling,coordinate_reasoning;formula_selection,110,Original-equivalent bridge item generated from local textbook coverage signals. No full textbook exercise text is reproduced.
college_alg_line_019,"Find the slope-intercept form of the line with slope 5 passing through (3, 3).",5x-12,multiple_choice,A:5x-3|B:8x|C:5x-12|D:5x+3|E:3x+-12,4,alg_graphing;alg_linear_equations;alg_functions,slope_intercept_form;substitution,linear_modeling;coordinate_reasoning,slope_intercept_confusion;substitution_error,"Use y = mx + b. Substitute (3, 3): 3 = 5(3) + b, so b = -12. The line is y = 5x-12.",Algebra 1,Linear Equations and Functions,college-algebra-02-linear-functions,Linear Functions,5248,college_algebra_stitz_zeager,"local-pdf: College Algebra -- Carl Stitz, Jeff Zeager.pdf; College Algebra 2.1 Linear Functions",Standard,Algebra Readiness,linear_function_modeling,coordinate_reasoning;formula_selection,110,Original-equivalent bridge item generated from local textbook coverage signals. No full textbook exercise text is reproduced.
college_alg_line_020,"Find the slope-intercept form of the line with slope 6 passing through (4, 4).",6x-20,multiple_choice,A:10x|B:6x-20|C:6x+4|D:4x+-20|E:6x-4,4,alg_graphing;alg_linear_equations;alg_functions,slope_intercept_form;substitution,linear_modeling;coordinate_reasoning,slope_intercept_confusion;substitution_error,"Use y = mx + b. Substitute (4, 4): 4 = 6(4) + b, so b = -20. The line is y = 6x-20.",Algebra 1,Linear Equations and Functions,college-algebra-02-linear-functions,Linear Functions,5249,college_algebra_stitz_zeager,"local-pdf: College Algebra -- Carl Stitz, Jeff Zeager.pdf; College Algebra 2.1 Linear Functions",Standard,Algebra Readiness,linear_function_modeling,coordinate_reasoning;formula_selection,110,Original-equivalent bridge item generated from local textbook coverage signals. No full textbook exercise text is reproduced.
college_alg_quad_001,Solve x^2 - 4x + 3 = 0.,"1,3",multiple_choice,"A:1,3|B:-1,-3|C:4,3|D:1,-3|E:3",4,alg_quadratics;alg_factoring,factoring_quadratics;zero_product_property,quadratic_factor_pattern;root_finding,sign_error;factor_pair_error,Factor the quadratic as (x - 1)(x - 3) = 0. Therefore x = 1 or x = 3.,Algebra 1,Quadratic Equations and Functions,college-algebra-03-quadratic-functions,Quadratic Functions,5360,college_algebra_stitz_zeager,"local-pdf: College Algebra -- Carl Stitz, Jeff Zeager.pdf; College Algebra 2.3 Quadratic Functions",Standard,Algebra Readiness,quadratic_solving,factor_structure;operation_selection,110,Original-equivalent bridge item generated from local textbook coverage signals. No full textbook exercise text is reproduced.
college_alg_quad_002,Solve x^2 - 7x + 10 = 0.,"2,5",multiple_choice,"A:-2,-5|B:7,10|C:2,-5|D:10|E:2,5",4,alg_quadratics;alg_factoring,factoring_quadratics;zero_product_property,quadratic_factor_pattern;root_finding,sign_error;factor_pair_error,Factor the quadratic as (x - 2)(x - 5) = 0. Therefore x = 2 or x = 5.,Algebra 1,Quadratic Equations and Functions,college-algebra-03-quadratic-functions,Quadratic Functions,5361,college_algebra_stitz_zeager,"local-pdf: College Algebra -- Carl Stitz, Jeff Zeager.pdf; College Algebra 2.3 Quadratic Functions",Standard,Algebra Readiness,quadratic_solving,factor_structure;operation_selection,110,Original-equivalent bridge item generated from local textbook coverage signals. No full textbook exercise text is reproduced.
college_alg_quad_003,Solve x^2 - 10x + 21 = 0.,"3,7",multiple_choice,"A:10,21|B:3,-7|C:21|D:3,7|E:-3,-7",4,alg_quadratics;alg_factoring,factoring_quadratics;zero_product_property,quadratic_factor_pattern;root_finding,sign_error;factor_pair_error,Factor the quadratic as (x - 3)(x - 7) = 0. Therefore x = 3 or x = 7.,Algebra 1,Quadratic Equations and Functions,college-algebra-03-quadratic-functions,Quadratic Functions,5362,college_algebra_stitz_zeager,"local-pdf: College Algebra -- Carl Stitz, Jeff Zeager.pdf; College Algebra 2.3 Quadratic Functions",Standard,Algebra Readiness,quadratic_solving,factor_structure;operation_selection,110,Original-equivalent bridge item generated from local textbook coverage signals. No full textbook exercise text is reproduced.
college_alg_quad_004,Solve x^2 - 13x + 36 = 0.,"4,9",multiple_choice,"A:4,-9|B:36|C:4,9|D:-4,-9|E:13,36",4,alg_quadratics;alg_factoring,factoring_quadratics;zero_product_property,quadratic_factor_pattern;root_finding,sign_error;factor_pair_error,Factor the quadratic as (x - 4)(x - 9) = 0. Therefore x = 4 or x = 9.,Algebra 1,Quadratic Equations and Functions,college-algebra-03-quadratic-functions,Quadratic Functions,5363,college_algebra_stitz_zeager,"local-pdf: College Algebra -- Carl Stitz, Jeff Zeager.pdf; College Algebra 2.3 Quadratic Functions",Standard,Algebra Readiness,quadratic_solving,factor_structure;operation_selection,110,Original-equivalent bridge item generated from local textbook coverage signals. No full textbook exercise text is reproduced.
college_alg_quad_005,Solve x^2 - 12x + 35 = 0.,"5,7",multiple_choice,"A:35|B:5,7|C:-5,-7|D:12,35|E:5,-7",4,alg_quadratics;alg_factoring,factoring_quadratics;zero_product_property,quadratic_factor_pattern;root_finding,sign_error;factor_pair_error,Factor the quadratic as (x - 5)(x - 7) = 0. Therefore x = 5 or x = 7.,Algebra 1,Quadratic Equations and Functions,college-algebra-03-quadratic-functions,Quadratic Functions,5364,college_algebra_stitz_zeager,"local-pdf: College Algebra -- Carl Stitz, Jeff Zeager.pdf; College Algebra 2.3 Quadratic Functions",Standard,Algebra Readiness,quadratic_solving,factor_structure;operation_selection,110,Original-equivalent bridge item generated from local textbook coverage signals. No full textbook exercise text is reproduced.
college_alg_quad_006,Solve x^2 - 15x + 54 = 0.,"6,9",multiple_choice,"A:6,9|B:-6,-9|C:15,54|D:6,-9|E:54",4,alg_quadratics;alg_factoring,factoring_quadratics;zero_product_property,quadratic_factor_pattern;root_finding,sign_error;factor_pair_error,Factor the quadratic as (x - 6)(x - 9) = 0. Therefore x = 6 or x = 9.,Algebra 1,Quadratic Equations and Functions,college-algebra-03-quadratic-functions,Quadratic Functions,5365,college_algebra_stitz_zeager,"local-pdf: College Algebra -- Carl Stitz, Jeff Zeager.pdf; College Algebra 2.3 Quadratic Functions",Standard,Algebra Readiness,quadratic_solving,factor_structure;operation_selection,110,Original-equivalent bridge item generated from local textbook coverage signals. No full textbook exercise text is reproduced.
college_alg_quad_007,Solve x^2 - 6x + 5 = 0.,"1,5",multiple_choice,"A:-1,-5|B:6,5|C:1,-5|D:5|E:1,5",4,alg_quadratics;alg_factoring,factoring_quadratics;zero_product_property,quadratic_factor_pattern;root_finding,sign_error;factor_pair_error,Factor the quadratic as (x - 1)(x - 5) = 0. Therefore x = 1 or x = 5.,Algebra 1,Quadratic Equations and Functions,college-algebra-03-quadratic-functions,Quadratic Functions,5366,college_algebra_stitz_zeager,"local-pdf: College Algebra -- Carl Stitz, Jeff Zeager.pdf; College Algebra 2.3 Quadratic Functions",Standard,Algebra Readiness,quadratic_solving,factor_structure;operation_selection,110,Original-equivalent bridge item generated from local textbook coverage signals. No full textbook exercise text is reproduced.
college_alg_quad_008,Solve x^2 - 9x + 14 = 0.,"2,7",multiple_choice,"A:9,14|B:2,-7|C:14|D:2,7|E:-2,-7",4,alg_quadratics;alg_factoring,factoring_quadratics;zero_product_property,quadratic_factor_pattern;root_finding,sign_error;factor_pair_error,Factor the quadratic as (x - 2)(x - 7) = 0. Therefore x = 2 or x = 7.,Algebra 1,Quadratic Equations and Functions,college-algebra-03-quadratic-functions,Quadratic Functions,5367,college_algebra_stitz_zeager,"local-pdf: College Algebra -- Carl Stitz, Jeff Zeager.pdf; College Algebra 2.3 Quadratic Functions",Standard,Algebra Readiness,quadratic_solving,factor_structure;operation_selection,110,Original-equivalent bridge item generated from local textbook coverage signals. No full textbook exercise text is reproduced.
college_alg_quad_009,Solve x^2 - 8x + 15 = 0.,"3,5",multiple_choice,"A:3,-5|B:15|C:3,5|D:-3,-5|E:8,15",4,alg_quadratics;alg_factoring,factoring_quadratics;zero_product_property,quadratic_factor_pattern;root_finding,sign_error;factor_pair_error,Factor the quadratic as (x - 3)(x - 5) = 0. Therefore x = 3 or x = 5.,Algebra 1,Quadratic Equations and Functions,college-algebra-03-quadratic-functions,Quadratic Functions,5368,college_algebra_stitz_zeager,"local-pdf: College Algebra -- Carl Stitz, Jeff Zeager.pdf; College Algebra 2.3 Quadratic Functions",Standard,Algebra Readiness,quadratic_solving,factor_structure;operation_selection,110,Original-equivalent bridge item generated from local textbook coverage signals. No full textbook exercise text is reproduced.
college_alg_quad_010,Solve x^2 - 11x + 28 = 0.,"4,7",multiple_choice,"A:28|B:4,7|C:-4,-7|D:11,28|E:4,-7",4,alg_quadratics;alg_factoring,factoring_quadratics;zero_product_property,quadratic_factor_pattern;root_finding,sign_error;factor_pair_error,Factor the quadratic as (x - 4)(x - 7) = 0. Therefore x = 4 or x = 7.,Algebra 1,Quadratic Equations and Functions,college-algebra-03-quadratic-functions,Quadratic Functions,5369,college_algebra_stitz_zeager,"local-pdf: College Algebra -- Carl Stitz, Jeff Zeager.pdf; College Algebra 2.3 Quadratic Functions",Standard,Algebra Readiness,quadratic_solving,factor_structure;operation_selection,110,Original-equivalent bridge item generated from local textbook coverage signals. No full textbook exercise text is reproduced.
college_alg_quad_011,Solve x^2 - 14x + 45 = 0.,"5,9",multiple_choice,"A:5,9|B:-5,-9|C:14,45|D:5,-9|E:45",5,alg_quadratics;alg_factoring,factoring_quadratics;zero_product_property,quadratic_factor_pattern;root_finding,sign_error;factor_pair_error,Factor the quadratic as (x - 5)(x - 9) = 0. Therefore x = 5 or x = 9.,Algebra 1,Quadratic Equations and Functions,college-algebra-03-quadratic-functions,Quadratic Functions,5370,college_algebra_stitz_zeager,"local-pdf: College Algebra -- Carl Stitz, Jeff Zeager.pdf; College Algebra 2.3 Quadratic Functions",Standard,Algebra Readiness,quadratic_solving,factor_structure;operation_selection,130,Original-equivalent bridge item generated from local textbook coverage signals. No full textbook exercise text is reproduced.
college_alg_quad_012,Solve x^2 - 17x + 66 = 0.,"6,11",multiple_choice,"A:-6,-11|B:17,66|C:6,-11|D:66|E:6,11",5,alg_quadratics;alg_factoring,factoring_quadratics;zero_product_property,quadratic_factor_pattern;root_finding,sign_error;factor_pair_error,Factor the quadratic as (x - 6)(x - 11) = 0. Therefore x = 6 or x = 11.,Algebra 1,Quadratic Equations and Functions,college-algebra-03-quadratic-functions,Quadratic Functions,5371,college_algebra_stitz_zeager,"local-pdf: College Algebra -- Carl Stitz, Jeff Zeager.pdf; College Algebra 2.3 Quadratic Functions",Standard,Algebra Readiness,quadratic_solving,factor_structure;operation_selection,130,Original-equivalent bridge item generated from local textbook coverage signals. No full textbook exercise text is reproduced.
college_alg_quad_013,Solve x^2 - 4x + 3 = 0.,"1,3",multiple_choice,"A:4,3|B:1,-3|C:3|D:1,3|E:-1,-3",5,alg_quadratics;alg_factoring,factoring_quadratics;zero_product_property,quadratic_factor_pattern;root_finding,sign_error;factor_pair_error,Factor the quadratic as (x - 1)(x - 3) = 0. Therefore x = 1 or x = 3.,Algebra 1,Quadratic Equations and Functions,college-algebra-03-quadratic-functions,Quadratic Functions,5372,college_algebra_stitz_zeager,"local-pdf: College Algebra -- Carl Stitz, Jeff Zeager.pdf; College Algebra 2.3 Quadratic Functions",Honors,Algebra Readiness,quadratic_solving,factor_structure;operation_selection,130,Original-equivalent bridge item generated from local textbook coverage signals. No full textbook exercise text is reproduced.
college_alg_quad_014,Solve x^2 - 7x + 10 = 0.,"2,5",multiple_choice,"A:2,-5|B:10|C:2,5|D:-2,-5|E:7,10",5,alg_quadratics;alg_factoring,factoring_quadratics;zero_product_property,quadratic_factor_pattern;root_finding,sign_error;factor_pair_error,Factor the quadratic as (x - 2)(x - 5) = 0. Therefore x = 2 or x = 5.,Algebra 1,Quadratic Equations and Functions,college-algebra-03-quadratic-functions,Quadratic Functions,5373,college_algebra_stitz_zeager,"local-pdf: College Algebra -- Carl Stitz, Jeff Zeager.pdf; College Algebra 2.3 Quadratic Functions",Honors,Algebra Readiness,quadratic_solving,factor_structure;operation_selection,130,Original-equivalent bridge item generated from local textbook coverage signals. No full textbook exercise text is reproduced.
college_alg_quad_015,Solve x^2 - 10x + 21 = 0.,"3,7",multiple_choice,"A:21|B:3,7|C:-3,-7|D:10,21|E:3,-7",5,alg_quadratics;alg_factoring,factoring_quadratics;zero_product_property,quadratic_factor_pattern;root_finding,sign_error;factor_pair_error,Factor the quadratic as (x - 3)(x - 7) = 0. Therefore x = 3 or x = 7.,Algebra 1,Quadratic Equations and Functions,college-algebra-03-quadratic-functions,Quadratic Functions,5374,college_algebra_stitz_zeager,"local-pdf: College Algebra -- Carl Stitz, Jeff Zeager.pdf; College Algebra 2.3 Quadratic Functions",Honors,Algebra Readiness,quadratic_solving,factor_structure;operation_selection,130,Original-equivalent bridge item generated from local textbook coverage signals. No full textbook exercise text is reproduced.
college_alg_quad_016,Solve x^2 - 13x + 36 = 0.,"4,9",multiple_choice,"A:4,9|B:-4,-9|C:13,36|D:4,-9|E:36",5,alg_quadratics;alg_factoring,factoring_quadratics;zero_product_property,quadratic_factor_pattern;root_finding,sign_error;factor_pair_error,Factor the quadratic as (x - 4)(x - 9) = 0. Therefore x = 4 or x = 9.,Algebra 1,Quadratic Equations and Functions,college-algebra-03-quadratic-functions,Quadratic Functions,5375,college_algebra_stitz_zeager,"local-pdf: College Algebra -- Carl Stitz, Jeff Zeager.pdf; College Algebra 2.3 Quadratic Functions",Honors,Algebra Readiness,quadratic_solving,factor_structure;operation_selection,130,Original-equivalent bridge item generated from local textbook coverage signals. No full textbook exercise text is reproduced.
college_alg_quad_017,Solve x^2 - 12x + 35 = 0.,"5,7",multiple_choice,"A:-5,-7|B:12,35|C:5,-7|D:35|E:5,7",5,alg_quadratics;alg_factoring,factoring_quadratics;zero_product_property,quadratic_factor_pattern;root_finding,sign_error;factor_pair_error,Factor the quadratic as (x - 5)(x - 7) = 0. Therefore x = 5 or x = 7.,Algebra 1,Quadratic Equations and Functions,college-algebra-03-quadratic-functions,Quadratic Functions,5376,college_algebra_stitz_zeager,"local-pdf: College Algebra -- Carl Stitz, Jeff Zeager.pdf; College Algebra 2.3 Quadratic Functions",Honors,Algebra Readiness,quadratic_solving,factor_structure;operation_selection,130,Original-equivalent bridge item generated from local textbook coverage signals. No full textbook exercise text is reproduced.
college_alg_quad_018,Solve x^2 - 15x + 54 = 0.,"6,9",multiple_choice,"A:15,54|B:6,-9|C:54|D:6,9|E:-6,-9",5,alg_quadratics;alg_factoring,factoring_quadratics;zero_product_property,quadratic_factor_pattern;root_finding,sign_error;factor_pair_error,Factor the quadratic as (x - 6)(x - 9) = 0. Therefore x = 6 or x = 9.,Algebra 1,Quadratic Equations and Functions,college-algebra-03-quadratic-functions,Quadratic Functions,5377,college_algebra_stitz_zeager,"local-pdf: College Algebra -- Carl Stitz, Jeff Zeager.pdf; College Algebra 2.3 Quadratic Functions",Honors,Algebra Readiness,quadratic_solving,factor_structure;operation_selection,130,Original-equivalent bridge item generated from local textbook coverage signals. No full textbook exercise text is reproduced.
college_alg_quad_019,Solve x^2 - 6x + 5 = 0.,"1,5",multiple_choice,"A:1,-5|B:5|C:1,5|D:-1,-5|E:6,5",5,alg_quadratics;alg_factoring,factoring_quadratics;zero_product_property,quadratic_factor_pattern;root_finding,sign_error;factor_pair_error,Factor the quadratic as (x - 1)(x - 5) = 0. Therefore x = 1 or x = 5.,Algebra 1,Quadratic Equations and Functions,college-algebra-03-quadratic-functions,Quadratic Functions,5378,college_algebra_stitz_zeager,"local-pdf: College Algebra -- Carl Stitz, Jeff Zeager.pdf; College Algebra 2.3 Quadratic Functions",Honors,Algebra Readiness,quadratic_solving,factor_structure;operation_selection,130,Original-equivalent bridge item generated from local textbook coverage signals. No full textbook exercise text is reproduced.
college_alg_quad_020,Solve x^2 - 9x + 14 = 0.,"2,7",multiple_choice,"A:14|B:2,7|C:-2,-7|D:9,14|E:2,-7",5,alg_quadratics;alg_factoring,factoring_quadratics;zero_product_property,quadratic_factor_pattern;root_finding,sign_error;factor_pair_error,Factor the quadratic as (x - 2)(x - 7) = 0. Therefore x = 2 or x = 7.,Algebra 1,Quadratic Equations and Functions,college-algebra-03-quadratic-functions,Quadratic Functions,5379,college_algebra_stitz_zeager,"local-pdf: College Algebra -- Carl Stitz, Jeff Zeager.pdf; College Algebra 2.3 Quadratic Functions",Honors,Algebra Readiness,quadratic_solving,factor_structure;operation_selection,130,Original-equivalent bridge item generated from local textbook coverage signals. No full textbook exercise text is reproduced.
college_alg_poly_001,Is x = 1 a zero of f(x) = x^2 - 3x - 10?,no,multiple_choice,A:no|B:yes|C:0|D:1|E:12,4,alg_factoring;alg_functions,polynomial_evaluation;zero_testing,function_zero_reasoning;substitution,zero_value_confusion;substitution_error,"Evaluate f(1) = 1^2 - 3(1) - 10 = -12. Since this is not 0, x = 1 is not a zero.",Algebra 1,Polynomials and Factoring,college-algebra-04-polynomial-structure,Polynomial Structure,5490,college_algebra_stitz_zeager,"local-pdf: College Algebra -- Carl Stitz, Jeff Zeager.pdf; College Algebra 3.1 Graphs of Polynomials",Honors,Algebra Readiness,polynomial_reasoning,symbol_evaluation;structure_recognition,110,Original-equivalent bridge item generated from local textbook coverage signals. No full textbook exercise text is reproduced.
college_alg_poly_002,Is x = 2 a zero of f(x) = x^2 - 3x - 10?,no,multiple_choice,A:yes|B:0|C:2|D:12|E:no,4,alg_factoring;alg_functions,polynomial_evaluation;zero_testing,function_zero_reasoning;substitution,zero_value_confusion;substitution_error,"Evaluate f(2) = 2^2 - 3(2) - 10 = -12. Since this is not 0, x = 2 is not a zero.",Algebra 1,Polynomials and Factoring,college-algebra-04-polynomial-structure,Polynomial Structure,5491,college_algebra_stitz_zeager,"local-pdf: College Algebra -- Carl Stitz, Jeff Zeager.pdf; College Algebra 3.1 Graphs of Polynomials",Honors,Algebra Readiness,polynomial_reasoning,symbol_evaluation;structure_recognition,110,Original-equivalent bridge item generated from local textbook coverage signals. No full textbook exercise text is reproduced.
college_alg_poly_003,Is x = 3 a zero of f(x) = x^2 - 3x - 10?,no,multiple_choice,A:0|B:3|C:10|D:no|E:yes,4,alg_factoring;alg_functions,polynomial_evaluation;zero_testing,function_zero_reasoning;substitution,zero_value_confusion;substitution_error,"Evaluate f(3) = 3^2 - 3(3) - 10 = -10. Since this is not 0, x = 3 is not a zero.",Algebra 1,Polynomials and Factoring,college-algebra-04-polynomial-structure,Polynomial Structure,5492,college_algebra_stitz_zeager,"local-pdf: College Algebra -- Carl Stitz, Jeff Zeager.pdf; College Algebra 3.1 Graphs of Polynomials",Honors,Algebra Readiness,polynomial_reasoning,symbol_evaluation;structure_recognition,110,Original-equivalent bridge item generated from local textbook coverage signals. No full textbook exercise text is reproduced.
college_alg_poly_004,Is x = 4 a zero of f(x) = x^2 - 3x - 10?,no,multiple_choice,A:4|B:6|C:no|D:yes|E:0,4,alg_factoring;alg_functions,polynomial_evaluation;zero_testing,function_zero_reasoning;substitution,zero_value_confusion;substitution_error,"Evaluate f(4) = 4^2 - 3(4) - 10 = -6. Since this is not 0, x = 4 is not a zero.",Algebra 1,Polynomials and Factoring,college-algebra-04-polynomial-structure,Polynomial Structure,5493,college_algebra_stitz_zeager,"local-pdf: College Algebra -- Carl Stitz, Jeff Zeager.pdf; College Algebra 3.1 Graphs of Polynomials",Honors,Algebra Readiness,polynomial_reasoning,symbol_evaluation;structure_recognition,110,Original-equivalent bridge item generated from local textbook coverage signals. No full textbook exercise text is reproduced.
college_alg_poly_005,Is x = 5 a zero of f(x) = x^2 - 3x - 10?,yes,multiple_choice,A:cannot tell|B:yes|C:no|D:0|E:5,4,alg_factoring;alg_functions,polynomial_evaluation;zero_testing,function_zero_reasoning;substitution,zero_value_confusion;substitution_error,"Evaluate f(5) = 5^2 - 3(5) - 10 = 0. Since this is 0, x = 5 is a zero.",Algebra 1,Polynomials and Factoring,college-algebra-04-polynomial-structure,Polynomial Structure,5494,college_algebra_stitz_zeager,"local-pdf: College Algebra -- Carl Stitz, Jeff Zeager.pdf; College Algebra 3.1 Graphs of Polynomials",Honors,Algebra Readiness,polynomial_reasoning,symbol_evaluation;structure_recognition,110,Original-equivalent bridge item generated from local textbook coverage signals. No full textbook exercise text is reproduced.
college_alg_poly_006,Is x = 6 a zero of f(x) = x^2 - 3x - 10?,no,multiple_choice,A:no|B:yes|C:0|D:6|E:8,4,alg_factoring;alg_functions,polynomial_evaluation;zero_testing,function_zero_reasoning;substitution,zero_value_confusion;substitution_error,"Evaluate f(6) = 6^2 - 3(6) - 10 = 8. Since this is not 0, x = 6 is not a zero.",Algebra 1,Polynomials and Factoring,college-algebra-04-polynomial-structure,Polynomial Structure,5495,college_algebra_stitz_zeager,"local-pdf: College Algebra -- Carl Stitz, Jeff Zeager.pdf; College Algebra 3.1 Graphs of Polynomials",Honors,Algebra Readiness,polynomial_reasoning,symbol_evaluation;structure_recognition,110,Original-equivalent bridge item generated from local textbook coverage signals. No full textbook exercise text is reproduced.
college_alg_poly_007,Is x = 7 a zero of f(x) = x^2 - 3x - 10?,no,multiple_choice,A:yes|B:0|C:7|D:18|E:no,4,alg_factoring;alg_functions,polynomial_evaluation;zero_testing,function_zero_reasoning;substitution,zero_value_confusion;substitution_error,"Evaluate f(7) = 7^2 - 3(7) - 10 = 18. Since this is not 0, x = 7 is not a zero.",Algebra 1,Polynomials and Factoring,college-algebra-04-polynomial-structure,Polynomial Structure,5496,college_algebra_stitz_zeager,"local-pdf: College Algebra -- Carl Stitz, Jeff Zeager.pdf; College Algebra 3.1 Graphs of Polynomials",Honors,Algebra Readiness,polynomial_reasoning,symbol_evaluation;structure_recognition,110,Original-equivalent bridge item generated from local textbook coverage signals. No full textbook exercise text is reproduced.
college_alg_poly_008,Is x = 1 a zero of f(x) = x^2 - 3x - 10?,no,multiple_choice,A:0|B:1|C:12|D:no|E:yes,4,alg_factoring;alg_functions,polynomial_evaluation;zero_testing,function_zero_reasoning;substitution,zero_value_confusion;substitution_error,"Evaluate f(1) = 1^2 - 3(1) - 10 = -12. Since this is not 0, x = 1 is not a zero.",Algebra 1,Polynomials and Factoring,college-algebra-04-polynomial-structure,Polynomial Structure,5497,college_algebra_stitz_zeager,"local-pdf: College Algebra -- Carl Stitz, Jeff Zeager.pdf; College Algebra 3.1 Graphs of Polynomials",Honors,Algebra Readiness,polynomial_reasoning,symbol_evaluation;structure_recognition,110,Original-equivalent bridge item generated from local textbook coverage signals. No full textbook exercise text is reproduced.
college_alg_poly_009,Is x = 2 a zero of f(x) = x^2 - 3x - 10?,no,multiple_choice,A:2|B:12|C:no|D:yes|E:0,4,alg_factoring;alg_functions,polynomial_evaluation;zero_testing,function_zero_reasoning;substitution,zero_value_confusion;substitution_error,"Evaluate f(2) = 2^2 - 3(2) - 10 = -12. Since this is not 0, x = 2 is not a zero.",Algebra 1,Polynomials and Factoring,college-algebra-04-polynomial-structure,Polynomial Structure,5498,college_algebra_stitz_zeager,"local-pdf: College Algebra -- Carl Stitz, Jeff Zeager.pdf; College Algebra 3.1 Graphs of Polynomials",Honors,Algebra Readiness,polynomial_reasoning,symbol_evaluation;structure_recognition,110,Original-equivalent bridge item generated from local textbook coverage signals. No full textbook exercise text is reproduced.
college_alg_poly_010,Is x = 3 a zero of f(x) = x^2 - 3x - 10?,no,multiple_choice,A:10|B:no|C:yes|D:0|E:3,4,alg_factoring;alg_functions,polynomial_evaluation;zero_testing,function_zero_reasoning;substitution,zero_value_confusion;substitution_error,"Evaluate f(3) = 3^2 - 3(3) - 10 = -10. Since this is not 0, x = 3 is not a zero.",Algebra 1,Polynomials and Factoring,college-algebra-04-polynomial-structure,Polynomial Structure,5499,college_algebra_stitz_zeager,"local-pdf: College Algebra -- Carl Stitz, Jeff Zeager.pdf; College Algebra 3.1 Graphs of Polynomials",Honors,Algebra Readiness,polynomial_reasoning,symbol_evaluation;structure_recognition,110,Original-equivalent bridge item generated from local textbook coverage signals. No full textbook exercise text is reproduced.
college_alg_poly_011,Is x = 4 a zero of f(x) = x^2 - 3x - 10?,no,multiple_choice,A:no|B:yes|C:0|D:4|E:6,4,alg_factoring;alg_functions,polynomial_evaluation;zero_testing,function_zero_reasoning;substitution,zero_value_confusion;substitution_error,"Evaluate f(4) = 4^2 - 3(4) - 10 = -6. Since this is not 0, x = 4 is not a zero.",Algebra 1,Polynomials and Factoring,college-algebra-04-polynomial-structure,Polynomial Structure,5500,college_algebra_stitz_zeager,"local-pdf: College Algebra -- Carl Stitz, Jeff Zeager.pdf; College Algebra 3.1 Graphs of Polynomials",Honors,Algebra Readiness,polynomial_reasoning,symbol_evaluation;structure_recognition,110,Original-equivalent bridge item generated from local textbook coverage signals. No full textbook exercise text is reproduced.
college_alg_poly_012,Is x = 5 a zero of f(x) = x^2 - 3x - 10?,yes,multiple_choice,A:no|B:0|C:5|D:cannot tell|E:yes,4,alg_factoring;alg_functions,polynomial_evaluation;zero_testing,function_zero_reasoning;substitution,zero_value_confusion;substitution_error,"Evaluate f(5) = 5^2 - 3(5) - 10 = 0. Since this is 0, x = 5 is a zero.",Algebra 1,Polynomials and Factoring,college-algebra-04-polynomial-structure,Polynomial Structure,5501,college_algebra_stitz_zeager,"local-pdf: College Algebra -- Carl Stitz, Jeff Zeager.pdf; College Algebra 3.1 Graphs of Polynomials",Honors,Algebra Readiness,polynomial_reasoning,symbol_evaluation;structure_recognition,110,Original-equivalent bridge item generated from local textbook coverage signals. No full textbook exercise text is reproduced.
college_alg_poly_013,Is x = 6 a zero of f(x) = x^2 - 3x - 10?,no,multiple_choice,A:0|B:6|C:8|D:no|E:yes,4,alg_factoring;alg_functions,polynomial_evaluation;zero_testing,function_zero_reasoning;substitution,zero_value_confusion;substitution_error,"Evaluate f(6) = 6^2 - 3(6) - 10 = 8. Since this is not 0, x = 6 is not a zero.",Algebra 1,Polynomials and Factoring,college-algebra-04-polynomial-structure,Polynomial Structure,5502,college_algebra_stitz_zeager,"local-pdf: College Algebra -- Carl Stitz, Jeff Zeager.pdf; College Algebra 3.1 Graphs of Polynomials",Honors,Algebra Readiness,polynomial_reasoning,symbol_evaluation;structure_recognition,110,Original-equivalent bridge item generated from local textbook coverage signals. No full textbook exercise text is reproduced.
college_alg_poly_014,Is x = 7 a zero of f(x) = x^2 - 3x - 10?,no,multiple_choice,A:7|B:18|C:no|D:yes|E:0,4,alg_factoring;alg_functions,polynomial_evaluation;zero_testing,function_zero_reasoning;substitution,zero_value_confusion;substitution_error,"Evaluate f(7) = 7^2 - 3(7) - 10 = 18. Since this is not 0, x = 7 is not a zero.",Algebra 1,Polynomials and Factoring,college-algebra-04-polynomial-structure,Polynomial Structure,5503,college_algebra_stitz_zeager,"local-pdf: College Algebra -- Carl Stitz, Jeff Zeager.pdf; College Algebra 3.1 Graphs of Polynomials",Honors,Algebra Readiness,polynomial_reasoning,symbol_evaluation;structure_recognition,110,Original-equivalent bridge item generated from local textbook coverage signals. No full textbook exercise text is reproduced.
college_alg_poly_015,Is x = 1 a zero of f(x) = x^2 - 3x - 10?,no,multiple_choice,A:12|B:no|C:yes|D:0|E:1,4,alg_factoring;alg_functions,polynomial_evaluation;zero_testing,function_zero_reasoning;substitution,zero_value_confusion;substitution_error,"Evaluate f(1) = 1^2 - 3(1) - 10 = -12. Since this is not 0, x = 1 is not a zero.",Algebra 1,Polynomials and Factoring,college-algebra-04-polynomial-structure,Polynomial Structure,5504,college_algebra_stitz_zeager,"local-pdf: College Algebra -- Carl Stitz, Jeff Zeager.pdf; College Algebra 3.1 Graphs of Polynomials",Honors,Algebra Readiness,polynomial_reasoning,symbol_evaluation;structure_recognition,110,Original-equivalent bridge item generated from local textbook coverage signals. No full textbook exercise text is reproduced.
college_alg_poly_016,Is x = 2 a zero of f(x) = x^2 - 3x - 10?,no,multiple_choice,A:no|B:yes|C:0|D:2|E:12,4,alg_factoring;alg_functions,polynomial_evaluation;zero_testing,function_zero_reasoning;substitution,zero_value_confusion;substitution_error,"Evaluate f(2) = 2^2 - 3(2) - 10 = -12. Since this is not 0, x = 2 is not a zero.",Algebra 1,Polynomials and Factoring,college-algebra-04-polynomial-structure,Polynomial Structure,5505,college_algebra_stitz_zeager,"local-pdf: College Algebra -- Carl Stitz, Jeff Zeager.pdf; College Algebra 3.1 Graphs of Polynomials",Honors,Algebra Readiness,polynomial_reasoning,symbol_evaluation;structure_recognition,110,Original-equivalent bridge item generated from local textbook coverage signals. No full textbook exercise text is reproduced.
college_alg_poly_017,Is x = 3 a zero of f(x) = x^2 - 3x - 10?,no,multiple_choice,A:yes|B:0|C:3|D:10|E:no,4,alg_factoring;alg_functions,polynomial_evaluation;zero_testing,function_zero_reasoning;substitution,zero_value_confusion;substitution_error,"Evaluate f(3) = 3^2 - 3(3) - 10 = -10. Since this is not 0, x = 3 is not a zero.",Algebra 1,Polynomials and Factoring,college-algebra-04-polynomial-structure,Polynomial Structure,5506,college_algebra_stitz_zeager,"local-pdf: College Algebra -- Carl Stitz, Jeff Zeager.pdf; College Algebra 3.1 Graphs of Polynomials",Honors,Algebra Readiness,polynomial_reasoning,symbol_evaluation;structure_recognition,110,Original-equivalent bridge item generated from local textbook coverage signals. No full textbook exercise text is reproduced.
college_alg_poly_018,Is x = 4 a zero of f(x) = x^2 - 3x - 10?,no,multiple_choice,A:0|B:4|C:6|D:no|E:yes,4,alg_factoring;alg_functions,polynomial_evaluation;zero_testing,function_zero_reasoning;substitution,zero_value_confusion;substitution_error,"Evaluate f(4) = 4^2 - 3(4) - 10 = -6. Since this is not 0, x = 4 is not a zero.",Algebra 1,Polynomials and Factoring,college-algebra-04-polynomial-structure,Polynomial Structure,5507,college_algebra_stitz_zeager,"local-pdf: College Algebra -- Carl Stitz, Jeff Zeager.pdf; College Algebra 3.1 Graphs of Polynomials",Honors,Algebra Readiness,polynomial_reasoning,symbol_evaluation;structure_recognition,110,Original-equivalent bridge item generated from local textbook coverage signals. No full textbook exercise text is reproduced.
college_alg_poly_019,Is x = 5 a zero of f(x) = x^2 - 3x - 10?,yes,multiple_choice,A:5|B:cannot tell|C:yes|D:no|E:0,4,alg_factoring;alg_functions,polynomial_evaluation;zero_testing,function_zero_reasoning;substitution,zero_value_confusion;substitution_error,"Evaluate f(5) = 5^2 - 3(5) - 10 = 0. Since this is 0, x = 5 is a zero.",Algebra 1,Polynomials and Factoring,college-algebra-04-polynomial-structure,Polynomial Structure,5508,college_algebra_stitz_zeager,"local-pdf: College Algebra -- Carl Stitz, Jeff Zeager.pdf; College Algebra 3.1 Graphs of Polynomials",Honors,Algebra Readiness,polynomial_reasoning,symbol_evaluation;structure_recognition,110,Original-equivalent bridge item generated from local textbook coverage signals. No full textbook exercise text is reproduced.
college_alg_poly_020,Is x = 6 a zero of f(x) = x^2 - 3x - 10?,no,multiple_choice,A:8|B:no|C:yes|D:0|E:6,4,alg_factoring;alg_functions,polynomial_evaluation;zero_testing,function_zero_reasoning;substitution,zero_value_confusion;substitution_error,"Evaluate f(6) = 6^2 - 3(6) - 10 = 8. Since this is not 0, x = 6 is not a zero.",Algebra 1,Polynomials and Factoring,college-algebra-04-polynomial-structure,Polynomial Structure,5509,college_algebra_stitz_zeager,"local-pdf: College Algebra -- Carl Stitz, Jeff Zeager.pdf; College Algebra 3.1 Graphs of Polynomials",Honors,Algebra Readiness,polynomial_reasoning,symbol_evaluation;structure_recognition,110,Original-equivalent bridge item generated from local textbook coverage signals. No full textbook exercise text is reproduced.
eng_math_formula_001,Rearrange y = 2x + 3 to make x the subject.,(y-3)/2,multiple_choice,A:(y-3)/2|B:y-3/2|C:(y+3)/2|D:2/(y-3)|E:17/2,4,alg_linear_equations;prealg_simplification,formula_transposition;inverse_operations,symbolic_rearrangement;linear_equation_structure,inverse_operation_order_error;division_scope_error,Subtract 3 from both sides to get y - 3 = 2x. Divide by 2: x = (y - 3)/2.,Algebra 1,Engineering Algebra Foundations,engineers-math-01-formula-transposition,Formulae and Transposition,6220,mathematics_for_engineers_croft_davison,"local-pdf: Mathematics for Engineers_Anthony Croft, Robert Davison.pdf; Mathematics for Engineers Chapter 5 Block 7 Formulae and Transposition",Standard,Algebra Readiness,formula_rearrangement,symbolic_fluency;inverse_operations,110,Original-equivalent bridge item generated from local textbook coverage signals. No full textbook exercise text is reproduced.
eng_math_formula_002,Rearrange y = 3x + 4 to make x the subject.,(y-4)/3,multiple_choice,A:y-4/3|B:(y+4)/3|C:3/(y-4)|D:19/3|E:(y-4)/3,4,alg_linear_equations;prealg_simplification,formula_transposition;inverse_operations,symbolic_rearrangement;linear_equation_structure,inverse_operation_order_error;division_scope_error,Subtract 4 from both sides to get y - 4 = 3x. Divide by 3: x = (y - 4)/3.,Algebra 1,Engineering Algebra Foundations,engineers-math-01-formula-transposition,Formulae and Transposition,6221,mathematics_for_engineers_croft_davison,"local-pdf: Mathematics for Engineers_Anthony Croft, Robert Davison.pdf; Mathematics for Engineers Chapter 5 Block 7 Formulae and Transposition",Standard,Algebra Readiness,formula_rearrangement,symbolic_fluency;inverse_operations,110,Original-equivalent bridge item generated from local textbook coverage signals. No full textbook exercise text is reproduced.
eng_math_formula_003,Rearrange y = 4x + 5 to make x the subject.,(y-5)/4,multiple_choice,A:(y+5)/4|B:4/(y-5)|C:21/4|D:(y-5)/4|E:y-5/4,4,alg_linear_equations;prealg_simplification,formula_transposition;inverse_operations,symbolic_rearrangement;linear_equation_structure,inverse_operation_order_error;division_scope_error,Subtract 5 from both sides to get y - 5 = 4x. Divide by 4: x = (y - 5)/4.,Algebra 1,Engineering Algebra Foundations,engineers-math-01-formula-transposition,Formulae and Transposition,6222,mathematics_for_engineers_croft_davison,"local-pdf: Mathematics for Engineers_Anthony Croft, Robert Davison.pdf; Mathematics for Engineers Chapter 5 Block 7 Formulae and Transposition",Standard,Algebra Readiness,formula_rearrangement,symbolic_fluency;inverse_operations,110,Original-equivalent bridge item generated from local textbook coverage signals. No full textbook exercise text is reproduced.
eng_math_formula_004,Rearrange y = 5x + 6 to make x the subject.,(y-6)/5,multiple_choice,A:5/(y-6)|B:23/5|C:(y-6)/5|D:y-6/5|E:(y+6)/5,4,alg_linear_equations;prealg_simplification,formula_transposition;inverse_operations,symbolic_rearrangement;linear_equation_structure,inverse_operation_order_error;division_scope_error,Subtract 6 from both sides to get y - 6 = 5x. Divide by 5: x = (y - 6)/5.,Algebra 1,Engineering Algebra Foundations,engineers-math-01-formula-transposition,Formulae and Transposition,6223,mathematics_for_engineers_croft_davison,"local-pdf: Mathematics for Engineers_Anthony Croft, Robert Davison.pdf; Mathematics for Engineers Chapter 5 Block 7 Formulae and Transposition",Standard,Algebra Readiness,formula_rearrangement,symbolic_fluency;inverse_operations,110,Original-equivalent bridge item generated from local textbook coverage signals. No full textbook exercise text is reproduced.
eng_math_formula_005,Rearrange y = 6x + 7 to make x the subject.,(y-7)/6,multiple_choice,A:25/6|B:(y-7)/6|C:y-7/6|D:(y+7)/6|E:6/(y-7),4,alg_linear_equations;prealg_simplification,formula_transposition;inverse_operations,symbolic_rearrangement;linear_equation_structure,inverse_operation_order_error;division_scope_error,Subtract 7 from both sides to get y - 7 = 6x. Divide by 6: x = (y - 7)/6.,Algebra 1,Engineering Algebra Foundations,engineers-math-01-formula-transposition,Formulae and Transposition,6224,mathematics_for_engineers_croft_davison,"local-pdf: Mathematics for Engineers_Anthony Croft, Robert Davison.pdf; Mathematics for Engineers Chapter 5 Block 7 Formulae and Transposition",Standard,Algebra Readiness,formula_rearrangement,symbolic_fluency;inverse_operations,110,Original-equivalent bridge item generated from local textbook coverage signals. No full textbook exercise text is reproduced.
eng_math_formula_006,Rearrange y = 2x + 8 to make x the subject.,(y-8)/2,multiple_choice,A:(y-8)/2|B:y-8/2|C:(y+8)/2|D:2/(y-8)|E:27/2,4,alg_linear_equations;prealg_simplification,formula_transposition;inverse_operations,symbolic_rearrangement;linear_equation_structure,inverse_operation_order_error;division_scope_error,Subtract 8 from both sides to get y - 8 = 2x. Divide by 2: x = (y - 8)/2.,Algebra 1,Engineering Algebra Foundations,engineers-math-01-formula-transposition,Formulae and Transposition,6225,mathematics_for_engineers_croft_davison,"local-pdf: Mathematics for Engineers_Anthony Croft, Robert Davison.pdf; Mathematics for Engineers Chapter 5 Block 7 Formulae and Transposition",Standard,Algebra Readiness,formula_rearrangement,symbolic_fluency;inverse_operations,110,Original-equivalent bridge item generated from local textbook coverage signals. No full textbook exercise text is reproduced.
eng_math_formula_007,Rearrange y = 3x + 3 to make x the subject.,(y-3)/3,multiple_choice,A:y-3/3|B:(y+3)/3|C:3/(y-3)|D:35/3|E:(y-3)/3,4,alg_linear_equations;prealg_simplification,formula_transposition;inverse_operations,symbolic_rearrangement;linear_equation_structure,inverse_operation_order_error;division_scope_error,Subtract 3 from both sides to get y - 3 = 3x. Divide by 3: x = (y - 3)/3.,Algebra 1,Engineering Algebra Foundations,engineers-math-01-formula-transposition,Formulae and Transposition,6226,mathematics_for_engineers_croft_davison,"local-pdf: Mathematics for Engineers_Anthony Croft, Robert Davison.pdf; Mathematics for Engineers Chapter 5 Block 7 Formulae and Transposition",Standard,Algebra Readiness,formula_rearrangement,symbolic_fluency;inverse_operations,110,Original-equivalent bridge item generated from local textbook coverage signals. No full textbook exercise text is reproduced.
eng_math_formula_008,Rearrange y = 4x + 4 to make x the subject.,(y-4)/4,multiple_choice,A:(y+4)/4|B:4/(y-4)|C:37/4|D:(y-4)/4|E:y-4/4,4,alg_linear_equations;prealg_simplification,formula_transposition;inverse_operations,symbolic_rearrangement;linear_equation_structure,inverse_operation_order_error;division_scope_error,Subtract 4 from both sides to get y - 4 = 4x. Divide by 4: x = (y - 4)/4.,Algebra 1,Engineering Algebra Foundations,engineers-math-01-formula-transposition,Formulae and Transposition,6227,mathematics_for_engineers_croft_davison,"local-pdf: Mathematics for Engineers_Anthony Croft, Robert Davison.pdf; Mathematics for Engineers Chapter 5 Block 7 Formulae and Transposition",Standard,Algebra Readiness,formula_rearrangement,symbolic_fluency;inverse_operations,110,Original-equivalent bridge item generated from local textbook coverage signals. No full textbook exercise text is reproduced.
eng_math_formula_009,Rearrange y = 5x + 5 to make x the subject.,(y-5)/5,multiple_choice,A:5/(y-5)|B:39/5|C:(y-5)/5|D:y-5/5|E:(y+5)/5,4,alg_linear_equations;prealg_simplification,formula_transposition;inverse_operations,symbolic_rearrangement;linear_equation_structure,inverse_operation_order_error;division_scope_error,Subtract 5 from both sides to get y - 5 = 5x. Divide by 5: x = (y - 5)/5.,Algebra 1,Engineering Algebra Foundations,engineers-math-01-formula-transposition,Formulae and Transposition,6228,mathematics_for_engineers_croft_davison,"local-pdf: Mathematics for Engineers_Anthony Croft, Robert Davison.pdf; Mathematics for Engineers Chapter 5 Block 7 Formulae and Transposition",Standard,Algebra Readiness,formula_rearrangement,symbolic_fluency;inverse_operations,110,Original-equivalent bridge item generated from local textbook coverage signals. No full textbook exercise text is reproduced.
eng_math_formula_010,Rearrange y = 6x + 6 to make x the subject.,(y-6)/6,multiple_choice,A:41/6|B:(y-6)/6|C:y-6/6|D:(y+6)/6|E:6/(y-6),4,alg_linear_equations;prealg_simplification,formula_transposition;inverse_operations,symbolic_rearrangement;linear_equation_structure,inverse_operation_order_error;division_scope_error,Subtract 6 from both sides to get y - 6 = 6x. Divide by 6: x = (y - 6)/6.,Algebra 1,Engineering Algebra Foundations,engineers-math-01-formula-transposition,Formulae and Transposition,6229,mathematics_for_engineers_croft_davison,"local-pdf: Mathematics for Engineers_Anthony Croft, Robert Davison.pdf; Mathematics for Engineers Chapter 5 Block 7 Formulae and Transposition",Standard,Algebra Readiness,formula_rearrangement,symbolic_fluency;inverse_operations,110,Original-equivalent bridge item generated from local textbook coverage signals. No full textbook exercise text is reproduced.
eng_math_formula_011,Rearrange y = 2x + 7 to make x the subject.,(y-7)/2,multiple_choice,A:(y-7)/2|B:y-7/2|C:(y+7)/2|D:2/(y-7)|E:43/2,4,alg_linear_equations;prealg_simplification,formula_transposition;inverse_operations,symbolic_rearrangement;linear_equation_structure,inverse_operation_order_error;division_scope_error,Subtract 7 from both sides to get y - 7 = 2x. Divide by 2: x = (y - 7)/2.,Algebra 1,Engineering Algebra Foundations,engineers-math-01-formula-transposition,Formulae and Transposition,6230,mathematics_for_engineers_croft_davison,"local-pdf: Mathematics for Engineers_Anthony Croft, Robert Davison.pdf; Mathematics for Engineers Chapter 5 Block 7 Formulae and Transposition",Standard,Algebra Readiness,formula_rearrangement,symbolic_fluency;inverse_operations,110,Original-equivalent bridge item generated from local textbook coverage signals. No full textbook exercise text is reproduced.
eng_math_formula_012,Rearrange y = 3x + 8 to make x the subject.,(y-8)/3,multiple_choice,A:y-8/3|B:(y+8)/3|C:3/(y-8)|D:45/3|E:(y-8)/3,4,alg_linear_equations;prealg_simplification,formula_transposition;inverse_operations,symbolic_rearrangement;linear_equation_structure,inverse_operation_order_error;division_scope_error,Subtract 8 from both sides to get y - 8 = 3x. Divide by 3: x = (y - 8)/3.,Algebra 1,Engineering Algebra Foundations,engineers-math-01-formula-transposition,Formulae and Transposition,6231,mathematics_for_engineers_croft_davison,"local-pdf: Mathematics for Engineers_Anthony Croft, Robert Davison.pdf; Mathematics for Engineers Chapter 5 Block 7 Formulae and Transposition",Standard,Algebra Readiness,formula_rearrangement,symbolic_fluency;inverse_operations,110,Original-equivalent bridge item generated from local textbook coverage signals. No full textbook exercise text is reproduced.
eng_math_formula_013,Rearrange y = 4x + 3 to make x the subject.,(y-3)/4,multiple_choice,A:(y+3)/4|B:4/(y-3)|C:53/4|D:(y-3)/4|E:y-3/4,4,alg_linear_equations;prealg_simplification,formula_transposition;inverse_operations,symbolic_rearrangement;linear_equation_structure,inverse_operation_order_error;division_scope_error,Subtract 3 from both sides to get y - 3 = 4x. Divide by 4: x = (y - 3)/4.,Algebra 1,Engineering Algebra Foundations,engineers-math-01-formula-transposition,Formulae and Transposition,6232,mathematics_for_engineers_croft_davison,"local-pdf: Mathematics for Engineers_Anthony Croft, Robert Davison.pdf; Mathematics for Engineers Chapter 5 Block 7 Formulae and Transposition",Standard,Algebra Readiness,formula_rearrangement,symbolic_fluency;inverse_operations,110,Original-equivalent bridge item generated from local textbook coverage signals. No full textbook exercise text is reproduced.
eng_math_formula_014,Rearrange y = 5x + 4 to make x the subject.,(y-4)/5,multiple_choice,A:5/(y-4)|B:55/5|C:(y-4)/5|D:y-4/5|E:(y+4)/5,4,alg_linear_equations;prealg_simplification,formula_transposition;inverse_operations,symbolic_rearrangement;linear_equation_structure,inverse_operation_order_error;division_scope_error,Subtract 4 from both sides to get y - 4 = 5x. Divide by 5: x = (y - 4)/5.,Algebra 1,Engineering Algebra Foundations,engineers-math-01-formula-transposition,Formulae and Transposition,6233,mathematics_for_engineers_croft_davison,"local-pdf: Mathematics for Engineers_Anthony Croft, Robert Davison.pdf; Mathematics for Engineers Chapter 5 Block 7 Formulae and Transposition",Standard,Algebra Readiness,formula_rearrangement,symbolic_fluency;inverse_operations,110,Original-equivalent bridge item generated from local textbook coverage signals. No full textbook exercise text is reproduced.
eng_math_formula_015,Rearrange y = 6x + 5 to make x the subject.,(y-5)/6,multiple_choice,A:57/6|B:(y-5)/6|C:y-5/6|D:(y+5)/6|E:6/(y-5),4,alg_linear_equations;prealg_simplification,formula_transposition;inverse_operations,symbolic_rearrangement;linear_equation_structure,inverse_operation_order_error;division_scope_error,Subtract 5 from both sides to get y - 5 = 6x. Divide by 6: x = (y - 5)/6.,Algebra 1,Engineering Algebra Foundations,engineers-math-01-formula-transposition,Formulae and Transposition,6234,mathematics_for_engineers_croft_davison,"local-pdf: Mathematics for Engineers_Anthony Croft, Robert Davison.pdf; Mathematics for Engineers Chapter 5 Block 7 Formulae and Transposition",Standard,Algebra Readiness,formula_rearrangement,symbolic_fluency;inverse_operations,110,Original-equivalent bridge item generated from local textbook coverage signals. No full textbook exercise text is reproduced.
eng_math_formula_016,Rearrange y = 2x + 6 to make x the subject.,(y-6)/2,multiple_choice,A:(y-6)/2|B:y-6/2|C:(y+6)/2|D:2/(y-6)|E:59/2,4,alg_linear_equations;prealg_simplification,formula_transposition;inverse_operations,symbolic_rearrangement;linear_equation_structure,inverse_operation_order_error;division_scope_error,Subtract 6 from both sides to get y - 6 = 2x. Divide by 2: x = (y - 6)/2.,Algebra 1,Engineering Algebra Foundations,engineers-math-01-formula-transposition,Formulae and Transposition,6235,mathematics_for_engineers_croft_davison,"local-pdf: Mathematics for Engineers_Anthony Croft, Robert Davison.pdf; Mathematics for Engineers Chapter 5 Block 7 Formulae and Transposition",Standard,Algebra Readiness,formula_rearrangement,symbolic_fluency;inverse_operations,110,Original-equivalent bridge item generated from local textbook coverage signals. No full textbook exercise text is reproduced.
eng_math_formula_017,Rearrange y = 3x + 7 to make x the subject.,(y-7)/3,multiple_choice,A:y-7/3|B:(y+7)/3|C:3/(y-7)|D:61/3|E:(y-7)/3,4,alg_linear_equations;prealg_simplification,formula_transposition;inverse_operations,symbolic_rearrangement;linear_equation_structure,inverse_operation_order_error;division_scope_error,Subtract 7 from both sides to get y - 7 = 3x. Divide by 3: x = (y - 7)/3.,Algebra 1,Engineering Algebra Foundations,engineers-math-01-formula-transposition,Formulae and Transposition,6236,mathematics_for_engineers_croft_davison,"local-pdf: Mathematics for Engineers_Anthony Croft, Robert Davison.pdf; Mathematics for Engineers Chapter 5 Block 7 Formulae and Transposition",Standard,Algebra Readiness,formula_rearrangement,symbolic_fluency;inverse_operations,110,Original-equivalent bridge item generated from local textbook coverage signals. No full textbook exercise text is reproduced.
eng_math_formula_018,Rearrange y = 4x + 8 to make x the subject.,(y-8)/4,multiple_choice,A:(y+8)/4|B:4/(y-8)|C:63/4|D:(y-8)/4|E:y-8/4,4,alg_linear_equations;prealg_simplification,formula_transposition;inverse_operations,symbolic_rearrangement;linear_equation_structure,inverse_operation_order_error;division_scope_error,Subtract 8 from both sides to get y - 8 = 4x. Divide by 4: x = (y - 8)/4.,Algebra 1,Engineering Algebra Foundations,engineers-math-01-formula-transposition,Formulae and Transposition,6237,mathematics_for_engineers_croft_davison,"local-pdf: Mathematics for Engineers_Anthony Croft, Robert Davison.pdf; Mathematics for Engineers Chapter 5 Block 7 Formulae and Transposition",Standard,Algebra Readiness,formula_rearrangement,symbolic_fluency;inverse_operations,110,Original-equivalent bridge item generated from local textbook coverage signals. No full textbook exercise text is reproduced.
eng_math_formula_019,Rearrange y = 5x + 3 to make x the subject.,(y-3)/5,multiple_choice,A:5/(y-3)|B:71/5|C:(y-3)/5|D:y-3/5|E:(y+3)/5,4,alg_linear_equations;prealg_simplification,formula_transposition;inverse_operations,symbolic_rearrangement;linear_equation_structure,inverse_operation_order_error;division_scope_error,Subtract 3 from both sides to get y - 3 = 5x. Divide by 5: x = (y - 3)/5.,Algebra 1,Engineering Algebra Foundations,engineers-math-01-formula-transposition,Formulae and Transposition,6238,mathematics_for_engineers_croft_davison,"local-pdf: Mathematics for Engineers_Anthony Croft, Robert Davison.pdf; Mathematics for Engineers Chapter 5 Block 7 Formulae and Transposition",Standard,Algebra Readiness,formula_rearrangement,symbolic_fluency;inverse_operations,110,Original-equivalent bridge item generated from local textbook coverage signals. No full textbook exercise text is reproduced.
eng_math_formula_020,Rearrange y = 6x + 4 to make x the subject.,(y-4)/6,multiple_choice,A:73/6|B:(y-4)/6|C:y-4/6|D:(y+4)/6|E:6/(y-4),4,alg_linear_equations;prealg_simplification,formula_transposition;inverse_operations,symbolic_rearrangement;linear_equation_structure,inverse_operation_order_error;division_scope_error,Subtract 4 from both sides to get y - 4 = 6x. Divide by 6: x = (y - 4)/6.,Algebra 1,Engineering Algebra Foundations,engineers-math-01-formula-transposition,Formulae and Transposition,6239,mathematics_for_engineers_croft_davison,"local-pdf: Mathematics for Engineers_Anthony Croft, Robert Davison.pdf; Mathematics for Engineers Chapter 5 Block 7 Formulae and Transposition",Standard,Algebra Readiness,formula_rearrangement,symbolic_fluency;inverse_operations,110,Original-equivalent bridge item generated from local textbook coverage signals. No full textbook exercise text is reproduced.
eng_math_linear_001,Solve 3(x + 2) + 1 = 13.,2,multiple_choice,A:2|B:12|C:4|D:-2|E:7,4,alg_linear_equations;prealg_simplification,multi_step_equation_solving;distribution_structure,nested_inverse_operations;linear_equation_structure,inverse_operation_order_error;parentheses_error,Subtract 1: 3(x + 2) = 12. Divide by 3: x + 2 = 4. Subtract 2: x = 2.,Algebra 1,Engineering Algebra Foundations,engineers-math-02-linear-equations,Solving Linear Equations,6350,mathematics_for_engineers_croft_davison,"local-pdf: Mathematics for Engineers_Anthony Croft, Robert Davison.pdf; Mathematics for Engineers Chapter 7 Block 1 Solving Linear Equations",Standard,Algebra Readiness,equation_solving,multi_step_planning;inverse_operations,110,Original-equivalent bridge item generated from local textbook coverage signals. No full textbook exercise text is reproduced.
eng_math_linear_002,Solve 4(x + 3) + 2 = 26.,3,multiple_choice,A:24|B:6|C:-3|D:8|E:3,4,alg_linear_equations;prealg_simplification,multi_step_equation_solving;distribution_structure,nested_inverse_operations;linear_equation_structure,inverse_operation_order_error;parentheses_error,Subtract 2: 4(x + 3) = 24. Divide by 4: x + 3 = 6. Subtract 3: x = 3.,Algebra 1,Engineering Algebra Foundations,engineers-math-02-linear-equations,Solving Linear Equations,6351,mathematics_for_engineers_croft_davison,"local-pdf: Mathematics for Engineers_Anthony Croft, Robert Davison.pdf; Mathematics for Engineers Chapter 7 Block 1 Solving Linear Equations",Standard,Algebra Readiness,equation_solving,multi_step_planning;inverse_operations,110,Original-equivalent bridge item generated from local textbook coverage signals. No full textbook exercise text is reproduced.
eng_math_linear_003,Solve 5(x + 4) + 3 = 43.,4,multiple_choice,A:8|B:-4|C:9|D:4|E:40,4,alg_linear_equations;prealg_simplification,multi_step_equation_solving;distribution_structure,nested_inverse_operations;linear_equation_structure,inverse_operation_order_error;parentheses_error,Subtract 3: 5(x + 4) = 40. Divide by 5: x + 4 = 8. Subtract 4: x = 4.,Algebra 1,Engineering Algebra Foundations,engineers-math-02-linear-equations,Solving Linear Equations,6352,mathematics_for_engineers_croft_davison,"local-pdf: Mathematics for Engineers_Anthony Croft, Robert Davison.pdf; Mathematics for Engineers Chapter 7 Block 1 Solving Linear Equations",Standard,Algebra Readiness,equation_solving,multi_step_planning;inverse_operations,110,Original-equivalent bridge item generated from local textbook coverage signals. No full textbook exercise text is reproduced.
eng_math_linear_004,Solve 6(x + 5) + 4 = 64.,5,multiple_choice,A:-5|B:10|C:5|D:60|E:10,4,alg_linear_equations;prealg_simplification,multi_step_equation_solving;distribution_structure,nested_inverse_operations;linear_equation_structure,inverse_operation_order_error;parentheses_error,Subtract 4: 6(x + 5) = 60. Divide by 6: x + 5 = 10. Subtract 5: x = 5.,Algebra 1,Engineering Algebra Foundations,engineers-math-02-linear-equations,Solving Linear Equations,6353,mathematics_for_engineers_croft_davison,"local-pdf: Mathematics for Engineers_Anthony Croft, Robert Davison.pdf; Mathematics for Engineers Chapter 7 Block 1 Solving Linear Equations",Standard,Algebra Readiness,equation_solving,multi_step_planning;inverse_operations,110,Original-equivalent bridge item generated from local textbook coverage signals. No full textbook exercise text is reproduced.
eng_math_linear_005,Solve 7(x + 2) + 5 = 61.,6,multiple_choice,A:11|B:6|C:56|D:8|E:-6,4,alg_linear_equations;prealg_simplification,multi_step_equation_solving;distribution_structure,nested_inverse_operations;linear_equation_structure,inverse_operation_order_error;parentheses_error,Subtract 5: 7(x + 2) = 56. Divide by 7: x + 2 = 8. Subtract 2: x = 6.,Algebra 1,Engineering Algebra Foundations,engineers-math-02-linear-equations,Solving Linear Equations,6354,mathematics_for_engineers_croft_davison,"local-pdf: Mathematics for Engineers_Anthony Croft, Robert Davison.pdf; Mathematics for Engineers Chapter 7 Block 1 Solving Linear Equations",Standard,Algebra Readiness,equation_solving,multi_step_planning;inverse_operations,110,Original-equivalent bridge item generated from local textbook coverage signals. No full textbook exercise text is reproduced.
eng_math_linear_006,Solve 3(x + 3) + 6 = 36.,7,multiple_choice,A:7|B:30|C:10|D:-7|E:12,4,alg_linear_equations;prealg_simplification,multi_step_equation_solving;distribution_structure,nested_inverse_operations;linear_equation_structure,inverse_operation_order_error;parentheses_error,Subtract 6: 3(x + 3) = 30. Divide by 3: x + 3 = 10. Subtract 3: x = 7.,Algebra 1,Engineering Algebra Foundations,engineers-math-02-linear-equations,Solving Linear Equations,6355,mathematics_for_engineers_croft_davison,"local-pdf: Mathematics for Engineers_Anthony Croft, Robert Davison.pdf; Mathematics for Engineers Chapter 7 Block 1 Solving Linear Equations",Standard,Algebra Readiness,equation_solving,multi_step_planning;inverse_operations,110,Original-equivalent bridge item generated from local textbook coverage signals. No full textbook exercise text is reproduced.
eng_math_linear_007,Solve 4(x + 4) + 1 = 49.,8,multiple_choice,A:48|B:12|C:-8|D:13|E:8,4,alg_linear_equations;prealg_simplification,multi_step_equation_solving;distribution_structure,nested_inverse_operations;linear_equation_structure,inverse_operation_order_error;parentheses_error,Subtract 1: 4(x + 4) = 48. Divide by 4: x + 4 = 12. Subtract 4: x = 8.,Algebra 1,Engineering Algebra Foundations,engineers-math-02-linear-equations,Solving Linear Equations,6356,mathematics_for_engineers_croft_davison,"local-pdf: Mathematics for Engineers_Anthony Croft, Robert Davison.pdf; Mathematics for Engineers Chapter 7 Block 1 Solving Linear Equations",Standard,Algebra Readiness,equation_solving,multi_step_planning;inverse_operations,110,Original-equivalent bridge item generated from local textbook coverage signals. No full textbook exercise text is reproduced.
eng_math_linear_008,Solve 5(x + 5) + 2 = 72.,9,multiple_choice,A:14|B:-9|C:14|D:9|E:70,4,alg_linear_equations;prealg_simplification,multi_step_equation_solving;distribution_structure,nested_inverse_operations;linear_equation_structure,inverse_operation_order_error;parentheses_error,Subtract 2: 5(x + 5) = 70. Divide by 5: x + 5 = 14. Subtract 5: x = 9.,Algebra 1,Engineering Algebra Foundations,engineers-math-02-linear-equations,Solving Linear Equations,6357,mathematics_for_engineers_croft_davison,"local-pdf: Mathematics for Engineers_Anthony Croft, Robert Davison.pdf; Mathematics for Engineers Chapter 7 Block 1 Solving Linear Equations",Standard,Algebra Readiness,equation_solving,multi_step_planning;inverse_operations,110,Original-equivalent bridge item generated from local textbook coverage signals. No full textbook exercise text is reproduced.
eng_math_linear_009,Solve 6(x + 2) + 3 = 75.,10,multiple_choice,A:-10|B:15|C:10|D:72|E:12,4,alg_linear_equations;prealg_simplification,multi_step_equation_solving;distribution_structure,nested_inverse_operations;linear_equation_structure,inverse_operation_order_error;parentheses_error,Subtract 3: 6(x + 2) = 72. Divide by 6: x + 2 = 12. Subtract 2: x = 10.,Algebra 1,Engineering Algebra Foundations,engineers-math-02-linear-equations,Solving Linear Equations,6358,mathematics_for_engineers_croft_davison,"local-pdf: Mathematics for Engineers_Anthony Croft, Robert Davison.pdf; Mathematics for Engineers Chapter 7 Block 1 Solving Linear Equations",Standard,Algebra Readiness,equation_solving,multi_step_planning;inverse_operations,110,Original-equivalent bridge item generated from local textbook coverage signals. No full textbook exercise text is reproduced.
eng_math_linear_010,Solve 7(x + 3) + 4 = 102.,11,multiple_choice,A:16|B:11|C:98|D:14|E:-11,4,alg_linear_equations;prealg_simplification,multi_step_equation_solving;distribution_structure,nested_inverse_operations;linear_equation_structure,inverse_operation_order_error;parentheses_error,Subtract 4: 7(x + 3) = 98. Divide by 7: x + 3 = 14. Subtract 3: x = 11.,Algebra 1,Engineering Algebra Foundations,engineers-math-02-linear-equations,Solving Linear Equations,6359,mathematics_for_engineers_croft_davison,"local-pdf: Mathematics for Engineers_Anthony Croft, Robert Davison.pdf; Mathematics for Engineers Chapter 7 Block 1 Solving Linear Equations",Standard,Algebra Readiness,equation_solving,multi_step_planning;inverse_operations,110,Original-equivalent bridge item generated from local textbook coverage signals. No full textbook exercise text is reproduced.
eng_math_linear_011,Solve 3(x + 4) + 5 = 53.,12,multiple_choice,A:12|B:48|C:16|D:-12|E:17,4,alg_linear_equations;prealg_simplification,multi_step_equation_solving;distribution_structure,nested_inverse_operations;linear_equation_structure,inverse_operation_order_error;parentheses_error,Subtract 5: 3(x + 4) = 48. Divide by 3: x + 4 = 16. Subtract 4: x = 12.,Algebra 1,Engineering Algebra Foundations,engineers-math-02-linear-equations,Solving Linear Equations,6360,mathematics_for_engineers_croft_davison,"local-pdf: Mathematics for Engineers_Anthony Croft, Robert Davison.pdf; Mathematics for Engineers Chapter 7 Block 1 Solving Linear Equations",Standard,Algebra Readiness,equation_solving,multi_step_planning;inverse_operations,110,Original-equivalent bridge item generated from local textbook coverage signals. No full textbook exercise text is reproduced.
eng_math_linear_012,Solve 4(x + 5) + 6 = 78.,13,multiple_choice,A:72|B:18|C:-13|D:18|E:13,4,alg_linear_equations;prealg_simplification,multi_step_equation_solving;distribution_structure,nested_inverse_operations;linear_equation_structure,inverse_operation_order_error;parentheses_error,Subtract 6: 4(x + 5) = 72. Divide by 4: x + 5 = 18. Subtract 5: x = 13.,Algebra 1,Engineering Algebra Foundations,engineers-math-02-linear-equations,Solving Linear Equations,6361,mathematics_for_engineers_croft_davison,"local-pdf: Mathematics for Engineers_Anthony Croft, Robert Davison.pdf; Mathematics for Engineers Chapter 7 Block 1 Solving Linear Equations",Standard,Algebra Readiness,equation_solving,multi_step_planning;inverse_operations,110,Original-equivalent bridge item generated from local textbook coverage signals. No full textbook exercise text is reproduced.
eng_math_linear_013,Solve 5(x + 2) + 1 = 81.,14,multiple_choice,A:16|B:-14|C:19|D:14|E:80,4,alg_linear_equations;prealg_simplification,multi_step_equation_solving;distribution_structure,nested_inverse_operations;linear_equation_structure,inverse_operation_order_error;parentheses_error,Subtract 1: 5(x + 2) = 80. Divide by 5: x + 2 = 16. Subtract 2: x = 14.,Algebra 1,Engineering Algebra Foundations,engineers-math-02-linear-equations,Solving Linear Equations,6362,mathematics_for_engineers_croft_davison,"local-pdf: Mathematics for Engineers_Anthony Croft, Robert Davison.pdf; Mathematics for Engineers Chapter 7 Block 1 Solving Linear Equations",Standard,Algebra Readiness,equation_solving,multi_step_planning;inverse_operations,110,Original-equivalent bridge item generated from local textbook coverage signals. No full textbook exercise text is reproduced.
eng_math_linear_014,Solve 6(x + 3) + 2 = 110.,15,multiple_choice,A:-15|B:20|C:15|D:108|E:18,4,alg_linear_equations;prealg_simplification,multi_step_equation_solving;distribution_structure,nested_inverse_operations;linear_equation_structure,inverse_operation_order_error;parentheses_error,Subtract 2: 6(x + 3) = 108. Divide by 6: x + 3 = 18. Subtract 3: x = 15.,Algebra 1,Engineering Algebra Foundations,engineers-math-02-linear-equations,Solving Linear Equations,6363,mathematics_for_engineers_croft_davison,"local-pdf: Mathematics for Engineers_Anthony Croft, Robert Davison.pdf; Mathematics for Engineers Chapter 7 Block 1 Solving Linear Equations",Standard,Algebra Readiness,equation_solving,multi_step_planning;inverse_operations,110,Original-equivalent bridge item generated from local textbook coverage signals. No full textbook exercise text is reproduced.
eng_math_linear_015,Solve 7(x + 4) + 3 = 143.,16,multiple_choice,A:21|B:16|C:140|D:20|E:-16,4,alg_linear_equations;prealg_simplification,multi_step_equation_solving;distribution_structure,nested_inverse_operations;linear_equation_structure,inverse_operation_order_error;parentheses_error,Subtract 3: 7(x + 4) = 140. Divide by 7: x + 4 = 20. Subtract 4: x = 16.,Algebra 1,Engineering Algebra Foundations,engineers-math-02-linear-equations,Solving Linear Equations,6364,mathematics_for_engineers_croft_davison,"local-pdf: Mathematics for Engineers_Anthony Croft, Robert Davison.pdf; Mathematics for Engineers Chapter 7 Block 1 Solving Linear Equations",Standard,Algebra Readiness,equation_solving,multi_step_planning;inverse_operations,110,Original-equivalent bridge item generated from local textbook coverage signals. No full textbook exercise text is reproduced.
eng_math_linear_016,Solve 3(x + 5) + 4 = 70.,17,multiple_choice,A:17|B:66|C:22|D:-17|E:22,4,alg_linear_equations;prealg_simplification,multi_step_equation_solving;distribution_structure,nested_inverse_operations;linear_equation_structure,inverse_operation_order_error;parentheses_error,Subtract 4: 3(x + 5) = 66. Divide by 3: x + 5 = 22. Subtract 5: x = 17.,Algebra 1,Engineering Algebra Foundations,engineers-math-02-linear-equations,Solving Linear Equations,6365,mathematics_for_engineers_croft_davison,"local-pdf: Mathematics for Engineers_Anthony Croft, Robert Davison.pdf; Mathematics for Engineers Chapter 7 Block 1 Solving Linear Equations",Standard,Algebra Readiness,equation_solving,multi_step_planning;inverse_operations,110,Original-equivalent bridge item generated from local textbook coverage signals. No full textbook exercise text is reproduced.
eng_math_linear_017,Solve 4(x + 2) + 5 = 85.,18,multiple_choice,A:80|B:20|C:-18|D:23|E:18,4,alg_linear_equations;prealg_simplification,multi_step_equation_solving;distribution_structure,nested_inverse_operations;linear_equation_structure,inverse_operation_order_error;parentheses_error,Subtract 5: 4(x + 2) = 80. Divide by 4: x + 2 = 20. Subtract 2: x = 18.,Algebra 1,Engineering Algebra Foundations,engineers-math-02-linear-equations,Solving Linear Equations,6366,mathematics_for_engineers_croft_davison,"local-pdf: Mathematics for Engineers_Anthony Croft, Robert Davison.pdf; Mathematics for Engineers Chapter 7 Block 1 Solving Linear Equations",Standard,Algebra Readiness,equation_solving,multi_step_planning;inverse_operations,110,Original-equivalent bridge item generated from local textbook coverage signals. No full textbook exercise text is reproduced.
eng_math_linear_018,Solve 5(x + 3) + 6 = 116.,19,multiple_choice,A:22|B:-19|C:24|D:19|E:110,4,alg_linear_equations;prealg_simplification,multi_step_equation_solving;distribution_structure,nested_inverse_operations;linear_equation_structure,inverse_operation_order_error;parentheses_error,Subtract 6: 5(x + 3) = 110. Divide by 5: x + 3 = 22. Subtract 3: x = 19.,Algebra 1,Engineering Algebra Foundations,engineers-math-02-linear-equations,Solving Linear Equations,6367,mathematics_for_engineers_croft_davison,"local-pdf: Mathematics for Engineers_Anthony Croft, Robert Davison.pdf; Mathematics for Engineers Chapter 7 Block 1 Solving Linear Equations",Standard,Algebra Readiness,equation_solving,multi_step_planning;inverse_operations,110,Original-equivalent bridge item generated from local textbook coverage signals. No full textbook exercise text is reproduced.
eng_math_linear_019,Solve 6(x + 4) + 1 = 145.,20,multiple_choice,A:-20|B:25|C:20|D:144|E:24,4,alg_linear_equations;prealg_simplification,multi_step_equation_solving;distribution_structure,nested_inverse_operations;linear_equation_structure,inverse_operation_order_error;parentheses_error,Subtract 1: 6(x + 4) = 144. Divide by 6: x + 4 = 24. Subtract 4: x = 20.,Algebra 1,Engineering Algebra Foundations,engineers-math-02-linear-equations,Solving Linear Equations,6368,mathematics_for_engineers_croft_davison,"local-pdf: Mathematics for Engineers_Anthony Croft, Robert Davison.pdf; Mathematics for Engineers Chapter 7 Block 1 Solving Linear Equations",Standard,Algebra Readiness,equation_solving,multi_step_planning;inverse_operations,110,Original-equivalent bridge item generated from local textbook coverage signals. No full textbook exercise text is reproduced.
eng_math_linear_020,Solve 7(x + 5) + 2 = 184.,21,multiple_choice,A:26|B:21|C:182|D:26|E:-21,4,alg_linear_equations;prealg_simplification,multi_step_equation_solving;distribution_structure,nested_inverse_operations;linear_equation_structure,inverse_operation_order_error;parentheses_error,Subtract 2: 7(x + 5) = 182. Divide by 7: x + 5 = 26. Subtract 5: x = 21.,Algebra 1,Engineering Algebra Foundations,engineers-math-02-linear-equations,Solving Linear Equations,6369,mathematics_for_engineers_croft_davison,"local-pdf: Mathematics for Engineers_Anthony Croft, Robert Davison.pdf; Mathematics for Engineers Chapter 7 Block 1 Solving Linear Equations",Standard,Algebra Readiness,equation_solving,multi_step_planning;inverse_operations,110,Original-equivalent bridge item generated from local textbook coverage signals. No full textbook exercise text is reproduced.
eng_math_quad_001,Solve x^2 - 3x + 2 = 0 by factorising.,"1,2",multiple_choice,"A:1,2|B:-1,-2|C:3,2|D:1,-2|E:2",4,alg_quadratics;alg_factoring,quadratic_factorization;zero_product_property,factor_pair_reasoning;root_finding,sign_error;factor_pair_error,"The expression factors as (x - 1)(x - 2) = 0, so x = 1 or x = 2.",Algebra 1,Engineering Algebra Foundations,engineers-math-03-quadratic-equations,Solving Quadratic Equations,6480,mathematics_for_engineers_croft_davison,"local-pdf: Mathematics for Engineers_Anthony Croft, Robert Davison.pdf; Mathematics for Engineers Chapter 7 Block 2 Solving Quadratic Equations",Honors,Algebra Readiness,quadratic_solving,factor_structure;operation_selection,110,Original-equivalent bridge item generated from local textbook coverage signals. No full textbook exercise text is reproduced.
eng_math_quad_002,Solve x^2 - 6x + 8 = 0 by factorising.,"2,4",multiple_choice,"A:-2,-4|B:6,8|C:2,-4|D:8|E:2,4",4,alg_quadratics;alg_factoring,quadratic_factorization;zero_product_property,factor_pair_reasoning;root_finding,sign_error;factor_pair_error,"The expression factors as (x - 2)(x - 4) = 0, so x = 2 or x = 4.",Algebra 1,Engineering Algebra Foundations,engineers-math-03-quadratic-equations,Solving Quadratic Equations,6481,mathematics_for_engineers_croft_davison,"local-pdf: Mathematics for Engineers_Anthony Croft, Robert Davison.pdf; Mathematics for Engineers Chapter 7 Block 2 Solving Quadratic Equations",Honors,Algebra Readiness,quadratic_solving,factor_structure;operation_selection,110,Original-equivalent bridge item generated from local textbook coverage signals. No full textbook exercise text is reproduced.
eng_math_quad_003,Solve x^2 - 9x + 18 = 0 by factorising.,"3,6",multiple_choice,"A:9,18|B:3,-6|C:18|D:3,6|E:-3,-6",4,alg_quadratics;alg_factoring,quadratic_factorization;zero_product_property,factor_pair_reasoning;root_finding,sign_error;factor_pair_error,"The expression factors as (x - 3)(x - 6) = 0, so x = 3 or x = 6.",Algebra 1,Engineering Algebra Foundations,engineers-math-03-quadratic-equations,Solving Quadratic Equations,6482,mathematics_for_engineers_croft_davison,"local-pdf: Mathematics for Engineers_Anthony Croft, Robert Davison.pdf; Mathematics for Engineers Chapter 7 Block 2 Solving Quadratic Equations",Honors,Algebra Readiness,quadratic_solving,factor_structure;operation_selection,110,Original-equivalent bridge item generated from local textbook coverage signals. No full textbook exercise text is reproduced.
eng_math_quad_004,Solve x^2 - 12x + 32 = 0 by factorising.,"4,8",multiple_choice,"A:4,-8|B:32|C:4,8|D:-4,-8|E:12,32",4,alg_quadratics;alg_factoring,quadratic_factorization;zero_product_property,factor_pair_reasoning;root_finding,sign_error;factor_pair_error,"The expression factors as (x - 4)(x - 8) = 0, so x = 4 or x = 8.",Algebra 1,Engineering Algebra Foundations,engineers-math-03-quadratic-equations,Solving Quadratic Equations,6483,mathematics_for_engineers_croft_davison,"local-pdf: Mathematics for Engineers_Anthony Croft, Robert Davison.pdf; Mathematics for Engineers Chapter 7 Block 2 Solving Quadratic Equations",Honors,Algebra Readiness,quadratic_solving,factor_structure;operation_selection,110,Original-equivalent bridge item generated from local textbook coverage signals. No full textbook exercise text is reproduced.
eng_math_quad_005,Solve x^2 - 15x + 50 = 0 by factorising.,"5,10",multiple_choice,"A:50|B:5,10|C:-5,-10|D:15,50|E:5,-10",4,alg_quadratics;alg_factoring,quadratic_factorization;zero_product_property,factor_pair_reasoning;root_finding,sign_error;factor_pair_error,"The expression factors as (x - 5)(x - 10) = 0, so x = 5 or x = 10.",Algebra 1,Engineering Algebra Foundations,engineers-math-03-quadratic-equations,Solving Quadratic Equations,6484,mathematics_for_engineers_croft_davison,"local-pdf: Mathematics for Engineers_Anthony Croft, Robert Davison.pdf; Mathematics for Engineers Chapter 7 Block 2 Solving Quadratic Equations",Honors,Algebra Readiness,quadratic_solving,factor_structure;operation_selection,110,Original-equivalent bridge item generated from local textbook coverage signals. No full textbook exercise text is reproduced.
eng_math_quad_006,Solve x^2 - 3x + 2 = 0 by factorising.,"1,2",multiple_choice,"A:1,2|B:-1,-2|C:3,2|D:1,-2|E:2",4,alg_quadratics;alg_factoring,quadratic_factorization;zero_product_property,factor_pair_reasoning;root_finding,sign_error;factor_pair_error,"The expression factors as (x - 1)(x - 2) = 0, so x = 1 or x = 2.",Algebra 1,Engineering Algebra Foundations,engineers-math-03-quadratic-equations,Solving Quadratic Equations,6485,mathematics_for_engineers_croft_davison,"local-pdf: Mathematics for Engineers_Anthony Croft, Robert Davison.pdf; Mathematics for Engineers Chapter 7 Block 2 Solving Quadratic Equations",Honors,Algebra Readiness,quadratic_solving,factor_structure;operation_selection,110,Original-equivalent bridge item generated from local textbook coverage signals. No full textbook exercise text is reproduced.
eng_math_quad_007,Solve x^2 - 6x + 8 = 0 by factorising.,"2,4",multiple_choice,"A:-2,-4|B:6,8|C:2,-4|D:8|E:2,4",4,alg_quadratics;alg_factoring,quadratic_factorization;zero_product_property,factor_pair_reasoning;root_finding,sign_error;factor_pair_error,"The expression factors as (x - 2)(x - 4) = 0, so x = 2 or x = 4.",Algebra 1,Engineering Algebra Foundations,engineers-math-03-quadratic-equations,Solving Quadratic Equations,6486,mathematics_for_engineers_croft_davison,"local-pdf: Mathematics for Engineers_Anthony Croft, Robert Davison.pdf; Mathematics for Engineers Chapter 7 Block 2 Solving Quadratic Equations",Honors,Algebra Readiness,quadratic_solving,factor_structure;operation_selection,110,Original-equivalent bridge item generated from local textbook coverage signals. No full textbook exercise text is reproduced.
eng_math_quad_008,Solve x^2 - 9x + 18 = 0 by factorising.,"3,6",multiple_choice,"A:9,18|B:3,-6|C:18|D:3,6|E:-3,-6",4,alg_quadratics;alg_factoring,quadratic_factorization;zero_product_property,factor_pair_reasoning;root_finding,sign_error;factor_pair_error,"The expression factors as (x - 3)(x - 6) = 0, so x = 3 or x = 6.",Algebra 1,Engineering Algebra Foundations,engineers-math-03-quadratic-equations,Solving Quadratic Equations,6487,mathematics_for_engineers_croft_davison,"local-pdf: Mathematics for Engineers_Anthony Croft, Robert Davison.pdf; Mathematics for Engineers Chapter 7 Block 2 Solving Quadratic Equations",Honors,Algebra Readiness,quadratic_solving,factor_structure;operation_selection,110,Original-equivalent bridge item generated from local textbook coverage signals. No full textbook exercise text is reproduced.
eng_math_quad_009,Solve x^2 - 12x + 32 = 0 by factorising.,"4,8",multiple_choice,"A:4,-8|B:32|C:4,8|D:-4,-8|E:12,32",4,alg_quadratics;alg_factoring,quadratic_factorization;zero_product_property,factor_pair_reasoning;root_finding,sign_error;factor_pair_error,"The expression factors as (x - 4)(x - 8) = 0, so x = 4 or x = 8.",Algebra 1,Engineering Algebra Foundations,engineers-math-03-quadratic-equations,Solving Quadratic Equations,6488,mathematics_for_engineers_croft_davison,"local-pdf: Mathematics for Engineers_Anthony Croft, Robert Davison.pdf; Mathematics for Engineers Chapter 7 Block 2 Solving Quadratic Equations",Honors,Algebra Readiness,quadratic_solving,factor_structure;operation_selection,110,Original-equivalent bridge item generated from local textbook coverage signals. No full textbook exercise text is reproduced.
eng_math_quad_010,Solve x^2 - 15x + 50 = 0 by factorising.,"5,10",multiple_choice,"A:50|B:5,10|C:-5,-10|D:15,50|E:5,-10",4,alg_quadratics;alg_factoring,quadratic_factorization;zero_product_property,factor_pair_reasoning;root_finding,sign_error;factor_pair_error,"The expression factors as (x - 5)(x - 10) = 0, so x = 5 or x = 10.",Algebra 1,Engineering Algebra Foundations,engineers-math-03-quadratic-equations,Solving Quadratic Equations,6489,mathematics_for_engineers_croft_davison,"local-pdf: Mathematics for Engineers_Anthony Croft, Robert Davison.pdf; Mathematics for Engineers Chapter 7 Block 2 Solving Quadratic Equations",Honors,Algebra Readiness,quadratic_solving,factor_structure;operation_selection,110,Original-equivalent bridge item generated from local textbook coverage signals. No full textbook exercise text is reproduced.
eng_math_quad_011,Solve x^2 - 3x + 2 = 0 by factorising.,"1,2",multiple_choice,"A:1,2|B:-1,-2|C:3,2|D:1,-2|E:2",4,alg_quadratics;alg_factoring,quadratic_factorization;zero_product_property,factor_pair_reasoning;root_finding,sign_error;factor_pair_error,"The expression factors as (x - 1)(x - 2) = 0, so x = 1 or x = 2.",Algebra 1,Engineering Algebra Foundations,engineers-math-03-quadratic-equations,Solving Quadratic Equations,6490,mathematics_for_engineers_croft_davison,"local-pdf: Mathematics for Engineers_Anthony Croft, Robert Davison.pdf; Mathematics for Engineers Chapter 7 Block 2 Solving Quadratic Equations",Honors,Algebra Readiness,quadratic_solving,factor_structure;operation_selection,110,Original-equivalent bridge item generated from local textbook coverage signals. No full textbook exercise text is reproduced.
eng_math_quad_012,Solve x^2 - 6x + 8 = 0 by factorising.,"2,4",multiple_choice,"A:-2,-4|B:6,8|C:2,-4|D:8|E:2,4",4,alg_quadratics;alg_factoring,quadratic_factorization;zero_product_property,factor_pair_reasoning;root_finding,sign_error;factor_pair_error,"The expression factors as (x - 2)(x - 4) = 0, so x = 2 or x = 4.",Algebra 1,Engineering Algebra Foundations,engineers-math-03-quadratic-equations,Solving Quadratic Equations,6491,mathematics_for_engineers_croft_davison,"local-pdf: Mathematics for Engineers_Anthony Croft, Robert Davison.pdf; Mathematics for Engineers Chapter 7 Block 2 Solving Quadratic Equations",Honors,Algebra Readiness,quadratic_solving,factor_structure;operation_selection,110,Original-equivalent bridge item generated from local textbook coverage signals. No full textbook exercise text is reproduced.
eng_math_quad_013,Solve x^2 - 9x + 18 = 0 by factorising.,"3,6",multiple_choice,"A:9,18|B:3,-6|C:18|D:3,6|E:-3,-6",4,alg_quadratics;alg_factoring,quadratic_factorization;zero_product_property,factor_pair_reasoning;root_finding,sign_error;factor_pair_error,"The expression factors as (x - 3)(x - 6) = 0, so x = 3 or x = 6.",Algebra 1,Engineering Algebra Foundations,engineers-math-03-quadratic-equations,Solving Quadratic Equations,6492,mathematics_for_engineers_croft_davison,"local-pdf: Mathematics for Engineers_Anthony Croft, Robert Davison.pdf; Mathematics for Engineers Chapter 7 Block 2 Solving Quadratic Equations",Honors,Algebra Readiness,quadratic_solving,factor_structure;operation_selection,110,Original-equivalent bridge item generated from local textbook coverage signals. No full textbook exercise text is reproduced.
eng_math_quad_014,Solve x^2 - 12x + 32 = 0 by factorising.,"4,8",multiple_choice,"A:4,-8|B:32|C:4,8|D:-4,-8|E:12,32",4,alg_quadratics;alg_factoring,quadratic_factorization;zero_product_property,factor_pair_reasoning;root_finding,sign_error;factor_pair_error,"The expression factors as (x - 4)(x - 8) = 0, so x = 4 or x = 8.",Algebra 1,Engineering Algebra Foundations,engineers-math-03-quadratic-equations,Solving Quadratic Equations,6493,mathematics_for_engineers_croft_davison,"local-pdf: Mathematics for Engineers_Anthony Croft, Robert Davison.pdf; Mathematics for Engineers Chapter 7 Block 2 Solving Quadratic Equations",Honors,Algebra Readiness,quadratic_solving,factor_structure;operation_selection,110,Original-equivalent bridge item generated from local textbook coverage signals. No full textbook exercise text is reproduced.
eng_math_quad_015,Solve x^2 - 15x + 50 = 0 by factorising.,"5,10",multiple_choice,"A:50|B:5,10|C:-5,-10|D:15,50|E:5,-10",4,alg_quadratics;alg_factoring,quadratic_factorization;zero_product_property,factor_pair_reasoning;root_finding,sign_error;factor_pair_error,"The expression factors as (x - 5)(x - 10) = 0, so x = 5 or x = 10.",Algebra 1,Engineering Algebra Foundations,engineers-math-03-quadratic-equations,Solving Quadratic Equations,6494,mathematics_for_engineers_croft_davison,"local-pdf: Mathematics for Engineers_Anthony Croft, Robert Davison.pdf; Mathematics for Engineers Chapter 7 Block 2 Solving Quadratic Equations",Honors,Algebra Readiness,quadratic_solving,factor_structure;operation_selection,110,Original-equivalent bridge item generated from local textbook coverage signals. No full textbook exercise text is reproduced.
eng_math_quad_016,Solve x^2 - 3x + 2 = 0 by factorising.,"1,2",multiple_choice,"A:1,2|B:-1,-2|C:3,2|D:1,-2|E:2",4,alg_quadratics;alg_factoring,quadratic_factorization;zero_product_property,factor_pair_reasoning;root_finding,sign_error;factor_pair_error,"The expression factors as (x - 1)(x - 2) = 0, so x = 1 or x = 2.",Algebra 1,Engineering Algebra Foundations,engineers-math-03-quadratic-equations,Solving Quadratic Equations,6495,mathematics_for_engineers_croft_davison,"local-pdf: Mathematics for Engineers_Anthony Croft, Robert Davison.pdf; Mathematics for Engineers Chapter 7 Block 2 Solving Quadratic Equations",Honors,Algebra Readiness,quadratic_solving,factor_structure;operation_selection,110,Original-equivalent bridge item generated from local textbook coverage signals. No full textbook exercise text is reproduced.
eng_math_quad_017,Solve x^2 - 6x + 8 = 0 by factorising.,"2,4",multiple_choice,"A:-2,-4|B:6,8|C:2,-4|D:8|E:2,4",4,alg_quadratics;alg_factoring,quadratic_factorization;zero_product_property,factor_pair_reasoning;root_finding,sign_error;factor_pair_error,"The expression factors as (x - 2)(x - 4) = 0, so x = 2 or x = 4.",Algebra 1,Engineering Algebra Foundations,engineers-math-03-quadratic-equations,Solving Quadratic Equations,6496,mathematics_for_engineers_croft_davison,"local-pdf: Mathematics for Engineers_Anthony Croft, Robert Davison.pdf; Mathematics for Engineers Chapter 7 Block 2 Solving Quadratic Equations",Honors,Algebra Readiness,quadratic_solving,factor_structure;operation_selection,110,Original-equivalent bridge item generated from local textbook coverage signals. No full textbook exercise text is reproduced.
eng_math_quad_018,Solve x^2 - 9x + 18 = 0 by factorising.,"3,6",multiple_choice,"A:9,18|B:3,-6|C:18|D:3,6|E:-3,-6",4,alg_quadratics;alg_factoring,quadratic_factorization;zero_product_property,factor_pair_reasoning;root_finding,sign_error;factor_pair_error,"The expression factors as (x - 3)(x - 6) = 0, so x = 3 or x = 6.",Algebra 1,Engineering Algebra Foundations,engineers-math-03-quadratic-equations,Solving Quadratic Equations,6497,mathematics_for_engineers_croft_davison,"local-pdf: Mathematics for Engineers_Anthony Croft, Robert Davison.pdf; Mathematics for Engineers Chapter 7 Block 2 Solving Quadratic Equations",Honors,Algebra Readiness,quadratic_solving,factor_structure;operation_selection,110,Original-equivalent bridge item generated from local textbook coverage signals. No full textbook exercise text is reproduced.
eng_math_quad_019,Solve x^2 - 12x + 32 = 0 by factorising.,"4,8",multiple_choice,"A:4,-8|B:32|C:4,8|D:-4,-8|E:12,32",4,alg_quadratics;alg_factoring,quadratic_factorization;zero_product_property,factor_pair_reasoning;root_finding,sign_error;factor_pair_error,"The expression factors as (x - 4)(x - 8) = 0, so x = 4 or x = 8.",Algebra 1,Engineering Algebra Foundations,engineers-math-03-quadratic-equations,Solving Quadratic Equations,6498,mathematics_for_engineers_croft_davison,"local-pdf: Mathematics for Engineers_Anthony Croft, Robert Davison.pdf; Mathematics for Engineers Chapter 7 Block 2 Solving Quadratic Equations",Honors,Algebra Readiness,quadratic_solving,factor_structure;operation_selection,110,Original-equivalent bridge item generated from local textbook coverage signals. No full textbook exercise text is reproduced.
eng_math_quad_020,Solve x^2 - 15x + 50 = 0 by factorising.,"5,10",multiple_choice,"A:50|B:5,10|C:-5,-10|D:15,50|E:5,-10",4,alg_quadratics;alg_factoring,quadratic_factorization;zero_product_property,factor_pair_reasoning;root_finding,sign_error;factor_pair_error,"The expression factors as (x - 5)(x - 10) = 0, so x = 5 or x = 10.",Algebra 1,Engineering Algebra Foundations,engineers-math-03-quadratic-equations,Solving Quadratic Equations,6499,mathematics_for_engineers_croft_davison,"local-pdf: Mathematics for Engineers_Anthony Croft, Robert Davison.pdf; Mathematics for Engineers Chapter 7 Block 2 Solving Quadratic Equations",Honors,Algebra Readiness,quadratic_solving,factor_structure;operation_selection,110,Original-equivalent bridge item generated from local textbook coverage signals. No full textbook exercise text is reproduced.
eng_math_prop_001,"A quantity y is directly proportional to x. When x = 4, y = 12. Find y when x = 7.",21,multiple_choice,A:21|B:19|C:15|D:10|E:84,4,arith_proportions;alg_functions,proportional_modeling;unit_rate_modeling,direct_variation;linear_modeling,additive_ratio_error;scale_factor_error,"Direct proportionality means y = kx. Since 12 = k(4), k = 3. When x = 7, y = 3(7) = 21.",Algebra 1,Engineering Algebra Foundations,engineers-math-04-proportionality,Proportionality and Engineering Models,6610,mathematics_for_engineers_croft_davison,"local-pdf: Mathematics for Engineers_Anthony Croft, Robert Davison.pdf; Mathematics for Engineers Chapter 7 Block 7 Proportionality",Standard,Algebra Readiness,proportional_reasoning,multiplicative_reasoning;modeling_transfer,110,Original-equivalent bridge item generated from local textbook coverage signals. No full textbook exercise text is reproduced.
eng_math_prop_002,"A quantity y is directly proportional to x. When x = 5, y = 20. Find y when x = 8.",32,multiple_choice,A:28|B:23|C:12|D:160|E:32,4,arith_proportions;alg_functions,proportional_modeling;unit_rate_modeling,direct_variation;linear_modeling,additive_ratio_error;scale_factor_error,"Direct proportionality means y = kx. Since 20 = k(5), k = 4. When x = 8, y = 4(8) = 32.",Algebra 1,Engineering Algebra Foundations,engineers-math-04-proportionality,Proportionality and Engineering Models,6611,mathematics_for_engineers_croft_davison,"local-pdf: Mathematics for Engineers_Anthony Croft, Robert Davison.pdf; Mathematics for Engineers Chapter 7 Block 7 Proportionality",Standard,Algebra Readiness,proportional_reasoning,multiplicative_reasoning;modeling_transfer,110,Original-equivalent bridge item generated from local textbook coverage signals. No full textbook exercise text is reproduced.
eng_math_prop_003,"A quantity y is directly proportional to x. When x = 6, y = 30. Find y when x = 9.",45,multiple_choice,A:33|B:14|C:270|D:45|E:39,4,arith_proportions;alg_functions,proportional_modeling;unit_rate_modeling,direct_variation;linear_modeling,additive_ratio_error;scale_factor_error,"Direct proportionality means y = kx. Since 30 = k(6), k = 5. When x = 9, y = 5(9) = 45.",Algebra 1,Engineering Algebra Foundations,engineers-math-04-proportionality,Proportionality and Engineering Models,6612,mathematics_for_engineers_croft_davison,"local-pdf: Mathematics for Engineers_Anthony Croft, Robert Davison.pdf; Mathematics for Engineers Chapter 7 Block 7 Proportionality",Standard,Algebra Readiness,proportional_reasoning,multiplicative_reasoning;modeling_transfer,110,Original-equivalent bridge item generated from local textbook coverage signals. No full textbook exercise text is reproduced.
eng_math_prop_004,"A quantity y is directly proportional to x. When x = 7, y = 42. Find y when x = 10.",60,multiple_choice,A:16|B:420|C:60|D:52|E:45,4,arith_proportions;alg_functions,proportional_modeling;unit_rate_modeling,direct_variation;linear_modeling,additive_ratio_error;scale_factor_error,"Direct proportionality means y = kx. Since 42 = k(7), k = 6. When x = 10, y = 6(10) = 60.",Algebra 1,Engineering Algebra Foundations,engineers-math-04-proportionality,Proportionality and Engineering Models,6613,mathematics_for_engineers_croft_davison,"local-pdf: Mathematics for Engineers_Anthony Croft, Robert Davison.pdf; Mathematics for Engineers Chapter 7 Block 7 Proportionality",Standard,Algebra Readiness,proportional_reasoning,multiplicative_reasoning;modeling_transfer,110,Original-equivalent bridge item generated from local textbook coverage signals. No full textbook exercise text is reproduced.
eng_math_prop_005,"A quantity y is directly proportional to x. When x = 8, y = 56. Find y when x = 11.",77,multiple_choice,A:616|B:77|C:67|D:59|E:18,4,arith_proportions;alg_functions,proportional_modeling;unit_rate_modeling,direct_variation;linear_modeling,additive_ratio_error;scale_factor_error,"Direct proportionality means y = kx. Since 56 = k(8), k = 7. When x = 11, y = 7(11) = 77.",Algebra 1,Engineering Algebra Foundations,engineers-math-04-proportionality,Proportionality and Engineering Models,6614,mathematics_for_engineers_croft_davison,"local-pdf: Mathematics for Engineers_Anthony Croft, Robert Davison.pdf; Mathematics for Engineers Chapter 7 Block 7 Proportionality",Standard,Algebra Readiness,proportional_reasoning,multiplicative_reasoning;modeling_transfer,110,Original-equivalent bridge item generated from local textbook coverage signals. No full textbook exercise text is reproduced.
eng_math_prop_006,"A quantity y is directly proportional to x. When x = 9, y = 27. Find y when x = 12.",36,multiple_choice,A:36|B:39|C:30|D:15|E:324,4,arith_proportions;alg_functions,proportional_modeling;unit_rate_modeling,direct_variation;linear_modeling,additive_ratio_error;scale_factor_error,"Direct proportionality means y = kx. Since 27 = k(9), k = 3. When x = 12, y = 3(12) = 36.",Algebra 1,Engineering Algebra Foundations,engineers-math-04-proportionality,Proportionality and Engineering Models,6615,mathematics_for_engineers_croft_davison,"local-pdf: Mathematics for Engineers_Anthony Croft, Robert Davison.pdf; Mathematics for Engineers Chapter 7 Block 7 Proportionality",Standard,Algebra Readiness,proportional_reasoning,multiplicative_reasoning;modeling_transfer,110,Original-equivalent bridge item generated from local textbook coverage signals. No full textbook exercise text is reproduced.
eng_math_prop_007,"A quantity y is directly proportional to x. When x = 10, y = 40. Find y when x = 13.",52,multiple_choice,A:53|B:43|C:17|D:520|E:52,4,arith_proportions;alg_functions,proportional_modeling;unit_rate_modeling,direct_variation;linear_modeling,additive_ratio_error;scale_factor_error,"Direct proportionality means y = kx. Since 40 = k(10), k = 4. When x = 13, y = 4(13) = 52.",Algebra 1,Engineering Algebra Foundations,engineers-math-04-proportionality,Proportionality and Engineering Models,6616,mathematics_for_engineers_croft_davison,"local-pdf: Mathematics for Engineers_Anthony Croft, Robert Davison.pdf; Mathematics for Engineers Chapter 7 Block 7 Proportionality",Standard,Algebra Readiness,proportional_reasoning,multiplicative_reasoning;modeling_transfer,110,Original-equivalent bridge item generated from local textbook coverage signals. No full textbook exercise text is reproduced.
eng_math_prop_008,"A quantity y is directly proportional to x. When x = 11, y = 55. Find y when x = 14.",70,multiple_choice,A:58|B:19|C:770|D:70|E:69,4,arith_proportions;alg_functions,proportional_modeling;unit_rate_modeling,direct_variation;linear_modeling,additive_ratio_error;scale_factor_error,"Direct proportionality means y = kx. Since 55 = k(11), k = 5. When x = 14, y = 5(14) = 70.",Algebra 1,Engineering Algebra Foundations,engineers-math-04-proportionality,Proportionality and Engineering Models,6617,mathematics_for_engineers_croft_davison,"local-pdf: Mathematics for Engineers_Anthony Croft, Robert Davison.pdf; Mathematics for Engineers Chapter 7 Block 7 Proportionality",Standard,Algebra Readiness,proportional_reasoning,multiplicative_reasoning;modeling_transfer,110,Original-equivalent bridge item generated from local textbook coverage signals. No full textbook exercise text is reproduced.
eng_math_prop_009,"A quantity y is directly proportional to x. When x = 12, y = 72. Find y when x = 15.",90,multiple_choice,A:21|B:1080|C:90|D:87|E:75,4,arith_proportions;alg_functions,proportional_modeling;unit_rate_modeling,direct_variation;linear_modeling,additive_ratio_error;scale_factor_error,"Direct proportionality means y = kx. Since 72 = k(12), k = 6. When x = 15, y = 6(15) = 90.",Algebra 1,Engineering Algebra Foundations,engineers-math-04-proportionality,Proportionality and Engineering Models,6618,mathematics_for_engineers_croft_davison,"local-pdf: Mathematics for Engineers_Anthony Croft, Robert Davison.pdf; Mathematics for Engineers Chapter 7 Block 7 Proportionality",Standard,Algebra Readiness,proportional_reasoning,multiplicative_reasoning;modeling_transfer,110,Original-equivalent bridge item generated from local textbook coverage signals. No full textbook exercise text is reproduced.
eng_math_prop_010,"A quantity y is directly proportional to x. When x = 13, y = 91. Find y when x = 16.",112,multiple_choice,A:1456|B:112|C:107|D:94|E:23,4,arith_proportions;alg_functions,proportional_modeling;unit_rate_modeling,direct_variation;linear_modeling,additive_ratio_error;scale_factor_error,"Direct proportionality means y = kx. Since 91 = k(13), k = 7. When x = 16, y = 7(16) = 112.",Algebra 1,Engineering Algebra Foundations,engineers-math-04-proportionality,Proportionality and Engineering Models,6619,mathematics_for_engineers_croft_davison,"local-pdf: Mathematics for Engineers_Anthony Croft, Robert Davison.pdf; Mathematics for Engineers Chapter 7 Block 7 Proportionality",Standard,Algebra Readiness,proportional_reasoning,multiplicative_reasoning;modeling_transfer,110,Original-equivalent bridge item generated from local textbook coverage signals. No full textbook exercise text is reproduced.
eng_math_prop_011,"A quantity y is directly proportional to x. When x = 14, y = 42. Find y when x = 17.",51,multiple_choice,A:51|B:59|C:45|D:20|E:714,4,arith_proportions;alg_functions,proportional_modeling;unit_rate_modeling,direct_variation;linear_modeling,additive_ratio_error;scale_factor_error,"Direct proportionality means y = kx. Since 42 = k(14), k = 3. When x = 17, y = 3(17) = 51.",Algebra 1,Engineering Algebra Foundations,engineers-math-04-proportionality,Proportionality and Engineering Models,6620,mathematics_for_engineers_croft_davison,"local-pdf: Mathematics for Engineers_Anthony Croft, Robert Davison.pdf; Mathematics for Engineers Chapter 7 Block 7 Proportionality",Standard,Algebra Readiness,proportional_reasoning,multiplicative_reasoning;modeling_transfer,110,Original-equivalent bridge item generated from local textbook coverage signals. No full textbook exercise text is reproduced.
eng_math_prop_012,"A quantity y is directly proportional to x. When x = 15, y = 60. Find y when x = 18.",72,multiple_choice,A:78|B:63|C:22|D:1080|E:72,4,arith_proportions;alg_functions,proportional_modeling;unit_rate_modeling,direct_variation;linear_modeling,additive_ratio_error;scale_factor_error,"Direct proportionality means y = kx. Since 60 = k(15), k = 4. When x = 18, y = 4(18) = 72.",Algebra 1,Engineering Algebra Foundations,engineers-math-04-proportionality,Proportionality and Engineering Models,6621,mathematics_for_engineers_croft_davison,"local-pdf: Mathematics for Engineers_Anthony Croft, Robert Davison.pdf; Mathematics for Engineers Chapter 7 Block 7 Proportionality",Standard,Algebra Readiness,proportional_reasoning,multiplicative_reasoning;modeling_transfer,110,Original-equivalent bridge item generated from local textbook coverage signals. No full textbook exercise text is reproduced.
eng_math_prop_013,"A quantity y is directly proportional to x. When x = 16, y = 80. Find y when x = 19.",95,multiple_choice,A:83|B:24|C:1520|D:95|E:99,4,arith_proportions;alg_functions,proportional_modeling;unit_rate_modeling,direct_variation;linear_modeling,additive_ratio_error;scale_factor_error,"Direct proportionality means y = kx. Since 80 = k(16), k = 5. When x = 19, y = 5(19) = 95.",Algebra 1,Engineering Algebra Foundations,engineers-math-04-proportionality,Proportionality and Engineering Models,6622,mathematics_for_engineers_croft_davison,"local-pdf: Mathematics for Engineers_Anthony Croft, Robert Davison.pdf; Mathematics for Engineers Chapter 7 Block 7 Proportionality",Standard,Algebra Readiness,proportional_reasoning,multiplicative_reasoning;modeling_transfer,110,Original-equivalent bridge item generated from local textbook coverage signals. No full textbook exercise text is reproduced.
eng_math_prop_014,"A quantity y is directly proportional to x. When x = 17, y = 102. Find y when x = 20.",120,multiple_choice,A:26|B:2040|C:120|D:122|E:105,4,arith_proportions;alg_functions,proportional_modeling;unit_rate_modeling,direct_variation;linear_modeling,additive_ratio_error;scale_factor_error,"Direct proportionality means y = kx. Since 102 = k(17), k = 6. When x = 20, y = 6(20) = 120.",Algebra 1,Engineering Algebra Foundations,engineers-math-04-proportionality,Proportionality and Engineering Models,6623,mathematics_for_engineers_croft_davison,"local-pdf: Mathematics for Engineers_Anthony Croft, Robert Davison.pdf; Mathematics for Engineers Chapter 7 Block 7 Proportionality",Standard,Algebra Readiness,proportional_reasoning,multiplicative_reasoning;modeling_transfer,110,Original-equivalent bridge item generated from local textbook coverage signals. No full textbook exercise text is reproduced.
eng_math_prop_015,"A quantity y is directly proportional to x. When x = 18, y = 126. Find y when x = 21.",147,multiple_choice,A:152|B:147|C:129|D:28|E:2646,4,arith_proportions;alg_functions,proportional_modeling;unit_rate_modeling,direct_variation;linear_modeling,additive_ratio_error;scale_factor_error,"Direct proportionality means y = kx. Since 126 = k(18), k = 7. When x = 21, y = 7(21) = 147.",Algebra 1,Engineering Algebra Foundations,engineers-math-04-proportionality,Proportionality and Engineering Models,6624,mathematics_for_engineers_croft_davison,"local-pdf: Mathematics for Engineers_Anthony Croft, Robert Davison.pdf; Mathematics for Engineers Chapter 7 Block 7 Proportionality",Standard,Algebra Readiness,proportional_reasoning,multiplicative_reasoning;modeling_transfer,110,Original-equivalent bridge item generated from local textbook coverage signals. No full textbook exercise text is reproduced.
eng_math_prop_016,"A quantity y is directly proportional to x. When x = 19, y = 57. Find y when x = 22.",66,multiple_choice,A:66|B:79|C:60|D:25|E:1254,4,arith_proportions;alg_functions,proportional_modeling;unit_rate_modeling,direct_variation;linear_modeling,additive_ratio_error;scale_factor_error,"Direct proportionality means y = kx. Since 57 = k(19), k = 3. When x = 22, y = 3(22) = 66.",Algebra 1,Engineering Algebra Foundations,engineers-math-04-proportionality,Proportionality and Engineering Models,6625,mathematics_for_engineers_croft_davison,"local-pdf: Mathematics for Engineers_Anthony Croft, Robert Davison.pdf; Mathematics for Engineers Chapter 7 Block 7 Proportionality",Standard,Algebra Readiness,proportional_reasoning,multiplicative_reasoning;modeling_transfer,110,Original-equivalent bridge item generated from local textbook coverage signals. No full textbook exercise text is reproduced.
eng_math_prop_017,"A quantity y is directly proportional to x. When x = 20, y = 80. Find y when x = 23.",92,multiple_choice,A:103|B:83|C:27|D:1840|E:92,4,arith_proportions;alg_functions,proportional_modeling;unit_rate_modeling,direct_variation;linear_modeling,additive_ratio_error;scale_factor_error,"Direct proportionality means y = kx. Since 80 = k(20), k = 4. When x = 23, y = 4(23) = 92.",Algebra 1,Engineering Algebra Foundations,engineers-math-04-proportionality,Proportionality and Engineering Models,6626,mathematics_for_engineers_croft_davison,"local-pdf: Mathematics for Engineers_Anthony Croft, Robert Davison.pdf; Mathematics for Engineers Chapter 7 Block 7 Proportionality",Standard,Algebra Readiness,proportional_reasoning,multiplicative_reasoning;modeling_transfer,110,Original-equivalent bridge item generated from local textbook coverage signals. No full textbook exercise text is reproduced.
eng_math_prop_018,"A quantity y is directly proportional to x. When x = 21, y = 105. Find y when x = 24.",120,multiple_choice,A:108|B:29|C:2520|D:120|E:129,4,arith_proportions;alg_functions,proportional_modeling;unit_rate_modeling,direct_variation;linear_modeling,additive_ratio_error;scale_factor_error,"Direct proportionality means y = kx. Since 105 = k(21), k = 5. When x = 24, y = 5(24) = 120.",Algebra 1,Engineering Algebra Foundations,engineers-math-04-proportionality,Proportionality and Engineering Models,6627,mathematics_for_engineers_croft_davison,"local-pdf: Mathematics for Engineers_Anthony Croft, Robert Davison.pdf; Mathematics for Engineers Chapter 7 Block 7 Proportionality",Standard,Algebra Readiness,proportional_reasoning,multiplicative_reasoning;modeling_transfer,110,Original-equivalent bridge item generated from local textbook coverage signals. No full textbook exercise text is reproduced.
eng_math_prop_019,"A quantity y is directly proportional to x. When x = 22, y = 132. Find y when x = 25.",150,multiple_choice,A:31|B:3300|C:150|D:157|E:135,4,arith_proportions;alg_functions,proportional_modeling;unit_rate_modeling,direct_variation;linear_modeling,additive_ratio_error;scale_factor_error,"Direct proportionality means y = kx. Since 132 = k(22), k = 6. When x = 25, y = 6(25) = 150.",Algebra 1,Engineering Algebra Foundations,engineers-math-04-proportionality,Proportionality and Engineering Models,6628,mathematics_for_engineers_croft_davison,"local-pdf: Mathematics for Engineers_Anthony Croft, Robert Davison.pdf; Mathematics for Engineers Chapter 7 Block 7 Proportionality",Standard,Algebra Readiness,proportional_reasoning,multiplicative_reasoning;modeling_transfer,110,Original-equivalent bridge item generated from local textbook coverage signals. No full textbook exercise text is reproduced.
eng_math_prop_020,"A quantity y is directly proportional to x. When x = 23, y = 161. Find y when x = 26.",182,multiple_choice,A:4186|B:182|C:187|D:164|E:33,4,arith_proportions;alg_functions,proportional_modeling;unit_rate_modeling,direct_variation;linear_modeling,additive_ratio_error;scale_factor_error,"Direct proportionality means y = kx. Since 161 = k(23), k = 7. When x = 26, y = 7(26) = 182.",Algebra 1,Engineering Algebra Foundations,engineers-math-04-proportionality,Proportionality and Engineering Models,6629,mathematics_for_engineers_croft_davison,"local-pdf: Mathematics for Engineers_Anthony Croft, Robert Davison.pdf; Mathematics for Engineers Chapter 7 Block 7 Proportionality",Standard,Algebra Readiness,proportional_reasoning,multiplicative_reasoning;modeling_transfer,110,Original-equivalent bridge item generated from local textbook coverage signals. No full textbook exercise text is reproduced.
