problem_id,hint_1,hint_2,step_by_step,common_mistake,why_correct,variant_idea
eng_math_formula_001,Undo the addition before undoing the multiplication.,Keep the entire expression y minus the constant in the numerator.,Subtract 3 from both sides to get y - 3 = 2x. Divide by 2: x = (y - 3)/2.,Dividing only the constant by the coefficient.,The correct answer is (y-3)/2 because Subtract 3 from both sides to get y - 3 = 2x. Divide by 2: x = (y - 3)/2.,Use a formula with a denominator and solve for the numerator variable.
eng_math_formula_002,Undo the addition before undoing the multiplication.,Keep the entire expression y minus the constant in the numerator.,Subtract 4 from both sides to get y - 4 = 3x. Divide by 3: x = (y - 4)/3.,Dividing only the constant by the coefficient.,The correct answer is (y-4)/3 because Subtract 4 from both sides to get y - 4 = 3x. Divide by 3: x = (y - 4)/3.,Use a formula with a denominator and solve for the numerator variable.
eng_math_formula_003,Undo the addition before undoing the multiplication.,Keep the entire expression y minus the constant in the numerator.,Subtract 5 from both sides to get y - 5 = 4x. Divide by 4: x = (y - 5)/4.,Dividing only the constant by the coefficient.,The correct answer is (y-5)/4 because Subtract 5 from both sides to get y - 5 = 4x. Divide by 4: x = (y - 5)/4.,Use a formula with a denominator and solve for the numerator variable.
eng_math_formula_004,Undo the addition before undoing the multiplication.,Keep the entire expression y minus the constant in the numerator.,Subtract 6 from both sides to get y - 6 = 5x. Divide by 5: x = (y - 6)/5.,Dividing only the constant by the coefficient.,The correct answer is (y-6)/5 because Subtract 6 from both sides to get y - 6 = 5x. Divide by 5: x = (y - 6)/5.,Use a formula with a denominator and solve for the numerator variable.
eng_math_formula_005,Undo the addition before undoing the multiplication.,Keep the entire expression y minus the constant in the numerator.,Subtract 7 from both sides to get y - 7 = 6x. Divide by 6: x = (y - 7)/6.,Dividing only the constant by the coefficient.,The correct answer is (y-7)/6 because Subtract 7 from both sides to get y - 7 = 6x. Divide by 6: x = (y - 7)/6.,Use a formula with a denominator and solve for the numerator variable.
eng_math_formula_006,Undo the addition before undoing the multiplication.,Keep the entire expression y minus the constant in the numerator.,Subtract 8 from both sides to get y - 8 = 2x. Divide by 2: x = (y - 8)/2.,Dividing only the constant by the coefficient.,The correct answer is (y-8)/2 because Subtract 8 from both sides to get y - 8 = 2x. Divide by 2: x = (y - 8)/2.,Use a formula with a denominator and solve for the numerator variable.
eng_math_formula_007,Undo the addition before undoing the multiplication.,Keep the entire expression y minus the constant in the numerator.,Subtract 3 from both sides to get y - 3 = 3x. Divide by 3: x = (y - 3)/3.,Dividing only the constant by the coefficient.,The correct answer is (y-3)/3 because Subtract 3 from both sides to get y - 3 = 3x. Divide by 3: x = (y - 3)/3.,Use a formula with a denominator and solve for the numerator variable.
eng_math_formula_008,Undo the addition before undoing the multiplication.,Keep the entire expression y minus the constant in the numerator.,Subtract 4 from both sides to get y - 4 = 4x. Divide by 4: x = (y - 4)/4.,Dividing only the constant by the coefficient.,The correct answer is (y-4)/4 because Subtract 4 from both sides to get y - 4 = 4x. Divide by 4: x = (y - 4)/4.,Use a formula with a denominator and solve for the numerator variable.
eng_math_formula_009,Undo the addition before undoing the multiplication.,Keep the entire expression y minus the constant in the numerator.,Subtract 5 from both sides to get y - 5 = 5x. Divide by 5: x = (y - 5)/5.,Dividing only the constant by the coefficient.,The correct answer is (y-5)/5 because Subtract 5 from both sides to get y - 5 = 5x. Divide by 5: x = (y - 5)/5.,Use a formula with a denominator and solve for the numerator variable.
eng_math_formula_010,Undo the addition before undoing the multiplication.,Keep the entire expression y minus the constant in the numerator.,Subtract 6 from both sides to get y - 6 = 6x. Divide by 6: x = (y - 6)/6.,Dividing only the constant by the coefficient.,The correct answer is (y-6)/6 because Subtract 6 from both sides to get y - 6 = 6x. Divide by 6: x = (y - 6)/6.,Use a formula with a denominator and solve for the numerator variable.
eng_math_formula_011,Undo the addition before undoing the multiplication.,Keep the entire expression y minus the constant in the numerator.,Subtract 7 from both sides to get y - 7 = 2x. Divide by 2: x = (y - 7)/2.,Dividing only the constant by the coefficient.,The correct answer is (y-7)/2 because Subtract 7 from both sides to get y - 7 = 2x. Divide by 2: x = (y - 7)/2.,Use a formula with a denominator and solve for the numerator variable.
eng_math_formula_012,Undo the addition before undoing the multiplication.,Keep the entire expression y minus the constant in the numerator.,Subtract 8 from both sides to get y - 8 = 3x. Divide by 3: x = (y - 8)/3.,Dividing only the constant by the coefficient.,The correct answer is (y-8)/3 because Subtract 8 from both sides to get y - 8 = 3x. Divide by 3: x = (y - 8)/3.,Use a formula with a denominator and solve for the numerator variable.
eng_math_formula_013,Undo the addition before undoing the multiplication.,Keep the entire expression y minus the constant in the numerator.,Subtract 3 from both sides to get y - 3 = 4x. Divide by 4: x = (y - 3)/4.,Dividing only the constant by the coefficient.,The correct answer is (y-3)/4 because Subtract 3 from both sides to get y - 3 = 4x. Divide by 4: x = (y - 3)/4.,Use a formula with a denominator and solve for the numerator variable.
eng_math_formula_014,Undo the addition before undoing the multiplication.,Keep the entire expression y minus the constant in the numerator.,Subtract 4 from both sides to get y - 4 = 5x. Divide by 5: x = (y - 4)/5.,Dividing only the constant by the coefficient.,The correct answer is (y-4)/5 because Subtract 4 from both sides to get y - 4 = 5x. Divide by 5: x = (y - 4)/5.,Use a formula with a denominator and solve for the numerator variable.
eng_math_formula_015,Undo the addition before undoing the multiplication.,Keep the entire expression y minus the constant in the numerator.,Subtract 5 from both sides to get y - 5 = 6x. Divide by 6: x = (y - 5)/6.,Dividing only the constant by the coefficient.,The correct answer is (y-5)/6 because Subtract 5 from both sides to get y - 5 = 6x. Divide by 6: x = (y - 5)/6.,Use a formula with a denominator and solve for the numerator variable.
eng_math_formula_016,Undo the addition before undoing the multiplication.,Keep the entire expression y minus the constant in the numerator.,Subtract 6 from both sides to get y - 6 = 2x. Divide by 2: x = (y - 6)/2.,Dividing only the constant by the coefficient.,The correct answer is (y-6)/2 because Subtract 6 from both sides to get y - 6 = 2x. Divide by 2: x = (y - 6)/2.,Use a formula with a denominator and solve for the numerator variable.
eng_math_formula_017,Undo the addition before undoing the multiplication.,Keep the entire expression y minus the constant in the numerator.,Subtract 7 from both sides to get y - 7 = 3x. Divide by 3: x = (y - 7)/3.,Dividing only the constant by the coefficient.,The correct answer is (y-7)/3 because Subtract 7 from both sides to get y - 7 = 3x. Divide by 3: x = (y - 7)/3.,Use a formula with a denominator and solve for the numerator variable.
eng_math_formula_018,Undo the addition before undoing the multiplication.,Keep the entire expression y minus the constant in the numerator.,Subtract 8 from both sides to get y - 8 = 4x. Divide by 4: x = (y - 8)/4.,Dividing only the constant by the coefficient.,The correct answer is (y-8)/4 because Subtract 8 from both sides to get y - 8 = 4x. Divide by 4: x = (y - 8)/4.,Use a formula with a denominator and solve for the numerator variable.
eng_math_formula_019,Undo the addition before undoing the multiplication.,Keep the entire expression y minus the constant in the numerator.,Subtract 3 from both sides to get y - 3 = 5x. Divide by 5: x = (y - 3)/5.,Dividing only the constant by the coefficient.,The correct answer is (y-3)/5 because Subtract 3 from both sides to get y - 3 = 5x. Divide by 5: x = (y - 3)/5.,Use a formula with a denominator and solve for the numerator variable.
eng_math_formula_020,Undo the addition before undoing the multiplication.,Keep the entire expression y minus the constant in the numerator.,Subtract 4 from both sides to get y - 4 = 6x. Divide by 6: x = (y - 4)/6.,Dividing only the constant by the coefficient.,The correct answer is (y-4)/6 because Subtract 4 from both sides to get y - 4 = 6x. Divide by 6: x = (y - 4)/6.,Use a formula with a denominator and solve for the numerator variable.
eng_math_units_001,Decide whether centimetres are smaller or larger than metres.,Divide by 100 to convert centimetres to metres.,"There are 100 cm in 1 metre, so 120 cm = 120/100 = 1.2 m.",Multiplying by 100 instead of dividing by 100.,"The correct answer is 1.2 because There are 100 cm in 1 metre, so 120 cm = 120/100 = 1.2 m.",Convert millimetres to metres before substituting into a formula.
eng_math_units_002,Decide whether centimetres are smaller or larger than metres.,Divide by 100 to convert centimetres to metres.,"There are 100 cm in 1 metre, so 135 cm = 135/100 = 1.35 m.",Multiplying by 100 instead of dividing by 100.,"The correct answer is 1.35 because There are 100 cm in 1 metre, so 135 cm = 135/100 = 1.35 m.",Convert millimetres to metres before substituting into a formula.
eng_math_units_003,Decide whether centimetres are smaller or larger than metres.,Divide by 100 to convert centimetres to metres.,"There are 100 cm in 1 metre, so 150 cm = 150/100 = 1.5 m.",Multiplying by 100 instead of dividing by 100.,"The correct answer is 1.5 because There are 100 cm in 1 metre, so 150 cm = 150/100 = 1.5 m.",Convert millimetres to metres before substituting into a formula.
eng_math_units_004,Decide whether centimetres are smaller or larger than metres.,Divide by 100 to convert centimetres to metres.,"There are 100 cm in 1 metre, so 165 cm = 165/100 = 1.65 m.",Multiplying by 100 instead of dividing by 100.,"The correct answer is 1.65 because There are 100 cm in 1 metre, so 165 cm = 165/100 = 1.65 m.",Convert millimetres to metres before substituting into a formula.
eng_math_units_005,Decide whether centimetres are smaller or larger than metres.,Divide by 100 to convert centimetres to metres.,"There are 100 cm in 1 metre, so 180 cm = 180/100 = 1.8 m.",Multiplying by 100 instead of dividing by 100.,"The correct answer is 1.8 because There are 100 cm in 1 metre, so 180 cm = 180/100 = 1.8 m.",Convert millimetres to metres before substituting into a formula.
eng_math_units_006,Decide whether centimetres are smaller or larger than metres.,Divide by 100 to convert centimetres to metres.,"There are 100 cm in 1 metre, so 195 cm = 195/100 = 1.95 m.",Multiplying by 100 instead of dividing by 100.,"The correct answer is 1.95 because There are 100 cm in 1 metre, so 195 cm = 195/100 = 1.95 m.",Convert millimetres to metres before substituting into a formula.
eng_math_units_007,Decide whether centimetres are smaller or larger than metres.,Divide by 100 to convert centimetres to metres.,"There are 100 cm in 1 metre, so 210 cm = 210/100 = 2.1 m.",Multiplying by 100 instead of dividing by 100.,"The correct answer is 2.1 because There are 100 cm in 1 metre, so 210 cm = 210/100 = 2.1 m.",Convert millimetres to metres before substituting into a formula.
eng_math_units_008,Decide whether centimetres are smaller or larger than metres.,Divide by 100 to convert centimetres to metres.,"There are 100 cm in 1 metre, so 225 cm = 225/100 = 2.25 m.",Multiplying by 100 instead of dividing by 100.,"The correct answer is 2.25 because There are 100 cm in 1 metre, so 225 cm = 225/100 = 2.25 m.",Convert millimetres to metres before substituting into a formula.
eng_math_units_009,Decide whether centimetres are smaller or larger than metres.,Divide by 100 to convert centimetres to metres.,"There are 100 cm in 1 metre, so 240 cm = 240/100 = 2.4 m.",Multiplying by 100 instead of dividing by 100.,"The correct answer is 2.4 because There are 100 cm in 1 metre, so 240 cm = 240/100 = 2.4 m.",Convert millimetres to metres before substituting into a formula.
eng_math_units_010,Decide whether centimetres are smaller or larger than metres.,Divide by 100 to convert centimetres to metres.,"There are 100 cm in 1 metre, so 255 cm = 255/100 = 2.55 m.",Multiplying by 100 instead of dividing by 100.,"The correct answer is 2.55 because There are 100 cm in 1 metre, so 255 cm = 255/100 = 2.55 m.",Convert millimetres to metres before substituting into a formula.
eng_math_units_011,Decide whether centimetres are smaller or larger than metres.,Divide by 100 to convert centimetres to metres.,"There are 100 cm in 1 metre, so 270 cm = 270/100 = 2.7 m.",Multiplying by 100 instead of dividing by 100.,"The correct answer is 2.7 because There are 100 cm in 1 metre, so 270 cm = 270/100 = 2.7 m.",Convert millimetres to metres before substituting into a formula.
eng_math_units_012,Decide whether centimetres are smaller or larger than metres.,Divide by 100 to convert centimetres to metres.,"There are 100 cm in 1 metre, so 285 cm = 285/100 = 2.85 m.",Multiplying by 100 instead of dividing by 100.,"The correct answer is 2.85 because There are 100 cm in 1 metre, so 285 cm = 285/100 = 2.85 m.",Convert millimetres to metres before substituting into a formula.
eng_math_units_013,Decide whether centimetres are smaller or larger than metres.,Divide by 100 to convert centimetres to metres.,"There are 100 cm in 1 metre, so 300 cm = 300/100 = 3 m.",Multiplying by 100 instead of dividing by 100.,"The correct answer is 3 because There are 100 cm in 1 metre, so 300 cm = 300/100 = 3 m.",Convert millimetres to metres before substituting into a formula.
eng_math_units_014,Decide whether centimetres are smaller or larger than metres.,Divide by 100 to convert centimetres to metres.,"There are 100 cm in 1 metre, so 315 cm = 315/100 = 3.15 m.",Multiplying by 100 instead of dividing by 100.,"The correct answer is 3.15 because There are 100 cm in 1 metre, so 315 cm = 315/100 = 3.15 m.",Convert millimetres to metres before substituting into a formula.
eng_math_units_015,Decide whether centimetres are smaller or larger than metres.,Divide by 100 to convert centimetres to metres.,"There are 100 cm in 1 metre, so 330 cm = 330/100 = 3.3 m.",Multiplying by 100 instead of dividing by 100.,"The correct answer is 3.3 because There are 100 cm in 1 metre, so 330 cm = 330/100 = 3.3 m.",Convert millimetres to metres before substituting into a formula.
eng_math_units_016,Decide whether centimetres are smaller or larger than metres.,Divide by 100 to convert centimetres to metres.,"There are 100 cm in 1 metre, so 345 cm = 345/100 = 3.45 m.",Multiplying by 100 instead of dividing by 100.,"The correct answer is 3.45 because There are 100 cm in 1 metre, so 345 cm = 345/100 = 3.45 m.",Convert millimetres to metres before substituting into a formula.
eng_math_units_017,Decide whether centimetres are smaller or larger than metres.,Divide by 100 to convert centimetres to metres.,"There are 100 cm in 1 metre, so 360 cm = 360/100 = 3.6 m.",Multiplying by 100 instead of dividing by 100.,"The correct answer is 3.6 because There are 100 cm in 1 metre, so 360 cm = 360/100 = 3.6 m.",Convert millimetres to metres before substituting into a formula.
eng_math_units_018,Decide whether centimetres are smaller or larger than metres.,Divide by 100 to convert centimetres to metres.,"There are 100 cm in 1 metre, so 375 cm = 375/100 = 3.75 m.",Multiplying by 100 instead of dividing by 100.,"The correct answer is 3.75 because There are 100 cm in 1 metre, so 375 cm = 375/100 = 3.75 m.",Convert millimetres to metres before substituting into a formula.
eng_math_units_019,Decide whether centimetres are smaller or larger than metres.,Divide by 100 to convert centimetres to metres.,"There are 100 cm in 1 metre, so 390 cm = 390/100 = 3.9 m.",Multiplying by 100 instead of dividing by 100.,"The correct answer is 3.9 because There are 100 cm in 1 metre, so 390 cm = 390/100 = 3.9 m.",Convert millimetres to metres before substituting into a formula.
eng_math_units_020,Decide whether centimetres are smaller or larger than metres.,Divide by 100 to convert centimetres to metres.,"There are 100 cm in 1 metre, so 405 cm = 405/100 = 4.05 m.",Multiplying by 100 instead of dividing by 100.,"The correct answer is 4.05 because There are 100 cm in 1 metre, so 405 cm = 405/100 = 4.05 m.",Convert millimetres to metres before substituting into a formula.
eng_math_prefix_001,Identify the multiplier for kilo.,Multiply the kOhm value by 1000.,The prefix kilo means 1000. Therefore 2 kOhm = 2 x 1000 = 2000 ohms.,Treating kilo as 100 or 10 instead of 1000.,The correct answer is 2000 because The prefix kilo means 1000. Therefore 2 kOhm = 2 x 1000 = 2000 ohms.,Use milli or micro and ask for the base unit.
eng_math_prefix_002,Identify the multiplier for kilo.,Multiply the kOhm value by 1000.,The prefix kilo means 1000. Therefore 3.5 kOhm = 3.5 x 1000 = 3500 ohms.,Treating kilo as 100 or 10 instead of 1000.,The correct answer is 3500 because The prefix kilo means 1000. Therefore 3.5 kOhm = 3.5 x 1000 = 3500 ohms.,Use milli or micro and ask for the base unit.
eng_math_prefix_003,Identify the multiplier for kilo.,Multiply the kOhm value by 1000.,The prefix kilo means 1000. Therefore 4 kOhm = 4 x 1000 = 4000 ohms.,Treating kilo as 100 or 10 instead of 1000.,The correct answer is 4000 because The prefix kilo means 1000. Therefore 4 kOhm = 4 x 1000 = 4000 ohms.,Use milli or micro and ask for the base unit.
eng_math_prefix_004,Identify the multiplier for kilo.,Multiply the kOhm value by 1000.,The prefix kilo means 1000. Therefore 5.5 kOhm = 5.5 x 1000 = 5500 ohms.,Treating kilo as 100 or 10 instead of 1000.,The correct answer is 5500 because The prefix kilo means 1000. Therefore 5.5 kOhm = 5.5 x 1000 = 5500 ohms.,Use milli or micro and ask for the base unit.
eng_math_prefix_005,Identify the multiplier for kilo.,Multiply the kOhm value by 1000.,The prefix kilo means 1000. Therefore 6 kOhm = 6 x 1000 = 6000 ohms.,Treating kilo as 100 or 10 instead of 1000.,The correct answer is 6000 because The prefix kilo means 1000. Therefore 6 kOhm = 6 x 1000 = 6000 ohms.,Use milli or micro and ask for the base unit.
eng_math_prefix_006,Identify the multiplier for kilo.,Multiply the kOhm value by 1000.,The prefix kilo means 1000. Therefore 7.5 kOhm = 7.5 x 1000 = 7500 ohms.,Treating kilo as 100 or 10 instead of 1000.,The correct answer is 7500 because The prefix kilo means 1000. Therefore 7.5 kOhm = 7.5 x 1000 = 7500 ohms.,Use milli or micro and ask for the base unit.
eng_math_prefix_007,Identify the multiplier for kilo.,Multiply the kOhm value by 1000.,The prefix kilo means 1000. Therefore 8 kOhm = 8 x 1000 = 8000 ohms.,Treating kilo as 100 or 10 instead of 1000.,The correct answer is 8000 because The prefix kilo means 1000. Therefore 8 kOhm = 8 x 1000 = 8000 ohms.,Use milli or micro and ask for the base unit.
eng_math_prefix_008,Identify the multiplier for kilo.,Multiply the kOhm value by 1000.,The prefix kilo means 1000. Therefore 9.5 kOhm = 9.5 x 1000 = 9500 ohms.,Treating kilo as 100 or 10 instead of 1000.,The correct answer is 9500 because The prefix kilo means 1000. Therefore 9.5 kOhm = 9.5 x 1000 = 9500 ohms.,Use milli or micro and ask for the base unit.
eng_math_prefix_009,Identify the multiplier for kilo.,Multiply the kOhm value by 1000.,The prefix kilo means 1000. Therefore 10 kOhm = 10 x 1000 = 10000 ohms.,Treating kilo as 100 or 10 instead of 1000.,The correct answer is 10000 because The prefix kilo means 1000. Therefore 10 kOhm = 10 x 1000 = 10000 ohms.,Use milli or micro and ask for the base unit.
eng_math_prefix_010,Identify the multiplier for kilo.,Multiply the kOhm value by 1000.,The prefix kilo means 1000. Therefore 2.5 kOhm = 2.5 x 1000 = 2500 ohms.,Treating kilo as 100 or 10 instead of 1000.,The correct answer is 2500 because The prefix kilo means 1000. Therefore 2.5 kOhm = 2.5 x 1000 = 2500 ohms.,Use milli or micro and ask for the base unit.
eng_math_prefix_011,Identify the multiplier for kilo.,Multiply the kOhm value by 1000.,The prefix kilo means 1000. Therefore 3 kOhm = 3 x 1000 = 3000 ohms.,Treating kilo as 100 or 10 instead of 1000.,The correct answer is 3000 because The prefix kilo means 1000. Therefore 3 kOhm = 3 x 1000 = 3000 ohms.,Use milli or micro and ask for the base unit.
eng_math_prefix_012,Identify the multiplier for kilo.,Multiply the kOhm value by 1000.,The prefix kilo means 1000. Therefore 4.5 kOhm = 4.5 x 1000 = 4500 ohms.,Treating kilo as 100 or 10 instead of 1000.,The correct answer is 4500 because The prefix kilo means 1000. Therefore 4.5 kOhm = 4.5 x 1000 = 4500 ohms.,Use milli or micro and ask for the base unit.
eng_math_prefix_013,Identify the multiplier for kilo.,Multiply the kOhm value by 1000.,The prefix kilo means 1000. Therefore 5 kOhm = 5 x 1000 = 5000 ohms.,Treating kilo as 100 or 10 instead of 1000.,The correct answer is 5000 because The prefix kilo means 1000. Therefore 5 kOhm = 5 x 1000 = 5000 ohms.,Use milli or micro and ask for the base unit.
eng_math_prefix_014,Identify the multiplier for kilo.,Multiply the kOhm value by 1000.,The prefix kilo means 1000. Therefore 6.5 kOhm = 6.5 x 1000 = 6500 ohms.,Treating kilo as 100 or 10 instead of 1000.,The correct answer is 6500 because The prefix kilo means 1000. Therefore 6.5 kOhm = 6.5 x 1000 = 6500 ohms.,Use milli or micro and ask for the base unit.
eng_math_prefix_015,Identify the multiplier for kilo.,Multiply the kOhm value by 1000.,The prefix kilo means 1000. Therefore 7 kOhm = 7 x 1000 = 7000 ohms.,Treating kilo as 100 or 10 instead of 1000.,The correct answer is 7000 because The prefix kilo means 1000. Therefore 7 kOhm = 7 x 1000 = 7000 ohms.,Use milli or micro and ask for the base unit.
eng_math_prefix_016,Identify the multiplier for kilo.,Multiply the kOhm value by 1000.,The prefix kilo means 1000. Therefore 8.5 kOhm = 8.5 x 1000 = 8500 ohms.,Treating kilo as 100 or 10 instead of 1000.,The correct answer is 8500 because The prefix kilo means 1000. Therefore 8.5 kOhm = 8.5 x 1000 = 8500 ohms.,Use milli or micro and ask for the base unit.
eng_math_prefix_017,Identify the multiplier for kilo.,Multiply the kOhm value by 1000.,The prefix kilo means 1000. Therefore 9 kOhm = 9 x 1000 = 9000 ohms.,Treating kilo as 100 or 10 instead of 1000.,The correct answer is 9000 because The prefix kilo means 1000. Therefore 9 kOhm = 9 x 1000 = 9000 ohms.,Use milli or micro and ask for the base unit.
eng_math_prefix_018,Identify the multiplier for kilo.,Multiply the kOhm value by 1000.,The prefix kilo means 1000. Therefore 10.5 kOhm = 10.5 x 1000 = 10500 ohms.,Treating kilo as 100 or 10 instead of 1000.,The correct answer is 10500 because The prefix kilo means 1000. Therefore 10.5 kOhm = 10.5 x 1000 = 10500 ohms.,Use milli or micro and ask for the base unit.
eng_math_prefix_019,Identify the multiplier for kilo.,Multiply the kOhm value by 1000.,The prefix kilo means 1000. Therefore 2 kOhm = 2 x 1000 = 2000 ohms.,Treating kilo as 100 or 10 instead of 1000.,The correct answer is 2000 because The prefix kilo means 1000. Therefore 2 kOhm = 2 x 1000 = 2000 ohms.,Use milli or micro and ask for the base unit.
eng_math_prefix_020,Identify the multiplier for kilo.,Multiply the kOhm value by 1000.,The prefix kilo means 1000. Therefore 3.5 kOhm = 3.5 x 1000 = 3500 ohms.,Treating kilo as 100 or 10 instead of 1000.,The correct answer is 3500 because The prefix kilo means 1000. Therefore 3.5 kOhm = 3.5 x 1000 = 3500 ohms.,Use milli or micro and ask for the base unit.
eng_math_sci_001,10 raised to a power tells you how many places to move.,A positive exponent moves the decimal point to the right.,"Multiplying by 10^3 moves the decimal point 3 places to the right, so the value is 2000.",Multiplying the coefficient by the exponent instead of by a power of 10.,"The correct answer is 2000 because Multiplying by 10^3 moves the decimal point 3 places to the right, so the value is 2000.",Convert a small decimal into scientific notation.
eng_math_sci_002,10 raised to a power tells you how many places to move.,A positive exponent moves the decimal point to the right.,"Multiplying by 10^4 moves the decimal point 4 places to the right, so the value is 30000.",Multiplying the coefficient by the exponent instead of by a power of 10.,"The correct answer is 30000 because Multiplying by 10^4 moves the decimal point 4 places to the right, so the value is 30000.",Convert a small decimal into scientific notation.
eng_math_sci_003,10 raised to a power tells you how many places to move.,A positive exponent moves the decimal point to the right.,"Multiplying by 10^5 moves the decimal point 5 places to the right, so the value is 400000.",Multiplying the coefficient by the exponent instead of by a power of 10.,"The correct answer is 400000 because Multiplying by 10^5 moves the decimal point 5 places to the right, so the value is 400000.",Convert a small decimal into scientific notation.
eng_math_sci_004,10 raised to a power tells you how many places to move.,A positive exponent moves the decimal point to the right.,"Multiplying by 10^3 moves the decimal point 3 places to the right, so the value is 5000.",Multiplying the coefficient by the exponent instead of by a power of 10.,"The correct answer is 5000 because Multiplying by 10^3 moves the decimal point 3 places to the right, so the value is 5000.",Convert a small decimal into scientific notation.
eng_math_sci_005,10 raised to a power tells you how many places to move.,A positive exponent moves the decimal point to the right.,"Multiplying by 10^4 moves the decimal point 4 places to the right, so the value is 60000.",Multiplying the coefficient by the exponent instead of by a power of 10.,"The correct answer is 60000 because Multiplying by 10^4 moves the decimal point 4 places to the right, so the value is 60000.",Convert a small decimal into scientific notation.
eng_math_sci_006,10 raised to a power tells you how many places to move.,A positive exponent moves the decimal point to the right.,"Multiplying by 10^5 moves the decimal point 5 places to the right, so the value is 700000.",Multiplying the coefficient by the exponent instead of by a power of 10.,"The correct answer is 700000 because Multiplying by 10^5 moves the decimal point 5 places to the right, so the value is 700000.",Convert a small decimal into scientific notation.
eng_math_sci_007,10 raised to a power tells you how many places to move.,A positive exponent moves the decimal point to the right.,"Multiplying by 10^3 moves the decimal point 3 places to the right, so the value is 8000.",Multiplying the coefficient by the exponent instead of by a power of 10.,"The correct answer is 8000 because Multiplying by 10^3 moves the decimal point 3 places to the right, so the value is 8000.",Convert a small decimal into scientific notation.
eng_math_sci_008,10 raised to a power tells you how many places to move.,A positive exponent moves the decimal point to the right.,"Multiplying by 10^4 moves the decimal point 4 places to the right, so the value is 90000.",Multiplying the coefficient by the exponent instead of by a power of 10.,"The correct answer is 90000 because Multiplying by 10^4 moves the decimal point 4 places to the right, so the value is 90000.",Convert a small decimal into scientific notation.
eng_math_sci_009,10 raised to a power tells you how many places to move.,A positive exponent moves the decimal point to the right.,"Multiplying by 10^5 moves the decimal point 5 places to the right, so the value is 200000.",Multiplying the coefficient by the exponent instead of by a power of 10.,"The correct answer is 200000 because Multiplying by 10^5 moves the decimal point 5 places to the right, so the value is 200000.",Convert a small decimal into scientific notation.
eng_math_sci_010,10 raised to a power tells you how many places to move.,A positive exponent moves the decimal point to the right.,"Multiplying by 10^3 moves the decimal point 3 places to the right, so the value is 3000.",Multiplying the coefficient by the exponent instead of by a power of 10.,"The correct answer is 3000 because Multiplying by 10^3 moves the decimal point 3 places to the right, so the value is 3000.",Convert a small decimal into scientific notation.
eng_math_sci_011,10 raised to a power tells you how many places to move.,A positive exponent moves the decimal point to the right.,"Multiplying by 10^4 moves the decimal point 4 places to the right, so the value is 40000.",Multiplying the coefficient by the exponent instead of by a power of 10.,"The correct answer is 40000 because Multiplying by 10^4 moves the decimal point 4 places to the right, so the value is 40000.",Convert a small decimal into scientific notation.
eng_math_sci_012,10 raised to a power tells you how many places to move.,A positive exponent moves the decimal point to the right.,"Multiplying by 10^5 moves the decimal point 5 places to the right, so the value is 500000.",Multiplying the coefficient by the exponent instead of by a power of 10.,"The correct answer is 500000 because Multiplying by 10^5 moves the decimal point 5 places to the right, so the value is 500000.",Convert a small decimal into scientific notation.
eng_math_sci_013,10 raised to a power tells you how many places to move.,A positive exponent moves the decimal point to the right.,"Multiplying by 10^3 moves the decimal point 3 places to the right, so the value is 6000.",Multiplying the coefficient by the exponent instead of by a power of 10.,"The correct answer is 6000 because Multiplying by 10^3 moves the decimal point 3 places to the right, so the value is 6000.",Convert a small decimal into scientific notation.
eng_math_sci_014,10 raised to a power tells you how many places to move.,A positive exponent moves the decimal point to the right.,"Multiplying by 10^4 moves the decimal point 4 places to the right, so the value is 70000.",Multiplying the coefficient by the exponent instead of by a power of 10.,"The correct answer is 70000 because Multiplying by 10^4 moves the decimal point 4 places to the right, so the value is 70000.",Convert a small decimal into scientific notation.
eng_math_sci_015,10 raised to a power tells you how many places to move.,A positive exponent moves the decimal point to the right.,"Multiplying by 10^5 moves the decimal point 5 places to the right, so the value is 800000.",Multiplying the coefficient by the exponent instead of by a power of 10.,"The correct answer is 800000 because Multiplying by 10^5 moves the decimal point 5 places to the right, so the value is 800000.",Convert a small decimal into scientific notation.
eng_math_sci_016,10 raised to a power tells you how many places to move.,A positive exponent moves the decimal point to the right.,"Multiplying by 10^3 moves the decimal point 3 places to the right, so the value is 9000.",Multiplying the coefficient by the exponent instead of by a power of 10.,"The correct answer is 9000 because Multiplying by 10^3 moves the decimal point 3 places to the right, so the value is 9000.",Convert a small decimal into scientific notation.
eng_math_sci_017,10 raised to a power tells you how many places to move.,A positive exponent moves the decimal point to the right.,"Multiplying by 10^4 moves the decimal point 4 places to the right, so the value is 20000.",Multiplying the coefficient by the exponent instead of by a power of 10.,"The correct answer is 20000 because Multiplying by 10^4 moves the decimal point 4 places to the right, so the value is 20000.",Convert a small decimal into scientific notation.
eng_math_sci_018,10 raised to a power tells you how many places to move.,A positive exponent moves the decimal point to the right.,"Multiplying by 10^5 moves the decimal point 5 places to the right, so the value is 300000.",Multiplying the coefficient by the exponent instead of by a power of 10.,"The correct answer is 300000 because Multiplying by 10^5 moves the decimal point 5 places to the right, so the value is 300000.",Convert a small decimal into scientific notation.
eng_math_sci_019,10 raised to a power tells you how many places to move.,A positive exponent moves the decimal point to the right.,"Multiplying by 10^3 moves the decimal point 3 places to the right, so the value is 4000.",Multiplying the coefficient by the exponent instead of by a power of 10.,"The correct answer is 4000 because Multiplying by 10^3 moves the decimal point 3 places to the right, so the value is 4000.",Convert a small decimal into scientific notation.
eng_math_sci_020,10 raised to a power tells you how many places to move.,A positive exponent moves the decimal point to the right.,"Multiplying by 10^4 moves the decimal point 4 places to the right, so the value is 50000.",Multiplying the coefficient by the exponent instead of by a power of 10.,"The correct answer is 50000 because Multiplying by 10^4 moves the decimal point 4 places to the right, so the value is 50000.",Convert a small decimal into scientific notation.
eng_math_sub_001,Match each symbol in the formula with the given quantity.,"After substitution, multiply current by resistance.",Substitute I = 2 and R = 5: V = 2 x 5 = 10.,Adding the two quantities because both are listed in the prompt.,The correct answer is 10 because Substitute I = 2 and R = 5: V = 2 x 5 = 10.,Use P = VI after finding V.
eng_math_sub_002,Match each symbol in the formula with the given quantity.,"After substitution, multiply current by resistance.",Substitute I = 3 and R = 6: V = 3 x 6 = 18.,Adding the two quantities because both are listed in the prompt.,The correct answer is 18 because Substitute I = 3 and R = 6: V = 3 x 6 = 18.,Use P = VI after finding V.
eng_math_sub_003,Match each symbol in the formula with the given quantity.,"After substitution, multiply current by resistance.",Substitute I = 4 and R = 7: V = 4 x 7 = 28.,Adding the two quantities because both are listed in the prompt.,The correct answer is 28 because Substitute I = 4 and R = 7: V = 4 x 7 = 28.,Use P = VI after finding V.
eng_math_sub_004,Match each symbol in the formula with the given quantity.,"After substitution, multiply current by resistance.",Substitute I = 5 and R = 8: V = 5 x 8 = 40.,Adding the two quantities because both are listed in the prompt.,The correct answer is 40 because Substitute I = 5 and R = 8: V = 5 x 8 = 40.,Use P = VI after finding V.
eng_math_sub_005,Match each symbol in the formula with the given quantity.,"After substitution, multiply current by resistance.",Substitute I = 6 and R = 9: V = 6 x 9 = 54.,Adding the two quantities because both are listed in the prompt.,The correct answer is 54 because Substitute I = 6 and R = 9: V = 6 x 9 = 54.,Use P = VI after finding V.
eng_math_sub_006,Match each symbol in the formula with the given quantity.,"After substitution, multiply current by resistance.",Substitute I = 7 and R = 10: V = 7 x 10 = 70.,Adding the two quantities because both are listed in the prompt.,The correct answer is 70 because Substitute I = 7 and R = 10: V = 7 x 10 = 70.,Use P = VI after finding V.
eng_math_sub_007,Match each symbol in the formula with the given quantity.,"After substitution, multiply current by resistance.",Substitute I = 2 and R = 11: V = 2 x 11 = 22.,Adding the two quantities because both are listed in the prompt.,The correct answer is 22 because Substitute I = 2 and R = 11: V = 2 x 11 = 22.,Use P = VI after finding V.
eng_math_sub_008,Match each symbol in the formula with the given quantity.,"After substitution, multiply current by resistance.",Substitute I = 3 and R = 12: V = 3 x 12 = 36.,Adding the two quantities because both are listed in the prompt.,The correct answer is 36 because Substitute I = 3 and R = 12: V = 3 x 12 = 36.,Use P = VI after finding V.
eng_math_sub_009,Match each symbol in the formula with the given quantity.,"After substitution, multiply current by resistance.",Substitute I = 4 and R = 5: V = 4 x 5 = 20.,Adding the two quantities because both are listed in the prompt.,The correct answer is 20 because Substitute I = 4 and R = 5: V = 4 x 5 = 20.,Use P = VI after finding V.
eng_math_sub_010,Match each symbol in the formula with the given quantity.,"After substitution, multiply current by resistance.",Substitute I = 5 and R = 6: V = 5 x 6 = 30.,Adding the two quantities because both are listed in the prompt.,The correct answer is 30 because Substitute I = 5 and R = 6: V = 5 x 6 = 30.,Use P = VI after finding V.
eng_math_sub_011,Match each symbol in the formula with the given quantity.,"After substitution, multiply current by resistance.",Substitute I = 6 and R = 7: V = 6 x 7 = 42.,Adding the two quantities because both are listed in the prompt.,The correct answer is 42 because Substitute I = 6 and R = 7: V = 6 x 7 = 42.,Use P = VI after finding V.
eng_math_sub_012,Match each symbol in the formula with the given quantity.,"After substitution, multiply current by resistance.",Substitute I = 7 and R = 8: V = 7 x 8 = 56.,Adding the two quantities because both are listed in the prompt.,The correct answer is 56 because Substitute I = 7 and R = 8: V = 7 x 8 = 56.,Use P = VI after finding V.
eng_math_sub_013,Match each symbol in the formula with the given quantity.,"After substitution, multiply current by resistance.",Substitute I = 2 and R = 9: V = 2 x 9 = 18.,Adding the two quantities because both are listed in the prompt.,The correct answer is 18 because Substitute I = 2 and R = 9: V = 2 x 9 = 18.,Use P = VI after finding V.
eng_math_sub_014,Match each symbol in the formula with the given quantity.,"After substitution, multiply current by resistance.",Substitute I = 3 and R = 10: V = 3 x 10 = 30.,Adding the two quantities because both are listed in the prompt.,The correct answer is 30 because Substitute I = 3 and R = 10: V = 3 x 10 = 30.,Use P = VI after finding V.
eng_math_sub_015,Match each symbol in the formula with the given quantity.,"After substitution, multiply current by resistance.",Substitute I = 4 and R = 11: V = 4 x 11 = 44.,Adding the two quantities because both are listed in the prompt.,The correct answer is 44 because Substitute I = 4 and R = 11: V = 4 x 11 = 44.,Use P = VI after finding V.
eng_math_sub_016,Match each symbol in the formula with the given quantity.,"After substitution, multiply current by resistance.",Substitute I = 5 and R = 12: V = 5 x 12 = 60.,Adding the two quantities because both are listed in the prompt.,The correct answer is 60 because Substitute I = 5 and R = 12: V = 5 x 12 = 60.,Use P = VI after finding V.
eng_math_sub_017,Match each symbol in the formula with the given quantity.,"After substitution, multiply current by resistance.",Substitute I = 6 and R = 5: V = 6 x 5 = 30.,Adding the two quantities because both are listed in the prompt.,The correct answer is 30 because Substitute I = 6 and R = 5: V = 6 x 5 = 30.,Use P = VI after finding V.
eng_math_sub_018,Match each symbol in the formula with the given quantity.,"After substitution, multiply current by resistance.",Substitute I = 7 and R = 6: V = 7 x 6 = 42.,Adding the two quantities because both are listed in the prompt.,The correct answer is 42 because Substitute I = 7 and R = 6: V = 7 x 6 = 42.,Use P = VI after finding V.
eng_math_sub_019,Match each symbol in the formula with the given quantity.,"After substitution, multiply current by resistance.",Substitute I = 2 and R = 7: V = 2 x 7 = 14.,Adding the two quantities because both are listed in the prompt.,The correct answer is 14 because Substitute I = 2 and R = 7: V = 2 x 7 = 14.,Use P = VI after finding V.
eng_math_sub_020,Match each symbol in the formula with the given quantity.,"After substitution, multiply current by resistance.",Substitute I = 3 and R = 8: V = 3 x 8 = 24.,Adding the two quantities because both are listed in the prompt.,The correct answer is 24 because Substitute I = 3 and R = 8: V = 3 x 8 = 24.,Use P = VI after finding V.
eng_math_scale_001,A drawing scale is a proportional relationship.,Multiply the drawing length by the metres represented by each centimetre.,"Each centimetre represents 4 m, so 3 cm represents 3 x 4 = 12 m.",Adding the scale number to the drawing length.,"The correct answer is 12 because Each centimetre represents 4 m, so 3 cm represents 3 x 4 = 12 m.",Give the actual length and ask for the drawing length.
eng_math_scale_002,A drawing scale is a proportional relationship.,Multiply the drawing length by the metres represented by each centimetre.,"Each centimetre represents 5 m, so 4 cm represents 4 x 5 = 20 m.",Adding the scale number to the drawing length.,"The correct answer is 20 because Each centimetre represents 5 m, so 4 cm represents 4 x 5 = 20 m.",Give the actual length and ask for the drawing length.
eng_math_scale_003,A drawing scale is a proportional relationship.,Multiply the drawing length by the metres represented by each centimetre.,"Each centimetre represents 6 m, so 5 cm represents 5 x 6 = 30 m.",Adding the scale number to the drawing length.,"The correct answer is 30 because Each centimetre represents 6 m, so 5 cm represents 5 x 6 = 30 m.",Give the actual length and ask for the drawing length.
eng_math_scale_004,A drawing scale is a proportional relationship.,Multiply the drawing length by the metres represented by each centimetre.,"Each centimetre represents 7 m, so 6 cm represents 6 x 7 = 42 m.",Adding the scale number to the drawing length.,"The correct answer is 42 because Each centimetre represents 7 m, so 6 cm represents 6 x 7 = 42 m.",Give the actual length and ask for the drawing length.
eng_math_scale_005,A drawing scale is a proportional relationship.,Multiply the drawing length by the metres represented by each centimetre.,"Each centimetre represents 8 m, so 7 cm represents 7 x 8 = 56 m.",Adding the scale number to the drawing length.,"The correct answer is 56 because Each centimetre represents 8 m, so 7 cm represents 7 x 8 = 56 m.",Give the actual length and ask for the drawing length.
eng_math_scale_006,A drawing scale is a proportional relationship.,Multiply the drawing length by the metres represented by each centimetre.,"Each centimetre represents 9 m, so 8 cm represents 8 x 9 = 72 m.",Adding the scale number to the drawing length.,"The correct answer is 72 because Each centimetre represents 9 m, so 8 cm represents 8 x 9 = 72 m.",Give the actual length and ask for the drawing length.
eng_math_scale_007,A drawing scale is a proportional relationship.,Multiply the drawing length by the metres represented by each centimetre.,"Each centimetre represents 4 m, so 9 cm represents 9 x 4 = 36 m.",Adding the scale number to the drawing length.,"The correct answer is 36 because Each centimetre represents 4 m, so 9 cm represents 9 x 4 = 36 m.",Give the actual length and ask for the drawing length.
eng_math_scale_008,A drawing scale is a proportional relationship.,Multiply the drawing length by the metres represented by each centimetre.,"Each centimetre represents 5 m, so 10 cm represents 10 x 5 = 50 m.",Adding the scale number to the drawing length.,"The correct answer is 50 because Each centimetre represents 5 m, so 10 cm represents 10 x 5 = 50 m.",Give the actual length and ask for the drawing length.
eng_math_scale_009,A drawing scale is a proportional relationship.,Multiply the drawing length by the metres represented by each centimetre.,"Each centimetre represents 6 m, so 3 cm represents 3 x 6 = 18 m.",Adding the scale number to the drawing length.,"The correct answer is 18 because Each centimetre represents 6 m, so 3 cm represents 3 x 6 = 18 m.",Give the actual length and ask for the drawing length.
eng_math_scale_010,A drawing scale is a proportional relationship.,Multiply the drawing length by the metres represented by each centimetre.,"Each centimetre represents 7 m, so 4 cm represents 4 x 7 = 28 m.",Adding the scale number to the drawing length.,"The correct answer is 28 because Each centimetre represents 7 m, so 4 cm represents 4 x 7 = 28 m.",Give the actual length and ask for the drawing length.
eng_math_scale_011,A drawing scale is a proportional relationship.,Multiply the drawing length by the metres represented by each centimetre.,"Each centimetre represents 8 m, so 5 cm represents 5 x 8 = 40 m.",Adding the scale number to the drawing length.,"The correct answer is 40 because Each centimetre represents 8 m, so 5 cm represents 5 x 8 = 40 m.",Give the actual length and ask for the drawing length.
eng_math_scale_012,A drawing scale is a proportional relationship.,Multiply the drawing length by the metres represented by each centimetre.,"Each centimetre represents 9 m, so 6 cm represents 6 x 9 = 54 m.",Adding the scale number to the drawing length.,"The correct answer is 54 because Each centimetre represents 9 m, so 6 cm represents 6 x 9 = 54 m.",Give the actual length and ask for the drawing length.
eng_math_scale_013,A drawing scale is a proportional relationship.,Multiply the drawing length by the metres represented by each centimetre.,"Each centimetre represents 4 m, so 7 cm represents 7 x 4 = 28 m.",Adding the scale number to the drawing length.,"The correct answer is 28 because Each centimetre represents 4 m, so 7 cm represents 7 x 4 = 28 m.",Give the actual length and ask for the drawing length.
eng_math_scale_014,A drawing scale is a proportional relationship.,Multiply the drawing length by the metres represented by each centimetre.,"Each centimetre represents 5 m, so 8 cm represents 8 x 5 = 40 m.",Adding the scale number to the drawing length.,"The correct answer is 40 because Each centimetre represents 5 m, so 8 cm represents 8 x 5 = 40 m.",Give the actual length and ask for the drawing length.
eng_math_scale_015,A drawing scale is a proportional relationship.,Multiply the drawing length by the metres represented by each centimetre.,"Each centimetre represents 6 m, so 9 cm represents 9 x 6 = 54 m.",Adding the scale number to the drawing length.,"The correct answer is 54 because Each centimetre represents 6 m, so 9 cm represents 9 x 6 = 54 m.",Give the actual length and ask for the drawing length.
eng_math_scale_016,A drawing scale is a proportional relationship.,Multiply the drawing length by the metres represented by each centimetre.,"Each centimetre represents 7 m, so 10 cm represents 10 x 7 = 70 m.",Adding the scale number to the drawing length.,"The correct answer is 70 because Each centimetre represents 7 m, so 10 cm represents 10 x 7 = 70 m.",Give the actual length and ask for the drawing length.
eng_math_scale_017,A drawing scale is a proportional relationship.,Multiply the drawing length by the metres represented by each centimetre.,"Each centimetre represents 8 m, so 3 cm represents 3 x 8 = 24 m.",Adding the scale number to the drawing length.,"The correct answer is 24 because Each centimetre represents 8 m, so 3 cm represents 3 x 8 = 24 m.",Give the actual length and ask for the drawing length.
eng_math_scale_018,A drawing scale is a proportional relationship.,Multiply the drawing length by the metres represented by each centimetre.,"Each centimetre represents 9 m, so 4 cm represents 4 x 9 = 36 m.",Adding the scale number to the drawing length.,"The correct answer is 36 because Each centimetre represents 9 m, so 4 cm represents 4 x 9 = 36 m.",Give the actual length and ask for the drawing length.
eng_math_scale_019,A drawing scale is a proportional relationship.,Multiply the drawing length by the metres represented by each centimetre.,"Each centimetre represents 4 m, so 5 cm represents 5 x 4 = 20 m.",Adding the scale number to the drawing length.,"The correct answer is 20 because Each centimetre represents 4 m, so 5 cm represents 5 x 4 = 20 m.",Give the actual length and ask for the drawing length.
eng_math_scale_020,A drawing scale is a proportional relationship.,Multiply the drawing length by the metres represented by each centimetre.,"Each centimetre represents 5 m, so 6 cm represents 6 x 5 = 30 m.",Adding the scale number to the drawing length.,"The correct answer is 30 because Each centimetre represents 5 m, so 6 cm represents 6 x 5 = 30 m.",Give the actual length and ask for the drawing length.
eng_math_rate_001,Identify the rate and the time.,Distance equals rate multiplied by time.,Use d = vt. Substitute v = 6 and t = 3: d = 6 x 3 = 18 m.,Adding rate and time instead of using the multiplicative model.,The correct answer is 18 because Use d = vt. Substitute v = 6 and t = 3: d = 6 x 3 = 18 m.,"Give distance and rate, then ask for time."
eng_math_rate_002,Identify the rate and the time.,Distance equals rate multiplied by time.,Use d = vt. Substitute v = 7 and t = 4: d = 7 x 4 = 28 m.,Adding rate and time instead of using the multiplicative model.,The correct answer is 28 because Use d = vt. Substitute v = 7 and t = 4: d = 7 x 4 = 28 m.,"Give distance and rate, then ask for time."
eng_math_rate_003,Identify the rate and the time.,Distance equals rate multiplied by time.,Use d = vt. Substitute v = 8 and t = 5: d = 8 x 5 = 40 m.,Adding rate and time instead of using the multiplicative model.,The correct answer is 40 because Use d = vt. Substitute v = 8 and t = 5: d = 8 x 5 = 40 m.,"Give distance and rate, then ask for time."
eng_math_rate_004,Identify the rate and the time.,Distance equals rate multiplied by time.,Use d = vt. Substitute v = 9 and t = 6: d = 9 x 6 = 54 m.,Adding rate and time instead of using the multiplicative model.,The correct answer is 54 because Use d = vt. Substitute v = 9 and t = 6: d = 9 x 6 = 54 m.,"Give distance and rate, then ask for time."
eng_math_rate_005,Identify the rate and the time.,Distance equals rate multiplied by time.,Use d = vt. Substitute v = 10 and t = 7: d = 10 x 7 = 70 m.,Adding rate and time instead of using the multiplicative model.,The correct answer is 70 because Use d = vt. Substitute v = 10 and t = 7: d = 10 x 7 = 70 m.,"Give distance and rate, then ask for time."
eng_math_rate_006,Identify the rate and the time.,Distance equals rate multiplied by time.,Use d = vt. Substitute v = 11 and t = 3: d = 11 x 3 = 33 m.,Adding rate and time instead of using the multiplicative model.,The correct answer is 33 because Use d = vt. Substitute v = 11 and t = 3: d = 11 x 3 = 33 m.,"Give distance and rate, then ask for time."
eng_math_rate_007,Identify the rate and the time.,Distance equals rate multiplied by time.,Use d = vt. Substitute v = 12 and t = 4: d = 12 x 4 = 48 m.,Adding rate and time instead of using the multiplicative model.,The correct answer is 48 because Use d = vt. Substitute v = 12 and t = 4: d = 12 x 4 = 48 m.,"Give distance and rate, then ask for time."
eng_math_rate_008,Identify the rate and the time.,Distance equals rate multiplied by time.,Use d = vt. Substitute v = 6 and t = 5: d = 6 x 5 = 30 m.,Adding rate and time instead of using the multiplicative model.,The correct answer is 30 because Use d = vt. Substitute v = 6 and t = 5: d = 6 x 5 = 30 m.,"Give distance and rate, then ask for time."
eng_math_rate_009,Identify the rate and the time.,Distance equals rate multiplied by time.,Use d = vt. Substitute v = 7 and t = 6: d = 7 x 6 = 42 m.,Adding rate and time instead of using the multiplicative model.,The correct answer is 42 because Use d = vt. Substitute v = 7 and t = 6: d = 7 x 6 = 42 m.,"Give distance and rate, then ask for time."
eng_math_rate_010,Identify the rate and the time.,Distance equals rate multiplied by time.,Use d = vt. Substitute v = 8 and t = 7: d = 8 x 7 = 56 m.,Adding rate and time instead of using the multiplicative model.,The correct answer is 56 because Use d = vt. Substitute v = 8 and t = 7: d = 8 x 7 = 56 m.,"Give distance and rate, then ask for time."
eng_math_rate_011,Identify the rate and the time.,Distance equals rate multiplied by time.,Use d = vt. Substitute v = 9 and t = 3: d = 9 x 3 = 27 m.,Adding rate and time instead of using the multiplicative model.,The correct answer is 27 because Use d = vt. Substitute v = 9 and t = 3: d = 9 x 3 = 27 m.,"Give distance and rate, then ask for time."
eng_math_rate_012,Identify the rate and the time.,Distance equals rate multiplied by time.,Use d = vt. Substitute v = 10 and t = 4: d = 10 x 4 = 40 m.,Adding rate and time instead of using the multiplicative model.,The correct answer is 40 because Use d = vt. Substitute v = 10 and t = 4: d = 10 x 4 = 40 m.,"Give distance and rate, then ask for time."
eng_math_rate_013,Identify the rate and the time.,Distance equals rate multiplied by time.,Use d = vt. Substitute v = 11 and t = 5: d = 11 x 5 = 55 m.,Adding rate and time instead of using the multiplicative model.,The correct answer is 55 because Use d = vt. Substitute v = 11 and t = 5: d = 11 x 5 = 55 m.,"Give distance and rate, then ask for time."
eng_math_rate_014,Identify the rate and the time.,Distance equals rate multiplied by time.,Use d = vt. Substitute v = 12 and t = 6: d = 12 x 6 = 72 m.,Adding rate and time instead of using the multiplicative model.,The correct answer is 72 because Use d = vt. Substitute v = 12 and t = 6: d = 12 x 6 = 72 m.,"Give distance and rate, then ask for time."
eng_math_rate_015,Identify the rate and the time.,Distance equals rate multiplied by time.,Use d = vt. Substitute v = 6 and t = 7: d = 6 x 7 = 42 m.,Adding rate and time instead of using the multiplicative model.,The correct answer is 42 because Use d = vt. Substitute v = 6 and t = 7: d = 6 x 7 = 42 m.,"Give distance and rate, then ask for time."
eng_math_rate_016,Identify the rate and the time.,Distance equals rate multiplied by time.,Use d = vt. Substitute v = 7 and t = 3: d = 7 x 3 = 21 m.,Adding rate and time instead of using the multiplicative model.,The correct answer is 21 because Use d = vt. Substitute v = 7 and t = 3: d = 7 x 3 = 21 m.,"Give distance and rate, then ask for time."
eng_math_rate_017,Identify the rate and the time.,Distance equals rate multiplied by time.,Use d = vt. Substitute v = 8 and t = 4: d = 8 x 4 = 32 m.,Adding rate and time instead of using the multiplicative model.,The correct answer is 32 because Use d = vt. Substitute v = 8 and t = 4: d = 8 x 4 = 32 m.,"Give distance and rate, then ask for time."
eng_math_rate_018,Identify the rate and the time.,Distance equals rate multiplied by time.,Use d = vt. Substitute v = 9 and t = 5: d = 9 x 5 = 45 m.,Adding rate and time instead of using the multiplicative model.,The correct answer is 45 because Use d = vt. Substitute v = 9 and t = 5: d = 9 x 5 = 45 m.,"Give distance and rate, then ask for time."
eng_math_rate_019,Identify the rate and the time.,Distance equals rate multiplied by time.,Use d = vt. Substitute v = 10 and t = 6: d = 10 x 6 = 60 m.,Adding rate and time instead of using the multiplicative model.,The correct answer is 60 because Use d = vt. Substitute v = 10 and t = 6: d = 10 x 6 = 60 m.,"Give distance and rate, then ask for time."
eng_math_rate_020,Identify the rate and the time.,Distance equals rate multiplied by time.,Use d = vt. Substitute v = 11 and t = 7: d = 11 x 7 = 77 m.,Adding rate and time instead of using the multiplicative model.,The correct answer is 77 because Use d = vt. Substitute v = 11 and t = 7: d = 11 x 7 = 77 m.,"Give distance and rate, then ask for time."
eng_math_linmodel_001,Separate the starting amount from the amount added each minute.,"Multiply the rate by time, then add the initial amount.",The linear model is amount = initial amount + rate x time. So amount = 30 + 2 x 4 = 38 L.,Using only the rate-time product and forgetting the initial amount.,The correct answer is 38 because The linear model is amount = initial amount + rate x time. So amount = 30 + 2 x 4 = 38 L.,Ask for the time needed to reach a target amount.
eng_math_linmodel_002,Separate the starting amount from the amount added each minute.,"Multiply the rate by time, then add the initial amount.",The linear model is amount = initial amount + rate x time. So amount = 31 + 3 x 5 = 46 L.,Using only the rate-time product and forgetting the initial amount.,The correct answer is 46 because The linear model is amount = initial amount + rate x time. So amount = 31 + 3 x 5 = 46 L.,Ask for the time needed to reach a target amount.
eng_math_linmodel_003,Separate the starting amount from the amount added each minute.,"Multiply the rate by time, then add the initial amount.",The linear model is amount = initial amount + rate x time. So amount = 32 + 4 x 6 = 56 L.,Using only the rate-time product and forgetting the initial amount.,The correct answer is 56 because The linear model is amount = initial amount + rate x time. So amount = 32 + 4 x 6 = 56 L.,Ask for the time needed to reach a target amount.
eng_math_linmodel_004,Separate the starting amount from the amount added each minute.,"Multiply the rate by time, then add the initial amount.",The linear model is amount = initial amount + rate x time. So amount = 33 + 5 x 7 = 68 L.,Using only the rate-time product and forgetting the initial amount.,The correct answer is 68 because The linear model is amount = initial amount + rate x time. So amount = 33 + 5 x 7 = 68 L.,Ask for the time needed to reach a target amount.
eng_math_linmodel_005,Separate the starting amount from the amount added each minute.,"Multiply the rate by time, then add the initial amount.",The linear model is amount = initial amount + rate x time. So amount = 34 + 6 x 8 = 82 L.,Using only the rate-time product and forgetting the initial amount.,The correct answer is 82 because The linear model is amount = initial amount + rate x time. So amount = 34 + 6 x 8 = 82 L.,Ask for the time needed to reach a target amount.
eng_math_linmodel_006,Separate the starting amount from the amount added each minute.,"Multiply the rate by time, then add the initial amount.",The linear model is amount = initial amount + rate x time. So amount = 35 + 2 x 9 = 53 L.,Using only the rate-time product and forgetting the initial amount.,The correct answer is 53 because The linear model is amount = initial amount + rate x time. So amount = 35 + 2 x 9 = 53 L.,Ask for the time needed to reach a target amount.
eng_math_linmodel_007,Separate the starting amount from the amount added each minute.,"Multiply the rate by time, then add the initial amount.",The linear model is amount = initial amount + rate x time. So amount = 36 + 3 x 4 = 48 L.,Using only the rate-time product and forgetting the initial amount.,The correct answer is 48 because The linear model is amount = initial amount + rate x time. So amount = 36 + 3 x 4 = 48 L.,Ask for the time needed to reach a target amount.
eng_math_linmodel_008,Separate the starting amount from the amount added each minute.,"Multiply the rate by time, then add the initial amount.",The linear model is amount = initial amount + rate x time. So amount = 37 + 4 x 5 = 57 L.,Using only the rate-time product and forgetting the initial amount.,The correct answer is 57 because The linear model is amount = initial amount + rate x time. So amount = 37 + 4 x 5 = 57 L.,Ask for the time needed to reach a target amount.
eng_math_linmodel_009,Separate the starting amount from the amount added each minute.,"Multiply the rate by time, then add the initial amount.",The linear model is amount = initial amount + rate x time. So amount = 38 + 5 x 6 = 68 L.,Using only the rate-time product and forgetting the initial amount.,The correct answer is 68 because The linear model is amount = initial amount + rate x time. So amount = 38 + 5 x 6 = 68 L.,Ask for the time needed to reach a target amount.
eng_math_linmodel_010,Separate the starting amount from the amount added each minute.,"Multiply the rate by time, then add the initial amount.",The linear model is amount = initial amount + rate x time. So amount = 39 + 6 x 7 = 81 L.,Using only the rate-time product and forgetting the initial amount.,The correct answer is 81 because The linear model is amount = initial amount + rate x time. So amount = 39 + 6 x 7 = 81 L.,Ask for the time needed to reach a target amount.
eng_math_linmodel_011,Separate the starting amount from the amount added each minute.,"Multiply the rate by time, then add the initial amount.",The linear model is amount = initial amount + rate x time. So amount = 40 + 2 x 8 = 56 L.,Using only the rate-time product and forgetting the initial amount.,The correct answer is 56 because The linear model is amount = initial amount + rate x time. So amount = 40 + 2 x 8 = 56 L.,Ask for the time needed to reach a target amount.
eng_math_linmodel_012,Separate the starting amount from the amount added each minute.,"Multiply the rate by time, then add the initial amount.",The linear model is amount = initial amount + rate x time. So amount = 41 + 3 x 9 = 68 L.,Using only the rate-time product and forgetting the initial amount.,The correct answer is 68 because The linear model is amount = initial amount + rate x time. So amount = 41 + 3 x 9 = 68 L.,Ask for the time needed to reach a target amount.
eng_math_linmodel_013,Separate the starting amount from the amount added each minute.,"Multiply the rate by time, then add the initial amount.",The linear model is amount = initial amount + rate x time. So amount = 42 + 4 x 4 = 58 L.,Using only the rate-time product and forgetting the initial amount.,The correct answer is 58 because The linear model is amount = initial amount + rate x time. So amount = 42 + 4 x 4 = 58 L.,Ask for the time needed to reach a target amount.
eng_math_linmodel_014,Separate the starting amount from the amount added each minute.,"Multiply the rate by time, then add the initial amount.",The linear model is amount = initial amount + rate x time. So amount = 43 + 5 x 5 = 68 L.,Using only the rate-time product and forgetting the initial amount.,The correct answer is 68 because The linear model is amount = initial amount + rate x time. So amount = 43 + 5 x 5 = 68 L.,Ask for the time needed to reach a target amount.
eng_math_linmodel_015,Separate the starting amount from the amount added each minute.,"Multiply the rate by time, then add the initial amount.",The linear model is amount = initial amount + rate x time. So amount = 44 + 6 x 6 = 80 L.,Using only the rate-time product and forgetting the initial amount.,The correct answer is 80 because The linear model is amount = initial amount + rate x time. So amount = 44 + 6 x 6 = 80 L.,Ask for the time needed to reach a target amount.
eng_math_linmodel_016,Separate the starting amount from the amount added each minute.,"Multiply the rate by time, then add the initial amount.",The linear model is amount = initial amount + rate x time. So amount = 45 + 2 x 7 = 59 L.,Using only the rate-time product and forgetting the initial amount.,The correct answer is 59 because The linear model is amount = initial amount + rate x time. So amount = 45 + 2 x 7 = 59 L.,Ask for the time needed to reach a target amount.
eng_math_linmodel_017,Separate the starting amount from the amount added each minute.,"Multiply the rate by time, then add the initial amount.",The linear model is amount = initial amount + rate x time. So amount = 46 + 3 x 8 = 70 L.,Using only the rate-time product and forgetting the initial amount.,The correct answer is 70 because The linear model is amount = initial amount + rate x time. So amount = 46 + 3 x 8 = 70 L.,Ask for the time needed to reach a target amount.
eng_math_linmodel_018,Separate the starting amount from the amount added each minute.,"Multiply the rate by time, then add the initial amount.",The linear model is amount = initial amount + rate x time. So amount = 47 + 4 x 9 = 83 L.,Using only the rate-time product and forgetting the initial amount.,The correct answer is 83 because The linear model is amount = initial amount + rate x time. So amount = 47 + 4 x 9 = 83 L.,Ask for the time needed to reach a target amount.
eng_math_linmodel_019,Separate the starting amount from the amount added each minute.,"Multiply the rate by time, then add the initial amount.",The linear model is amount = initial amount + rate x time. So amount = 48 + 5 x 4 = 68 L.,Using only the rate-time product and forgetting the initial amount.,The correct answer is 68 because The linear model is amount = initial amount + rate x time. So amount = 48 + 5 x 4 = 68 L.,Ask for the time needed to reach a target amount.
eng_math_linmodel_020,Separate the starting amount from the amount added each minute.,"Multiply the rate by time, then add the initial amount.",The linear model is amount = initial amount + rate x time. So amount = 49 + 6 x 5 = 79 L.,Using only the rate-time product and forgetting the initial amount.,The correct answer is 79 because The linear model is amount = initial amount + rate x time. So amount = 49 + 6 x 5 = 79 L.,Ask for the time needed to reach a target amount.
eng_math_breakeven_001,Equal costs means set the two expressions equal.,Move the x-terms to one side and constants to the other.,"Set the models equal: 20 + 3x = 8 + 5x. Then 12 = 2x, so x = 6.",Subtracting the two fixed costs and stopping before dividing by the rate difference.,"The correct answer is 6 because Set the models equal: 20 + 3x = 8 + 5x. Then 12 = 2x, so x = 6.",Ask which machine is cheaper before and after the break-even time.
eng_math_breakeven_002,Equal costs means set the two expressions equal.,Move the x-terms to one side and constants to the other.,"Set the models equal: 21 + 4x = 9 + 6x. Then 12 = 2x, so x = 6.",Subtracting the two fixed costs and stopping before dividing by the rate difference.,"The correct answer is 6 because Set the models equal: 21 + 4x = 9 + 6x. Then 12 = 2x, so x = 6.",Ask which machine is cheaper before and after the break-even time.
eng_math_breakeven_003,Equal costs means set the two expressions equal.,Move the x-terms to one side and constants to the other.,"Set the models equal: 24 + 5x = 10 + 7x. Then 14 = 2x, so x = 7.",Subtracting the two fixed costs and stopping before dividing by the rate difference.,"The correct answer is 7 because Set the models equal: 24 + 5x = 10 + 7x. Then 14 = 2x, so x = 7.",Ask which machine is cheaper before and after the break-even time.
eng_math_breakeven_004,Equal costs means set the two expressions equal.,Move the x-terms to one side and constants to the other.,"Set the models equal: 25 + 3x = 11 + 5x. Then 14 = 2x, so x = 7.",Subtracting the two fixed costs and stopping before dividing by the rate difference.,"The correct answer is 7 because Set the models equal: 25 + 3x = 11 + 5x. Then 14 = 2x, so x = 7.",Ask which machine is cheaper before and after the break-even time.
eng_math_breakeven_005,Equal costs means set the two expressions equal.,Move the x-terms to one side and constants to the other.,"Set the models equal: 28 + 4x = 12 + 6x. Then 16 = 2x, so x = 8.",Subtracting the two fixed costs and stopping before dividing by the rate difference.,"The correct answer is 8 because Set the models equal: 28 + 4x = 12 + 6x. Then 16 = 2x, so x = 8.",Ask which machine is cheaper before and after the break-even time.
eng_math_breakeven_006,Equal costs means set the two expressions equal.,Move the x-terms to one side and constants to the other.,"Set the models equal: 29 + 5x = 13 + 7x. Then 16 = 2x, so x = 8.",Subtracting the two fixed costs and stopping before dividing by the rate difference.,"The correct answer is 8 because Set the models equal: 29 + 5x = 13 + 7x. Then 16 = 2x, so x = 8.",Ask which machine is cheaper before and after the break-even time.
eng_math_breakeven_007,Equal costs means set the two expressions equal.,Move the x-terms to one side and constants to the other.,"Set the models equal: 32 + 3x = 14 + 5x. Then 18 = 2x, so x = 9.",Subtracting the two fixed costs and stopping before dividing by the rate difference.,"The correct answer is 9 because Set the models equal: 32 + 3x = 14 + 5x. Then 18 = 2x, so x = 9.",Ask which machine is cheaper before and after the break-even time.
eng_math_breakeven_008,Equal costs means set the two expressions equal.,Move the x-terms to one side and constants to the other.,"Set the models equal: 33 + 4x = 15 + 6x. Then 18 = 2x, so x = 9.",Subtracting the two fixed costs and stopping before dividing by the rate difference.,"The correct answer is 9 because Set the models equal: 33 + 4x = 15 + 6x. Then 18 = 2x, so x = 9.",Ask which machine is cheaper before and after the break-even time.
eng_math_breakeven_009,Equal costs means set the two expressions equal.,Move the x-terms to one side and constants to the other.,"Set the models equal: 36 + 5x = 16 + 7x. Then 20 = 2x, so x = 10.",Subtracting the two fixed costs and stopping before dividing by the rate difference.,"The correct answer is 10 because Set the models equal: 36 + 5x = 16 + 7x. Then 20 = 2x, so x = 10.",Ask which machine is cheaper before and after the break-even time.
eng_math_breakeven_010,Equal costs means set the two expressions equal.,Move the x-terms to one side and constants to the other.,"Set the models equal: 37 + 3x = 17 + 5x. Then 20 = 2x, so x = 10.",Subtracting the two fixed costs and stopping before dividing by the rate difference.,"The correct answer is 10 because Set the models equal: 37 + 3x = 17 + 5x. Then 20 = 2x, so x = 10.",Ask which machine is cheaper before and after the break-even time.
eng_math_breakeven_011,Equal costs means set the two expressions equal.,Move the x-terms to one side and constants to the other.,"Set the models equal: 40 + 4x = 18 + 6x. Then 22 = 2x, so x = 11.",Subtracting the two fixed costs and stopping before dividing by the rate difference.,"The correct answer is 11 because Set the models equal: 40 + 4x = 18 + 6x. Then 22 = 2x, so x = 11.",Ask which machine is cheaper before and after the break-even time.
eng_math_breakeven_012,Equal costs means set the two expressions equal.,Move the x-terms to one side and constants to the other.,"Set the models equal: 41 + 5x = 19 + 7x. Then 22 = 2x, so x = 11.",Subtracting the two fixed costs and stopping before dividing by the rate difference.,"The correct answer is 11 because Set the models equal: 41 + 5x = 19 + 7x. Then 22 = 2x, so x = 11.",Ask which machine is cheaper before and after the break-even time.
eng_math_breakeven_013,Equal costs means set the two expressions equal.,Move the x-terms to one side and constants to the other.,"Set the models equal: 44 + 3x = 20 + 5x. Then 24 = 2x, so x = 12.",Subtracting the two fixed costs and stopping before dividing by the rate difference.,"The correct answer is 12 because Set the models equal: 44 + 3x = 20 + 5x. Then 24 = 2x, so x = 12.",Ask which machine is cheaper before and after the break-even time.
eng_math_breakeven_014,Equal costs means set the two expressions equal.,Move the x-terms to one side and constants to the other.,"Set the models equal: 45 + 4x = 21 + 6x. Then 24 = 2x, so x = 12.",Subtracting the two fixed costs and stopping before dividing by the rate difference.,"The correct answer is 12 because Set the models equal: 45 + 4x = 21 + 6x. Then 24 = 2x, so x = 12.",Ask which machine is cheaper before and after the break-even time.
eng_math_breakeven_015,Equal costs means set the two expressions equal.,Move the x-terms to one side and constants to the other.,"Set the models equal: 48 + 5x = 22 + 7x. Then 26 = 2x, so x = 13.",Subtracting the two fixed costs and stopping before dividing by the rate difference.,"The correct answer is 13 because Set the models equal: 48 + 5x = 22 + 7x. Then 26 = 2x, so x = 13.",Ask which machine is cheaper before and after the break-even time.
eng_math_breakeven_016,Equal costs means set the two expressions equal.,Move the x-terms to one side and constants to the other.,"Set the models equal: 49 + 3x = 23 + 5x. Then 26 = 2x, so x = 13.",Subtracting the two fixed costs and stopping before dividing by the rate difference.,"The correct answer is 13 because Set the models equal: 49 + 3x = 23 + 5x. Then 26 = 2x, so x = 13.",Ask which machine is cheaper before and after the break-even time.
eng_math_breakeven_017,Equal costs means set the two expressions equal.,Move the x-terms to one side and constants to the other.,"Set the models equal: 52 + 4x = 24 + 6x. Then 28 = 2x, so x = 14.",Subtracting the two fixed costs and stopping before dividing by the rate difference.,"The correct answer is 14 because Set the models equal: 52 + 4x = 24 + 6x. Then 28 = 2x, so x = 14.",Ask which machine is cheaper before and after the break-even time.
eng_math_breakeven_018,Equal costs means set the two expressions equal.,Move the x-terms to one side and constants to the other.,"Set the models equal: 53 + 5x = 25 + 7x. Then 28 = 2x, so x = 14.",Subtracting the two fixed costs and stopping before dividing by the rate difference.,"The correct answer is 14 because Set the models equal: 53 + 5x = 25 + 7x. Then 28 = 2x, so x = 14.",Ask which machine is cheaper before and after the break-even time.
eng_math_breakeven_019,Equal costs means set the two expressions equal.,Move the x-terms to one side and constants to the other.,"Set the models equal: 56 + 3x = 26 + 5x. Then 30 = 2x, so x = 15.",Subtracting the two fixed costs and stopping before dividing by the rate difference.,"The correct answer is 15 because Set the models equal: 56 + 3x = 26 + 5x. Then 30 = 2x, so x = 15.",Ask which machine is cheaper before and after the break-even time.
eng_math_breakeven_020,Equal costs means set the two expressions equal.,Move the x-terms to one side and constants to the other.,"Set the models equal: 57 + 4x = 27 + 6x. Then 30 = 2x, so x = 15.",Subtracting the two fixed costs and stopping before dividing by the rate difference.,"The correct answer is 15 because Set the models equal: 57 + 4x = 27 + 6x. Then 30 = 2x, so x = 15.",Ask which machine is cheaper before and after the break-even time.
eng_math_linear_001,Undo the outside addition first.,"After dividing, solve the remaining x plus constant equation.",Subtract 1: 3(x + 2) = 12. Divide by 3: x + 2 = 4. Subtract 2: x = 2.,Dividing the whole right side before removing the final constant.,The correct answer is 2 because Subtract 1: 3(x + 2) = 12. Divide by 3: x + 2 = 4. Subtract 2: x = 2.,Put the variable expression on both sides.
eng_math_linear_002,Undo the outside addition first.,"After dividing, solve the remaining x plus constant equation.",Subtract 2: 4(x + 3) = 24. Divide by 4: x + 3 = 6. Subtract 3: x = 3.,Dividing the whole right side before removing the final constant.,The correct answer is 3 because Subtract 2: 4(x + 3) = 24. Divide by 4: x + 3 = 6. Subtract 3: x = 3.,Put the variable expression on both sides.
eng_math_linear_003,Undo the outside addition first.,"After dividing, solve the remaining x plus constant equation.",Subtract 3: 5(x + 4) = 40. Divide by 5: x + 4 = 8. Subtract 4: x = 4.,Dividing the whole right side before removing the final constant.,The correct answer is 4 because Subtract 3: 5(x + 4) = 40. Divide by 5: x + 4 = 8. Subtract 4: x = 4.,Put the variable expression on both sides.
eng_math_linear_004,Undo the outside addition first.,"After dividing, solve the remaining x plus constant equation.",Subtract 4: 6(x + 5) = 60. Divide by 6: x + 5 = 10. Subtract 5: x = 5.,Dividing the whole right side before removing the final constant.,The correct answer is 5 because Subtract 4: 6(x + 5) = 60. Divide by 6: x + 5 = 10. Subtract 5: x = 5.,Put the variable expression on both sides.
eng_math_linear_005,Undo the outside addition first.,"After dividing, solve the remaining x plus constant equation.",Subtract 5: 7(x + 2) = 56. Divide by 7: x + 2 = 8. Subtract 2: x = 6.,Dividing the whole right side before removing the final constant.,The correct answer is 6 because Subtract 5: 7(x + 2) = 56. Divide by 7: x + 2 = 8. Subtract 2: x = 6.,Put the variable expression on both sides.
eng_math_linear_006,Undo the outside addition first.,"After dividing, solve the remaining x plus constant equation.",Subtract 6: 3(x + 3) = 30. Divide by 3: x + 3 = 10. Subtract 3: x = 7.,Dividing the whole right side before removing the final constant.,The correct answer is 7 because Subtract 6: 3(x + 3) = 30. Divide by 3: x + 3 = 10. Subtract 3: x = 7.,Put the variable expression on both sides.
eng_math_linear_007,Undo the outside addition first.,"After dividing, solve the remaining x plus constant equation.",Subtract 1: 4(x + 4) = 48. Divide by 4: x + 4 = 12. Subtract 4: x = 8.,Dividing the whole right side before removing the final constant.,The correct answer is 8 because Subtract 1: 4(x + 4) = 48. Divide by 4: x + 4 = 12. Subtract 4: x = 8.,Put the variable expression on both sides.
eng_math_linear_008,Undo the outside addition first.,"After dividing, solve the remaining x plus constant equation.",Subtract 2: 5(x + 5) = 70. Divide by 5: x + 5 = 14. Subtract 5: x = 9.,Dividing the whole right side before removing the final constant.,The correct answer is 9 because Subtract 2: 5(x + 5) = 70. Divide by 5: x + 5 = 14. Subtract 5: x = 9.,Put the variable expression on both sides.
eng_math_linear_009,Undo the outside addition first.,"After dividing, solve the remaining x plus constant equation.",Subtract 3: 6(x + 2) = 72. Divide by 6: x + 2 = 12. Subtract 2: x = 10.,Dividing the whole right side before removing the final constant.,The correct answer is 10 because Subtract 3: 6(x + 2) = 72. Divide by 6: x + 2 = 12. Subtract 2: x = 10.,Put the variable expression on both sides.
eng_math_linear_010,Undo the outside addition first.,"After dividing, solve the remaining x plus constant equation.",Subtract 4: 7(x + 3) = 98. Divide by 7: x + 3 = 14. Subtract 3: x = 11.,Dividing the whole right side before removing the final constant.,The correct answer is 11 because Subtract 4: 7(x + 3) = 98. Divide by 7: x + 3 = 14. Subtract 3: x = 11.,Put the variable expression on both sides.
eng_math_linear_011,Undo the outside addition first.,"After dividing, solve the remaining x plus constant equation.",Subtract 5: 3(x + 4) = 48. Divide by 3: x + 4 = 16. Subtract 4: x = 12.,Dividing the whole right side before removing the final constant.,The correct answer is 12 because Subtract 5: 3(x + 4) = 48. Divide by 3: x + 4 = 16. Subtract 4: x = 12.,Put the variable expression on both sides.
eng_math_linear_012,Undo the outside addition first.,"After dividing, solve the remaining x plus constant equation.",Subtract 6: 4(x + 5) = 72. Divide by 4: x + 5 = 18. Subtract 5: x = 13.,Dividing the whole right side before removing the final constant.,The correct answer is 13 because Subtract 6: 4(x + 5) = 72. Divide by 4: x + 5 = 18. Subtract 5: x = 13.,Put the variable expression on both sides.
eng_math_linear_013,Undo the outside addition first.,"After dividing, solve the remaining x plus constant equation.",Subtract 1: 5(x + 2) = 80. Divide by 5: x + 2 = 16. Subtract 2: x = 14.,Dividing the whole right side before removing the final constant.,The correct answer is 14 because Subtract 1: 5(x + 2) = 80. Divide by 5: x + 2 = 16. Subtract 2: x = 14.,Put the variable expression on both sides.
eng_math_linear_014,Undo the outside addition first.,"After dividing, solve the remaining x plus constant equation.",Subtract 2: 6(x + 3) = 108. Divide by 6: x + 3 = 18. Subtract 3: x = 15.,Dividing the whole right side before removing the final constant.,The correct answer is 15 because Subtract 2: 6(x + 3) = 108. Divide by 6: x + 3 = 18. Subtract 3: x = 15.,Put the variable expression on both sides.
eng_math_linear_015,Undo the outside addition first.,"After dividing, solve the remaining x plus constant equation.",Subtract 3: 7(x + 4) = 140. Divide by 7: x + 4 = 20. Subtract 4: x = 16.,Dividing the whole right side before removing the final constant.,The correct answer is 16 because Subtract 3: 7(x + 4) = 140. Divide by 7: x + 4 = 20. Subtract 4: x = 16.,Put the variable expression on both sides.
eng_math_linear_016,Undo the outside addition first.,"After dividing, solve the remaining x plus constant equation.",Subtract 4: 3(x + 5) = 66. Divide by 3: x + 5 = 22. Subtract 5: x = 17.,Dividing the whole right side before removing the final constant.,The correct answer is 17 because Subtract 4: 3(x + 5) = 66. Divide by 3: x + 5 = 22. Subtract 5: x = 17.,Put the variable expression on both sides.
eng_math_linear_017,Undo the outside addition first.,"After dividing, solve the remaining x plus constant equation.",Subtract 5: 4(x + 2) = 80. Divide by 4: x + 2 = 20. Subtract 2: x = 18.,Dividing the whole right side before removing the final constant.,The correct answer is 18 because Subtract 5: 4(x + 2) = 80. Divide by 4: x + 2 = 20. Subtract 2: x = 18.,Put the variable expression on both sides.
eng_math_linear_018,Undo the outside addition first.,"After dividing, solve the remaining x plus constant equation.",Subtract 6: 5(x + 3) = 110. Divide by 5: x + 3 = 22. Subtract 3: x = 19.,Dividing the whole right side before removing the final constant.,The correct answer is 19 because Subtract 6: 5(x + 3) = 110. Divide by 5: x + 3 = 22. Subtract 3: x = 19.,Put the variable expression on both sides.
eng_math_linear_019,Undo the outside addition first.,"After dividing, solve the remaining x plus constant equation.",Subtract 1: 6(x + 4) = 144. Divide by 6: x + 4 = 24. Subtract 4: x = 20.,Dividing the whole right side before removing the final constant.,The correct answer is 20 because Subtract 1: 6(x + 4) = 144. Divide by 6: x + 4 = 24. Subtract 4: x = 20.,Put the variable expression on both sides.
eng_math_linear_020,Undo the outside addition first.,"After dividing, solve the remaining x plus constant equation.",Subtract 2: 7(x + 5) = 182. Divide by 7: x + 5 = 26. Subtract 5: x = 21.,Dividing the whole right side before removing the final constant.,The correct answer is 21 because Subtract 2: 7(x + 5) = 182. Divide by 7: x + 5 = 26. Subtract 5: x = 21.,Put the variable expression on both sides.
eng_math_quad_001,Find two numbers that multiply to the constant term.,The same two numbers should add to the x-coefficient.,"The expression factors as (x - 1)(x - 2) = 0, so x = 1 or x = 2.",Reporting the factor numbers without changing signs for the roots.,"The correct answer is 1,2 because The expression factors as (x - 1)(x - 2) = 0, so x = 1 or x = 2.",Use the quadratic formula when the expression does not factor cleanly.
eng_math_quad_002,Find two numbers that multiply to the constant term.,The same two numbers should add to the x-coefficient.,"The expression factors as (x - 2)(x - 4) = 0, so x = 2 or x = 4.",Reporting the factor numbers without changing signs for the roots.,"The correct answer is 2,4 because The expression factors as (x - 2)(x - 4) = 0, so x = 2 or x = 4.",Use the quadratic formula when the expression does not factor cleanly.
eng_math_quad_003,Find two numbers that multiply to the constant term.,The same two numbers should add to the x-coefficient.,"The expression factors as (x - 3)(x - 6) = 0, so x = 3 or x = 6.",Reporting the factor numbers without changing signs for the roots.,"The correct answer is 3,6 because The expression factors as (x - 3)(x - 6) = 0, so x = 3 or x = 6.",Use the quadratic formula when the expression does not factor cleanly.
eng_math_quad_004,Find two numbers that multiply to the constant term.,The same two numbers should add to the x-coefficient.,"The expression factors as (x - 4)(x - 8) = 0, so x = 4 or x = 8.",Reporting the factor numbers without changing signs for the roots.,"The correct answer is 4,8 because The expression factors as (x - 4)(x - 8) = 0, so x = 4 or x = 8.",Use the quadratic formula when the expression does not factor cleanly.
eng_math_quad_005,Find two numbers that multiply to the constant term.,The same two numbers should add to the x-coefficient.,"The expression factors as (x - 5)(x - 10) = 0, so x = 5 or x = 10.",Reporting the factor numbers without changing signs for the roots.,"The correct answer is 5,10 because The expression factors as (x - 5)(x - 10) = 0, so x = 5 or x = 10.",Use the quadratic formula when the expression does not factor cleanly.
eng_math_quad_006,Find two numbers that multiply to the constant term.,The same two numbers should add to the x-coefficient.,"The expression factors as (x - 1)(x - 2) = 0, so x = 1 or x = 2.",Reporting the factor numbers without changing signs for the roots.,"The correct answer is 1,2 because The expression factors as (x - 1)(x - 2) = 0, so x = 1 or x = 2.",Use the quadratic formula when the expression does not factor cleanly.
eng_math_quad_007,Find two numbers that multiply to the constant term.,The same two numbers should add to the x-coefficient.,"The expression factors as (x - 2)(x - 4) = 0, so x = 2 or x = 4.",Reporting the factor numbers without changing signs for the roots.,"The correct answer is 2,4 because The expression factors as (x - 2)(x - 4) = 0, so x = 2 or x = 4.",Use the quadratic formula when the expression does not factor cleanly.
eng_math_quad_008,Find two numbers that multiply to the constant term.,The same two numbers should add to the x-coefficient.,"The expression factors as (x - 3)(x - 6) = 0, so x = 3 or x = 6.",Reporting the factor numbers without changing signs for the roots.,"The correct answer is 3,6 because The expression factors as (x - 3)(x - 6) = 0, so x = 3 or x = 6.",Use the quadratic formula when the expression does not factor cleanly.
eng_math_quad_009,Find two numbers that multiply to the constant term.,The same two numbers should add to the x-coefficient.,"The expression factors as (x - 4)(x - 8) = 0, so x = 4 or x = 8.",Reporting the factor numbers without changing signs for the roots.,"The correct answer is 4,8 because The expression factors as (x - 4)(x - 8) = 0, so x = 4 or x = 8.",Use the quadratic formula when the expression does not factor cleanly.
eng_math_quad_010,Find two numbers that multiply to the constant term.,The same two numbers should add to the x-coefficient.,"The expression factors as (x - 5)(x - 10) = 0, so x = 5 or x = 10.",Reporting the factor numbers without changing signs for the roots.,"The correct answer is 5,10 because The expression factors as (x - 5)(x - 10) = 0, so x = 5 or x = 10.",Use the quadratic formula when the expression does not factor cleanly.
eng_math_quad_011,Find two numbers that multiply to the constant term.,The same two numbers should add to the x-coefficient.,"The expression factors as (x - 1)(x - 2) = 0, so x = 1 or x = 2.",Reporting the factor numbers without changing signs for the roots.,"The correct answer is 1,2 because The expression factors as (x - 1)(x - 2) = 0, so x = 1 or x = 2.",Use the quadratic formula when the expression does not factor cleanly.
eng_math_quad_012,Find two numbers that multiply to the constant term.,The same two numbers should add to the x-coefficient.,"The expression factors as (x - 2)(x - 4) = 0, so x = 2 or x = 4.",Reporting the factor numbers without changing signs for the roots.,"The correct answer is 2,4 because The expression factors as (x - 2)(x - 4) = 0, so x = 2 or x = 4.",Use the quadratic formula when the expression does not factor cleanly.
eng_math_quad_013,Find two numbers that multiply to the constant term.,The same two numbers should add to the x-coefficient.,"The expression factors as (x - 3)(x - 6) = 0, so x = 3 or x = 6.",Reporting the factor numbers without changing signs for the roots.,"The correct answer is 3,6 because The expression factors as (x - 3)(x - 6) = 0, so x = 3 or x = 6.",Use the quadratic formula when the expression does not factor cleanly.
eng_math_quad_014,Find two numbers that multiply to the constant term.,The same two numbers should add to the x-coefficient.,"The expression factors as (x - 4)(x - 8) = 0, so x = 4 or x = 8.",Reporting the factor numbers without changing signs for the roots.,"The correct answer is 4,8 because The expression factors as (x - 4)(x - 8) = 0, so x = 4 or x = 8.",Use the quadratic formula when the expression does not factor cleanly.
eng_math_quad_015,Find two numbers that multiply to the constant term.,The same two numbers should add to the x-coefficient.,"The expression factors as (x - 5)(x - 10) = 0, so x = 5 or x = 10.",Reporting the factor numbers without changing signs for the roots.,"The correct answer is 5,10 because The expression factors as (x - 5)(x - 10) = 0, so x = 5 or x = 10.",Use the quadratic formula when the expression does not factor cleanly.
eng_math_quad_016,Find two numbers that multiply to the constant term.,The same two numbers should add to the x-coefficient.,"The expression factors as (x - 1)(x - 2) = 0, so x = 1 or x = 2.",Reporting the factor numbers without changing signs for the roots.,"The correct answer is 1,2 because The expression factors as (x - 1)(x - 2) = 0, so x = 1 or x = 2.",Use the quadratic formula when the expression does not factor cleanly.
eng_math_quad_017,Find two numbers that multiply to the constant term.,The same two numbers should add to the x-coefficient.,"The expression factors as (x - 2)(x - 4) = 0, so x = 2 or x = 4.",Reporting the factor numbers without changing signs for the roots.,"The correct answer is 2,4 because The expression factors as (x - 2)(x - 4) = 0, so x = 2 or x = 4.",Use the quadratic formula when the expression does not factor cleanly.
eng_math_quad_018,Find two numbers that multiply to the constant term.,The same two numbers should add to the x-coefficient.,"The expression factors as (x - 3)(x - 6) = 0, so x = 3 or x = 6.",Reporting the factor numbers without changing signs for the roots.,"The correct answer is 3,6 because The expression factors as (x - 3)(x - 6) = 0, so x = 3 or x = 6.",Use the quadratic formula when the expression does not factor cleanly.
eng_math_quad_019,Find two numbers that multiply to the constant term.,The same two numbers should add to the x-coefficient.,"The expression factors as (x - 4)(x - 8) = 0, so x = 4 or x = 8.",Reporting the factor numbers without changing signs for the roots.,"The correct answer is 4,8 because The expression factors as (x - 4)(x - 8) = 0, so x = 4 or x = 8.",Use the quadratic formula when the expression does not factor cleanly.
eng_math_quad_020,Find two numbers that multiply to the constant term.,The same two numbers should add to the x-coefficient.,"The expression factors as (x - 5)(x - 10) = 0, so x = 5 or x = 10.",Reporting the factor numbers without changing signs for the roots.,"The correct answer is 5,10 because The expression factors as (x - 5)(x - 10) = 0, so x = 5 or x = 10.",Use the quadratic formula when the expression does not factor cleanly.
eng_math_prop_001,Write the relationship as y = kx.,"Use the first pair to find k, then apply it to the new x-value.","Direct proportionality means y = kx. Since 12 = k(4), k = 3. When x = 7, y = 3(7) = 21.",Adding the change in x to y instead of using the constant of proportionality.,"The correct answer is 21 because Direct proportionality means y = kx. Since 12 = k(4), k = 3. When x = 7, y = 3(7) = 21.",Use inverse proportionality and compare the model.
eng_math_prop_002,Write the relationship as y = kx.,"Use the first pair to find k, then apply it to the new x-value.","Direct proportionality means y = kx. Since 20 = k(5), k = 4. When x = 8, y = 4(8) = 32.",Adding the change in x to y instead of using the constant of proportionality.,"The correct answer is 32 because Direct proportionality means y = kx. Since 20 = k(5), k = 4. When x = 8, y = 4(8) = 32.",Use inverse proportionality and compare the model.
eng_math_prop_003,Write the relationship as y = kx.,"Use the first pair to find k, then apply it to the new x-value.","Direct proportionality means y = kx. Since 30 = k(6), k = 5. When x = 9, y = 5(9) = 45.",Adding the change in x to y instead of using the constant of proportionality.,"The correct answer is 45 because Direct proportionality means y = kx. Since 30 = k(6), k = 5. When x = 9, y = 5(9) = 45.",Use inverse proportionality and compare the model.
eng_math_prop_004,Write the relationship as y = kx.,"Use the first pair to find k, then apply it to the new x-value.","Direct proportionality means y = kx. Since 42 = k(7), k = 6. When x = 10, y = 6(10) = 60.",Adding the change in x to y instead of using the constant of proportionality.,"The correct answer is 60 because Direct proportionality means y = kx. Since 42 = k(7), k = 6. When x = 10, y = 6(10) = 60.",Use inverse proportionality and compare the model.
eng_math_prop_005,Write the relationship as y = kx.,"Use the first pair to find k, then apply it to the new x-value.","Direct proportionality means y = kx. Since 56 = k(8), k = 7. When x = 11, y = 7(11) = 77.",Adding the change in x to y instead of using the constant of proportionality.,"The correct answer is 77 because Direct proportionality means y = kx. Since 56 = k(8), k = 7. When x = 11, y = 7(11) = 77.",Use inverse proportionality and compare the model.
eng_math_prop_006,Write the relationship as y = kx.,"Use the first pair to find k, then apply it to the new x-value.","Direct proportionality means y = kx. Since 27 = k(9), k = 3. When x = 12, y = 3(12) = 36.",Adding the change in x to y instead of using the constant of proportionality.,"The correct answer is 36 because Direct proportionality means y = kx. Since 27 = k(9), k = 3. When x = 12, y = 3(12) = 36.",Use inverse proportionality and compare the model.
eng_math_prop_007,Write the relationship as y = kx.,"Use the first pair to find k, then apply it to the new x-value.","Direct proportionality means y = kx. Since 40 = k(10), k = 4. When x = 13, y = 4(13) = 52.",Adding the change in x to y instead of using the constant of proportionality.,"The correct answer is 52 because Direct proportionality means y = kx. Since 40 = k(10), k = 4. When x = 13, y = 4(13) = 52.",Use inverse proportionality and compare the model.
eng_math_prop_008,Write the relationship as y = kx.,"Use the first pair to find k, then apply it to the new x-value.","Direct proportionality means y = kx. Since 55 = k(11), k = 5. When x = 14, y = 5(14) = 70.",Adding the change in x to y instead of using the constant of proportionality.,"The correct answer is 70 because Direct proportionality means y = kx. Since 55 = k(11), k = 5. When x = 14, y = 5(14) = 70.",Use inverse proportionality and compare the model.
eng_math_prop_009,Write the relationship as y = kx.,"Use the first pair to find k, then apply it to the new x-value.","Direct proportionality means y = kx. Since 72 = k(12), k = 6. When x = 15, y = 6(15) = 90.",Adding the change in x to y instead of using the constant of proportionality.,"The correct answer is 90 because Direct proportionality means y = kx. Since 72 = k(12), k = 6. When x = 15, y = 6(15) = 90.",Use inverse proportionality and compare the model.
eng_math_prop_010,Write the relationship as y = kx.,"Use the first pair to find k, then apply it to the new x-value.","Direct proportionality means y = kx. Since 91 = k(13), k = 7. When x = 16, y = 7(16) = 112.",Adding the change in x to y instead of using the constant of proportionality.,"The correct answer is 112 because Direct proportionality means y = kx. Since 91 = k(13), k = 7. When x = 16, y = 7(16) = 112.",Use inverse proportionality and compare the model.
eng_math_prop_011,Write the relationship as y = kx.,"Use the first pair to find k, then apply it to the new x-value.","Direct proportionality means y = kx. Since 42 = k(14), k = 3. When x = 17, y = 3(17) = 51.",Adding the change in x to y instead of using the constant of proportionality.,"The correct answer is 51 because Direct proportionality means y = kx. Since 42 = k(14), k = 3. When x = 17, y = 3(17) = 51.",Use inverse proportionality and compare the model.
eng_math_prop_012,Write the relationship as y = kx.,"Use the first pair to find k, then apply it to the new x-value.","Direct proportionality means y = kx. Since 60 = k(15), k = 4. When x = 18, y = 4(18) = 72.",Adding the change in x to y instead of using the constant of proportionality.,"The correct answer is 72 because Direct proportionality means y = kx. Since 60 = k(15), k = 4. When x = 18, y = 4(18) = 72.",Use inverse proportionality and compare the model.
eng_math_prop_013,Write the relationship as y = kx.,"Use the first pair to find k, then apply it to the new x-value.","Direct proportionality means y = kx. Since 80 = k(16), k = 5. When x = 19, y = 5(19) = 95.",Adding the change in x to y instead of using the constant of proportionality.,"The correct answer is 95 because Direct proportionality means y = kx. Since 80 = k(16), k = 5. When x = 19, y = 5(19) = 95.",Use inverse proportionality and compare the model.
eng_math_prop_014,Write the relationship as y = kx.,"Use the first pair to find k, then apply it to the new x-value.","Direct proportionality means y = kx. Since 102 = k(17), k = 6. When x = 20, y = 6(20) = 120.",Adding the change in x to y instead of using the constant of proportionality.,"The correct answer is 120 because Direct proportionality means y = kx. Since 102 = k(17), k = 6. When x = 20, y = 6(20) = 120.",Use inverse proportionality and compare the model.
eng_math_prop_015,Write the relationship as y = kx.,"Use the first pair to find k, then apply it to the new x-value.","Direct proportionality means y = kx. Since 126 = k(18), k = 7. When x = 21, y = 7(21) = 147.",Adding the change in x to y instead of using the constant of proportionality.,"The correct answer is 147 because Direct proportionality means y = kx. Since 126 = k(18), k = 7. When x = 21, y = 7(21) = 147.",Use inverse proportionality and compare the model.
eng_math_prop_016,Write the relationship as y = kx.,"Use the first pair to find k, then apply it to the new x-value.","Direct proportionality means y = kx. Since 57 = k(19), k = 3. When x = 22, y = 3(22) = 66.",Adding the change in x to y instead of using the constant of proportionality.,"The correct answer is 66 because Direct proportionality means y = kx. Since 57 = k(19), k = 3. When x = 22, y = 3(22) = 66.",Use inverse proportionality and compare the model.
eng_math_prop_017,Write the relationship as y = kx.,"Use the first pair to find k, then apply it to the new x-value.","Direct proportionality means y = kx. Since 80 = k(20), k = 4. When x = 23, y = 4(23) = 92.",Adding the change in x to y instead of using the constant of proportionality.,"The correct answer is 92 because Direct proportionality means y = kx. Since 80 = k(20), k = 4. When x = 23, y = 4(23) = 92.",Use inverse proportionality and compare the model.
eng_math_prop_018,Write the relationship as y = kx.,"Use the first pair to find k, then apply it to the new x-value.","Direct proportionality means y = kx. Since 105 = k(21), k = 5. When x = 24, y = 5(24) = 120.",Adding the change in x to y instead of using the constant of proportionality.,"The correct answer is 120 because Direct proportionality means y = kx. Since 105 = k(21), k = 5. When x = 24, y = 5(24) = 120.",Use inverse proportionality and compare the model.
eng_math_prop_019,Write the relationship as y = kx.,"Use the first pair to find k, then apply it to the new x-value.","Direct proportionality means y = kx. Since 132 = k(22), k = 6. When x = 25, y = 6(25) = 150.",Adding the change in x to y instead of using the constant of proportionality.,"The correct answer is 150 because Direct proportionality means y = kx. Since 132 = k(22), k = 6. When x = 25, y = 6(25) = 150.",Use inverse proportionality and compare the model.
eng_math_prop_020,Write the relationship as y = kx.,"Use the first pair to find k, then apply it to the new x-value.","Direct proportionality means y = kx. Since 161 = k(23), k = 7. When x = 26, y = 7(26) = 182.",Adding the change in x to y instead of using the constant of proportionality.,"The correct answer is 182 because Direct proportionality means y = kx. Since 161 = k(23), k = 7. When x = 26, y = 7(26) = 182.",Use inverse proportionality and compare the model.
