id,statement,answer,answer_type,choices,difficulty,concepts,skills,patterns,misconceptions,solution,course,theme,chapter,chapter_title,sequence,source_collection,source_file,taxonomy_layer,taxonomy_stage,problem_type,cognitive_tags,estimated_time_seconds,notes
eng_math_formula_001,Rearrange y = 2x + 3 to make x the subject.,(y-3)/2,multiple_choice,A:(y-3)/2|B:y-3/2|C:(y+3)/2|D:2/(y-3)|E:17/2,4,alg_linear_equations;prealg_simplification,formula_transposition;inverse_operations,symbolic_rearrangement;linear_equation_structure,inverse_operation_order_error;division_scope_error,Subtract 3 from both sides to get y - 3 = 2x. Divide by 2: x = (y - 3)/2.,Algebra 1,Engineering Algebra Foundations,engineers-math-01-formula-transposition,Formulae and Transposition,6100,mathematics_for_engineers_croft_davison,"local-pdf: Mathematics for Engineers_Anthony Croft, Robert Davison.pdf; Mathematics for Engineers Chapter 5 Block 7 Formulae and Transposition",Standard,Algebra Readiness,formula_rearrangement,symbolic_fluency;inverse_operations,110,Original-equivalent bridge item generated from local textbook coverage signals. No full textbook exercise text is reproduced.
eng_math_formula_002,Rearrange y = 3x + 4 to make x the subject.,(y-4)/3,multiple_choice,A:y-4/3|B:(y+4)/3|C:3/(y-4)|D:19/3|E:(y-4)/3,4,alg_linear_equations;prealg_simplification,formula_transposition;inverse_operations,symbolic_rearrangement;linear_equation_structure,inverse_operation_order_error;division_scope_error,Subtract 4 from both sides to get y - 4 = 3x. Divide by 3: x = (y - 4)/3.,Algebra 1,Engineering Algebra Foundations,engineers-math-01-formula-transposition,Formulae and Transposition,6101,mathematics_for_engineers_croft_davison,"local-pdf: Mathematics for Engineers_Anthony Croft, Robert Davison.pdf; Mathematics for Engineers Chapter 5 Block 7 Formulae and Transposition",Standard,Algebra Readiness,formula_rearrangement,symbolic_fluency;inverse_operations,110,Original-equivalent bridge item generated from local textbook coverage signals. No full textbook exercise text is reproduced.
eng_math_formula_003,Rearrange y = 4x + 5 to make x the subject.,(y-5)/4,multiple_choice,A:(y+5)/4|B:4/(y-5)|C:21/4|D:(y-5)/4|E:y-5/4,4,alg_linear_equations;prealg_simplification,formula_transposition;inverse_operations,symbolic_rearrangement;linear_equation_structure,inverse_operation_order_error;division_scope_error,Subtract 5 from both sides to get y - 5 = 4x. Divide by 4: x = (y - 5)/4.,Algebra 1,Engineering Algebra Foundations,engineers-math-01-formula-transposition,Formulae and Transposition,6102,mathematics_for_engineers_croft_davison,"local-pdf: Mathematics for Engineers_Anthony Croft, Robert Davison.pdf; Mathematics for Engineers Chapter 5 Block 7 Formulae and Transposition",Standard,Algebra Readiness,formula_rearrangement,symbolic_fluency;inverse_operations,110,Original-equivalent bridge item generated from local textbook coverage signals. No full textbook exercise text is reproduced.
eng_math_formula_004,Rearrange y = 5x + 6 to make x the subject.,(y-6)/5,multiple_choice,A:5/(y-6)|B:23/5|C:(y-6)/5|D:y-6/5|E:(y+6)/5,4,alg_linear_equations;prealg_simplification,formula_transposition;inverse_operations,symbolic_rearrangement;linear_equation_structure,inverse_operation_order_error;division_scope_error,Subtract 6 from both sides to get y - 6 = 5x. Divide by 5: x = (y - 6)/5.,Algebra 1,Engineering Algebra Foundations,engineers-math-01-formula-transposition,Formulae and Transposition,6103,mathematics_for_engineers_croft_davison,"local-pdf: Mathematics for Engineers_Anthony Croft, Robert Davison.pdf; Mathematics for Engineers Chapter 5 Block 7 Formulae and Transposition",Standard,Algebra Readiness,formula_rearrangement,symbolic_fluency;inverse_operations,110,Original-equivalent bridge item generated from local textbook coverage signals. No full textbook exercise text is reproduced.
eng_math_formula_005,Rearrange y = 6x + 7 to make x the subject.,(y-7)/6,multiple_choice,A:25/6|B:(y-7)/6|C:y-7/6|D:(y+7)/6|E:6/(y-7),4,alg_linear_equations;prealg_simplification,formula_transposition;inverse_operations,symbolic_rearrangement;linear_equation_structure,inverse_operation_order_error;division_scope_error,Subtract 7 from both sides to get y - 7 = 6x. Divide by 6: x = (y - 7)/6.,Algebra 1,Engineering Algebra Foundations,engineers-math-01-formula-transposition,Formulae and Transposition,6104,mathematics_for_engineers_croft_davison,"local-pdf: Mathematics for Engineers_Anthony Croft, Robert Davison.pdf; Mathematics for Engineers Chapter 5 Block 7 Formulae and Transposition",Standard,Algebra Readiness,formula_rearrangement,symbolic_fluency;inverse_operations,110,Original-equivalent bridge item generated from local textbook coverage signals. No full textbook exercise text is reproduced.
eng_math_formula_006,Rearrange y = 2x + 8 to make x the subject.,(y-8)/2,multiple_choice,A:(y-8)/2|B:y-8/2|C:(y+8)/2|D:2/(y-8)|E:27/2,4,alg_linear_equations;prealg_simplification,formula_transposition;inverse_operations,symbolic_rearrangement;linear_equation_structure,inverse_operation_order_error;division_scope_error,Subtract 8 from both sides to get y - 8 = 2x. Divide by 2: x = (y - 8)/2.,Algebra 1,Engineering Algebra Foundations,engineers-math-01-formula-transposition,Formulae and Transposition,6105,mathematics_for_engineers_croft_davison,"local-pdf: Mathematics for Engineers_Anthony Croft, Robert Davison.pdf; Mathematics for Engineers Chapter 5 Block 7 Formulae and Transposition",Standard,Algebra Readiness,formula_rearrangement,symbolic_fluency;inverse_operations,110,Original-equivalent bridge item generated from local textbook coverage signals. No full textbook exercise text is reproduced.
eng_math_formula_007,Rearrange y = 3x + 3 to make x the subject.,(y-3)/3,multiple_choice,A:y-3/3|B:(y+3)/3|C:3/(y-3)|D:35/3|E:(y-3)/3,4,alg_linear_equations;prealg_simplification,formula_transposition;inverse_operations,symbolic_rearrangement;linear_equation_structure,inverse_operation_order_error;division_scope_error,Subtract 3 from both sides to get y - 3 = 3x. Divide by 3: x = (y - 3)/3.,Algebra 1,Engineering Algebra Foundations,engineers-math-01-formula-transposition,Formulae and Transposition,6106,mathematics_for_engineers_croft_davison,"local-pdf: Mathematics for Engineers_Anthony Croft, Robert Davison.pdf; Mathematics for Engineers Chapter 5 Block 7 Formulae and Transposition",Standard,Algebra Readiness,formula_rearrangement,symbolic_fluency;inverse_operations,110,Original-equivalent bridge item generated from local textbook coverage signals. No full textbook exercise text is reproduced.
eng_math_formula_008,Rearrange y = 4x + 4 to make x the subject.,(y-4)/4,multiple_choice,A:(y+4)/4|B:4/(y-4)|C:37/4|D:(y-4)/4|E:y-4/4,4,alg_linear_equations;prealg_simplification,formula_transposition;inverse_operations,symbolic_rearrangement;linear_equation_structure,inverse_operation_order_error;division_scope_error,Subtract 4 from both sides to get y - 4 = 4x. Divide by 4: x = (y - 4)/4.,Algebra 1,Engineering Algebra Foundations,engineers-math-01-formula-transposition,Formulae and Transposition,6107,mathematics_for_engineers_croft_davison,"local-pdf: Mathematics for Engineers_Anthony Croft, Robert Davison.pdf; Mathematics for Engineers Chapter 5 Block 7 Formulae and Transposition",Standard,Algebra Readiness,formula_rearrangement,symbolic_fluency;inverse_operations,110,Original-equivalent bridge item generated from local textbook coverage signals. No full textbook exercise text is reproduced.
eng_math_formula_009,Rearrange y = 5x + 5 to make x the subject.,(y-5)/5,multiple_choice,A:5/(y-5)|B:39/5|C:(y-5)/5|D:y-5/5|E:(y+5)/5,4,alg_linear_equations;prealg_simplification,formula_transposition;inverse_operations,symbolic_rearrangement;linear_equation_structure,inverse_operation_order_error;division_scope_error,Subtract 5 from both sides to get y - 5 = 5x. Divide by 5: x = (y - 5)/5.,Algebra 1,Engineering Algebra Foundations,engineers-math-01-formula-transposition,Formulae and Transposition,6108,mathematics_for_engineers_croft_davison,"local-pdf: Mathematics for Engineers_Anthony Croft, Robert Davison.pdf; Mathematics for Engineers Chapter 5 Block 7 Formulae and Transposition",Standard,Algebra Readiness,formula_rearrangement,symbolic_fluency;inverse_operations,110,Original-equivalent bridge item generated from local textbook coverage signals. No full textbook exercise text is reproduced.
eng_math_formula_010,Rearrange y = 6x + 6 to make x the subject.,(y-6)/6,multiple_choice,A:41/6|B:(y-6)/6|C:y-6/6|D:(y+6)/6|E:6/(y-6),4,alg_linear_equations;prealg_simplification,formula_transposition;inverse_operations,symbolic_rearrangement;linear_equation_structure,inverse_operation_order_error;division_scope_error,Subtract 6 from both sides to get y - 6 = 6x. Divide by 6: x = (y - 6)/6.,Algebra 1,Engineering Algebra Foundations,engineers-math-01-formula-transposition,Formulae and Transposition,6109,mathematics_for_engineers_croft_davison,"local-pdf: Mathematics for Engineers_Anthony Croft, Robert Davison.pdf; Mathematics for Engineers Chapter 5 Block 7 Formulae and Transposition",Standard,Algebra Readiness,formula_rearrangement,symbolic_fluency;inverse_operations,110,Original-equivalent bridge item generated from local textbook coverage signals. No full textbook exercise text is reproduced.
eng_math_formula_011,Rearrange y = 2x + 7 to make x the subject.,(y-7)/2,multiple_choice,A:(y-7)/2|B:y-7/2|C:(y+7)/2|D:2/(y-7)|E:43/2,4,alg_linear_equations;prealg_simplification,formula_transposition;inverse_operations,symbolic_rearrangement;linear_equation_structure,inverse_operation_order_error;division_scope_error,Subtract 7 from both sides to get y - 7 = 2x. Divide by 2: x = (y - 7)/2.,Algebra 1,Engineering Algebra Foundations,engineers-math-01-formula-transposition,Formulae and Transposition,6110,mathematics_for_engineers_croft_davison,"local-pdf: Mathematics for Engineers_Anthony Croft, Robert Davison.pdf; Mathematics for Engineers Chapter 5 Block 7 Formulae and Transposition",Standard,Algebra Readiness,formula_rearrangement,symbolic_fluency;inverse_operations,110,Original-equivalent bridge item generated from local textbook coverage signals. No full textbook exercise text is reproduced.
eng_math_formula_012,Rearrange y = 3x + 8 to make x the subject.,(y-8)/3,multiple_choice,A:y-8/3|B:(y+8)/3|C:3/(y-8)|D:45/3|E:(y-8)/3,4,alg_linear_equations;prealg_simplification,formula_transposition;inverse_operations,symbolic_rearrangement;linear_equation_structure,inverse_operation_order_error;division_scope_error,Subtract 8 from both sides to get y - 8 = 3x. Divide by 3: x = (y - 8)/3.,Algebra 1,Engineering Algebra Foundations,engineers-math-01-formula-transposition,Formulae and Transposition,6111,mathematics_for_engineers_croft_davison,"local-pdf: Mathematics for Engineers_Anthony Croft, Robert Davison.pdf; Mathematics for Engineers Chapter 5 Block 7 Formulae and Transposition",Standard,Algebra Readiness,formula_rearrangement,symbolic_fluency;inverse_operations,110,Original-equivalent bridge item generated from local textbook coverage signals. No full textbook exercise text is reproduced.
eng_math_formula_013,Rearrange y = 4x + 3 to make x the subject.,(y-3)/4,multiple_choice,A:(y+3)/4|B:4/(y-3)|C:53/4|D:(y-3)/4|E:y-3/4,4,alg_linear_equations;prealg_simplification,formula_transposition;inverse_operations,symbolic_rearrangement;linear_equation_structure,inverse_operation_order_error;division_scope_error,Subtract 3 from both sides to get y - 3 = 4x. Divide by 4: x = (y - 3)/4.,Algebra 1,Engineering Algebra Foundations,engineers-math-01-formula-transposition,Formulae and Transposition,6112,mathematics_for_engineers_croft_davison,"local-pdf: Mathematics for Engineers_Anthony Croft, Robert Davison.pdf; Mathematics for Engineers Chapter 5 Block 7 Formulae and Transposition",Standard,Algebra Readiness,formula_rearrangement,symbolic_fluency;inverse_operations,110,Original-equivalent bridge item generated from local textbook coverage signals. No full textbook exercise text is reproduced.
eng_math_formula_014,Rearrange y = 5x + 4 to make x the subject.,(y-4)/5,multiple_choice,A:5/(y-4)|B:55/5|C:(y-4)/5|D:y-4/5|E:(y+4)/5,4,alg_linear_equations;prealg_simplification,formula_transposition;inverse_operations,symbolic_rearrangement;linear_equation_structure,inverse_operation_order_error;division_scope_error,Subtract 4 from both sides to get y - 4 = 5x. Divide by 5: x = (y - 4)/5.,Algebra 1,Engineering Algebra Foundations,engineers-math-01-formula-transposition,Formulae and Transposition,6113,mathematics_for_engineers_croft_davison,"local-pdf: Mathematics for Engineers_Anthony Croft, Robert Davison.pdf; Mathematics for Engineers Chapter 5 Block 7 Formulae and Transposition",Standard,Algebra Readiness,formula_rearrangement,symbolic_fluency;inverse_operations,110,Original-equivalent bridge item generated from local textbook coverage signals. No full textbook exercise text is reproduced.
eng_math_formula_015,Rearrange y = 6x + 5 to make x the subject.,(y-5)/6,multiple_choice,A:57/6|B:(y-5)/6|C:y-5/6|D:(y+5)/6|E:6/(y-5),4,alg_linear_equations;prealg_simplification,formula_transposition;inverse_operations,symbolic_rearrangement;linear_equation_structure,inverse_operation_order_error;division_scope_error,Subtract 5 from both sides to get y - 5 = 6x. Divide by 6: x = (y - 5)/6.,Algebra 1,Engineering Algebra Foundations,engineers-math-01-formula-transposition,Formulae and Transposition,6114,mathematics_for_engineers_croft_davison,"local-pdf: Mathematics for Engineers_Anthony Croft, Robert Davison.pdf; Mathematics for Engineers Chapter 5 Block 7 Formulae and Transposition",Standard,Algebra Readiness,formula_rearrangement,symbolic_fluency;inverse_operations,110,Original-equivalent bridge item generated from local textbook coverage signals. No full textbook exercise text is reproduced.
eng_math_formula_016,Rearrange y = 2x + 6 to make x the subject.,(y-6)/2,multiple_choice,A:(y-6)/2|B:y-6/2|C:(y+6)/2|D:2/(y-6)|E:59/2,4,alg_linear_equations;prealg_simplification,formula_transposition;inverse_operations,symbolic_rearrangement;linear_equation_structure,inverse_operation_order_error;division_scope_error,Subtract 6 from both sides to get y - 6 = 2x. Divide by 2: x = (y - 6)/2.,Algebra 1,Engineering Algebra Foundations,engineers-math-01-formula-transposition,Formulae and Transposition,6115,mathematics_for_engineers_croft_davison,"local-pdf: Mathematics for Engineers_Anthony Croft, Robert Davison.pdf; Mathematics for Engineers Chapter 5 Block 7 Formulae and Transposition",Standard,Algebra Readiness,formula_rearrangement,symbolic_fluency;inverse_operations,110,Original-equivalent bridge item generated from local textbook coverage signals. No full textbook exercise text is reproduced.
eng_math_formula_017,Rearrange y = 3x + 7 to make x the subject.,(y-7)/3,multiple_choice,A:y-7/3|B:(y+7)/3|C:3/(y-7)|D:61/3|E:(y-7)/3,4,alg_linear_equations;prealg_simplification,formula_transposition;inverse_operations,symbolic_rearrangement;linear_equation_structure,inverse_operation_order_error;division_scope_error,Subtract 7 from both sides to get y - 7 = 3x. Divide by 3: x = (y - 7)/3.,Algebra 1,Engineering Algebra Foundations,engineers-math-01-formula-transposition,Formulae and Transposition,6116,mathematics_for_engineers_croft_davison,"local-pdf: Mathematics for Engineers_Anthony Croft, Robert Davison.pdf; Mathematics for Engineers Chapter 5 Block 7 Formulae and Transposition",Standard,Algebra Readiness,formula_rearrangement,symbolic_fluency;inverse_operations,110,Original-equivalent bridge item generated from local textbook coverage signals. No full textbook exercise text is reproduced.
eng_math_formula_018,Rearrange y = 4x + 8 to make x the subject.,(y-8)/4,multiple_choice,A:(y+8)/4|B:4/(y-8)|C:63/4|D:(y-8)/4|E:y-8/4,4,alg_linear_equations;prealg_simplification,formula_transposition;inverse_operations,symbolic_rearrangement;linear_equation_structure,inverse_operation_order_error;division_scope_error,Subtract 8 from both sides to get y - 8 = 4x. Divide by 4: x = (y - 8)/4.,Algebra 1,Engineering Algebra Foundations,engineers-math-01-formula-transposition,Formulae and Transposition,6117,mathematics_for_engineers_croft_davison,"local-pdf: Mathematics for Engineers_Anthony Croft, Robert Davison.pdf; Mathematics for Engineers Chapter 5 Block 7 Formulae and Transposition",Standard,Algebra Readiness,formula_rearrangement,symbolic_fluency;inverse_operations,110,Original-equivalent bridge item generated from local textbook coverage signals. No full textbook exercise text is reproduced.
eng_math_formula_019,Rearrange y = 5x + 3 to make x the subject.,(y-3)/5,multiple_choice,A:5/(y-3)|B:71/5|C:(y-3)/5|D:y-3/5|E:(y+3)/5,4,alg_linear_equations;prealg_simplification,formula_transposition;inverse_operations,symbolic_rearrangement;linear_equation_structure,inverse_operation_order_error;division_scope_error,Subtract 3 from both sides to get y - 3 = 5x. Divide by 5: x = (y - 3)/5.,Algebra 1,Engineering Algebra Foundations,engineers-math-01-formula-transposition,Formulae and Transposition,6118,mathematics_for_engineers_croft_davison,"local-pdf: Mathematics for Engineers_Anthony Croft, Robert Davison.pdf; Mathematics for Engineers Chapter 5 Block 7 Formulae and Transposition",Standard,Algebra Readiness,formula_rearrangement,symbolic_fluency;inverse_operations,110,Original-equivalent bridge item generated from local textbook coverage signals. No full textbook exercise text is reproduced.
eng_math_formula_020,Rearrange y = 6x + 4 to make x the subject.,(y-4)/6,multiple_choice,A:73/6|B:(y-4)/6|C:y-4/6|D:(y+4)/6|E:6/(y-4),4,alg_linear_equations;prealg_simplification,formula_transposition;inverse_operations,symbolic_rearrangement;linear_equation_structure,inverse_operation_order_error;division_scope_error,Subtract 4 from both sides to get y - 4 = 6x. Divide by 6: x = (y - 4)/6.,Algebra 1,Engineering Algebra Foundations,engineers-math-01-formula-transposition,Formulae and Transposition,6119,mathematics_for_engineers_croft_davison,"local-pdf: Mathematics for Engineers_Anthony Croft, Robert Davison.pdf; Mathematics for Engineers Chapter 5 Block 7 Formulae and Transposition",Standard,Algebra Readiness,formula_rearrangement,symbolic_fluency;inverse_operations,110,Original-equivalent bridge item generated from local textbook coverage signals. No full textbook exercise text is reproduced.
eng_math_units_001,A component is 120 cm long. Express this length in metres.,1.2,multiple_choice,A:1.2|B:12000|C:12|D:220|E:0.12,2,arith_decimals;arith_ratios,unit_conversion;decimal_place_value,unit_scaling;place_value_shift,scale_factor_error;decimal_place_error,"There are 100 cm in 1 metre, so 120 cm = 120/100 = 1.2 m.",Algebra 1,Engineering Foundation Modeling,engineers-math-00-units-measurement,Engineering Units and Measurement,6030,mathematics_for_engineers_croft_davison,"local-pdf: Mathematics for Engineers_Anthony Croft, Robert Davison.pdf; Mathematics for Engineers Foundation Review Units and Measurement",Foundation,Foundation,unit_conversion,unit_conversion;fluency_precision,90,Original-equivalent bridge item generated from local textbook coverage signals. No full textbook exercise text is reproduced.
eng_math_units_002,A component is 135 cm long. Express this length in metres.,1.35,multiple_choice,A:13500|B:13.5|C:235|D:0.14|E:1.35,2,arith_decimals;arith_ratios,unit_conversion;decimal_place_value,unit_scaling;place_value_shift,scale_factor_error;decimal_place_error,"There are 100 cm in 1 metre, so 135 cm = 135/100 = 1.35 m.",Algebra 1,Engineering Foundation Modeling,engineers-math-00-units-measurement,Engineering Units and Measurement,6031,mathematics_for_engineers_croft_davison,"local-pdf: Mathematics for Engineers_Anthony Croft, Robert Davison.pdf; Mathematics for Engineers Foundation Review Units and Measurement",Foundation,Foundation,unit_conversion,unit_conversion;fluency_precision,90,Original-equivalent bridge item generated from local textbook coverage signals. No full textbook exercise text is reproduced.
eng_math_units_003,A component is 150 cm long. Express this length in metres.,1.5,multiple_choice,A:15|B:250|C:0.15|D:1.5|E:15000,2,arith_decimals;arith_ratios,unit_conversion;decimal_place_value,unit_scaling;place_value_shift,scale_factor_error;decimal_place_error,"There are 100 cm in 1 metre, so 150 cm = 150/100 = 1.5 m.",Algebra 1,Engineering Foundation Modeling,engineers-math-00-units-measurement,Engineering Units and Measurement,6032,mathematics_for_engineers_croft_davison,"local-pdf: Mathematics for Engineers_Anthony Croft, Robert Davison.pdf; Mathematics for Engineers Foundation Review Units and Measurement",Foundation,Foundation,unit_conversion,unit_conversion;fluency_precision,90,Original-equivalent bridge item generated from local textbook coverage signals. No full textbook exercise text is reproduced.
eng_math_units_004,A component is 165 cm long. Express this length in metres.,1.65,multiple_choice,A:265|B:0.17|C:1.65|D:16500|E:16.5,2,arith_decimals;arith_ratios,unit_conversion;decimal_place_value,unit_scaling;place_value_shift,scale_factor_error;decimal_place_error,"There are 100 cm in 1 metre, so 165 cm = 165/100 = 1.65 m.",Algebra 1,Engineering Foundation Modeling,engineers-math-00-units-measurement,Engineering Units and Measurement,6033,mathematics_for_engineers_croft_davison,"local-pdf: Mathematics for Engineers_Anthony Croft, Robert Davison.pdf; Mathematics for Engineers Foundation Review Units and Measurement",Foundation,Foundation,unit_conversion,unit_conversion;fluency_precision,90,Original-equivalent bridge item generated from local textbook coverage signals. No full textbook exercise text is reproduced.
eng_math_units_005,A component is 180 cm long. Express this length in metres.,1.8,multiple_choice,A:0.18|B:1.8|C:18000|D:18|E:280,2,arith_decimals;arith_ratios,unit_conversion;decimal_place_value,unit_scaling;place_value_shift,scale_factor_error;decimal_place_error,"There are 100 cm in 1 metre, so 180 cm = 180/100 = 1.8 m.",Algebra 1,Engineering Foundation Modeling,engineers-math-00-units-measurement,Engineering Units and Measurement,6034,mathematics_for_engineers_croft_davison,"local-pdf: Mathematics for Engineers_Anthony Croft, Robert Davison.pdf; Mathematics for Engineers Foundation Review Units and Measurement",Foundation,Foundation,unit_conversion,unit_conversion;fluency_precision,90,Original-equivalent bridge item generated from local textbook coverage signals. No full textbook exercise text is reproduced.
eng_math_units_006,A component is 195 cm long. Express this length in metres.,1.95,multiple_choice,A:1.95|B:19500|C:19.5|D:295|E:0.2,2,arith_decimals;arith_ratios,unit_conversion;decimal_place_value,unit_scaling;place_value_shift,scale_factor_error;decimal_place_error,"There are 100 cm in 1 metre, so 195 cm = 195/100 = 1.95 m.",Algebra 1,Engineering Foundation Modeling,engineers-math-00-units-measurement,Engineering Units and Measurement,6035,mathematics_for_engineers_croft_davison,"local-pdf: Mathematics for Engineers_Anthony Croft, Robert Davison.pdf; Mathematics for Engineers Foundation Review Units and Measurement",Foundation,Foundation,unit_conversion,unit_conversion;fluency_precision,90,Original-equivalent bridge item generated from local textbook coverage signals. No full textbook exercise text is reproduced.
eng_math_units_007,A component is 210 cm long. Express this length in metres.,2.1,multiple_choice,A:21000|B:21|C:310|D:0.21|E:2.1,2,arith_decimals;arith_ratios,unit_conversion;decimal_place_value,unit_scaling;place_value_shift,scale_factor_error;decimal_place_error,"There are 100 cm in 1 metre, so 210 cm = 210/100 = 2.1 m.",Algebra 1,Engineering Foundation Modeling,engineers-math-00-units-measurement,Engineering Units and Measurement,6036,mathematics_for_engineers_croft_davison,"local-pdf: Mathematics for Engineers_Anthony Croft, Robert Davison.pdf; Mathematics for Engineers Foundation Review Units and Measurement",Foundation,Foundation,unit_conversion,unit_conversion;fluency_precision,90,Original-equivalent bridge item generated from local textbook coverage signals. No full textbook exercise text is reproduced.
eng_math_units_008,A component is 225 cm long. Express this length in metres.,2.25,multiple_choice,A:22.5|B:325|C:0.23|D:2.25|E:22500,2,arith_decimals;arith_ratios,unit_conversion;decimal_place_value,unit_scaling;place_value_shift,scale_factor_error;decimal_place_error,"There are 100 cm in 1 metre, so 225 cm = 225/100 = 2.25 m.",Algebra 1,Engineering Foundation Modeling,engineers-math-00-units-measurement,Engineering Units and Measurement,6037,mathematics_for_engineers_croft_davison,"local-pdf: Mathematics for Engineers_Anthony Croft, Robert Davison.pdf; Mathematics for Engineers Foundation Review Units and Measurement",Foundation,Foundation,unit_conversion,unit_conversion;fluency_precision,90,Original-equivalent bridge item generated from local textbook coverage signals. No full textbook exercise text is reproduced.
eng_math_units_009,A component is 240 cm long. Express this length in metres.,2.4,multiple_choice,A:340|B:0.24|C:2.4|D:24000|E:24,2,arith_decimals;arith_ratios,unit_conversion;decimal_place_value,unit_scaling;place_value_shift,scale_factor_error;decimal_place_error,"There are 100 cm in 1 metre, so 240 cm = 240/100 = 2.4 m.",Algebra 1,Engineering Foundation Modeling,engineers-math-00-units-measurement,Engineering Units and Measurement,6038,mathematics_for_engineers_croft_davison,"local-pdf: Mathematics for Engineers_Anthony Croft, Robert Davison.pdf; Mathematics for Engineers Foundation Review Units and Measurement",Foundation,Foundation,unit_conversion,unit_conversion;fluency_precision,90,Original-equivalent bridge item generated from local textbook coverage signals. No full textbook exercise text is reproduced.
eng_math_units_010,A component is 255 cm long. Express this length in metres.,2.55,multiple_choice,A:0.26|B:2.55|C:25500|D:25.5|E:355,2,arith_decimals;arith_ratios,unit_conversion;decimal_place_value,unit_scaling;place_value_shift,scale_factor_error;decimal_place_error,"There are 100 cm in 1 metre, so 255 cm = 255/100 = 2.55 m.",Algebra 1,Engineering Foundation Modeling,engineers-math-00-units-measurement,Engineering Units and Measurement,6039,mathematics_for_engineers_croft_davison,"local-pdf: Mathematics for Engineers_Anthony Croft, Robert Davison.pdf; Mathematics for Engineers Foundation Review Units and Measurement",Foundation,Foundation,unit_conversion,unit_conversion;fluency_precision,90,Original-equivalent bridge item generated from local textbook coverage signals. No full textbook exercise text is reproduced.
eng_math_units_011,A component is 270 cm long. Express this length in metres.,2.7,multiple_choice,A:2.7|B:27000|C:27|D:370|E:0.27,2,arith_decimals;arith_ratios,unit_conversion;decimal_place_value,unit_scaling;place_value_shift,scale_factor_error;decimal_place_error,"There are 100 cm in 1 metre, so 270 cm = 270/100 = 2.7 m.",Algebra 1,Engineering Foundation Modeling,engineers-math-00-units-measurement,Engineering Units and Measurement,6040,mathematics_for_engineers_croft_davison,"local-pdf: Mathematics for Engineers_Anthony Croft, Robert Davison.pdf; Mathematics for Engineers Foundation Review Units and Measurement",Foundation,Foundation,unit_conversion,unit_conversion;fluency_precision,90,Original-equivalent bridge item generated from local textbook coverage signals. No full textbook exercise text is reproduced.
eng_math_units_012,A component is 285 cm long. Express this length in metres.,2.85,multiple_choice,A:28500|B:28.5|C:385|D:0.28|E:2.85,2,arith_decimals;arith_ratios,unit_conversion;decimal_place_value,unit_scaling;place_value_shift,scale_factor_error;decimal_place_error,"There are 100 cm in 1 metre, so 285 cm = 285/100 = 2.85 m.",Algebra 1,Engineering Foundation Modeling,engineers-math-00-units-measurement,Engineering Units and Measurement,6041,mathematics_for_engineers_croft_davison,"local-pdf: Mathematics for Engineers_Anthony Croft, Robert Davison.pdf; Mathematics for Engineers Foundation Review Units and Measurement",Foundation,Foundation,unit_conversion,unit_conversion;fluency_precision,90,Original-equivalent bridge item generated from local textbook coverage signals. No full textbook exercise text is reproduced.
eng_math_units_013,A component is 300 cm long. Express this length in metres.,3,multiple_choice,A:30|B:400|C:0.3|D:3|E:30000,2,arith_decimals;arith_ratios,unit_conversion;decimal_place_value,unit_scaling;place_value_shift,scale_factor_error;decimal_place_error,"There are 100 cm in 1 metre, so 300 cm = 300/100 = 3 m.",Algebra 1,Engineering Foundation Modeling,engineers-math-00-units-measurement,Engineering Units and Measurement,6042,mathematics_for_engineers_croft_davison,"local-pdf: Mathematics for Engineers_Anthony Croft, Robert Davison.pdf; Mathematics for Engineers Foundation Review Units and Measurement",Foundation,Foundation,unit_conversion,unit_conversion;fluency_precision,90,Original-equivalent bridge item generated from local textbook coverage signals. No full textbook exercise text is reproduced.
eng_math_units_014,A component is 315 cm long. Express this length in metres.,3.15,multiple_choice,A:415|B:0.32|C:3.15|D:31500|E:31.5,2,arith_decimals;arith_ratios,unit_conversion;decimal_place_value,unit_scaling;place_value_shift,scale_factor_error;decimal_place_error,"There are 100 cm in 1 metre, so 315 cm = 315/100 = 3.15 m.",Algebra 1,Engineering Foundation Modeling,engineers-math-00-units-measurement,Engineering Units and Measurement,6043,mathematics_for_engineers_croft_davison,"local-pdf: Mathematics for Engineers_Anthony Croft, Robert Davison.pdf; Mathematics for Engineers Foundation Review Units and Measurement",Foundation,Foundation,unit_conversion,unit_conversion;fluency_precision,90,Original-equivalent bridge item generated from local textbook coverage signals. No full textbook exercise text is reproduced.
eng_math_units_015,A component is 330 cm long. Express this length in metres.,3.3,multiple_choice,A:0.33|B:3.3|C:33000|D:33|E:430,2,arith_decimals;arith_ratios,unit_conversion;decimal_place_value,unit_scaling;place_value_shift,scale_factor_error;decimal_place_error,"There are 100 cm in 1 metre, so 330 cm = 330/100 = 3.3 m.",Algebra 1,Engineering Foundation Modeling,engineers-math-00-units-measurement,Engineering Units and Measurement,6044,mathematics_for_engineers_croft_davison,"local-pdf: Mathematics for Engineers_Anthony Croft, Robert Davison.pdf; Mathematics for Engineers Foundation Review Units and Measurement",Foundation,Foundation,unit_conversion,unit_conversion;fluency_precision,90,Original-equivalent bridge item generated from local textbook coverage signals. No full textbook exercise text is reproduced.
eng_math_units_016,A component is 345 cm long. Express this length in metres.,3.45,multiple_choice,A:3.45|B:34500|C:34.5|D:445|E:0.34,2,arith_decimals;arith_ratios,unit_conversion;decimal_place_value,unit_scaling;place_value_shift,scale_factor_error;decimal_place_error,"There are 100 cm in 1 metre, so 345 cm = 345/100 = 3.45 m.",Algebra 1,Engineering Foundation Modeling,engineers-math-00-units-measurement,Engineering Units and Measurement,6045,mathematics_for_engineers_croft_davison,"local-pdf: Mathematics for Engineers_Anthony Croft, Robert Davison.pdf; Mathematics for Engineers Foundation Review Units and Measurement",Foundation,Foundation,unit_conversion,unit_conversion;fluency_precision,90,Original-equivalent bridge item generated from local textbook coverage signals. No full textbook exercise text is reproduced.
eng_math_units_017,A component is 360 cm long. Express this length in metres.,3.6,multiple_choice,A:36000|B:36|C:460|D:0.36|E:3.6,2,arith_decimals;arith_ratios,unit_conversion;decimal_place_value,unit_scaling;place_value_shift,scale_factor_error;decimal_place_error,"There are 100 cm in 1 metre, so 360 cm = 360/100 = 3.6 m.",Algebra 1,Engineering Foundation Modeling,engineers-math-00-units-measurement,Engineering Units and Measurement,6046,mathematics_for_engineers_croft_davison,"local-pdf: Mathematics for Engineers_Anthony Croft, Robert Davison.pdf; Mathematics for Engineers Foundation Review Units and Measurement",Foundation,Foundation,unit_conversion,unit_conversion;fluency_precision,90,Original-equivalent bridge item generated from local textbook coverage signals. No full textbook exercise text is reproduced.
eng_math_units_018,A component is 375 cm long. Express this length in metres.,3.75,multiple_choice,A:37.5|B:475|C:0.38|D:3.75|E:37500,2,arith_decimals;arith_ratios,unit_conversion;decimal_place_value,unit_scaling;place_value_shift,scale_factor_error;decimal_place_error,"There are 100 cm in 1 metre, so 375 cm = 375/100 = 3.75 m.",Algebra 1,Engineering Foundation Modeling,engineers-math-00-units-measurement,Engineering Units and Measurement,6047,mathematics_for_engineers_croft_davison,"local-pdf: Mathematics for Engineers_Anthony Croft, Robert Davison.pdf; Mathematics for Engineers Foundation Review Units and Measurement",Foundation,Foundation,unit_conversion,unit_conversion;fluency_precision,90,Original-equivalent bridge item generated from local textbook coverage signals. No full textbook exercise text is reproduced.
eng_math_units_019,A component is 390 cm long. Express this length in metres.,3.9,multiple_choice,A:490|B:0.39|C:3.9|D:39000|E:39,2,arith_decimals;arith_ratios,unit_conversion;decimal_place_value,unit_scaling;place_value_shift,scale_factor_error;decimal_place_error,"There are 100 cm in 1 metre, so 390 cm = 390/100 = 3.9 m.",Algebra 1,Engineering Foundation Modeling,engineers-math-00-units-measurement,Engineering Units and Measurement,6048,mathematics_for_engineers_croft_davison,"local-pdf: Mathematics for Engineers_Anthony Croft, Robert Davison.pdf; Mathematics for Engineers Foundation Review Units and Measurement",Foundation,Foundation,unit_conversion,unit_conversion;fluency_precision,90,Original-equivalent bridge item generated from local textbook coverage signals. No full textbook exercise text is reproduced.
eng_math_units_020,A component is 405 cm long. Express this length in metres.,4.05,multiple_choice,A:0.41|B:4.05|C:40500|D:40.5|E:505,2,arith_decimals;arith_ratios,unit_conversion;decimal_place_value,unit_scaling;place_value_shift,scale_factor_error;decimal_place_error,"There are 100 cm in 1 metre, so 405 cm = 405/100 = 4.05 m.",Algebra 1,Engineering Foundation Modeling,engineers-math-00-units-measurement,Engineering Units and Measurement,6049,mathematics_for_engineers_croft_davison,"local-pdf: Mathematics for Engineers_Anthony Croft, Robert Davison.pdf; Mathematics for Engineers Foundation Review Units and Measurement",Foundation,Foundation,unit_conversion,unit_conversion;fluency_precision,90,Original-equivalent bridge item generated from local textbook coverage signals. No full textbook exercise text is reproduced.
eng_math_prefix_001,A resistor is rated at 2 kOhm. Express the resistance in ohms.,2000,multiple_choice,A:2000|B:200|C:0.002|D:1002|E:20,2,arith_decimals;arith_ratios,si_prefix_conversion;decimal_scaling,unit_scaling;multiplicative_reasoning,scale_factor_error;decimal_place_error,The prefix kilo means 1000. Therefore 2 kOhm = 2 x 1000 = 2000 ohms.,Algebra 1,Engineering Foundation Modeling,engineers-math-00-units-measurement,Engineering Units and Measurement,6080,mathematics_for_engineers_croft_davison,"local-pdf: Mathematics for Engineers_Anthony Croft, Robert Davison.pdf; Mathematics for Engineers Foundation Review SI Prefixes",Foundation,Foundation,si_prefix_conversion,unit_conversion;multiplicative_reasoning,90,Original-equivalent bridge item generated from local textbook coverage signals. No full textbook exercise text is reproduced.
eng_math_prefix_002,A resistor is rated at 3.5 kOhm. Express the resistance in ohms.,3500,multiple_choice,A:350|B:0.0035|C:1003.5|D:35|E:3500,2,arith_decimals;arith_ratios,si_prefix_conversion;decimal_scaling,unit_scaling;multiplicative_reasoning,scale_factor_error;decimal_place_error,The prefix kilo means 1000. Therefore 3.5 kOhm = 3.5 x 1000 = 3500 ohms.,Algebra 1,Engineering Foundation Modeling,engineers-math-00-units-measurement,Engineering Units and Measurement,6081,mathematics_for_engineers_croft_davison,"local-pdf: Mathematics for Engineers_Anthony Croft, Robert Davison.pdf; Mathematics for Engineers Foundation Review SI Prefixes",Foundation,Foundation,si_prefix_conversion,unit_conversion;multiplicative_reasoning,90,Original-equivalent bridge item generated from local textbook coverage signals. No full textbook exercise text is reproduced.
eng_math_prefix_003,A resistor is rated at 4 kOhm. Express the resistance in ohms.,4000,multiple_choice,A:0.004|B:1004|C:40|D:4000|E:400,2,arith_decimals;arith_ratios,si_prefix_conversion;decimal_scaling,unit_scaling;multiplicative_reasoning,scale_factor_error;decimal_place_error,The prefix kilo means 1000. Therefore 4 kOhm = 4 x 1000 = 4000 ohms.,Algebra 1,Engineering Foundation Modeling,engineers-math-00-units-measurement,Engineering Units and Measurement,6082,mathematics_for_engineers_croft_davison,"local-pdf: Mathematics for Engineers_Anthony Croft, Robert Davison.pdf; Mathematics for Engineers Foundation Review SI Prefixes",Foundation,Foundation,si_prefix_conversion,unit_conversion;multiplicative_reasoning,90,Original-equivalent bridge item generated from local textbook coverage signals. No full textbook exercise text is reproduced.
eng_math_prefix_004,A resistor is rated at 5.5 kOhm. Express the resistance in ohms.,5500,multiple_choice,A:1005.5|B:55|C:5500|D:550|E:0.0055,2,arith_decimals;arith_ratios,si_prefix_conversion;decimal_scaling,unit_scaling;multiplicative_reasoning,scale_factor_error;decimal_place_error,The prefix kilo means 1000. Therefore 5.5 kOhm = 5.5 x 1000 = 5500 ohms.,Algebra 1,Engineering Foundation Modeling,engineers-math-00-units-measurement,Engineering Units and Measurement,6083,mathematics_for_engineers_croft_davison,"local-pdf: Mathematics for Engineers_Anthony Croft, Robert Davison.pdf; Mathematics for Engineers Foundation Review SI Prefixes",Foundation,Foundation,si_prefix_conversion,unit_conversion;multiplicative_reasoning,90,Original-equivalent bridge item generated from local textbook coverage signals. No full textbook exercise text is reproduced.
eng_math_prefix_005,A resistor is rated at 6 kOhm. Express the resistance in ohms.,6000,multiple_choice,A:60|B:6000|C:600|D:0.006|E:1006,2,arith_decimals;arith_ratios,si_prefix_conversion;decimal_scaling,unit_scaling;multiplicative_reasoning,scale_factor_error;decimal_place_error,The prefix kilo means 1000. Therefore 6 kOhm = 6 x 1000 = 6000 ohms.,Algebra 1,Engineering Foundation Modeling,engineers-math-00-units-measurement,Engineering Units and Measurement,6084,mathematics_for_engineers_croft_davison,"local-pdf: Mathematics for Engineers_Anthony Croft, Robert Davison.pdf; Mathematics for Engineers Foundation Review SI Prefixes",Foundation,Foundation,si_prefix_conversion,unit_conversion;multiplicative_reasoning,90,Original-equivalent bridge item generated from local textbook coverage signals. No full textbook exercise text is reproduced.
eng_math_prefix_006,A resistor is rated at 7.5 kOhm. Express the resistance in ohms.,7500,multiple_choice,A:7500|B:750|C:0.0075|D:1007.5|E:75,2,arith_decimals;arith_ratios,si_prefix_conversion;decimal_scaling,unit_scaling;multiplicative_reasoning,scale_factor_error;decimal_place_error,The prefix kilo means 1000. Therefore 7.5 kOhm = 7.5 x 1000 = 7500 ohms.,Algebra 1,Engineering Foundation Modeling,engineers-math-00-units-measurement,Engineering Units and Measurement,6085,mathematics_for_engineers_croft_davison,"local-pdf: Mathematics for Engineers_Anthony Croft, Robert Davison.pdf; Mathematics for Engineers Foundation Review SI Prefixes",Foundation,Foundation,si_prefix_conversion,unit_conversion;multiplicative_reasoning,90,Original-equivalent bridge item generated from local textbook coverage signals. No full textbook exercise text is reproduced.
eng_math_prefix_007,A resistor is rated at 8 kOhm. Express the resistance in ohms.,8000,multiple_choice,A:800|B:0.008|C:1008|D:80|E:8000,2,arith_decimals;arith_ratios,si_prefix_conversion;decimal_scaling,unit_scaling;multiplicative_reasoning,scale_factor_error;decimal_place_error,The prefix kilo means 1000. Therefore 8 kOhm = 8 x 1000 = 8000 ohms.,Algebra 1,Engineering Foundation Modeling,engineers-math-00-units-measurement,Engineering Units and Measurement,6086,mathematics_for_engineers_croft_davison,"local-pdf: Mathematics for Engineers_Anthony Croft, Robert Davison.pdf; Mathematics for Engineers Foundation Review SI Prefixes",Foundation,Foundation,si_prefix_conversion,unit_conversion;multiplicative_reasoning,90,Original-equivalent bridge item generated from local textbook coverage signals. No full textbook exercise text is reproduced.
eng_math_prefix_008,A resistor is rated at 9.5 kOhm. Express the resistance in ohms.,9500,multiple_choice,A:0.0095|B:1009.5|C:95|D:9500|E:950,2,arith_decimals;arith_ratios,si_prefix_conversion;decimal_scaling,unit_scaling;multiplicative_reasoning,scale_factor_error;decimal_place_error,The prefix kilo means 1000. Therefore 9.5 kOhm = 9.5 x 1000 = 9500 ohms.,Algebra 1,Engineering Foundation Modeling,engineers-math-00-units-measurement,Engineering Units and Measurement,6087,mathematics_for_engineers_croft_davison,"local-pdf: Mathematics for Engineers_Anthony Croft, Robert Davison.pdf; Mathematics for Engineers Foundation Review SI Prefixes",Foundation,Foundation,si_prefix_conversion,unit_conversion;multiplicative_reasoning,90,Original-equivalent bridge item generated from local textbook coverage signals. No full textbook exercise text is reproduced.
eng_math_prefix_009,A resistor is rated at 10 kOhm. Express the resistance in ohms.,10000,multiple_choice,A:1010|B:100|C:10000|D:1000|E:0.01,2,arith_decimals;arith_ratios,si_prefix_conversion;decimal_scaling,unit_scaling;multiplicative_reasoning,scale_factor_error;decimal_place_error,The prefix kilo means 1000. Therefore 10 kOhm = 10 x 1000 = 10000 ohms.,Algebra 1,Engineering Foundation Modeling,engineers-math-00-units-measurement,Engineering Units and Measurement,6088,mathematics_for_engineers_croft_davison,"local-pdf: Mathematics for Engineers_Anthony Croft, Robert Davison.pdf; Mathematics for Engineers Foundation Review SI Prefixes",Foundation,Foundation,si_prefix_conversion,unit_conversion;multiplicative_reasoning,90,Original-equivalent bridge item generated from local textbook coverage signals. No full textbook exercise text is reproduced.
eng_math_prefix_010,A resistor is rated at 2.5 kOhm. Express the resistance in ohms.,2500,multiple_choice,A:25|B:2500|C:250|D:0.0025|E:1002.5,2,arith_decimals;arith_ratios,si_prefix_conversion;decimal_scaling,unit_scaling;multiplicative_reasoning,scale_factor_error;decimal_place_error,The prefix kilo means 1000. Therefore 2.5 kOhm = 2.5 x 1000 = 2500 ohms.,Algebra 1,Engineering Foundation Modeling,engineers-math-00-units-measurement,Engineering Units and Measurement,6089,mathematics_for_engineers_croft_davison,"local-pdf: Mathematics for Engineers_Anthony Croft, Robert Davison.pdf; Mathematics for Engineers Foundation Review SI Prefixes",Foundation,Foundation,si_prefix_conversion,unit_conversion;multiplicative_reasoning,90,Original-equivalent bridge item generated from local textbook coverage signals. No full textbook exercise text is reproduced.
eng_math_prefix_011,A resistor is rated at 3 kOhm. Express the resistance in ohms.,3000,multiple_choice,A:3000|B:300|C:0.003|D:1003|E:30,2,arith_decimals;arith_ratios,si_prefix_conversion;decimal_scaling,unit_scaling;multiplicative_reasoning,scale_factor_error;decimal_place_error,The prefix kilo means 1000. Therefore 3 kOhm = 3 x 1000 = 3000 ohms.,Algebra 1,Engineering Foundation Modeling,engineers-math-00-units-measurement,Engineering Units and Measurement,6090,mathematics_for_engineers_croft_davison,"local-pdf: Mathematics for Engineers_Anthony Croft, Robert Davison.pdf; Mathematics for Engineers Foundation Review SI Prefixes",Foundation,Foundation,si_prefix_conversion,unit_conversion;multiplicative_reasoning,90,Original-equivalent bridge item generated from local textbook coverage signals. No full textbook exercise text is reproduced.
eng_math_prefix_012,A resistor is rated at 4.5 kOhm. Express the resistance in ohms.,4500,multiple_choice,A:450|B:0.0045|C:1004.5|D:45|E:4500,2,arith_decimals;arith_ratios,si_prefix_conversion;decimal_scaling,unit_scaling;multiplicative_reasoning,scale_factor_error;decimal_place_error,The prefix kilo means 1000. Therefore 4.5 kOhm = 4.5 x 1000 = 4500 ohms.,Algebra 1,Engineering Foundation Modeling,engineers-math-00-units-measurement,Engineering Units and Measurement,6091,mathematics_for_engineers_croft_davison,"local-pdf: Mathematics for Engineers_Anthony Croft, Robert Davison.pdf; Mathematics for Engineers Foundation Review SI Prefixes",Foundation,Foundation,si_prefix_conversion,unit_conversion;multiplicative_reasoning,90,Original-equivalent bridge item generated from local textbook coverage signals. No full textbook exercise text is reproduced.
eng_math_prefix_013,A resistor is rated at 5 kOhm. Express the resistance in ohms.,5000,multiple_choice,A:0.005|B:1005|C:50|D:5000|E:500,2,arith_decimals;arith_ratios,si_prefix_conversion;decimal_scaling,unit_scaling;multiplicative_reasoning,scale_factor_error;decimal_place_error,The prefix kilo means 1000. Therefore 5 kOhm = 5 x 1000 = 5000 ohms.,Algebra 1,Engineering Foundation Modeling,engineers-math-00-units-measurement,Engineering Units and Measurement,6092,mathematics_for_engineers_croft_davison,"local-pdf: Mathematics for Engineers_Anthony Croft, Robert Davison.pdf; Mathematics for Engineers Foundation Review SI Prefixes",Foundation,Foundation,si_prefix_conversion,unit_conversion;multiplicative_reasoning,90,Original-equivalent bridge item generated from local textbook coverage signals. No full textbook exercise text is reproduced.
eng_math_prefix_014,A resistor is rated at 6.5 kOhm. Express the resistance in ohms.,6500,multiple_choice,A:1006.5|B:65|C:6500|D:650|E:0.0065,2,arith_decimals;arith_ratios,si_prefix_conversion;decimal_scaling,unit_scaling;multiplicative_reasoning,scale_factor_error;decimal_place_error,The prefix kilo means 1000. Therefore 6.5 kOhm = 6.5 x 1000 = 6500 ohms.,Algebra 1,Engineering Foundation Modeling,engineers-math-00-units-measurement,Engineering Units and Measurement,6093,mathematics_for_engineers_croft_davison,"local-pdf: Mathematics for Engineers_Anthony Croft, Robert Davison.pdf; Mathematics for Engineers Foundation Review SI Prefixes",Foundation,Foundation,si_prefix_conversion,unit_conversion;multiplicative_reasoning,90,Original-equivalent bridge item generated from local textbook coverage signals. No full textbook exercise text is reproduced.
eng_math_prefix_015,A resistor is rated at 7 kOhm. Express the resistance in ohms.,7000,multiple_choice,A:70|B:7000|C:700|D:0.007|E:1007,2,arith_decimals;arith_ratios,si_prefix_conversion;decimal_scaling,unit_scaling;multiplicative_reasoning,scale_factor_error;decimal_place_error,The prefix kilo means 1000. Therefore 7 kOhm = 7 x 1000 = 7000 ohms.,Algebra 1,Engineering Foundation Modeling,engineers-math-00-units-measurement,Engineering Units and Measurement,6094,mathematics_for_engineers_croft_davison,"local-pdf: Mathematics for Engineers_Anthony Croft, Robert Davison.pdf; Mathematics for Engineers Foundation Review SI Prefixes",Foundation,Foundation,si_prefix_conversion,unit_conversion;multiplicative_reasoning,90,Original-equivalent bridge item generated from local textbook coverage signals. No full textbook exercise text is reproduced.
eng_math_prefix_016,A resistor is rated at 8.5 kOhm. Express the resistance in ohms.,8500,multiple_choice,A:8500|B:850|C:0.0085|D:1008.5|E:85,2,arith_decimals;arith_ratios,si_prefix_conversion;decimal_scaling,unit_scaling;multiplicative_reasoning,scale_factor_error;decimal_place_error,The prefix kilo means 1000. Therefore 8.5 kOhm = 8.5 x 1000 = 8500 ohms.,Algebra 1,Engineering Foundation Modeling,engineers-math-00-units-measurement,Engineering Units and Measurement,6095,mathematics_for_engineers_croft_davison,"local-pdf: Mathematics for Engineers_Anthony Croft, Robert Davison.pdf; Mathematics for Engineers Foundation Review SI Prefixes",Foundation,Foundation,si_prefix_conversion,unit_conversion;multiplicative_reasoning,90,Original-equivalent bridge item generated from local textbook coverage signals. No full textbook exercise text is reproduced.
eng_math_prefix_017,A resistor is rated at 9 kOhm. Express the resistance in ohms.,9000,multiple_choice,A:900|B:0.009|C:1009|D:90|E:9000,2,arith_decimals;arith_ratios,si_prefix_conversion;decimal_scaling,unit_scaling;multiplicative_reasoning,scale_factor_error;decimal_place_error,The prefix kilo means 1000. Therefore 9 kOhm = 9 x 1000 = 9000 ohms.,Algebra 1,Engineering Foundation Modeling,engineers-math-00-units-measurement,Engineering Units and Measurement,6096,mathematics_for_engineers_croft_davison,"local-pdf: Mathematics for Engineers_Anthony Croft, Robert Davison.pdf; Mathematics for Engineers Foundation Review SI Prefixes",Foundation,Foundation,si_prefix_conversion,unit_conversion;multiplicative_reasoning,90,Original-equivalent bridge item generated from local textbook coverage signals. No full textbook exercise text is reproduced.
eng_math_prefix_018,A resistor is rated at 10.5 kOhm. Express the resistance in ohms.,10500,multiple_choice,A:0.0105|B:1010.5|C:105|D:10500|E:1050,2,arith_decimals;arith_ratios,si_prefix_conversion;decimal_scaling,unit_scaling;multiplicative_reasoning,scale_factor_error;decimal_place_error,The prefix kilo means 1000. Therefore 10.5 kOhm = 10.5 x 1000 = 10500 ohms.,Algebra 1,Engineering Foundation Modeling,engineers-math-00-units-measurement,Engineering Units and Measurement,6097,mathematics_for_engineers_croft_davison,"local-pdf: Mathematics for Engineers_Anthony Croft, Robert Davison.pdf; Mathematics for Engineers Foundation Review SI Prefixes",Foundation,Foundation,si_prefix_conversion,unit_conversion;multiplicative_reasoning,90,Original-equivalent bridge item generated from local textbook coverage signals. No full textbook exercise text is reproduced.
eng_math_prefix_019,A resistor is rated at 2 kOhm. Express the resistance in ohms.,2000,multiple_choice,A:1002|B:20|C:2000|D:200|E:0.002,2,arith_decimals;arith_ratios,si_prefix_conversion;decimal_scaling,unit_scaling;multiplicative_reasoning,scale_factor_error;decimal_place_error,The prefix kilo means 1000. Therefore 2 kOhm = 2 x 1000 = 2000 ohms.,Algebra 1,Engineering Foundation Modeling,engineers-math-00-units-measurement,Engineering Units and Measurement,6098,mathematics_for_engineers_croft_davison,"local-pdf: Mathematics for Engineers_Anthony Croft, Robert Davison.pdf; Mathematics for Engineers Foundation Review SI Prefixes",Foundation,Foundation,si_prefix_conversion,unit_conversion;multiplicative_reasoning,90,Original-equivalent bridge item generated from local textbook coverage signals. No full textbook exercise text is reproduced.
eng_math_prefix_020,A resistor is rated at 3.5 kOhm. Express the resistance in ohms.,3500,multiple_choice,A:35|B:3500|C:350|D:0.0035|E:1003.5,2,arith_decimals;arith_ratios,si_prefix_conversion;decimal_scaling,unit_scaling;multiplicative_reasoning,scale_factor_error;decimal_place_error,The prefix kilo means 1000. Therefore 3.5 kOhm = 3.5 x 1000 = 3500 ohms.,Algebra 1,Engineering Foundation Modeling,engineers-math-00-units-measurement,Engineering Units and Measurement,6099,mathematics_for_engineers_croft_davison,"local-pdf: Mathematics for Engineers_Anthony Croft, Robert Davison.pdf; Mathematics for Engineers Foundation Review SI Prefixes",Foundation,Foundation,si_prefix_conversion,unit_conversion;multiplicative_reasoning,90,Original-equivalent bridge item generated from local textbook coverage signals. No full textbook exercise text is reproduced.
eng_math_sci_001,Write 2 x 10^3 as an ordinary number.,2000,multiple_choice,A:2000|B:5|C:6|D:2.000|E:200,3,arith_exponents;arith_decimals,scientific_notation;powers_of_ten,place_value_shift;exponent_structure,exponent_as_multiplier_error;decimal_place_error,"Multiplying by 10^3 moves the decimal point 3 places to the right, so the value is 2000.",Algebra 1,Engineering Foundation Modeling,engineers-math-00-standard-form,Standard Form and Engineering Notation,6130,mathematics_for_engineers_croft_davison,"local-pdf: Mathematics for Engineers_Anthony Croft, Robert Davison.pdf; Mathematics for Engineers Foundation Review Standard Form",Foundation,Bridge,scientific_notation,place_value_reasoning;structure_recognition,90,Original-equivalent bridge item generated from local textbook coverage signals. No full textbook exercise text is reproduced.
eng_math_sci_002,Write 3 x 10^4 as an ordinary number.,30000,multiple_choice,A:7|B:12|C:3.0000|D:3000|E:30000,3,arith_exponents;arith_decimals,scientific_notation;powers_of_ten,place_value_shift;exponent_structure,exponent_as_multiplier_error;decimal_place_error,"Multiplying by 10^4 moves the decimal point 4 places to the right, so the value is 30000.",Algebra 1,Engineering Foundation Modeling,engineers-math-00-standard-form,Standard Form and Engineering Notation,6131,mathematics_for_engineers_croft_davison,"local-pdf: Mathematics for Engineers_Anthony Croft, Robert Davison.pdf; Mathematics for Engineers Foundation Review Standard Form",Foundation,Bridge,scientific_notation,place_value_reasoning;structure_recognition,90,Original-equivalent bridge item generated from local textbook coverage signals. No full textbook exercise text is reproduced.
eng_math_sci_003,Write 4 x 10^5 as an ordinary number.,400000,multiple_choice,A:20|B:4.00000|C:40000|D:400000|E:9,3,arith_exponents;arith_decimals,scientific_notation;powers_of_ten,place_value_shift;exponent_structure,exponent_as_multiplier_error;decimal_place_error,"Multiplying by 10^5 moves the decimal point 5 places to the right, so the value is 400000.",Algebra 1,Engineering Foundation Modeling,engineers-math-00-standard-form,Standard Form and Engineering Notation,6132,mathematics_for_engineers_croft_davison,"local-pdf: Mathematics for Engineers_Anthony Croft, Robert Davison.pdf; Mathematics for Engineers Foundation Review Standard Form",Foundation,Bridge,scientific_notation,place_value_reasoning;structure_recognition,90,Original-equivalent bridge item generated from local textbook coverage signals. No full textbook exercise text is reproduced.
eng_math_sci_004,Write 5 x 10^3 as an ordinary number.,5000,multiple_choice,A:5.000|B:500|C:5000|D:8|E:15,3,arith_exponents;arith_decimals,scientific_notation;powers_of_ten,place_value_shift;exponent_structure,exponent_as_multiplier_error;decimal_place_error,"Multiplying by 10^3 moves the decimal point 3 places to the right, so the value is 5000.",Algebra 1,Engineering Foundation Modeling,engineers-math-00-standard-form,Standard Form and Engineering Notation,6133,mathematics_for_engineers_croft_davison,"local-pdf: Mathematics for Engineers_Anthony Croft, Robert Davison.pdf; Mathematics for Engineers Foundation Review Standard Form",Foundation,Bridge,scientific_notation,place_value_reasoning;structure_recognition,90,Original-equivalent bridge item generated from local textbook coverage signals. No full textbook exercise text is reproduced.
eng_math_sci_005,Write 6 x 10^4 as an ordinary number.,60000,multiple_choice,A:6000|B:60000|C:10|D:24|E:6.0000,3,arith_exponents;arith_decimals,scientific_notation;powers_of_ten,place_value_shift;exponent_structure,exponent_as_multiplier_error;decimal_place_error,"Multiplying by 10^4 moves the decimal point 4 places to the right, so the value is 60000.",Algebra 1,Engineering Foundation Modeling,engineers-math-00-standard-form,Standard Form and Engineering Notation,6134,mathematics_for_engineers_croft_davison,"local-pdf: Mathematics for Engineers_Anthony Croft, Robert Davison.pdf; Mathematics for Engineers Foundation Review Standard Form",Foundation,Bridge,scientific_notation,place_value_reasoning;structure_recognition,90,Original-equivalent bridge item generated from local textbook coverage signals. No full textbook exercise text is reproduced.
eng_math_sci_006,Write 7 x 10^5 as an ordinary number.,700000,multiple_choice,A:700000|B:12|C:35|D:7.00000|E:70000,3,arith_exponents;arith_decimals,scientific_notation;powers_of_ten,place_value_shift;exponent_structure,exponent_as_multiplier_error;decimal_place_error,"Multiplying by 10^5 moves the decimal point 5 places to the right, so the value is 700000.",Algebra 1,Engineering Foundation Modeling,engineers-math-00-standard-form,Standard Form and Engineering Notation,6135,mathematics_for_engineers_croft_davison,"local-pdf: Mathematics for Engineers_Anthony Croft, Robert Davison.pdf; Mathematics for Engineers Foundation Review Standard Form",Foundation,Bridge,scientific_notation,place_value_reasoning;structure_recognition,90,Original-equivalent bridge item generated from local textbook coverage signals. No full textbook exercise text is reproduced.
eng_math_sci_007,Write 8 x 10^3 as an ordinary number.,8000,multiple_choice,A:11|B:24|C:8.000|D:800|E:8000,3,arith_exponents;arith_decimals,scientific_notation;powers_of_ten,place_value_shift;exponent_structure,exponent_as_multiplier_error;decimal_place_error,"Multiplying by 10^3 moves the decimal point 3 places to the right, so the value is 8000.",Algebra 1,Engineering Foundation Modeling,engineers-math-00-standard-form,Standard Form and Engineering Notation,6136,mathematics_for_engineers_croft_davison,"local-pdf: Mathematics for Engineers_Anthony Croft, Robert Davison.pdf; Mathematics for Engineers Foundation Review Standard Form",Foundation,Bridge,scientific_notation,place_value_reasoning;structure_recognition,90,Original-equivalent bridge item generated from local textbook coverage signals. No full textbook exercise text is reproduced.
eng_math_sci_008,Write 9 x 10^4 as an ordinary number.,90000,multiple_choice,A:36|B:9.0000|C:9000|D:90000|E:13,3,arith_exponents;arith_decimals,scientific_notation;powers_of_ten,place_value_shift;exponent_structure,exponent_as_multiplier_error;decimal_place_error,"Multiplying by 10^4 moves the decimal point 4 places to the right, so the value is 90000.",Algebra 1,Engineering Foundation Modeling,engineers-math-00-standard-form,Standard Form and Engineering Notation,6137,mathematics_for_engineers_croft_davison,"local-pdf: Mathematics for Engineers_Anthony Croft, Robert Davison.pdf; Mathematics for Engineers Foundation Review Standard Form",Foundation,Bridge,scientific_notation,place_value_reasoning;structure_recognition,90,Original-equivalent bridge item generated from local textbook coverage signals. No full textbook exercise text is reproduced.
eng_math_sci_009,Write 2 x 10^5 as an ordinary number.,200000,multiple_choice,A:2.00000|B:20000|C:200000|D:7|E:10,3,arith_exponents;arith_decimals,scientific_notation;powers_of_ten,place_value_shift;exponent_structure,exponent_as_multiplier_error;decimal_place_error,"Multiplying by 10^5 moves the decimal point 5 places to the right, so the value is 200000.",Algebra 1,Engineering Foundation Modeling,engineers-math-00-standard-form,Standard Form and Engineering Notation,6138,mathematics_for_engineers_croft_davison,"local-pdf: Mathematics for Engineers_Anthony Croft, Robert Davison.pdf; Mathematics for Engineers Foundation Review Standard Form",Foundation,Bridge,scientific_notation,place_value_reasoning;structure_recognition,90,Original-equivalent bridge item generated from local textbook coverage signals. No full textbook exercise text is reproduced.
eng_math_sci_010,Write 3 x 10^3 as an ordinary number.,3000,multiple_choice,A:300|B:3000|C:6|D:9|E:3.000,3,arith_exponents;arith_decimals,scientific_notation;powers_of_ten,place_value_shift;exponent_structure,exponent_as_multiplier_error;decimal_place_error,"Multiplying by 10^3 moves the decimal point 3 places to the right, so the value is 3000.",Algebra 1,Engineering Foundation Modeling,engineers-math-00-standard-form,Standard Form and Engineering Notation,6139,mathematics_for_engineers_croft_davison,"local-pdf: Mathematics for Engineers_Anthony Croft, Robert Davison.pdf; Mathematics for Engineers Foundation Review Standard Form",Foundation,Bridge,scientific_notation,place_value_reasoning;structure_recognition,90,Original-equivalent bridge item generated from local textbook coverage signals. No full textbook exercise text is reproduced.
eng_math_sci_011,Write 4 x 10^4 as an ordinary number.,40000,multiple_choice,A:40000|B:8|C:16|D:4.0000|E:4000,3,arith_exponents;arith_decimals,scientific_notation;powers_of_ten,place_value_shift;exponent_structure,exponent_as_multiplier_error;decimal_place_error,"Multiplying by 10^4 moves the decimal point 4 places to the right, so the value is 40000.",Algebra 1,Engineering Foundation Modeling,engineers-math-00-standard-form,Standard Form and Engineering Notation,6140,mathematics_for_engineers_croft_davison,"local-pdf: Mathematics for Engineers_Anthony Croft, Robert Davison.pdf; Mathematics for Engineers Foundation Review Standard Form",Foundation,Bridge,scientific_notation,place_value_reasoning;structure_recognition,90,Original-equivalent bridge item generated from local textbook coverage signals. No full textbook exercise text is reproduced.
eng_math_sci_012,Write 5 x 10^5 as an ordinary number.,500000,multiple_choice,A:10|B:25|C:5.00000|D:50000|E:500000,3,arith_exponents;arith_decimals,scientific_notation;powers_of_ten,place_value_shift;exponent_structure,exponent_as_multiplier_error;decimal_place_error,"Multiplying by 10^5 moves the decimal point 5 places to the right, so the value is 500000.",Algebra 1,Engineering Foundation Modeling,engineers-math-00-standard-form,Standard Form and Engineering Notation,6141,mathematics_for_engineers_croft_davison,"local-pdf: Mathematics for Engineers_Anthony Croft, Robert Davison.pdf; Mathematics for Engineers Foundation Review Standard Form",Foundation,Bridge,scientific_notation,place_value_reasoning;structure_recognition,90,Original-equivalent bridge item generated from local textbook coverage signals. No full textbook exercise text is reproduced.
eng_math_sci_013,Write 6 x 10^3 as an ordinary number.,6000,multiple_choice,A:18|B:6.000|C:600|D:6000|E:9,3,arith_exponents;arith_decimals,scientific_notation;powers_of_ten,place_value_shift;exponent_structure,exponent_as_multiplier_error;decimal_place_error,"Multiplying by 10^3 moves the decimal point 3 places to the right, so the value is 6000.",Algebra 1,Engineering Foundation Modeling,engineers-math-00-standard-form,Standard Form and Engineering Notation,6142,mathematics_for_engineers_croft_davison,"local-pdf: Mathematics for Engineers_Anthony Croft, Robert Davison.pdf; Mathematics for Engineers Foundation Review Standard Form",Foundation,Bridge,scientific_notation,place_value_reasoning;structure_recognition,90,Original-equivalent bridge item generated from local textbook coverage signals. No full textbook exercise text is reproduced.
eng_math_sci_014,Write 7 x 10^4 as an ordinary number.,70000,multiple_choice,A:7.0000|B:7000|C:70000|D:11|E:28,3,arith_exponents;arith_decimals,scientific_notation;powers_of_ten,place_value_shift;exponent_structure,exponent_as_multiplier_error;decimal_place_error,"Multiplying by 10^4 moves the decimal point 4 places to the right, so the value is 70000.",Algebra 1,Engineering Foundation Modeling,engineers-math-00-standard-form,Standard Form and Engineering Notation,6143,mathematics_for_engineers_croft_davison,"local-pdf: Mathematics for Engineers_Anthony Croft, Robert Davison.pdf; Mathematics for Engineers Foundation Review Standard Form",Foundation,Bridge,scientific_notation,place_value_reasoning;structure_recognition,90,Original-equivalent bridge item generated from local textbook coverage signals. No full textbook exercise text is reproduced.
eng_math_sci_015,Write 8 x 10^5 as an ordinary number.,800000,multiple_choice,A:80000|B:800000|C:13|D:40|E:8.00000,3,arith_exponents;arith_decimals,scientific_notation;powers_of_ten,place_value_shift;exponent_structure,exponent_as_multiplier_error;decimal_place_error,"Multiplying by 10^5 moves the decimal point 5 places to the right, so the value is 800000.",Algebra 1,Engineering Foundation Modeling,engineers-math-00-standard-form,Standard Form and Engineering Notation,6144,mathematics_for_engineers_croft_davison,"local-pdf: Mathematics for Engineers_Anthony Croft, Robert Davison.pdf; Mathematics for Engineers Foundation Review Standard Form",Foundation,Bridge,scientific_notation,place_value_reasoning;structure_recognition,90,Original-equivalent bridge item generated from local textbook coverage signals. No full textbook exercise text is reproduced.
eng_math_sci_016,Write 9 x 10^3 as an ordinary number.,9000,multiple_choice,A:9000|B:12|C:27|D:9.000|E:900,3,arith_exponents;arith_decimals,scientific_notation;powers_of_ten,place_value_shift;exponent_structure,exponent_as_multiplier_error;decimal_place_error,"Multiplying by 10^3 moves the decimal point 3 places to the right, so the value is 9000.",Algebra 1,Engineering Foundation Modeling,engineers-math-00-standard-form,Standard Form and Engineering Notation,6145,mathematics_for_engineers_croft_davison,"local-pdf: Mathematics for Engineers_Anthony Croft, Robert Davison.pdf; Mathematics for Engineers Foundation Review Standard Form",Foundation,Bridge,scientific_notation,place_value_reasoning;structure_recognition,90,Original-equivalent bridge item generated from local textbook coverage signals. No full textbook exercise text is reproduced.
eng_math_sci_017,Write 2 x 10^4 as an ordinary number.,20000,multiple_choice,A:6|B:8|C:2.0000|D:2000|E:20000,3,arith_exponents;arith_decimals,scientific_notation;powers_of_ten,place_value_shift;exponent_structure,exponent_as_multiplier_error;decimal_place_error,"Multiplying by 10^4 moves the decimal point 4 places to the right, so the value is 20000.",Algebra 1,Engineering Foundation Modeling,engineers-math-00-standard-form,Standard Form and Engineering Notation,6146,mathematics_for_engineers_croft_davison,"local-pdf: Mathematics for Engineers_Anthony Croft, Robert Davison.pdf; Mathematics for Engineers Foundation Review Standard Form",Foundation,Bridge,scientific_notation,place_value_reasoning;structure_recognition,90,Original-equivalent bridge item generated from local textbook coverage signals. No full textbook exercise text is reproduced.
eng_math_sci_018,Write 3 x 10^5 as an ordinary number.,300000,multiple_choice,A:15|B:3.00000|C:30000|D:300000|E:8,3,arith_exponents;arith_decimals,scientific_notation;powers_of_ten,place_value_shift;exponent_structure,exponent_as_multiplier_error;decimal_place_error,"Multiplying by 10^5 moves the decimal point 5 places to the right, so the value is 300000.",Algebra 1,Engineering Foundation Modeling,engineers-math-00-standard-form,Standard Form and Engineering Notation,6147,mathematics_for_engineers_croft_davison,"local-pdf: Mathematics for Engineers_Anthony Croft, Robert Davison.pdf; Mathematics for Engineers Foundation Review Standard Form",Foundation,Bridge,scientific_notation,place_value_reasoning;structure_recognition,90,Original-equivalent bridge item generated from local textbook coverage signals. No full textbook exercise text is reproduced.
eng_math_sci_019,Write 4 x 10^3 as an ordinary number.,4000,multiple_choice,A:4.000|B:400|C:4000|D:7|E:12,3,arith_exponents;arith_decimals,scientific_notation;powers_of_ten,place_value_shift;exponent_structure,exponent_as_multiplier_error;decimal_place_error,"Multiplying by 10^3 moves the decimal point 3 places to the right, so the value is 4000.",Algebra 1,Engineering Foundation Modeling,engineers-math-00-standard-form,Standard Form and Engineering Notation,6148,mathematics_for_engineers_croft_davison,"local-pdf: Mathematics for Engineers_Anthony Croft, Robert Davison.pdf; Mathematics for Engineers Foundation Review Standard Form",Foundation,Bridge,scientific_notation,place_value_reasoning;structure_recognition,90,Original-equivalent bridge item generated from local textbook coverage signals. No full textbook exercise text is reproduced.
eng_math_sci_020,Write 5 x 10^4 as an ordinary number.,50000,multiple_choice,A:5000|B:50000|C:9|D:20|E:5.0000,3,arith_exponents;arith_decimals,scientific_notation;powers_of_ten,place_value_shift;exponent_structure,exponent_as_multiplier_error;decimal_place_error,"Multiplying by 10^4 moves the decimal point 4 places to the right, so the value is 50000.",Algebra 1,Engineering Foundation Modeling,engineers-math-00-standard-form,Standard Form and Engineering Notation,6149,mathematics_for_engineers_croft_davison,"local-pdf: Mathematics for Engineers_Anthony Croft, Robert Davison.pdf; Mathematics for Engineers Foundation Review Standard Form",Foundation,Bridge,scientific_notation,place_value_reasoning;structure_recognition,90,Original-equivalent bridge item generated from local textbook coverage signals. No full textbook exercise text is reproduced.
eng_math_sub_001,Use V = IR to find V when I = 2 A and R = 5 ohms.,10,multiple_choice,A:10|B:7|C:3|D:9|E:12,3,prealg_substitution;arith_natural_numbers,formula_substitution;multiplication_fluency,formula_input_mapping;engineering_quantity_model,variable_meaning_error;operation_selection_error,Substitute I = 2 and R = 5: V = 2 x 5 = 10.,Algebra 1,Engineering Foundation Modeling,engineers-math-01-formula-substitution,Formula Substitution in Engineering Contexts,6180,mathematics_for_engineers_croft_davison,"local-pdf: Mathematics for Engineers_Anthony Croft, Robert Davison.pdf; Mathematics for Engineers Chapter 5 Substitution into Formulae",Foundation,Bridge,formula_substitution,symbol_evaluation;formula_selection,90,Original-equivalent bridge item generated from local textbook coverage signals. No full textbook exercise text is reproduced.
eng_math_sub_002,Use V = IR to find V when I = 3 A and R = 6 ohms.,18,multiple_choice,A:9|B:3|C:15|D:21|E:18,3,prealg_substitution;arith_natural_numbers,formula_substitution;multiplication_fluency,formula_input_mapping;engineering_quantity_model,variable_meaning_error;operation_selection_error,Substitute I = 3 and R = 6: V = 3 x 6 = 18.,Algebra 1,Engineering Foundation Modeling,engineers-math-01-formula-substitution,Formula Substitution in Engineering Contexts,6181,mathematics_for_engineers_croft_davison,"local-pdf: Mathematics for Engineers_Anthony Croft, Robert Davison.pdf; Mathematics for Engineers Chapter 5 Substitution into Formulae",Foundation,Bridge,formula_substitution,symbol_evaluation;formula_selection,90,Original-equivalent bridge item generated from local textbook coverage signals. No full textbook exercise text is reproduced.
eng_math_sub_003,Use V = IR to find V when I = 4 A and R = 7 ohms.,28,multiple_choice,A:3|B:23|C:32|D:28|E:11,3,prealg_substitution;arith_natural_numbers,formula_substitution;multiplication_fluency,formula_input_mapping;engineering_quantity_model,variable_meaning_error;operation_selection_error,Substitute I = 4 and R = 7: V = 4 x 7 = 28.,Algebra 1,Engineering Foundation Modeling,engineers-math-01-formula-substitution,Formula Substitution in Engineering Contexts,6182,mathematics_for_engineers_croft_davison,"local-pdf: Mathematics for Engineers_Anthony Croft, Robert Davison.pdf; Mathematics for Engineers Chapter 5 Substitution into Formulae",Foundation,Bridge,formula_substitution,symbol_evaluation;formula_selection,90,Original-equivalent bridge item generated from local textbook coverage signals. No full textbook exercise text is reproduced.
eng_math_sub_004,Use V = IR to find V when I = 5 A and R = 8 ohms.,40,multiple_choice,A:33|B:45|C:40|D:13|E:3,3,prealg_substitution;arith_natural_numbers,formula_substitution;multiplication_fluency,formula_input_mapping;engineering_quantity_model,variable_meaning_error;operation_selection_error,Substitute I = 5 and R = 8: V = 5 x 8 = 40.,Algebra 1,Engineering Foundation Modeling,engineers-math-01-formula-substitution,Formula Substitution in Engineering Contexts,6183,mathematics_for_engineers_croft_davison,"local-pdf: Mathematics for Engineers_Anthony Croft, Robert Davison.pdf; Mathematics for Engineers Chapter 5 Substitution into Formulae",Foundation,Bridge,formula_substitution,symbol_evaluation;formula_selection,90,Original-equivalent bridge item generated from local textbook coverage signals. No full textbook exercise text is reproduced.
eng_math_sub_005,Use V = IR to find V when I = 6 A and R = 9 ohms.,54,multiple_choice,A:60|B:54|C:15|D:3|E:45,3,prealg_substitution;arith_natural_numbers,formula_substitution;multiplication_fluency,formula_input_mapping;engineering_quantity_model,variable_meaning_error;operation_selection_error,Substitute I = 6 and R = 9: V = 6 x 9 = 54.,Algebra 1,Engineering Foundation Modeling,engineers-math-01-formula-substitution,Formula Substitution in Engineering Contexts,6184,mathematics_for_engineers_croft_davison,"local-pdf: Mathematics for Engineers_Anthony Croft, Robert Davison.pdf; Mathematics for Engineers Chapter 5 Substitution into Formulae",Foundation,Bridge,formula_substitution,symbol_evaluation;formula_selection,90,Original-equivalent bridge item generated from local textbook coverage signals. No full textbook exercise text is reproduced.
eng_math_sub_006,Use V = IR to find V when I = 7 A and R = 10 ohms.,70,multiple_choice,A:70|B:17|C:3|D:59|E:77,3,prealg_substitution;arith_natural_numbers,formula_substitution;multiplication_fluency,formula_input_mapping;engineering_quantity_model,variable_meaning_error;operation_selection_error,Substitute I = 7 and R = 10: V = 7 x 10 = 70.,Algebra 1,Engineering Foundation Modeling,engineers-math-01-formula-substitution,Formula Substitution in Engineering Contexts,6185,mathematics_for_engineers_croft_davison,"local-pdf: Mathematics for Engineers_Anthony Croft, Robert Davison.pdf; Mathematics for Engineers Chapter 5 Substitution into Formulae",Foundation,Bridge,formula_substitution,symbol_evaluation;formula_selection,90,Original-equivalent bridge item generated from local textbook coverage signals. No full textbook exercise text is reproduced.
eng_math_sub_007,Use V = IR to find V when I = 2 A and R = 11 ohms.,22,multiple_choice,A:13|B:9|C:15|D:24|E:22,3,prealg_substitution;arith_natural_numbers,formula_substitution;multiplication_fluency,formula_input_mapping;engineering_quantity_model,variable_meaning_error;operation_selection_error,Substitute I = 2 and R = 11: V = 2 x 11 = 22.,Algebra 1,Engineering Foundation Modeling,engineers-math-01-formula-substitution,Formula Substitution in Engineering Contexts,6186,mathematics_for_engineers_croft_davison,"local-pdf: Mathematics for Engineers_Anthony Croft, Robert Davison.pdf; Mathematics for Engineers Chapter 5 Substitution into Formulae",Foundation,Bridge,formula_substitution,symbol_evaluation;formula_selection,90,Original-equivalent bridge item generated from local textbook coverage signals. No full textbook exercise text is reproduced.
eng_math_sub_008,Use V = IR to find V when I = 3 A and R = 12 ohms.,36,multiple_choice,A:9|B:21|C:39|D:36|E:15,3,prealg_substitution;arith_natural_numbers,formula_substitution;multiplication_fluency,formula_input_mapping;engineering_quantity_model,variable_meaning_error;operation_selection_error,Substitute I = 3 and R = 12: V = 3 x 12 = 36.,Algebra 1,Engineering Foundation Modeling,engineers-math-01-formula-substitution,Formula Substitution in Engineering Contexts,6187,mathematics_for_engineers_croft_davison,"local-pdf: Mathematics for Engineers_Anthony Croft, Robert Davison.pdf; Mathematics for Engineers Chapter 5 Substitution into Formulae",Foundation,Bridge,formula_substitution,symbol_evaluation;formula_selection,90,Original-equivalent bridge item generated from local textbook coverage signals. No full textbook exercise text is reproduced.
eng_math_sub_009,Use V = IR to find V when I = 4 A and R = 5 ohms.,20,multiple_choice,A:21|B:24|C:20|D:9|E:1,3,prealg_substitution;arith_natural_numbers,formula_substitution;multiplication_fluency,formula_input_mapping;engineering_quantity_model,variable_meaning_error;operation_selection_error,Substitute I = 4 and R = 5: V = 4 x 5 = 20.,Algebra 1,Engineering Foundation Modeling,engineers-math-01-formula-substitution,Formula Substitution in Engineering Contexts,6188,mathematics_for_engineers_croft_davison,"local-pdf: Mathematics for Engineers_Anthony Croft, Robert Davison.pdf; Mathematics for Engineers Chapter 5 Substitution into Formulae",Foundation,Bridge,formula_substitution,symbol_evaluation;formula_selection,90,Original-equivalent bridge item generated from local textbook coverage signals. No full textbook exercise text is reproduced.
eng_math_sub_010,Use V = IR to find V when I = 5 A and R = 6 ohms.,30,multiple_choice,A:35|B:30|C:11|D:1|E:31,3,prealg_substitution;arith_natural_numbers,formula_substitution;multiplication_fluency,formula_input_mapping;engineering_quantity_model,variable_meaning_error;operation_selection_error,Substitute I = 5 and R = 6: V = 5 x 6 = 30.,Algebra 1,Engineering Foundation Modeling,engineers-math-01-formula-substitution,Formula Substitution in Engineering Contexts,6189,mathematics_for_engineers_croft_davison,"local-pdf: Mathematics for Engineers_Anthony Croft, Robert Davison.pdf; Mathematics for Engineers Chapter 5 Substitution into Formulae",Foundation,Bridge,formula_substitution,symbol_evaluation;formula_selection,90,Original-equivalent bridge item generated from local textbook coverage signals. No full textbook exercise text is reproduced.
eng_math_sub_011,Use V = IR to find V when I = 6 A and R = 7 ohms.,42,multiple_choice,A:42|B:13|C:1|D:43|E:48,3,prealg_substitution;arith_natural_numbers,formula_substitution;multiplication_fluency,formula_input_mapping;engineering_quantity_model,variable_meaning_error;operation_selection_error,Substitute I = 6 and R = 7: V = 6 x 7 = 42.,Algebra 1,Engineering Foundation Modeling,engineers-math-01-formula-substitution,Formula Substitution in Engineering Contexts,6190,mathematics_for_engineers_croft_davison,"local-pdf: Mathematics for Engineers_Anthony Croft, Robert Davison.pdf; Mathematics for Engineers Chapter 5 Substitution into Formulae",Foundation,Bridge,formula_substitution,symbol_evaluation;formula_selection,90,Original-equivalent bridge item generated from local textbook coverage signals. No full textbook exercise text is reproduced.
eng_math_sub_012,Use V = IR to find V when I = 7 A and R = 8 ohms.,56,multiple_choice,A:15|B:1|C:57|D:63|E:56,3,prealg_substitution;arith_natural_numbers,formula_substitution;multiplication_fluency,formula_input_mapping;engineering_quantity_model,variable_meaning_error;operation_selection_error,Substitute I = 7 and R = 8: V = 7 x 8 = 56.,Algebra 1,Engineering Foundation Modeling,engineers-math-01-formula-substitution,Formula Substitution in Engineering Contexts,6191,mathematics_for_engineers_croft_davison,"local-pdf: Mathematics for Engineers_Anthony Croft, Robert Davison.pdf; Mathematics for Engineers Chapter 5 Substitution into Formulae",Foundation,Bridge,formula_substitution,symbol_evaluation;formula_selection,90,Original-equivalent bridge item generated from local textbook coverage signals. No full textbook exercise text is reproduced.
eng_math_sub_013,Use V = IR to find V when I = 2 A and R = 9 ohms.,18,multiple_choice,A:7|B:13|C:20|D:18|E:11,3,prealg_substitution;arith_natural_numbers,formula_substitution;multiplication_fluency,formula_input_mapping;engineering_quantity_model,variable_meaning_error;operation_selection_error,Substitute I = 2 and R = 9: V = 2 x 9 = 18.,Algebra 1,Engineering Foundation Modeling,engineers-math-01-formula-substitution,Formula Substitution in Engineering Contexts,6192,mathematics_for_engineers_croft_davison,"local-pdf: Mathematics for Engineers_Anthony Croft, Robert Davison.pdf; Mathematics for Engineers Chapter 5 Substitution into Formulae",Foundation,Bridge,formula_substitution,symbol_evaluation;formula_selection,90,Original-equivalent bridge item generated from local textbook coverage signals. No full textbook exercise text is reproduced.
eng_math_sub_014,Use V = IR to find V when I = 3 A and R = 10 ohms.,30,multiple_choice,A:19|B:33|C:30|D:13|E:7,3,prealg_substitution;arith_natural_numbers,formula_substitution;multiplication_fluency,formula_input_mapping;engineering_quantity_model,variable_meaning_error;operation_selection_error,Substitute I = 3 and R = 10: V = 3 x 10 = 30.,Algebra 1,Engineering Foundation Modeling,engineers-math-01-formula-substitution,Formula Substitution in Engineering Contexts,6193,mathematics_for_engineers_croft_davison,"local-pdf: Mathematics for Engineers_Anthony Croft, Robert Davison.pdf; Mathematics for Engineers Chapter 5 Substitution into Formulae",Foundation,Bridge,formula_substitution,symbol_evaluation;formula_selection,90,Original-equivalent bridge item generated from local textbook coverage signals. No full textbook exercise text is reproduced.
eng_math_sub_015,Use V = IR to find V when I = 4 A and R = 11 ohms.,44,multiple_choice,A:48|B:44|C:15|D:7|E:27,3,prealg_substitution;arith_natural_numbers,formula_substitution;multiplication_fluency,formula_input_mapping;engineering_quantity_model,variable_meaning_error;operation_selection_error,Substitute I = 4 and R = 11: V = 4 x 11 = 44.,Algebra 1,Engineering Foundation Modeling,engineers-math-01-formula-substitution,Formula Substitution in Engineering Contexts,6194,mathematics_for_engineers_croft_davison,"local-pdf: Mathematics for Engineers_Anthony Croft, Robert Davison.pdf; Mathematics for Engineers Chapter 5 Substitution into Formulae",Foundation,Bridge,formula_substitution,symbol_evaluation;formula_selection,90,Original-equivalent bridge item generated from local textbook coverage signals. No full textbook exercise text is reproduced.
eng_math_sub_016,Use V = IR to find V when I = 5 A and R = 12 ohms.,60,multiple_choice,A:60|B:17|C:7|D:37|E:65,3,prealg_substitution;arith_natural_numbers,formula_substitution;multiplication_fluency,formula_input_mapping;engineering_quantity_model,variable_meaning_error;operation_selection_error,Substitute I = 5 and R = 12: V = 5 x 12 = 60.,Algebra 1,Engineering Foundation Modeling,engineers-math-01-formula-substitution,Formula Substitution in Engineering Contexts,6195,mathematics_for_engineers_croft_davison,"local-pdf: Mathematics for Engineers_Anthony Croft, Robert Davison.pdf; Mathematics for Engineers Chapter 5 Substitution into Formulae",Foundation,Bridge,formula_substitution,symbol_evaluation;formula_selection,90,Original-equivalent bridge item generated from local textbook coverage signals. No full textbook exercise text is reproduced.
eng_math_sub_017,Use V = IR to find V when I = 6 A and R = 5 ohms.,30,multiple_choice,A:11|B:-1|C:41|D:36|E:30,3,prealg_substitution;arith_natural_numbers,formula_substitution;multiplication_fluency,formula_input_mapping;engineering_quantity_model,variable_meaning_error;operation_selection_error,Substitute I = 6 and R = 5: V = 6 x 5 = 30.,Algebra 1,Engineering Foundation Modeling,engineers-math-01-formula-substitution,Formula Substitution in Engineering Contexts,6196,mathematics_for_engineers_croft_davison,"local-pdf: Mathematics for Engineers_Anthony Croft, Robert Davison.pdf; Mathematics for Engineers Chapter 5 Substitution into Formulae",Foundation,Bridge,formula_substitution,symbol_evaluation;formula_selection,90,Original-equivalent bridge item generated from local textbook coverage signals. No full textbook exercise text is reproduced.
eng_math_sub_018,Use V = IR to find V when I = 7 A and R = 6 ohms.,42,multiple_choice,A:-1|B:55|C:49|D:42|E:13,3,prealg_substitution;arith_natural_numbers,formula_substitution;multiplication_fluency,formula_input_mapping;engineering_quantity_model,variable_meaning_error;operation_selection_error,Substitute I = 7 and R = 6: V = 7 x 6 = 42.,Algebra 1,Engineering Foundation Modeling,engineers-math-01-formula-substitution,Formula Substitution in Engineering Contexts,6197,mathematics_for_engineers_croft_davison,"local-pdf: Mathematics for Engineers_Anthony Croft, Robert Davison.pdf; Mathematics for Engineers Chapter 5 Substitution into Formulae",Foundation,Bridge,formula_substitution,symbol_evaluation;formula_selection,90,Original-equivalent bridge item generated from local textbook coverage signals. No full textbook exercise text is reproduced.
eng_math_sub_019,Use V = IR to find V when I = 2 A and R = 7 ohms.,14,multiple_choice,A:11|B:16|C:14|D:9|E:5,3,prealg_substitution;arith_natural_numbers,formula_substitution;multiplication_fluency,formula_input_mapping;engineering_quantity_model,variable_meaning_error;operation_selection_error,Substitute I = 2 and R = 7: V = 2 x 7 = 14.,Algebra 1,Engineering Foundation Modeling,engineers-math-01-formula-substitution,Formula Substitution in Engineering Contexts,6198,mathematics_for_engineers_croft_davison,"local-pdf: Mathematics for Engineers_Anthony Croft, Robert Davison.pdf; Mathematics for Engineers Chapter 5 Substitution into Formulae",Foundation,Bridge,formula_substitution,symbol_evaluation;formula_selection,90,Original-equivalent bridge item generated from local textbook coverage signals. No full textbook exercise text is reproduced.
eng_math_sub_020,Use V = IR to find V when I = 3 A and R = 8 ohms.,24,multiple_choice,A:27|B:24|C:11|D:5|E:17,3,prealg_substitution;arith_natural_numbers,formula_substitution;multiplication_fluency,formula_input_mapping;engineering_quantity_model,variable_meaning_error;operation_selection_error,Substitute I = 3 and R = 8: V = 3 x 8 = 24.,Algebra 1,Engineering Foundation Modeling,engineers-math-01-formula-substitution,Formula Substitution in Engineering Contexts,6199,mathematics_for_engineers_croft_davison,"local-pdf: Mathematics for Engineers_Anthony Croft, Robert Davison.pdf; Mathematics for Engineers Chapter 5 Substitution into Formulae",Foundation,Bridge,formula_substitution,symbol_evaluation;formula_selection,90,Original-equivalent bridge item generated from local textbook coverage signals. No full textbook exercise text is reproduced.
eng_math_scale_001,"On a technical drawing, 1 cm represents 4 m. What actual length is represented by 3 cm?",12,multiple_choice,A:12|B:7|C:1|D:0.75|E:120,3,arith_proportions;arith_ratios,scale_factor_modeling;proportional_reasoning,scale_model;multiplicative_reasoning,additive_ratio_error;scale_factor_error,"Each centimetre represents 4 m, so 3 cm represents 3 x 4 = 12 m.",Algebra 1,Engineering Foundation Modeling,engineers-math-04-proportionality,Proportionality and Engineering Models,6230,mathematics_for_engineers_croft_davison,"local-pdf: Mathematics for Engineers_Anthony Croft, Robert Davison.pdf; Mathematics for Engineers Foundation Review Ratio and Scale",Standard,Bridge,scale_modeling,multiplicative_reasoning;modeling_transfer,90,Original-equivalent bridge item generated from local textbook coverage signals. No full textbook exercise text is reproduced.
eng_math_scale_002,"On a technical drawing, 1 cm represents 5 m. What actual length is represented by 4 cm?",20,multiple_choice,A:9|B:1|C:0.8|D:200|E:20,3,arith_proportions;arith_ratios,scale_factor_modeling;proportional_reasoning,scale_model;multiplicative_reasoning,additive_ratio_error;scale_factor_error,"Each centimetre represents 5 m, so 4 cm represents 4 x 5 = 20 m.",Algebra 1,Engineering Foundation Modeling,engineers-math-04-proportionality,Proportionality and Engineering Models,6231,mathematics_for_engineers_croft_davison,"local-pdf: Mathematics for Engineers_Anthony Croft, Robert Davison.pdf; Mathematics for Engineers Foundation Review Ratio and Scale",Standard,Bridge,scale_modeling,multiplicative_reasoning;modeling_transfer,90,Original-equivalent bridge item generated from local textbook coverage signals. No full textbook exercise text is reproduced.
eng_math_scale_003,"On a technical drawing, 1 cm represents 6 m. What actual length is represented by 5 cm?",30,multiple_choice,A:1|B:0.8333333333333334|C:300|D:30|E:11,3,arith_proportions;arith_ratios,scale_factor_modeling;proportional_reasoning,scale_model;multiplicative_reasoning,additive_ratio_error;scale_factor_error,"Each centimetre represents 6 m, so 5 cm represents 5 x 6 = 30 m.",Algebra 1,Engineering Foundation Modeling,engineers-math-04-proportionality,Proportionality and Engineering Models,6232,mathematics_for_engineers_croft_davison,"local-pdf: Mathematics for Engineers_Anthony Croft, Robert Davison.pdf; Mathematics for Engineers Foundation Review Ratio and Scale",Standard,Bridge,scale_modeling,multiplicative_reasoning;modeling_transfer,90,Original-equivalent bridge item generated from local textbook coverage signals. No full textbook exercise text is reproduced.
eng_math_scale_004,"On a technical drawing, 1 cm represents 7 m. What actual length is represented by 6 cm?",42,multiple_choice,A:0.8571428571428571|B:420|C:42|D:13|E:1,3,arith_proportions;arith_ratios,scale_factor_modeling;proportional_reasoning,scale_model;multiplicative_reasoning,additive_ratio_error;scale_factor_error,"Each centimetre represents 7 m, so 6 cm represents 6 x 7 = 42 m.",Algebra 1,Engineering Foundation Modeling,engineers-math-04-proportionality,Proportionality and Engineering Models,6233,mathematics_for_engineers_croft_davison,"local-pdf: Mathematics for Engineers_Anthony Croft, Robert Davison.pdf; Mathematics for Engineers Foundation Review Ratio and Scale",Standard,Bridge,scale_modeling,multiplicative_reasoning;modeling_transfer,90,Original-equivalent bridge item generated from local textbook coverage signals. No full textbook exercise text is reproduced.
eng_math_scale_005,"On a technical drawing, 1 cm represents 8 m. What actual length is represented by 7 cm?",56,multiple_choice,A:560|B:56|C:15|D:1|E:0.875,3,arith_proportions;arith_ratios,scale_factor_modeling;proportional_reasoning,scale_model;multiplicative_reasoning,additive_ratio_error;scale_factor_error,"Each centimetre represents 8 m, so 7 cm represents 7 x 8 = 56 m.",Algebra 1,Engineering Foundation Modeling,engineers-math-04-proportionality,Proportionality and Engineering Models,6234,mathematics_for_engineers_croft_davison,"local-pdf: Mathematics for Engineers_Anthony Croft, Robert Davison.pdf; Mathematics for Engineers Foundation Review Ratio and Scale",Standard,Bridge,scale_modeling,multiplicative_reasoning;modeling_transfer,90,Original-equivalent bridge item generated from local textbook coverage signals. No full textbook exercise text is reproduced.
eng_math_scale_006,"On a technical drawing, 1 cm represents 9 m. What actual length is represented by 8 cm?",72,multiple_choice,A:72|B:17|C:1|D:0.8888888888888888|E:720,3,arith_proportions;arith_ratios,scale_factor_modeling;proportional_reasoning,scale_model;multiplicative_reasoning,additive_ratio_error;scale_factor_error,"Each centimetre represents 9 m, so 8 cm represents 8 x 9 = 72 m.",Algebra 1,Engineering Foundation Modeling,engineers-math-04-proportionality,Proportionality and Engineering Models,6235,mathematics_for_engineers_croft_davison,"local-pdf: Mathematics for Engineers_Anthony Croft, Robert Davison.pdf; Mathematics for Engineers Foundation Review Ratio and Scale",Standard,Bridge,scale_modeling,multiplicative_reasoning;modeling_transfer,90,Original-equivalent bridge item generated from local textbook coverage signals. No full textbook exercise text is reproduced.
eng_math_scale_007,"On a technical drawing, 1 cm represents 4 m. What actual length is represented by 9 cm?",36,multiple_choice,A:13|B:-5|C:2.25|D:360|E:36,3,arith_proportions;arith_ratios,scale_factor_modeling;proportional_reasoning,scale_model;multiplicative_reasoning,additive_ratio_error;scale_factor_error,"Each centimetre represents 4 m, so 9 cm represents 9 x 4 = 36 m.",Algebra 1,Engineering Foundation Modeling,engineers-math-04-proportionality,Proportionality and Engineering Models,6236,mathematics_for_engineers_croft_davison,"local-pdf: Mathematics for Engineers_Anthony Croft, Robert Davison.pdf; Mathematics for Engineers Foundation Review Ratio and Scale",Standard,Bridge,scale_modeling,multiplicative_reasoning;modeling_transfer,90,Original-equivalent bridge item generated from local textbook coverage signals. No full textbook exercise text is reproduced.
eng_math_scale_008,"On a technical drawing, 1 cm represents 5 m. What actual length is represented by 10 cm?",50,multiple_choice,A:-5|B:2|C:500|D:50|E:15,3,arith_proportions;arith_ratios,scale_factor_modeling;proportional_reasoning,scale_model;multiplicative_reasoning,additive_ratio_error;scale_factor_error,"Each centimetre represents 5 m, so 10 cm represents 10 x 5 = 50 m.",Algebra 1,Engineering Foundation Modeling,engineers-math-04-proportionality,Proportionality and Engineering Models,6237,mathematics_for_engineers_croft_davison,"local-pdf: Mathematics for Engineers_Anthony Croft, Robert Davison.pdf; Mathematics for Engineers Foundation Review Ratio and Scale",Standard,Bridge,scale_modeling,multiplicative_reasoning;modeling_transfer,90,Original-equivalent bridge item generated from local textbook coverage signals. No full textbook exercise text is reproduced.
eng_math_scale_009,"On a technical drawing, 1 cm represents 6 m. What actual length is represented by 3 cm?",18,multiple_choice,A:0.5|B:180|C:18|D:9|E:3,3,arith_proportions;arith_ratios,scale_factor_modeling;proportional_reasoning,scale_model;multiplicative_reasoning,additive_ratio_error;scale_factor_error,"Each centimetre represents 6 m, so 3 cm represents 3 x 6 = 18 m.",Algebra 1,Engineering Foundation Modeling,engineers-math-04-proportionality,Proportionality and Engineering Models,6238,mathematics_for_engineers_croft_davison,"local-pdf: Mathematics for Engineers_Anthony Croft, Robert Davison.pdf; Mathematics for Engineers Foundation Review Ratio and Scale",Standard,Bridge,scale_modeling,multiplicative_reasoning;modeling_transfer,90,Original-equivalent bridge item generated from local textbook coverage signals. No full textbook exercise text is reproduced.
eng_math_scale_010,"On a technical drawing, 1 cm represents 7 m. What actual length is represented by 4 cm?",28,multiple_choice,A:280|B:28|C:11|D:3|E:0.5714285714285714,3,arith_proportions;arith_ratios,scale_factor_modeling;proportional_reasoning,scale_model;multiplicative_reasoning,additive_ratio_error;scale_factor_error,"Each centimetre represents 7 m, so 4 cm represents 4 x 7 = 28 m.",Algebra 1,Engineering Foundation Modeling,engineers-math-04-proportionality,Proportionality and Engineering Models,6239,mathematics_for_engineers_croft_davison,"local-pdf: Mathematics for Engineers_Anthony Croft, Robert Davison.pdf; Mathematics for Engineers Foundation Review Ratio and Scale",Standard,Bridge,scale_modeling,multiplicative_reasoning;modeling_transfer,90,Original-equivalent bridge item generated from local textbook coverage signals. No full textbook exercise text is reproduced.
eng_math_scale_011,"On a technical drawing, 1 cm represents 8 m. What actual length is represented by 5 cm?",40,multiple_choice,A:40|B:13|C:3|D:0.625|E:400,3,arith_proportions;arith_ratios,scale_factor_modeling;proportional_reasoning,scale_model;multiplicative_reasoning,additive_ratio_error;scale_factor_error,"Each centimetre represents 8 m, so 5 cm represents 5 x 8 = 40 m.",Algebra 1,Engineering Foundation Modeling,engineers-math-04-proportionality,Proportionality and Engineering Models,6240,mathematics_for_engineers_croft_davison,"local-pdf: Mathematics for Engineers_Anthony Croft, Robert Davison.pdf; Mathematics for Engineers Foundation Review Ratio and Scale",Standard,Bridge,scale_modeling,multiplicative_reasoning;modeling_transfer,90,Original-equivalent bridge item generated from local textbook coverage signals. No full textbook exercise text is reproduced.
eng_math_scale_012,"On a technical drawing, 1 cm represents 9 m. What actual length is represented by 6 cm?",54,multiple_choice,A:15|B:3|C:0.6666666666666666|D:540|E:54,3,arith_proportions;arith_ratios,scale_factor_modeling;proportional_reasoning,scale_model;multiplicative_reasoning,additive_ratio_error;scale_factor_error,"Each centimetre represents 9 m, so 6 cm represents 6 x 9 = 54 m.",Algebra 1,Engineering Foundation Modeling,engineers-math-04-proportionality,Proportionality and Engineering Models,6241,mathematics_for_engineers_croft_davison,"local-pdf: Mathematics for Engineers_Anthony Croft, Robert Davison.pdf; Mathematics for Engineers Foundation Review Ratio and Scale",Standard,Bridge,scale_modeling,multiplicative_reasoning;modeling_transfer,90,Original-equivalent bridge item generated from local textbook coverage signals. No full textbook exercise text is reproduced.
eng_math_scale_013,"On a technical drawing, 1 cm represents 4 m. What actual length is represented by 7 cm?",28,multiple_choice,A:-3|B:1.75|C:280|D:28|E:11,3,arith_proportions;arith_ratios,scale_factor_modeling;proportional_reasoning,scale_model;multiplicative_reasoning,additive_ratio_error;scale_factor_error,"Each centimetre represents 4 m, so 7 cm represents 7 x 4 = 28 m.",Algebra 1,Engineering Foundation Modeling,engineers-math-04-proportionality,Proportionality and Engineering Models,6242,mathematics_for_engineers_croft_davison,"local-pdf: Mathematics for Engineers_Anthony Croft, Robert Davison.pdf; Mathematics for Engineers Foundation Review Ratio and Scale",Standard,Bridge,scale_modeling,multiplicative_reasoning;modeling_transfer,90,Original-equivalent bridge item generated from local textbook coverage signals. No full textbook exercise text is reproduced.
eng_math_scale_014,"On a technical drawing, 1 cm represents 5 m. What actual length is represented by 8 cm?",40,multiple_choice,A:1.6|B:400|C:40|D:13|E:-3,3,arith_proportions;arith_ratios,scale_factor_modeling;proportional_reasoning,scale_model;multiplicative_reasoning,additive_ratio_error;scale_factor_error,"Each centimetre represents 5 m, so 8 cm represents 8 x 5 = 40 m.",Algebra 1,Engineering Foundation Modeling,engineers-math-04-proportionality,Proportionality and Engineering Models,6243,mathematics_for_engineers_croft_davison,"local-pdf: Mathematics for Engineers_Anthony Croft, Robert Davison.pdf; Mathematics for Engineers Foundation Review Ratio and Scale",Standard,Bridge,scale_modeling,multiplicative_reasoning;modeling_transfer,90,Original-equivalent bridge item generated from local textbook coverage signals. No full textbook exercise text is reproduced.
eng_math_scale_015,"On a technical drawing, 1 cm represents 6 m. What actual length is represented by 9 cm?",54,multiple_choice,A:540|B:54|C:15|D:-3|E:1.5,3,arith_proportions;arith_ratios,scale_factor_modeling;proportional_reasoning,scale_model;multiplicative_reasoning,additive_ratio_error;scale_factor_error,"Each centimetre represents 6 m, so 9 cm represents 9 x 6 = 54 m.",Algebra 1,Engineering Foundation Modeling,engineers-math-04-proportionality,Proportionality and Engineering Models,6244,mathematics_for_engineers_croft_davison,"local-pdf: Mathematics for Engineers_Anthony Croft, Robert Davison.pdf; Mathematics for Engineers Foundation Review Ratio and Scale",Standard,Bridge,scale_modeling,multiplicative_reasoning;modeling_transfer,90,Original-equivalent bridge item generated from local textbook coverage signals. No full textbook exercise text is reproduced.
eng_math_scale_016,"On a technical drawing, 1 cm represents 7 m. What actual length is represented by 10 cm?",70,multiple_choice,A:70|B:17|C:-3|D:1.4285714285714286|E:700,3,arith_proportions;arith_ratios,scale_factor_modeling;proportional_reasoning,scale_model;multiplicative_reasoning,additive_ratio_error;scale_factor_error,"Each centimetre represents 7 m, so 10 cm represents 10 x 7 = 70 m.",Algebra 1,Engineering Foundation Modeling,engineers-math-04-proportionality,Proportionality and Engineering Models,6245,mathematics_for_engineers_croft_davison,"local-pdf: Mathematics for Engineers_Anthony Croft, Robert Davison.pdf; Mathematics for Engineers Foundation Review Ratio and Scale",Standard,Bridge,scale_modeling,multiplicative_reasoning;modeling_transfer,90,Original-equivalent bridge item generated from local textbook coverage signals. No full textbook exercise text is reproduced.
eng_math_scale_017,"On a technical drawing, 1 cm represents 8 m. What actual length is represented by 3 cm?",24,multiple_choice,A:11|B:5|C:0.375|D:240|E:24,3,arith_proportions;arith_ratios,scale_factor_modeling;proportional_reasoning,scale_model;multiplicative_reasoning,additive_ratio_error;scale_factor_error,"Each centimetre represents 8 m, so 3 cm represents 3 x 8 = 24 m.",Algebra 1,Engineering Foundation Modeling,engineers-math-04-proportionality,Proportionality and Engineering Models,6246,mathematics_for_engineers_croft_davison,"local-pdf: Mathematics for Engineers_Anthony Croft, Robert Davison.pdf; Mathematics for Engineers Foundation Review Ratio and Scale",Standard,Bridge,scale_modeling,multiplicative_reasoning;modeling_transfer,90,Original-equivalent bridge item generated from local textbook coverage signals. No full textbook exercise text is reproduced.
eng_math_scale_018,"On a technical drawing, 1 cm represents 9 m. What actual length is represented by 4 cm?",36,multiple_choice,A:5|B:0.4444444444444444|C:360|D:36|E:13,3,arith_proportions;arith_ratios,scale_factor_modeling;proportional_reasoning,scale_model;multiplicative_reasoning,additive_ratio_error;scale_factor_error,"Each centimetre represents 9 m, so 4 cm represents 4 x 9 = 36 m.",Algebra 1,Engineering Foundation Modeling,engineers-math-04-proportionality,Proportionality and Engineering Models,6247,mathematics_for_engineers_croft_davison,"local-pdf: Mathematics for Engineers_Anthony Croft, Robert Davison.pdf; Mathematics for Engineers Foundation Review Ratio and Scale",Standard,Bridge,scale_modeling,multiplicative_reasoning;modeling_transfer,90,Original-equivalent bridge item generated from local textbook coverage signals. No full textbook exercise text is reproduced.
eng_math_scale_019,"On a technical drawing, 1 cm represents 4 m. What actual length is represented by 5 cm?",20,multiple_choice,A:1.25|B:200|C:20|D:9|E:-1,3,arith_proportions;arith_ratios,scale_factor_modeling;proportional_reasoning,scale_model;multiplicative_reasoning,additive_ratio_error;scale_factor_error,"Each centimetre represents 4 m, so 5 cm represents 5 x 4 = 20 m.",Algebra 1,Engineering Foundation Modeling,engineers-math-04-proportionality,Proportionality and Engineering Models,6248,mathematics_for_engineers_croft_davison,"local-pdf: Mathematics for Engineers_Anthony Croft, Robert Davison.pdf; Mathematics for Engineers Foundation Review Ratio and Scale",Standard,Bridge,scale_modeling,multiplicative_reasoning;modeling_transfer,90,Original-equivalent bridge item generated from local textbook coverage signals. No full textbook exercise text is reproduced.
eng_math_scale_020,"On a technical drawing, 1 cm represents 5 m. What actual length is represented by 6 cm?",30,multiple_choice,A:300|B:30|C:11|D:-1|E:1.2,3,arith_proportions;arith_ratios,scale_factor_modeling;proportional_reasoning,scale_model;multiplicative_reasoning,additive_ratio_error;scale_factor_error,"Each centimetre represents 5 m, so 6 cm represents 6 x 5 = 30 m.",Algebra 1,Engineering Foundation Modeling,engineers-math-04-proportionality,Proportionality and Engineering Models,6249,mathematics_for_engineers_croft_davison,"local-pdf: Mathematics for Engineers_Anthony Croft, Robert Davison.pdf; Mathematics for Engineers Foundation Review Ratio and Scale",Standard,Bridge,scale_modeling,multiplicative_reasoning;modeling_transfer,90,Original-equivalent bridge item generated from local textbook coverage signals. No full textbook exercise text is reproduced.
eng_math_rate_001,A conveyor moves at 6 m/min for 3 minutes. Use d = vt to find the distance moved.,18,multiple_choice,A:18|B:9|C:3|D:2|E:24,3,arith_ratios;prealg_word_to_equation;alg_functions,rate_modeling;formula_substitution,rate_time_distance_model;engineering_quantity_model,operation_selection_error;unit_meaning_error,Use d = vt. Substitute v = 6 and t = 3: d = 6 x 3 = 18 m.,Algebra 1,Engineering Algebra Foundations,engineers-math-05-rate-models,Rate Models and Engineering Quantities,6600,mathematics_for_engineers_croft_davison,"local-pdf: Mathematics for Engineers_Anthony Croft, Robert Davison.pdf; Mathematics for Engineers Foundation Review Rates and Formula Models",Standard,Bridge,rate_modeling,formula_selection;modeling_transfer,90,Original-equivalent bridge item generated from local textbook coverage signals. No full textbook exercise text is reproduced.
eng_math_rate_002,A conveyor moves at 7 m/min for 4 minutes. Use d = vt to find the distance moved.,28,multiple_choice,A:11|B:3|C:1.75|D:35|E:28,3,arith_ratios;prealg_word_to_equation;alg_functions,rate_modeling;formula_substitution,rate_time_distance_model;engineering_quantity_model,operation_selection_error;unit_meaning_error,Use d = vt. Substitute v = 7 and t = 4: d = 7 x 4 = 28 m.,Algebra 1,Engineering Algebra Foundations,engineers-math-05-rate-models,Rate Models and Engineering Quantities,6601,mathematics_for_engineers_croft_davison,"local-pdf: Mathematics for Engineers_Anthony Croft, Robert Davison.pdf; Mathematics for Engineers Foundation Review Rates and Formula Models",Standard,Bridge,rate_modeling,formula_selection;modeling_transfer,90,Original-equivalent bridge item generated from local textbook coverage signals. No full textbook exercise text is reproduced.
eng_math_rate_003,A conveyor moves at 8 m/min for 5 minutes. Use d = vt to find the distance moved.,40,multiple_choice,A:3|B:1.6|C:48|D:40|E:13,3,arith_ratios;prealg_word_to_equation;alg_functions,rate_modeling;formula_substitution,rate_time_distance_model;engineering_quantity_model,operation_selection_error;unit_meaning_error,Use d = vt. Substitute v = 8 and t = 5: d = 8 x 5 = 40 m.,Algebra 1,Engineering Algebra Foundations,engineers-math-05-rate-models,Rate Models and Engineering Quantities,6602,mathematics_for_engineers_croft_davison,"local-pdf: Mathematics for Engineers_Anthony Croft, Robert Davison.pdf; Mathematics for Engineers Foundation Review Rates and Formula Models",Standard,Bridge,rate_modeling,formula_selection;modeling_transfer,90,Original-equivalent bridge item generated from local textbook coverage signals. No full textbook exercise text is reproduced.
eng_math_rate_004,A conveyor moves at 9 m/min for 6 minutes. Use d = vt to find the distance moved.,54,multiple_choice,A:1.5|B:63|C:54|D:15|E:3,3,arith_ratios;prealg_word_to_equation;alg_functions,rate_modeling;formula_substitution,rate_time_distance_model;engineering_quantity_model,operation_selection_error;unit_meaning_error,Use d = vt. Substitute v = 9 and t = 6: d = 9 x 6 = 54 m.,Algebra 1,Engineering Algebra Foundations,engineers-math-05-rate-models,Rate Models and Engineering Quantities,6603,mathematics_for_engineers_croft_davison,"local-pdf: Mathematics for Engineers_Anthony Croft, Robert Davison.pdf; Mathematics for Engineers Foundation Review Rates and Formula Models",Standard,Bridge,rate_modeling,formula_selection;modeling_transfer,90,Original-equivalent bridge item generated from local textbook coverage signals. No full textbook exercise text is reproduced.
eng_math_rate_005,A conveyor moves at 10 m/min for 7 minutes. Use d = vt to find the distance moved.,70,multiple_choice,A:80|B:70|C:17|D:3|E:1.4285714285714286,3,arith_ratios;prealg_word_to_equation;alg_functions,rate_modeling;formula_substitution,rate_time_distance_model;engineering_quantity_model,operation_selection_error;unit_meaning_error,Use d = vt. Substitute v = 10 and t = 7: d = 10 x 7 = 70 m.,Algebra 1,Engineering Algebra Foundations,engineers-math-05-rate-models,Rate Models and Engineering Quantities,6604,mathematics_for_engineers_croft_davison,"local-pdf: Mathematics for Engineers_Anthony Croft, Robert Davison.pdf; Mathematics for Engineers Foundation Review Rates and Formula Models",Standard,Bridge,rate_modeling,formula_selection;modeling_transfer,90,Original-equivalent bridge item generated from local textbook coverage signals. No full textbook exercise text is reproduced.
eng_math_rate_006,A conveyor moves at 11 m/min for 3 minutes. Use d = vt to find the distance moved.,33,multiple_choice,A:33|B:14|C:8|D:3.6666666666666665|E:44,3,arith_ratios;prealg_word_to_equation;alg_functions,rate_modeling;formula_substitution,rate_time_distance_model;engineering_quantity_model,operation_selection_error;unit_meaning_error,Use d = vt. Substitute v = 11 and t = 3: d = 11 x 3 = 33 m.,Algebra 1,Engineering Algebra Foundations,engineers-math-05-rate-models,Rate Models and Engineering Quantities,6605,mathematics_for_engineers_croft_davison,"local-pdf: Mathematics for Engineers_Anthony Croft, Robert Davison.pdf; Mathematics for Engineers Foundation Review Rates and Formula Models",Standard,Bridge,rate_modeling,formula_selection;modeling_transfer,90,Original-equivalent bridge item generated from local textbook coverage signals. No full textbook exercise text is reproduced.
eng_math_rate_007,A conveyor moves at 12 m/min for 4 minutes. Use d = vt to find the distance moved.,48,multiple_choice,A:16|B:8|C:3|D:60|E:48,3,arith_ratios;prealg_word_to_equation;alg_functions,rate_modeling;formula_substitution,rate_time_distance_model;engineering_quantity_model,operation_selection_error;unit_meaning_error,Use d = vt. Substitute v = 12 and t = 4: d = 12 x 4 = 48 m.,Algebra 1,Engineering Algebra Foundations,engineers-math-05-rate-models,Rate Models and Engineering Quantities,6606,mathematics_for_engineers_croft_davison,"local-pdf: Mathematics for Engineers_Anthony Croft, Robert Davison.pdf; Mathematics for Engineers Foundation Review Rates and Formula Models",Standard,Bridge,rate_modeling,formula_selection;modeling_transfer,90,Original-equivalent bridge item generated from local textbook coverage signals. No full textbook exercise text is reproduced.
eng_math_rate_008,A conveyor moves at 6 m/min for 5 minutes. Use d = vt to find the distance moved.,30,multiple_choice,A:1|B:1.2|C:36|D:30|E:11,3,arith_ratios;prealg_word_to_equation;alg_functions,rate_modeling;formula_substitution,rate_time_distance_model;engineering_quantity_model,operation_selection_error;unit_meaning_error,Use d = vt. Substitute v = 6 and t = 5: d = 6 x 5 = 30 m.,Algebra 1,Engineering Algebra Foundations,engineers-math-05-rate-models,Rate Models and Engineering Quantities,6607,mathematics_for_engineers_croft_davison,"local-pdf: Mathematics for Engineers_Anthony Croft, Robert Davison.pdf; Mathematics for Engineers Foundation Review Rates and Formula Models",Standard,Bridge,rate_modeling,formula_selection;modeling_transfer,90,Original-equivalent bridge item generated from local textbook coverage signals. No full textbook exercise text is reproduced.
eng_math_rate_009,A conveyor moves at 7 m/min for 6 minutes. Use d = vt to find the distance moved.,42,multiple_choice,A:1.1666666666666667|B:49|C:42|D:13|E:1,3,arith_ratios;prealg_word_to_equation;alg_functions,rate_modeling;formula_substitution,rate_time_distance_model;engineering_quantity_model,operation_selection_error;unit_meaning_error,Use d = vt. Substitute v = 7 and t = 6: d = 7 x 6 = 42 m.,Algebra 1,Engineering Algebra Foundations,engineers-math-05-rate-models,Rate Models and Engineering Quantities,6608,mathematics_for_engineers_croft_davison,"local-pdf: Mathematics for Engineers_Anthony Croft, Robert Davison.pdf; Mathematics for Engineers Foundation Review Rates and Formula Models",Standard,Bridge,rate_modeling,formula_selection;modeling_transfer,90,Original-equivalent bridge item generated from local textbook coverage signals. No full textbook exercise text is reproduced.
eng_math_rate_010,A conveyor moves at 8 m/min for 7 minutes. Use d = vt to find the distance moved.,56,multiple_choice,A:64|B:56|C:15|D:1|E:1.1428571428571428,3,arith_ratios;prealg_word_to_equation;alg_functions,rate_modeling;formula_substitution,rate_time_distance_model;engineering_quantity_model,operation_selection_error;unit_meaning_error,Use d = vt. Substitute v = 8 and t = 7: d = 8 x 7 = 56 m.,Algebra 1,Engineering Algebra Foundations,engineers-math-05-rate-models,Rate Models and Engineering Quantities,6609,mathematics_for_engineers_croft_davison,"local-pdf: Mathematics for Engineers_Anthony Croft, Robert Davison.pdf; Mathematics for Engineers Foundation Review Rates and Formula Models",Standard,Bridge,rate_modeling,formula_selection;modeling_transfer,90,Original-equivalent bridge item generated from local textbook coverage signals. No full textbook exercise text is reproduced.
eng_math_rate_011,A conveyor moves at 9 m/min for 3 minutes. Use d = vt to find the distance moved.,27,multiple_choice,A:27|B:12|C:6|D:3|E:36,3,arith_ratios;prealg_word_to_equation;alg_functions,rate_modeling;formula_substitution,rate_time_distance_model;engineering_quantity_model,operation_selection_error;unit_meaning_error,Use d = vt. Substitute v = 9 and t = 3: d = 9 x 3 = 27 m.,Algebra 1,Engineering Algebra Foundations,engineers-math-05-rate-models,Rate Models and Engineering Quantities,6610,mathematics_for_engineers_croft_davison,"local-pdf: Mathematics for Engineers_Anthony Croft, Robert Davison.pdf; Mathematics for Engineers Foundation Review Rates and Formula Models",Standard,Bridge,rate_modeling,formula_selection;modeling_transfer,90,Original-equivalent bridge item generated from local textbook coverage signals. No full textbook exercise text is reproduced.
eng_math_rate_012,A conveyor moves at 10 m/min for 4 minutes. Use d = vt to find the distance moved.,40,multiple_choice,A:14|B:6|C:2.5|D:50|E:40,3,arith_ratios;prealg_word_to_equation;alg_functions,rate_modeling;formula_substitution,rate_time_distance_model;engineering_quantity_model,operation_selection_error;unit_meaning_error,Use d = vt. Substitute v = 10 and t = 4: d = 10 x 4 = 40 m.,Algebra 1,Engineering Algebra Foundations,engineers-math-05-rate-models,Rate Models and Engineering Quantities,6611,mathematics_for_engineers_croft_davison,"local-pdf: Mathematics for Engineers_Anthony Croft, Robert Davison.pdf; Mathematics for Engineers Foundation Review Rates and Formula Models",Standard,Bridge,rate_modeling,formula_selection;modeling_transfer,90,Original-equivalent bridge item generated from local textbook coverage signals. No full textbook exercise text is reproduced.
eng_math_rate_013,A conveyor moves at 11 m/min for 5 minutes. Use d = vt to find the distance moved.,55,multiple_choice,A:6|B:2.2|C:66|D:55|E:16,3,arith_ratios;prealg_word_to_equation;alg_functions,rate_modeling;formula_substitution,rate_time_distance_model;engineering_quantity_model,operation_selection_error;unit_meaning_error,Use d = vt. Substitute v = 11 and t = 5: d = 11 x 5 = 55 m.,Algebra 1,Engineering Algebra Foundations,engineers-math-05-rate-models,Rate Models and Engineering Quantities,6612,mathematics_for_engineers_croft_davison,"local-pdf: Mathematics for Engineers_Anthony Croft, Robert Davison.pdf; Mathematics for Engineers Foundation Review Rates and Formula Models",Standard,Bridge,rate_modeling,formula_selection;modeling_transfer,90,Original-equivalent bridge item generated from local textbook coverage signals. No full textbook exercise text is reproduced.
eng_math_rate_014,A conveyor moves at 12 m/min for 6 minutes. Use d = vt to find the distance moved.,72,multiple_choice,A:2|B:84|C:72|D:18|E:6,3,arith_ratios;prealg_word_to_equation;alg_functions,rate_modeling;formula_substitution,rate_time_distance_model;engineering_quantity_model,operation_selection_error;unit_meaning_error,Use d = vt. Substitute v = 12 and t = 6: d = 12 x 6 = 72 m.,Algebra 1,Engineering Algebra Foundations,engineers-math-05-rate-models,Rate Models and Engineering Quantities,6613,mathematics_for_engineers_croft_davison,"local-pdf: Mathematics for Engineers_Anthony Croft, Robert Davison.pdf; Mathematics for Engineers Foundation Review Rates and Formula Models",Standard,Bridge,rate_modeling,formula_selection;modeling_transfer,90,Original-equivalent bridge item generated from local textbook coverage signals. No full textbook exercise text is reproduced.
eng_math_rate_015,A conveyor moves at 6 m/min for 7 minutes. Use d = vt to find the distance moved.,42,multiple_choice,A:48|B:42|C:13|D:-1|E:0.8571428571428571,3,arith_ratios;prealg_word_to_equation;alg_functions,rate_modeling;formula_substitution,rate_time_distance_model;engineering_quantity_model,operation_selection_error;unit_meaning_error,Use d = vt. Substitute v = 6 and t = 7: d = 6 x 7 = 42 m.,Algebra 1,Engineering Algebra Foundations,engineers-math-05-rate-models,Rate Models and Engineering Quantities,6614,mathematics_for_engineers_croft_davison,"local-pdf: Mathematics for Engineers_Anthony Croft, Robert Davison.pdf; Mathematics for Engineers Foundation Review Rates and Formula Models",Standard,Bridge,rate_modeling,formula_selection;modeling_transfer,90,Original-equivalent bridge item generated from local textbook coverage signals. No full textbook exercise text is reproduced.
eng_math_rate_016,A conveyor moves at 7 m/min for 3 minutes. Use d = vt to find the distance moved.,21,multiple_choice,A:21|B:10|C:4|D:2.3333333333333335|E:28,3,arith_ratios;prealg_word_to_equation;alg_functions,rate_modeling;formula_substitution,rate_time_distance_model;engineering_quantity_model,operation_selection_error;unit_meaning_error,Use d = vt. Substitute v = 7 and t = 3: d = 7 x 3 = 21 m.,Algebra 1,Engineering Algebra Foundations,engineers-math-05-rate-models,Rate Models and Engineering Quantities,6615,mathematics_for_engineers_croft_davison,"local-pdf: Mathematics for Engineers_Anthony Croft, Robert Davison.pdf; Mathematics for Engineers Foundation Review Rates and Formula Models",Standard,Bridge,rate_modeling,formula_selection;modeling_transfer,90,Original-equivalent bridge item generated from local textbook coverage signals. No full textbook exercise text is reproduced.
eng_math_rate_017,A conveyor moves at 8 m/min for 4 minutes. Use d = vt to find the distance moved.,32,multiple_choice,A:12|B:4|C:2|D:40|E:32,3,arith_ratios;prealg_word_to_equation;alg_functions,rate_modeling;formula_substitution,rate_time_distance_model;engineering_quantity_model,operation_selection_error;unit_meaning_error,Use d = vt. Substitute v = 8 and t = 4: d = 8 x 4 = 32 m.,Algebra 1,Engineering Algebra Foundations,engineers-math-05-rate-models,Rate Models and Engineering Quantities,6616,mathematics_for_engineers_croft_davison,"local-pdf: Mathematics for Engineers_Anthony Croft, Robert Davison.pdf; Mathematics for Engineers Foundation Review Rates and Formula Models",Standard,Bridge,rate_modeling,formula_selection;modeling_transfer,90,Original-equivalent bridge item generated from local textbook coverage signals. No full textbook exercise text is reproduced.
eng_math_rate_018,A conveyor moves at 9 m/min for 5 minutes. Use d = vt to find the distance moved.,45,multiple_choice,A:4|B:1.8|C:54|D:45|E:14,3,arith_ratios;prealg_word_to_equation;alg_functions,rate_modeling;formula_substitution,rate_time_distance_model;engineering_quantity_model,operation_selection_error;unit_meaning_error,Use d = vt. Substitute v = 9 and t = 5: d = 9 x 5 = 45 m.,Algebra 1,Engineering Algebra Foundations,engineers-math-05-rate-models,Rate Models and Engineering Quantities,6617,mathematics_for_engineers_croft_davison,"local-pdf: Mathematics for Engineers_Anthony Croft, Robert Davison.pdf; Mathematics for Engineers Foundation Review Rates and Formula Models",Standard,Bridge,rate_modeling,formula_selection;modeling_transfer,90,Original-equivalent bridge item generated from local textbook coverage signals. No full textbook exercise text is reproduced.
eng_math_rate_019,A conveyor moves at 10 m/min for 6 minutes. Use d = vt to find the distance moved.,60,multiple_choice,A:1.6666666666666667|B:70|C:60|D:16|E:4,3,arith_ratios;prealg_word_to_equation;alg_functions,rate_modeling;formula_substitution,rate_time_distance_model;engineering_quantity_model,operation_selection_error;unit_meaning_error,Use d = vt. Substitute v = 10 and t = 6: d = 10 x 6 = 60 m.,Algebra 1,Engineering Algebra Foundations,engineers-math-05-rate-models,Rate Models and Engineering Quantities,6618,mathematics_for_engineers_croft_davison,"local-pdf: Mathematics for Engineers_Anthony Croft, Robert Davison.pdf; Mathematics for Engineers Foundation Review Rates and Formula Models",Standard,Bridge,rate_modeling,formula_selection;modeling_transfer,90,Original-equivalent bridge item generated from local textbook coverage signals. No full textbook exercise text is reproduced.
eng_math_rate_020,A conveyor moves at 11 m/min for 7 minutes. Use d = vt to find the distance moved.,77,multiple_choice,A:88|B:77|C:18|D:4|E:1.5714285714285714,3,arith_ratios;prealg_word_to_equation;alg_functions,rate_modeling;formula_substitution,rate_time_distance_model;engineering_quantity_model,operation_selection_error;unit_meaning_error,Use d = vt. Substitute v = 11 and t = 7: d = 11 x 7 = 77 m.,Algebra 1,Engineering Algebra Foundations,engineers-math-05-rate-models,Rate Models and Engineering Quantities,6619,mathematics_for_engineers_croft_davison,"local-pdf: Mathematics for Engineers_Anthony Croft, Robert Davison.pdf; Mathematics for Engineers Foundation Review Rates and Formula Models",Standard,Bridge,rate_modeling,formula_selection;modeling_transfer,90,Original-equivalent bridge item generated from local textbook coverage signals. No full textbook exercise text is reproduced.
eng_math_linmodel_001,A tank starts with 30 L of water and fills at 2 L/min. How much water is in the tank after 4 minutes?,38,multiple_choice,A:38|B:34|C:8|D:64|E:36,4,alg_functions;alg_linear_equations,linear_modeling;function_evaluation,initial_value_rate_model;input_output_mapping,intercept_rate_confusion;operation_selection_error,The linear model is amount = initial amount + rate x time. So amount = 30 + 2 x 4 = 38 L.,Algebra 1,Engineering Algebra Modeling,engineers-math-06-linear-engineering-models,Linear Engineering Models,6670,mathematics_for_engineers_croft_davison,"local-pdf: Mathematics for Engineers_Anthony Croft, Robert Davison.pdf; Mathematics for Engineers Chapter 7 Linear Models",Standard,Algebra Readiness,engineering_linear_modeling,modeling_transfer;input_output_mapping,110,Original-equivalent bridge item generated from local textbook coverage signals. No full textbook exercise text is reproduced.
eng_math_linmodel_002,A tank starts with 31 L of water and fills at 3 L/min. How much water is in the tank after 5 minutes?,46,multiple_choice,A:36|B:15|C:98|D:43|E:46,4,alg_functions;alg_linear_equations,linear_modeling;function_evaluation,initial_value_rate_model;input_output_mapping,intercept_rate_confusion;operation_selection_error,The linear model is amount = initial amount + rate x time. So amount = 31 + 3 x 5 = 46 L.,Algebra 1,Engineering Algebra Modeling,engineers-math-06-linear-engineering-models,Linear Engineering Models,6671,mathematics_for_engineers_croft_davison,"local-pdf: Mathematics for Engineers_Anthony Croft, Robert Davison.pdf; Mathematics for Engineers Chapter 7 Linear Models",Standard,Algebra Readiness,engineering_linear_modeling,modeling_transfer;input_output_mapping,110,Original-equivalent bridge item generated from local textbook coverage signals. No full textbook exercise text is reproduced.
eng_math_linmodel_003,A tank starts with 32 L of water and fills at 4 L/min. How much water is in the tank after 6 minutes?,56,multiple_choice,A:24|B:134|C:52|D:56|E:38,4,alg_functions;alg_linear_equations,linear_modeling;function_evaluation,initial_value_rate_model;input_output_mapping,intercept_rate_confusion;operation_selection_error,The linear model is amount = initial amount + rate x time. So amount = 32 + 4 x 6 = 56 L.,Algebra 1,Engineering Algebra Modeling,engineers-math-06-linear-engineering-models,Linear Engineering Models,6672,mathematics_for_engineers_croft_davison,"local-pdf: Mathematics for Engineers_Anthony Croft, Robert Davison.pdf; Mathematics for Engineers Chapter 7 Linear Models",Standard,Algebra Readiness,engineering_linear_modeling,modeling_transfer;input_output_mapping,110,Original-equivalent bridge item generated from local textbook coverage signals. No full textbook exercise text is reproduced.
eng_math_linmodel_004,A tank starts with 33 L of water and fills at 5 L/min. How much water is in the tank after 7 minutes?,68,multiple_choice,A:172|B:63|C:68|D:40|E:35,4,alg_functions;alg_linear_equations,linear_modeling;function_evaluation,initial_value_rate_model;input_output_mapping,intercept_rate_confusion;operation_selection_error,The linear model is amount = initial amount + rate x time. So amount = 33 + 5 x 7 = 68 L.,Algebra 1,Engineering Algebra Modeling,engineers-math-06-linear-engineering-models,Linear Engineering Models,6673,mathematics_for_engineers_croft_davison,"local-pdf: Mathematics for Engineers_Anthony Croft, Robert Davison.pdf; Mathematics for Engineers Chapter 7 Linear Models",Standard,Algebra Readiness,engineering_linear_modeling,modeling_transfer;input_output_mapping,110,Original-equivalent bridge item generated from local textbook coverage signals. No full textbook exercise text is reproduced.
eng_math_linmodel_005,A tank starts with 34 L of water and fills at 6 L/min. How much water is in the tank after 8 minutes?,82,multiple_choice,A:76|B:82|C:42|D:48|E:212,4,alg_functions;alg_linear_equations,linear_modeling;function_evaluation,initial_value_rate_model;input_output_mapping,intercept_rate_confusion;operation_selection_error,The linear model is amount = initial amount + rate x time. So amount = 34 + 6 x 8 = 82 L.,Algebra 1,Engineering Algebra Modeling,engineers-math-06-linear-engineering-models,Linear Engineering Models,6674,mathematics_for_engineers_croft_davison,"local-pdf: Mathematics for Engineers_Anthony Croft, Robert Davison.pdf; Mathematics for Engineers Chapter 7 Linear Models",Standard,Algebra Readiness,engineering_linear_modeling,modeling_transfer;input_output_mapping,110,Original-equivalent bridge item generated from local textbook coverage signals. No full textbook exercise text is reproduced.
eng_math_linmodel_006,A tank starts with 35 L of water and fills at 2 L/min. How much water is in the tank after 9 minutes?,53,multiple_choice,A:53|B:44|C:18|D:79|E:51,4,alg_functions;alg_linear_equations,linear_modeling;function_evaluation,initial_value_rate_model;input_output_mapping,intercept_rate_confusion;operation_selection_error,The linear model is amount = initial amount + rate x time. So amount = 35 + 2 x 9 = 53 L.,Algebra 1,Engineering Algebra Modeling,engineers-math-06-linear-engineering-models,Linear Engineering Models,6675,mathematics_for_engineers_croft_davison,"local-pdf: Mathematics for Engineers_Anthony Croft, Robert Davison.pdf; Mathematics for Engineers Chapter 7 Linear Models",Standard,Algebra Readiness,engineering_linear_modeling,modeling_transfer;input_output_mapping,110,Original-equivalent bridge item generated from local textbook coverage signals. No full textbook exercise text is reproduced.
eng_math_linmodel_007,A tank starts with 36 L of water and fills at 3 L/min. How much water is in the tank after 4 minutes?,48,multiple_choice,A:40|B:12|C:112|D:45|E:48,4,alg_functions;alg_linear_equations,linear_modeling;function_evaluation,initial_value_rate_model;input_output_mapping,intercept_rate_confusion;operation_selection_error,The linear model is amount = initial amount + rate x time. So amount = 36 + 3 x 4 = 48 L.,Algebra 1,Engineering Algebra Modeling,engineers-math-06-linear-engineering-models,Linear Engineering Models,6676,mathematics_for_engineers_croft_davison,"local-pdf: Mathematics for Engineers_Anthony Croft, Robert Davison.pdf; Mathematics for Engineers Chapter 7 Linear Models",Standard,Algebra Readiness,engineering_linear_modeling,modeling_transfer;input_output_mapping,110,Original-equivalent bridge item generated from local textbook coverage signals. No full textbook exercise text is reproduced.
eng_math_linmodel_008,A tank starts with 37 L of water and fills at 4 L/min. How much water is in the tank after 5 minutes?,57,multiple_choice,A:20|B:153|C:53|D:57|E:42,4,alg_functions;alg_linear_equations,linear_modeling;function_evaluation,initial_value_rate_model;input_output_mapping,intercept_rate_confusion;operation_selection_error,The linear model is amount = initial amount + rate x time. So amount = 37 + 4 x 5 = 57 L.,Algebra 1,Engineering Algebra Modeling,engineers-math-06-linear-engineering-models,Linear Engineering Models,6677,mathematics_for_engineers_croft_davison,"local-pdf: Mathematics for Engineers_Anthony Croft, Robert Davison.pdf; Mathematics for Engineers Chapter 7 Linear Models",Standard,Algebra Readiness,engineering_linear_modeling,modeling_transfer;input_output_mapping,110,Original-equivalent bridge item generated from local textbook coverage signals. No full textbook exercise text is reproduced.
eng_math_linmodel_009,A tank starts with 38 L of water and fills at 5 L/min. How much water is in the tank after 6 minutes?,68,multiple_choice,A:196|B:63|C:68|D:44|E:30,4,alg_functions;alg_linear_equations,linear_modeling;function_evaluation,initial_value_rate_model;input_output_mapping,intercept_rate_confusion;operation_selection_error,The linear model is amount = initial amount + rate x time. So amount = 38 + 5 x 6 = 68 L.,Algebra 1,Engineering Algebra Modeling,engineers-math-06-linear-engineering-models,Linear Engineering Models,6678,mathematics_for_engineers_croft_davison,"local-pdf: Mathematics for Engineers_Anthony Croft, Robert Davison.pdf; Mathematics for Engineers Chapter 7 Linear Models",Standard,Algebra Readiness,engineering_linear_modeling,modeling_transfer;input_output_mapping,110,Original-equivalent bridge item generated from local textbook coverage signals. No full textbook exercise text is reproduced.
eng_math_linmodel_010,A tank starts with 39 L of water and fills at 6 L/min. How much water is in the tank after 7 minutes?,81,multiple_choice,A:75|B:81|C:46|D:42|E:241,4,alg_functions;alg_linear_equations,linear_modeling;function_evaluation,initial_value_rate_model;input_output_mapping,intercept_rate_confusion;operation_selection_error,The linear model is amount = initial amount + rate x time. So amount = 39 + 6 x 7 = 81 L.,Algebra 1,Engineering Algebra Modeling,engineers-math-06-linear-engineering-models,Linear Engineering Models,6679,mathematics_for_engineers_croft_davison,"local-pdf: Mathematics for Engineers_Anthony Croft, Robert Davison.pdf; Mathematics for Engineers Chapter 7 Linear Models",Standard,Algebra Readiness,engineering_linear_modeling,modeling_transfer;input_output_mapping,110,Original-equivalent bridge item generated from local textbook coverage signals. No full textbook exercise text is reproduced.
eng_math_linmodel_011,A tank starts with 40 L of water and fills at 2 L/min. How much water is in the tank after 8 minutes?,56,multiple_choice,A:56|B:48|C:16|D:88|E:54,4,alg_functions;alg_linear_equations,linear_modeling;function_evaluation,initial_value_rate_model;input_output_mapping,intercept_rate_confusion;operation_selection_error,The linear model is amount = initial amount + rate x time. So amount = 40 + 2 x 8 = 56 L.,Algebra 1,Engineering Algebra Modeling,engineers-math-06-linear-engineering-models,Linear Engineering Models,6680,mathematics_for_engineers_croft_davison,"local-pdf: Mathematics for Engineers_Anthony Croft, Robert Davison.pdf; Mathematics for Engineers Chapter 7 Linear Models",Standard,Algebra Readiness,engineering_linear_modeling,modeling_transfer;input_output_mapping,110,Original-equivalent bridge item generated from local textbook coverage signals. No full textbook exercise text is reproduced.
eng_math_linmodel_012,A tank starts with 41 L of water and fills at 3 L/min. How much water is in the tank after 9 minutes?,68,multiple_choice,A:50|B:27|C:132|D:65|E:68,4,alg_functions;alg_linear_equations,linear_modeling;function_evaluation,initial_value_rate_model;input_output_mapping,intercept_rate_confusion;operation_selection_error,The linear model is amount = initial amount + rate x time. So amount = 41 + 3 x 9 = 68 L.,Algebra 1,Engineering Algebra Modeling,engineers-math-06-linear-engineering-models,Linear Engineering Models,6681,mathematics_for_engineers_croft_davison,"local-pdf: Mathematics for Engineers_Anthony Croft, Robert Davison.pdf; Mathematics for Engineers Chapter 7 Linear Models",Standard,Algebra Readiness,engineering_linear_modeling,modeling_transfer;input_output_mapping,110,Original-equivalent bridge item generated from local textbook coverage signals. No full textbook exercise text is reproduced.
eng_math_linmodel_013,A tank starts with 42 L of water and fills at 4 L/min. How much water is in the tank after 4 minutes?,58,multiple_choice,A:16|B:172|C:54|D:58|E:46,4,alg_functions;alg_linear_equations,linear_modeling;function_evaluation,initial_value_rate_model;input_output_mapping,intercept_rate_confusion;operation_selection_error,The linear model is amount = initial amount + rate x time. So amount = 42 + 4 x 4 = 58 L.,Algebra 1,Engineering Algebra Modeling,engineers-math-06-linear-engineering-models,Linear Engineering Models,6682,mathematics_for_engineers_croft_davison,"local-pdf: Mathematics for Engineers_Anthony Croft, Robert Davison.pdf; Mathematics for Engineers Chapter 7 Linear Models",Standard,Algebra Readiness,engineering_linear_modeling,modeling_transfer;input_output_mapping,110,Original-equivalent bridge item generated from local textbook coverage signals. No full textbook exercise text is reproduced.
eng_math_linmodel_014,A tank starts with 43 L of water and fills at 5 L/min. How much water is in the tank after 5 minutes?,68,multiple_choice,A:220|B:63|C:68|D:48|E:25,4,alg_functions;alg_linear_equations,linear_modeling;function_evaluation,initial_value_rate_model;input_output_mapping,intercept_rate_confusion;operation_selection_error,The linear model is amount = initial amount + rate x time. So amount = 43 + 5 x 5 = 68 L.,Algebra 1,Engineering Algebra Modeling,engineers-math-06-linear-engineering-models,Linear Engineering Models,6683,mathematics_for_engineers_croft_davison,"local-pdf: Mathematics for Engineers_Anthony Croft, Robert Davison.pdf; Mathematics for Engineers Chapter 7 Linear Models",Standard,Algebra Readiness,engineering_linear_modeling,modeling_transfer;input_output_mapping,110,Original-equivalent bridge item generated from local textbook coverage signals. No full textbook exercise text is reproduced.
eng_math_linmodel_015,A tank starts with 44 L of water and fills at 6 L/min. How much water is in the tank after 6 minutes?,80,multiple_choice,A:74|B:80|C:50|D:36|E:270,4,alg_functions;alg_linear_equations,linear_modeling;function_evaluation,initial_value_rate_model;input_output_mapping,intercept_rate_confusion;operation_selection_error,The linear model is amount = initial amount + rate x time. So amount = 44 + 6 x 6 = 80 L.,Algebra 1,Engineering Algebra Modeling,engineers-math-06-linear-engineering-models,Linear Engineering Models,6684,mathematics_for_engineers_croft_davison,"local-pdf: Mathematics for Engineers_Anthony Croft, Robert Davison.pdf; Mathematics for Engineers Chapter 7 Linear Models",Standard,Algebra Readiness,engineering_linear_modeling,modeling_transfer;input_output_mapping,110,Original-equivalent bridge item generated from local textbook coverage signals. No full textbook exercise text is reproduced.
eng_math_linmodel_016,A tank starts with 45 L of water and fills at 2 L/min. How much water is in the tank after 7 minutes?,59,multiple_choice,A:59|B:52|C:14|D:97|E:57,4,alg_functions;alg_linear_equations,linear_modeling;function_evaluation,initial_value_rate_model;input_output_mapping,intercept_rate_confusion;operation_selection_error,The linear model is amount = initial amount + rate x time. So amount = 45 + 2 x 7 = 59 L.,Algebra 1,Engineering Algebra Modeling,engineers-math-06-linear-engineering-models,Linear Engineering Models,6685,mathematics_for_engineers_croft_davison,"local-pdf: Mathematics for Engineers_Anthony Croft, Robert Davison.pdf; Mathematics for Engineers Chapter 7 Linear Models",Standard,Algebra Readiness,engineering_linear_modeling,modeling_transfer;input_output_mapping,110,Original-equivalent bridge item generated from local textbook coverage signals. No full textbook exercise text is reproduced.
eng_math_linmodel_017,A tank starts with 46 L of water and fills at 3 L/min. How much water is in the tank after 8 minutes?,70,multiple_choice,A:54|B:24|C:146|D:67|E:70,4,alg_functions;alg_linear_equations,linear_modeling;function_evaluation,initial_value_rate_model;input_output_mapping,intercept_rate_confusion;operation_selection_error,The linear model is amount = initial amount + rate x time. So amount = 46 + 3 x 8 = 70 L.,Algebra 1,Engineering Algebra Modeling,engineers-math-06-linear-engineering-models,Linear Engineering Models,6686,mathematics_for_engineers_croft_davison,"local-pdf: Mathematics for Engineers_Anthony Croft, Robert Davison.pdf; Mathematics for Engineers Chapter 7 Linear Models",Standard,Algebra Readiness,engineering_linear_modeling,modeling_transfer;input_output_mapping,110,Original-equivalent bridge item generated from local textbook coverage signals. No full textbook exercise text is reproduced.
eng_math_linmodel_018,A tank starts with 47 L of water and fills at 4 L/min. How much water is in the tank after 9 minutes?,83,multiple_choice,A:36|B:197|C:79|D:83|E:56,4,alg_functions;alg_linear_equations,linear_modeling;function_evaluation,initial_value_rate_model;input_output_mapping,intercept_rate_confusion;operation_selection_error,The linear model is amount = initial amount + rate x time. So amount = 47 + 4 x 9 = 83 L.,Algebra 1,Engineering Algebra Modeling,engineers-math-06-linear-engineering-models,Linear Engineering Models,6687,mathematics_for_engineers_croft_davison,"local-pdf: Mathematics for Engineers_Anthony Croft, Robert Davison.pdf; Mathematics for Engineers Chapter 7 Linear Models",Standard,Algebra Readiness,engineering_linear_modeling,modeling_transfer;input_output_mapping,110,Original-equivalent bridge item generated from local textbook coverage signals. No full textbook exercise text is reproduced.
eng_math_linmodel_019,A tank starts with 48 L of water and fills at 5 L/min. How much water is in the tank after 4 minutes?,68,multiple_choice,A:244|B:63|C:68|D:52|E:20,4,alg_functions;alg_linear_equations,linear_modeling;function_evaluation,initial_value_rate_model;input_output_mapping,intercept_rate_confusion;operation_selection_error,The linear model is amount = initial amount + rate x time. So amount = 48 + 5 x 4 = 68 L.,Algebra 1,Engineering Algebra Modeling,engineers-math-06-linear-engineering-models,Linear Engineering Models,6688,mathematics_for_engineers_croft_davison,"local-pdf: Mathematics for Engineers_Anthony Croft, Robert Davison.pdf; Mathematics for Engineers Chapter 7 Linear Models",Standard,Algebra Readiness,engineering_linear_modeling,modeling_transfer;input_output_mapping,110,Original-equivalent bridge item generated from local textbook coverage signals. No full textbook exercise text is reproduced.
eng_math_linmodel_020,A tank starts with 49 L of water and fills at 6 L/min. How much water is in the tank after 5 minutes?,79,multiple_choice,A:73|B:79|C:54|D:30|E:299,4,alg_functions;alg_linear_equations,linear_modeling;function_evaluation,initial_value_rate_model;input_output_mapping,intercept_rate_confusion;operation_selection_error,The linear model is amount = initial amount + rate x time. So amount = 49 + 6 x 5 = 79 L.,Algebra 1,Engineering Algebra Modeling,engineers-math-06-linear-engineering-models,Linear Engineering Models,6689,mathematics_for_engineers_croft_davison,"local-pdf: Mathematics for Engineers_Anthony Croft, Robert Davison.pdf; Mathematics for Engineers Chapter 7 Linear Models",Standard,Algebra Readiness,engineering_linear_modeling,modeling_transfer;input_output_mapping,110,Original-equivalent bridge item generated from local textbook coverage signals. No full textbook exercise text is reproduced.
eng_math_breakeven_001,Machine A costs 20 + 3x dollars to run for x hours. Machine B costs 8 + 5x dollars. For how many hours are the costs equal?,6,multiple_choice,A:6|B:12|C:2|D:14|E:9,5,alg_linear_equations;alg_systems,break_even_modeling;linear_equation_solving,two_model_comparison;equation_from_context,intercept_rate_confusion;inverse_operation_order_error,"Set the models equal: 20 + 3x = 8 + 5x. Then 12 = 2x, so x = 6.",Algebra 1,Engineering Algebra Modeling,engineers-math-07-systems-modeling,Systems and Break-Even Engineering Models,6740,mathematics_for_engineers_croft_davison,"local-pdf: Mathematics for Engineers_Anthony Croft, Robert Davison.pdf; Mathematics for Engineers Chapter 7 Simultaneous Equations and Engineering Models",Honors,Algebra Readiness,engineering_system_modeling,multi_step_planning;modeling_transfer,130,Original-equivalent bridge item generated from local textbook coverage signals. No full textbook exercise text is reproduced.
eng_math_breakeven_002,Machine A costs 21 + 4x dollars to run for x hours. Machine B costs 9 + 6x dollars. For how many hours are the costs equal?,6,multiple_choice,A:12|B:2|C:15|D:10|E:6,5,alg_linear_equations;alg_systems,break_even_modeling;linear_equation_solving,two_model_comparison;equation_from_context,intercept_rate_confusion;inverse_operation_order_error,"Set the models equal: 21 + 4x = 9 + 6x. Then 12 = 2x, so x = 6.",Algebra 1,Engineering Algebra Modeling,engineers-math-07-systems-modeling,Systems and Break-Even Engineering Models,6741,mathematics_for_engineers_croft_davison,"local-pdf: Mathematics for Engineers_Anthony Croft, Robert Davison.pdf; Mathematics for Engineers Chapter 7 Simultaneous Equations and Engineering Models",Honors,Algebra Readiness,engineering_system_modeling,multi_step_planning;modeling_transfer,130,Original-equivalent bridge item generated from local textbook coverage signals. No full textbook exercise text is reproduced.
eng_math_breakeven_003,Machine A costs 24 + 5x dollars to run for x hours. Machine B costs 10 + 7x dollars. For how many hours are the costs equal?,7,multiple_choice,A:2|B:17|C:12|D:7|E:14,5,alg_linear_equations;alg_systems,break_even_modeling;linear_equation_solving,two_model_comparison;equation_from_context,intercept_rate_confusion;inverse_operation_order_error,"Set the models equal: 24 + 5x = 10 + 7x. Then 14 = 2x, so x = 7.",Algebra 1,Engineering Algebra Modeling,engineers-math-07-systems-modeling,Systems and Break-Even Engineering Models,6742,mathematics_for_engineers_croft_davison,"local-pdf: Mathematics for Engineers_Anthony Croft, Robert Davison.pdf; Mathematics for Engineers Chapter 7 Simultaneous Equations and Engineering Models",Honors,Algebra Readiness,engineering_system_modeling,multi_step_planning;modeling_transfer,130,Original-equivalent bridge item generated from local textbook coverage signals. No full textbook exercise text is reproduced.
eng_math_breakeven_004,Machine A costs 25 + 3x dollars to run for x hours. Machine B costs 11 + 5x dollars. For how many hours are the costs equal?,7,multiple_choice,A:18|B:10|C:7|D:14|E:2,5,alg_linear_equations;alg_systems,break_even_modeling;linear_equation_solving,two_model_comparison;equation_from_context,intercept_rate_confusion;inverse_operation_order_error,"Set the models equal: 25 + 3x = 11 + 5x. Then 14 = 2x, so x = 7.",Algebra 1,Engineering Algebra Modeling,engineers-math-07-systems-modeling,Systems and Break-Even Engineering Models,6743,mathematics_for_engineers_croft_davison,"local-pdf: Mathematics for Engineers_Anthony Croft, Robert Davison.pdf; Mathematics for Engineers Chapter 7 Simultaneous Equations and Engineering Models",Honors,Algebra Readiness,engineering_system_modeling,multi_step_planning;modeling_transfer,130,Original-equivalent bridge item generated from local textbook coverage signals. No full textbook exercise text is reproduced.
eng_math_breakeven_005,Machine A costs 28 + 4x dollars to run for x hours. Machine B costs 12 + 6x dollars. For how many hours are the costs equal?,8,multiple_choice,A:12|B:8|C:16|D:2|E:20,5,alg_linear_equations;alg_systems,break_even_modeling;linear_equation_solving,two_model_comparison;equation_from_context,intercept_rate_confusion;inverse_operation_order_error,"Set the models equal: 28 + 4x = 12 + 6x. Then 16 = 2x, so x = 8.",Algebra 1,Engineering Algebra Modeling,engineers-math-07-systems-modeling,Systems and Break-Even Engineering Models,6744,mathematics_for_engineers_croft_davison,"local-pdf: Mathematics for Engineers_Anthony Croft, Robert Davison.pdf; Mathematics for Engineers Chapter 7 Simultaneous Equations and Engineering Models",Honors,Algebra Readiness,engineering_system_modeling,multi_step_planning;modeling_transfer,130,Original-equivalent bridge item generated from local textbook coverage signals. No full textbook exercise text is reproduced.
eng_math_breakeven_006,Machine A costs 29 + 5x dollars to run for x hours. Machine B costs 13 + 7x dollars. For how many hours are the costs equal?,8,multiple_choice,A:8|B:16|C:2|D:21|E:13,5,alg_linear_equations;alg_systems,break_even_modeling;linear_equation_solving,two_model_comparison;equation_from_context,intercept_rate_confusion;inverse_operation_order_error,"Set the models equal: 29 + 5x = 13 + 7x. Then 16 = 2x, so x = 8.",Algebra 1,Engineering Algebra Modeling,engineers-math-07-systems-modeling,Systems and Break-Even Engineering Models,6745,mathematics_for_engineers_croft_davison,"local-pdf: Mathematics for Engineers_Anthony Croft, Robert Davison.pdf; Mathematics for Engineers Chapter 7 Simultaneous Equations and Engineering Models",Honors,Algebra Readiness,engineering_system_modeling,multi_step_planning;modeling_transfer,130,Original-equivalent bridge item generated from local textbook coverage signals. No full textbook exercise text is reproduced.
eng_math_breakeven_007,Machine A costs 32 + 3x dollars to run for x hours. Machine B costs 14 + 5x dollars. For how many hours are the costs equal?,9,multiple_choice,A:18|B:2|C:23|D:12|E:9,5,alg_linear_equations;alg_systems,break_even_modeling;linear_equation_solving,two_model_comparison;equation_from_context,intercept_rate_confusion;inverse_operation_order_error,"Set the models equal: 32 + 3x = 14 + 5x. Then 18 = 2x, so x = 9.",Algebra 1,Engineering Algebra Modeling,engineers-math-07-systems-modeling,Systems and Break-Even Engineering Models,6746,mathematics_for_engineers_croft_davison,"local-pdf: Mathematics for Engineers_Anthony Croft, Robert Davison.pdf; Mathematics for Engineers Chapter 7 Simultaneous Equations and Engineering Models",Honors,Algebra Readiness,engineering_system_modeling,multi_step_planning;modeling_transfer,130,Original-equivalent bridge item generated from local textbook coverage signals. No full textbook exercise text is reproduced.
eng_math_breakeven_008,Machine A costs 33 + 4x dollars to run for x hours. Machine B costs 15 + 6x dollars. For how many hours are the costs equal?,9,multiple_choice,A:2|B:24|C:13|D:9|E:18,5,alg_linear_equations;alg_systems,break_even_modeling;linear_equation_solving,two_model_comparison;equation_from_context,intercept_rate_confusion;inverse_operation_order_error,"Set the models equal: 33 + 4x = 15 + 6x. Then 18 = 2x, so x = 9.",Algebra 1,Engineering Algebra Modeling,engineers-math-07-systems-modeling,Systems and Break-Even Engineering Models,6747,mathematics_for_engineers_croft_davison,"local-pdf: Mathematics for Engineers_Anthony Croft, Robert Davison.pdf; Mathematics for Engineers Chapter 7 Simultaneous Equations and Engineering Models",Honors,Algebra Readiness,engineering_system_modeling,multi_step_planning;modeling_transfer,130,Original-equivalent bridge item generated from local textbook coverage signals. No full textbook exercise text is reproduced.
eng_math_breakeven_009,Machine A costs 36 + 5x dollars to run for x hours. Machine B costs 16 + 7x dollars. For how many hours are the costs equal?,10,multiple_choice,A:26|B:15|C:10|D:20|E:2,5,alg_linear_equations;alg_systems,break_even_modeling;linear_equation_solving,two_model_comparison;equation_from_context,intercept_rate_confusion;inverse_operation_order_error,"Set the models equal: 36 + 5x = 16 + 7x. Then 20 = 2x, so x = 10.",Algebra 1,Engineering Algebra Modeling,engineers-math-07-systems-modeling,Systems and Break-Even Engineering Models,6748,mathematics_for_engineers_croft_davison,"local-pdf: Mathematics for Engineers_Anthony Croft, Robert Davison.pdf; Mathematics for Engineers Chapter 7 Simultaneous Equations and Engineering Models",Honors,Algebra Readiness,engineering_system_modeling,multi_step_planning;modeling_transfer,130,Original-equivalent bridge item generated from local textbook coverage signals. No full textbook exercise text is reproduced.
eng_math_breakeven_010,Machine A costs 37 + 3x dollars to run for x hours. Machine B costs 17 + 5x dollars. For how many hours are the costs equal?,10,multiple_choice,A:13|B:10|C:20|D:2|E:27,5,alg_linear_equations;alg_systems,break_even_modeling;linear_equation_solving,two_model_comparison;equation_from_context,intercept_rate_confusion;inverse_operation_order_error,"Set the models equal: 37 + 3x = 17 + 5x. Then 20 = 2x, so x = 10.",Algebra 1,Engineering Algebra Modeling,engineers-math-07-systems-modeling,Systems and Break-Even Engineering Models,6749,mathematics_for_engineers_croft_davison,"local-pdf: Mathematics for Engineers_Anthony Croft, Robert Davison.pdf; Mathematics for Engineers Chapter 7 Simultaneous Equations and Engineering Models",Honors,Algebra Readiness,engineering_system_modeling,multi_step_planning;modeling_transfer,130,Original-equivalent bridge item generated from local textbook coverage signals. No full textbook exercise text is reproduced.
eng_math_breakeven_011,Machine A costs 40 + 4x dollars to run for x hours. Machine B costs 18 + 6x dollars. For how many hours are the costs equal?,11,multiple_choice,A:11|B:22|C:2|D:29|E:15,5,alg_linear_equations;alg_systems,break_even_modeling;linear_equation_solving,two_model_comparison;equation_from_context,intercept_rate_confusion;inverse_operation_order_error,"Set the models equal: 40 + 4x = 18 + 6x. Then 22 = 2x, so x = 11.",Algebra 1,Engineering Algebra Modeling,engineers-math-07-systems-modeling,Systems and Break-Even Engineering Models,6750,mathematics_for_engineers_croft_davison,"local-pdf: Mathematics for Engineers_Anthony Croft, Robert Davison.pdf; Mathematics for Engineers Chapter 7 Simultaneous Equations and Engineering Models",Honors,Algebra Readiness,engineering_system_modeling,multi_step_planning;modeling_transfer,130,Original-equivalent bridge item generated from local textbook coverage signals. No full textbook exercise text is reproduced.
eng_math_breakeven_012,Machine A costs 41 + 5x dollars to run for x hours. Machine B costs 19 + 7x dollars. For how many hours are the costs equal?,11,multiple_choice,A:22|B:2|C:30|D:16|E:11,5,alg_linear_equations;alg_systems,break_even_modeling;linear_equation_solving,two_model_comparison;equation_from_context,intercept_rate_confusion;inverse_operation_order_error,"Set the models equal: 41 + 5x = 19 + 7x. Then 22 = 2x, so x = 11.",Algebra 1,Engineering Algebra Modeling,engineers-math-07-systems-modeling,Systems and Break-Even Engineering Models,6751,mathematics_for_engineers_croft_davison,"local-pdf: Mathematics for Engineers_Anthony Croft, Robert Davison.pdf; Mathematics for Engineers Chapter 7 Simultaneous Equations and Engineering Models",Honors,Algebra Readiness,engineering_system_modeling,multi_step_planning;modeling_transfer,130,Original-equivalent bridge item generated from local textbook coverage signals. No full textbook exercise text is reproduced.
eng_math_breakeven_013,Machine A costs 44 + 3x dollars to run for x hours. Machine B costs 20 + 5x dollars. For how many hours are the costs equal?,12,multiple_choice,A:2|B:32|C:15|D:12|E:24,5,alg_linear_equations;alg_systems,break_even_modeling;linear_equation_solving,two_model_comparison;equation_from_context,intercept_rate_confusion;inverse_operation_order_error,"Set the models equal: 44 + 3x = 20 + 5x. Then 24 = 2x, so x = 12.",Algebra 1,Engineering Algebra Modeling,engineers-math-07-systems-modeling,Systems and Break-Even Engineering Models,6752,mathematics_for_engineers_croft_davison,"local-pdf: Mathematics for Engineers_Anthony Croft, Robert Davison.pdf; Mathematics for Engineers Chapter 7 Simultaneous Equations and Engineering Models",Honors,Algebra Readiness,engineering_system_modeling,multi_step_planning;modeling_transfer,130,Original-equivalent bridge item generated from local textbook coverage signals. No full textbook exercise text is reproduced.
eng_math_breakeven_014,Machine A costs 45 + 4x dollars to run for x hours. Machine B costs 21 + 6x dollars. For how many hours are the costs equal?,12,multiple_choice,A:33|B:16|C:12|D:24|E:2,5,alg_linear_equations;alg_systems,break_even_modeling;linear_equation_solving,two_model_comparison;equation_from_context,intercept_rate_confusion;inverse_operation_order_error,"Set the models equal: 45 + 4x = 21 + 6x. Then 24 = 2x, so x = 12.",Algebra 1,Engineering Algebra Modeling,engineers-math-07-systems-modeling,Systems and Break-Even Engineering Models,6753,mathematics_for_engineers_croft_davison,"local-pdf: Mathematics for Engineers_Anthony Croft, Robert Davison.pdf; Mathematics for Engineers Chapter 7 Simultaneous Equations and Engineering Models",Honors,Algebra Readiness,engineering_system_modeling,multi_step_planning;modeling_transfer,130,Original-equivalent bridge item generated from local textbook coverage signals. No full textbook exercise text is reproduced.
eng_math_breakeven_015,Machine A costs 48 + 5x dollars to run for x hours. Machine B costs 22 + 7x dollars. For how many hours are the costs equal?,13,multiple_choice,A:18|B:13|C:26|D:2|E:35,5,alg_linear_equations;alg_systems,break_even_modeling;linear_equation_solving,two_model_comparison;equation_from_context,intercept_rate_confusion;inverse_operation_order_error,"Set the models equal: 48 + 5x = 22 + 7x. Then 26 = 2x, so x = 13.",Algebra 1,Engineering Algebra Modeling,engineers-math-07-systems-modeling,Systems and Break-Even Engineering Models,6754,mathematics_for_engineers_croft_davison,"local-pdf: Mathematics for Engineers_Anthony Croft, Robert Davison.pdf; Mathematics for Engineers Chapter 7 Simultaneous Equations and Engineering Models",Honors,Algebra Readiness,engineering_system_modeling,multi_step_planning;modeling_transfer,130,Original-equivalent bridge item generated from local textbook coverage signals. No full textbook exercise text is reproduced.
eng_math_breakeven_016,Machine A costs 49 + 3x dollars to run for x hours. Machine B costs 23 + 5x dollars. For how many hours are the costs equal?,13,multiple_choice,A:13|B:26|C:2|D:36|E:16,5,alg_linear_equations;alg_systems,break_even_modeling;linear_equation_solving,two_model_comparison;equation_from_context,intercept_rate_confusion;inverse_operation_order_error,"Set the models equal: 49 + 3x = 23 + 5x. Then 26 = 2x, so x = 13.",Algebra 1,Engineering Algebra Modeling,engineers-math-07-systems-modeling,Systems and Break-Even Engineering Models,6755,mathematics_for_engineers_croft_davison,"local-pdf: Mathematics for Engineers_Anthony Croft, Robert Davison.pdf; Mathematics for Engineers Chapter 7 Simultaneous Equations and Engineering Models",Honors,Algebra Readiness,engineering_system_modeling,multi_step_planning;modeling_transfer,130,Original-equivalent bridge item generated from local textbook coverage signals. No full textbook exercise text is reproduced.
eng_math_breakeven_017,Machine A costs 52 + 4x dollars to run for x hours. Machine B costs 24 + 6x dollars. For how many hours are the costs equal?,14,multiple_choice,A:28|B:2|C:38|D:18|E:14,5,alg_linear_equations;alg_systems,break_even_modeling;linear_equation_solving,two_model_comparison;equation_from_context,intercept_rate_confusion;inverse_operation_order_error,"Set the models equal: 52 + 4x = 24 + 6x. Then 28 = 2x, so x = 14.",Algebra 1,Engineering Algebra Modeling,engineers-math-07-systems-modeling,Systems and Break-Even Engineering Models,6756,mathematics_for_engineers_croft_davison,"local-pdf: Mathematics for Engineers_Anthony Croft, Robert Davison.pdf; Mathematics for Engineers Chapter 7 Simultaneous Equations and Engineering Models",Honors,Algebra Readiness,engineering_system_modeling,multi_step_planning;modeling_transfer,130,Original-equivalent bridge item generated from local textbook coverage signals. No full textbook exercise text is reproduced.
eng_math_breakeven_018,Machine A costs 53 + 5x dollars to run for x hours. Machine B costs 25 + 7x dollars. For how many hours are the costs equal?,14,multiple_choice,A:2|B:39|C:19|D:14|E:28,5,alg_linear_equations;alg_systems,break_even_modeling;linear_equation_solving,two_model_comparison;equation_from_context,intercept_rate_confusion;inverse_operation_order_error,"Set the models equal: 53 + 5x = 25 + 7x. Then 28 = 2x, so x = 14.",Algebra 1,Engineering Algebra Modeling,engineers-math-07-systems-modeling,Systems and Break-Even Engineering Models,6757,mathematics_for_engineers_croft_davison,"local-pdf: Mathematics for Engineers_Anthony Croft, Robert Davison.pdf; Mathematics for Engineers Chapter 7 Simultaneous Equations and Engineering Models",Honors,Algebra Readiness,engineering_system_modeling,multi_step_planning;modeling_transfer,130,Original-equivalent bridge item generated from local textbook coverage signals. No full textbook exercise text is reproduced.
eng_math_breakeven_019,Machine A costs 56 + 3x dollars to run for x hours. Machine B costs 26 + 5x dollars. For how many hours are the costs equal?,15,multiple_choice,A:41|B:18|C:15|D:30|E:2,5,alg_linear_equations;alg_systems,break_even_modeling;linear_equation_solving,two_model_comparison;equation_from_context,intercept_rate_confusion;inverse_operation_order_error,"Set the models equal: 56 + 3x = 26 + 5x. Then 30 = 2x, so x = 15.",Algebra 1,Engineering Algebra Modeling,engineers-math-07-systems-modeling,Systems and Break-Even Engineering Models,6758,mathematics_for_engineers_croft_davison,"local-pdf: Mathematics for Engineers_Anthony Croft, Robert Davison.pdf; Mathematics for Engineers Chapter 7 Simultaneous Equations and Engineering Models",Honors,Algebra Readiness,engineering_system_modeling,multi_step_planning;modeling_transfer,130,Original-equivalent bridge item generated from local textbook coverage signals. No full textbook exercise text is reproduced.
eng_math_breakeven_020,Machine A costs 57 + 4x dollars to run for x hours. Machine B costs 27 + 6x dollars. For how many hours are the costs equal?,15,multiple_choice,A:19|B:15|C:30|D:2|E:42,5,alg_linear_equations;alg_systems,break_even_modeling;linear_equation_solving,two_model_comparison;equation_from_context,intercept_rate_confusion;inverse_operation_order_error,"Set the models equal: 57 + 4x = 27 + 6x. Then 30 = 2x, so x = 15.",Algebra 1,Engineering Algebra Modeling,engineers-math-07-systems-modeling,Systems and Break-Even Engineering Models,6759,mathematics_for_engineers_croft_davison,"local-pdf: Mathematics for Engineers_Anthony Croft, Robert Davison.pdf; Mathematics for Engineers Chapter 7 Simultaneous Equations and Engineering Models",Honors,Algebra Readiness,engineering_system_modeling,multi_step_planning;modeling_transfer,130,Original-equivalent bridge item generated from local textbook coverage signals. No full textbook exercise text is reproduced.
eng_math_linear_001,Solve 3(x + 2) + 1 = 13.,2,multiple_choice,A:2|B:12|C:4|D:-2|E:7,4,alg_linear_equations;prealg_simplification,multi_step_equation_solving;distribution_structure,nested_inverse_operations;linear_equation_structure,inverse_operation_order_error;parentheses_error,Subtract 1: 3(x + 2) = 12. Divide by 3: x + 2 = 4. Subtract 2: x = 2.,Algebra 1,Engineering Algebra Foundations,engineers-math-02-linear-equations,Solving Linear Equations,6470,mathematics_for_engineers_croft_davison,"local-pdf: Mathematics for Engineers_Anthony Croft, Robert Davison.pdf; Mathematics for Engineers Chapter 7 Block 1 Solving Linear Equations",Standard,Algebra Readiness,equation_solving,multi_step_planning;inverse_operations,110,Original-equivalent bridge item generated from local textbook coverage signals. No full textbook exercise text is reproduced.
eng_math_linear_002,Solve 4(x + 3) + 2 = 26.,3,multiple_choice,A:24|B:6|C:-3|D:8|E:3,4,alg_linear_equations;prealg_simplification,multi_step_equation_solving;distribution_structure,nested_inverse_operations;linear_equation_structure,inverse_operation_order_error;parentheses_error,Subtract 2: 4(x + 3) = 24. Divide by 4: x + 3 = 6. Subtract 3: x = 3.,Algebra 1,Engineering Algebra Foundations,engineers-math-02-linear-equations,Solving Linear Equations,6471,mathematics_for_engineers_croft_davison,"local-pdf: Mathematics for Engineers_Anthony Croft, Robert Davison.pdf; Mathematics for Engineers Chapter 7 Block 1 Solving Linear Equations",Standard,Algebra Readiness,equation_solving,multi_step_planning;inverse_operations,110,Original-equivalent bridge item generated from local textbook coverage signals. No full textbook exercise text is reproduced.
eng_math_linear_003,Solve 5(x + 4) + 3 = 43.,4,multiple_choice,A:8|B:-4|C:9|D:4|E:40,4,alg_linear_equations;prealg_simplification,multi_step_equation_solving;distribution_structure,nested_inverse_operations;linear_equation_structure,inverse_operation_order_error;parentheses_error,Subtract 3: 5(x + 4) = 40. Divide by 5: x + 4 = 8. Subtract 4: x = 4.,Algebra 1,Engineering Algebra Foundations,engineers-math-02-linear-equations,Solving Linear Equations,6472,mathematics_for_engineers_croft_davison,"local-pdf: Mathematics for Engineers_Anthony Croft, Robert Davison.pdf; Mathematics for Engineers Chapter 7 Block 1 Solving Linear Equations",Standard,Algebra Readiness,equation_solving,multi_step_planning;inverse_operations,110,Original-equivalent bridge item generated from local textbook coverage signals. No full textbook exercise text is reproduced.
eng_math_linear_004,Solve 6(x + 5) + 4 = 64.,5,multiple_choice,A:-5|B:10|C:5|D:60|E:10,4,alg_linear_equations;prealg_simplification,multi_step_equation_solving;distribution_structure,nested_inverse_operations;linear_equation_structure,inverse_operation_order_error;parentheses_error,Subtract 4: 6(x + 5) = 60. Divide by 6: x + 5 = 10. Subtract 5: x = 5.,Algebra 1,Engineering Algebra Foundations,engineers-math-02-linear-equations,Solving Linear Equations,6473,mathematics_for_engineers_croft_davison,"local-pdf: Mathematics for Engineers_Anthony Croft, Robert Davison.pdf; Mathematics for Engineers Chapter 7 Block 1 Solving Linear Equations",Standard,Algebra Readiness,equation_solving,multi_step_planning;inverse_operations,110,Original-equivalent bridge item generated from local textbook coverage signals. No full textbook exercise text is reproduced.
eng_math_linear_005,Solve 7(x + 2) + 5 = 61.,6,multiple_choice,A:11|B:6|C:56|D:8|E:-6,4,alg_linear_equations;prealg_simplification,multi_step_equation_solving;distribution_structure,nested_inverse_operations;linear_equation_structure,inverse_operation_order_error;parentheses_error,Subtract 5: 7(x + 2) = 56. Divide by 7: x + 2 = 8. Subtract 2: x = 6.,Algebra 1,Engineering Algebra Foundations,engineers-math-02-linear-equations,Solving Linear Equations,6474,mathematics_for_engineers_croft_davison,"local-pdf: Mathematics for Engineers_Anthony Croft, Robert Davison.pdf; Mathematics for Engineers Chapter 7 Block 1 Solving Linear Equations",Standard,Algebra Readiness,equation_solving,multi_step_planning;inverse_operations,110,Original-equivalent bridge item generated from local textbook coverage signals. No full textbook exercise text is reproduced.
eng_math_linear_006,Solve 3(x + 3) + 6 = 36.,7,multiple_choice,A:7|B:30|C:10|D:-7|E:12,4,alg_linear_equations;prealg_simplification,multi_step_equation_solving;distribution_structure,nested_inverse_operations;linear_equation_structure,inverse_operation_order_error;parentheses_error,Subtract 6: 3(x + 3) = 30. Divide by 3: x + 3 = 10. Subtract 3: x = 7.,Algebra 1,Engineering Algebra Foundations,engineers-math-02-linear-equations,Solving Linear Equations,6475,mathematics_for_engineers_croft_davison,"local-pdf: Mathematics for Engineers_Anthony Croft, Robert Davison.pdf; Mathematics for Engineers Chapter 7 Block 1 Solving Linear Equations",Standard,Algebra Readiness,equation_solving,multi_step_planning;inverse_operations,110,Original-equivalent bridge item generated from local textbook coverage signals. No full textbook exercise text is reproduced.
eng_math_linear_007,Solve 4(x + 4) + 1 = 49.,8,multiple_choice,A:48|B:12|C:-8|D:13|E:8,4,alg_linear_equations;prealg_simplification,multi_step_equation_solving;distribution_structure,nested_inverse_operations;linear_equation_structure,inverse_operation_order_error;parentheses_error,Subtract 1: 4(x + 4) = 48. Divide by 4: x + 4 = 12. Subtract 4: x = 8.,Algebra 1,Engineering Algebra Foundations,engineers-math-02-linear-equations,Solving Linear Equations,6476,mathematics_for_engineers_croft_davison,"local-pdf: Mathematics for Engineers_Anthony Croft, Robert Davison.pdf; Mathematics for Engineers Chapter 7 Block 1 Solving Linear Equations",Standard,Algebra Readiness,equation_solving,multi_step_planning;inverse_operations,110,Original-equivalent bridge item generated from local textbook coverage signals. No full textbook exercise text is reproduced.
eng_math_linear_008,Solve 5(x + 5) + 2 = 72.,9,multiple_choice,A:14|B:-9|C:14|D:9|E:70,4,alg_linear_equations;prealg_simplification,multi_step_equation_solving;distribution_structure,nested_inverse_operations;linear_equation_structure,inverse_operation_order_error;parentheses_error,Subtract 2: 5(x + 5) = 70. Divide by 5: x + 5 = 14. Subtract 5: x = 9.,Algebra 1,Engineering Algebra Foundations,engineers-math-02-linear-equations,Solving Linear Equations,6477,mathematics_for_engineers_croft_davison,"local-pdf: Mathematics for Engineers_Anthony Croft, Robert Davison.pdf; Mathematics for Engineers Chapter 7 Block 1 Solving Linear Equations",Standard,Algebra Readiness,equation_solving,multi_step_planning;inverse_operations,110,Original-equivalent bridge item generated from local textbook coverage signals. No full textbook exercise text is reproduced.
eng_math_linear_009,Solve 6(x + 2) + 3 = 75.,10,multiple_choice,A:-10|B:15|C:10|D:72|E:12,4,alg_linear_equations;prealg_simplification,multi_step_equation_solving;distribution_structure,nested_inverse_operations;linear_equation_structure,inverse_operation_order_error;parentheses_error,Subtract 3: 6(x + 2) = 72. Divide by 6: x + 2 = 12. Subtract 2: x = 10.,Algebra 1,Engineering Algebra Foundations,engineers-math-02-linear-equations,Solving Linear Equations,6478,mathematics_for_engineers_croft_davison,"local-pdf: Mathematics for Engineers_Anthony Croft, Robert Davison.pdf; Mathematics for Engineers Chapter 7 Block 1 Solving Linear Equations",Standard,Algebra Readiness,equation_solving,multi_step_planning;inverse_operations,110,Original-equivalent bridge item generated from local textbook coverage signals. No full textbook exercise text is reproduced.
eng_math_linear_010,Solve 7(x + 3) + 4 = 102.,11,multiple_choice,A:16|B:11|C:98|D:14|E:-11,4,alg_linear_equations;prealg_simplification,multi_step_equation_solving;distribution_structure,nested_inverse_operations;linear_equation_structure,inverse_operation_order_error;parentheses_error,Subtract 4: 7(x + 3) = 98. Divide by 7: x + 3 = 14. Subtract 3: x = 11.,Algebra 1,Engineering Algebra Foundations,engineers-math-02-linear-equations,Solving Linear Equations,6479,mathematics_for_engineers_croft_davison,"local-pdf: Mathematics for Engineers_Anthony Croft, Robert Davison.pdf; Mathematics for Engineers Chapter 7 Block 1 Solving Linear Equations",Standard,Algebra Readiness,equation_solving,multi_step_planning;inverse_operations,110,Original-equivalent bridge item generated from local textbook coverage signals. No full textbook exercise text is reproduced.
eng_math_linear_011,Solve 3(x + 4) + 5 = 53.,12,multiple_choice,A:12|B:48|C:16|D:-12|E:17,4,alg_linear_equations;prealg_simplification,multi_step_equation_solving;distribution_structure,nested_inverse_operations;linear_equation_structure,inverse_operation_order_error;parentheses_error,Subtract 5: 3(x + 4) = 48. Divide by 3: x + 4 = 16. Subtract 4: x = 12.,Algebra 1,Engineering Algebra Foundations,engineers-math-02-linear-equations,Solving Linear Equations,6480,mathematics_for_engineers_croft_davison,"local-pdf: Mathematics for Engineers_Anthony Croft, Robert Davison.pdf; Mathematics for Engineers Chapter 7 Block 1 Solving Linear Equations",Standard,Algebra Readiness,equation_solving,multi_step_planning;inverse_operations,110,Original-equivalent bridge item generated from local textbook coverage signals. No full textbook exercise text is reproduced.
eng_math_linear_012,Solve 4(x + 5) + 6 = 78.,13,multiple_choice,A:72|B:18|C:-13|D:18|E:13,4,alg_linear_equations;prealg_simplification,multi_step_equation_solving;distribution_structure,nested_inverse_operations;linear_equation_structure,inverse_operation_order_error;parentheses_error,Subtract 6: 4(x + 5) = 72. Divide by 4: x + 5 = 18. Subtract 5: x = 13.,Algebra 1,Engineering Algebra Foundations,engineers-math-02-linear-equations,Solving Linear Equations,6481,mathematics_for_engineers_croft_davison,"local-pdf: Mathematics for Engineers_Anthony Croft, Robert Davison.pdf; Mathematics for Engineers Chapter 7 Block 1 Solving Linear Equations",Standard,Algebra Readiness,equation_solving,multi_step_planning;inverse_operations,110,Original-equivalent bridge item generated from local textbook coverage signals. No full textbook exercise text is reproduced.
eng_math_linear_013,Solve 5(x + 2) + 1 = 81.,14,multiple_choice,A:16|B:-14|C:19|D:14|E:80,4,alg_linear_equations;prealg_simplification,multi_step_equation_solving;distribution_structure,nested_inverse_operations;linear_equation_structure,inverse_operation_order_error;parentheses_error,Subtract 1: 5(x + 2) = 80. Divide by 5: x + 2 = 16. Subtract 2: x = 14.,Algebra 1,Engineering Algebra Foundations,engineers-math-02-linear-equations,Solving Linear Equations,6482,mathematics_for_engineers_croft_davison,"local-pdf: Mathematics for Engineers_Anthony Croft, Robert Davison.pdf; Mathematics for Engineers Chapter 7 Block 1 Solving Linear Equations",Standard,Algebra Readiness,equation_solving,multi_step_planning;inverse_operations,110,Original-equivalent bridge item generated from local textbook coverage signals. No full textbook exercise text is reproduced.
eng_math_linear_014,Solve 6(x + 3) + 2 = 110.,15,multiple_choice,A:-15|B:20|C:15|D:108|E:18,4,alg_linear_equations;prealg_simplification,multi_step_equation_solving;distribution_structure,nested_inverse_operations;linear_equation_structure,inverse_operation_order_error;parentheses_error,Subtract 2: 6(x + 3) = 108. Divide by 6: x + 3 = 18. Subtract 3: x = 15.,Algebra 1,Engineering Algebra Foundations,engineers-math-02-linear-equations,Solving Linear Equations,6483,mathematics_for_engineers_croft_davison,"local-pdf: Mathematics for Engineers_Anthony Croft, Robert Davison.pdf; Mathematics for Engineers Chapter 7 Block 1 Solving Linear Equations",Standard,Algebra Readiness,equation_solving,multi_step_planning;inverse_operations,110,Original-equivalent bridge item generated from local textbook coverage signals. No full textbook exercise text is reproduced.
eng_math_linear_015,Solve 7(x + 4) + 3 = 143.,16,multiple_choice,A:21|B:16|C:140|D:20|E:-16,4,alg_linear_equations;prealg_simplification,multi_step_equation_solving;distribution_structure,nested_inverse_operations;linear_equation_structure,inverse_operation_order_error;parentheses_error,Subtract 3: 7(x + 4) = 140. Divide by 7: x + 4 = 20. Subtract 4: x = 16.,Algebra 1,Engineering Algebra Foundations,engineers-math-02-linear-equations,Solving Linear Equations,6484,mathematics_for_engineers_croft_davison,"local-pdf: Mathematics for Engineers_Anthony Croft, Robert Davison.pdf; Mathematics for Engineers Chapter 7 Block 1 Solving Linear Equations",Standard,Algebra Readiness,equation_solving,multi_step_planning;inverse_operations,110,Original-equivalent bridge item generated from local textbook coverage signals. No full textbook exercise text is reproduced.
eng_math_linear_016,Solve 3(x + 5) + 4 = 70.,17,multiple_choice,A:17|B:66|C:22|D:-17|E:22,4,alg_linear_equations;prealg_simplification,multi_step_equation_solving;distribution_structure,nested_inverse_operations;linear_equation_structure,inverse_operation_order_error;parentheses_error,Subtract 4: 3(x + 5) = 66. Divide by 3: x + 5 = 22. Subtract 5: x = 17.,Algebra 1,Engineering Algebra Foundations,engineers-math-02-linear-equations,Solving Linear Equations,6485,mathematics_for_engineers_croft_davison,"local-pdf: Mathematics for Engineers_Anthony Croft, Robert Davison.pdf; Mathematics for Engineers Chapter 7 Block 1 Solving Linear Equations",Standard,Algebra Readiness,equation_solving,multi_step_planning;inverse_operations,110,Original-equivalent bridge item generated from local textbook coverage signals. No full textbook exercise text is reproduced.
eng_math_linear_017,Solve 4(x + 2) + 5 = 85.,18,multiple_choice,A:80|B:20|C:-18|D:23|E:18,4,alg_linear_equations;prealg_simplification,multi_step_equation_solving;distribution_structure,nested_inverse_operations;linear_equation_structure,inverse_operation_order_error;parentheses_error,Subtract 5: 4(x + 2) = 80. Divide by 4: x + 2 = 20. Subtract 2: x = 18.,Algebra 1,Engineering Algebra Foundations,engineers-math-02-linear-equations,Solving Linear Equations,6486,mathematics_for_engineers_croft_davison,"local-pdf: Mathematics for Engineers_Anthony Croft, Robert Davison.pdf; Mathematics for Engineers Chapter 7 Block 1 Solving Linear Equations",Standard,Algebra Readiness,equation_solving,multi_step_planning;inverse_operations,110,Original-equivalent bridge item generated from local textbook coverage signals. No full textbook exercise text is reproduced.
eng_math_linear_018,Solve 5(x + 3) + 6 = 116.,19,multiple_choice,A:22|B:-19|C:24|D:19|E:110,4,alg_linear_equations;prealg_simplification,multi_step_equation_solving;distribution_structure,nested_inverse_operations;linear_equation_structure,inverse_operation_order_error;parentheses_error,Subtract 6: 5(x + 3) = 110. Divide by 5: x + 3 = 22. Subtract 3: x = 19.,Algebra 1,Engineering Algebra Foundations,engineers-math-02-linear-equations,Solving Linear Equations,6487,mathematics_for_engineers_croft_davison,"local-pdf: Mathematics for Engineers_Anthony Croft, Robert Davison.pdf; Mathematics for Engineers Chapter 7 Block 1 Solving Linear Equations",Standard,Algebra Readiness,equation_solving,multi_step_planning;inverse_operations,110,Original-equivalent bridge item generated from local textbook coverage signals. No full textbook exercise text is reproduced.
eng_math_linear_019,Solve 6(x + 4) + 1 = 145.,20,multiple_choice,A:-20|B:25|C:20|D:144|E:24,4,alg_linear_equations;prealg_simplification,multi_step_equation_solving;distribution_structure,nested_inverse_operations;linear_equation_structure,inverse_operation_order_error;parentheses_error,Subtract 1: 6(x + 4) = 144. Divide by 6: x + 4 = 24. Subtract 4: x = 20.,Algebra 1,Engineering Algebra Foundations,engineers-math-02-linear-equations,Solving Linear Equations,6488,mathematics_for_engineers_croft_davison,"local-pdf: Mathematics for Engineers_Anthony Croft, Robert Davison.pdf; Mathematics for Engineers Chapter 7 Block 1 Solving Linear Equations",Standard,Algebra Readiness,equation_solving,multi_step_planning;inverse_operations,110,Original-equivalent bridge item generated from local textbook coverage signals. No full textbook exercise text is reproduced.
eng_math_linear_020,Solve 7(x + 5) + 2 = 184.,21,multiple_choice,A:26|B:21|C:182|D:26|E:-21,4,alg_linear_equations;prealg_simplification,multi_step_equation_solving;distribution_structure,nested_inverse_operations;linear_equation_structure,inverse_operation_order_error;parentheses_error,Subtract 2: 7(x + 5) = 182. Divide by 7: x + 5 = 26. Subtract 5: x = 21.,Algebra 1,Engineering Algebra Foundations,engineers-math-02-linear-equations,Solving Linear Equations,6489,mathematics_for_engineers_croft_davison,"local-pdf: Mathematics for Engineers_Anthony Croft, Robert Davison.pdf; Mathematics for Engineers Chapter 7 Block 1 Solving Linear Equations",Standard,Algebra Readiness,equation_solving,multi_step_planning;inverse_operations,110,Original-equivalent bridge item generated from local textbook coverage signals. No full textbook exercise text is reproduced.
eng_math_quad_001,Solve x^2 - 3x + 2 = 0 by factorising.,"1,2",multiple_choice,"A:1,2|B:-1,-2|C:3,2|D:1,-2|E:2",4,alg_quadratics;alg_factoring,quadratic_factorization;zero_product_property,factor_pair_reasoning;root_finding,sign_error;factor_pair_error,"The expression factors as (x - 1)(x - 2) = 0, so x = 1 or x = 2.",Algebra 1,Engineering Algebra Foundations,engineers-math-03-quadratic-equations,Solving Quadratic Equations,6600,mathematics_for_engineers_croft_davison,"local-pdf: Mathematics for Engineers_Anthony Croft, Robert Davison.pdf; Mathematics for Engineers Chapter 7 Block 2 Solving Quadratic Equations",Honors,Algebra Readiness,quadratic_solving,factor_structure;operation_selection,110,Original-equivalent bridge item generated from local textbook coverage signals. No full textbook exercise text is reproduced.
eng_math_quad_002,Solve x^2 - 6x + 8 = 0 by factorising.,"2,4",multiple_choice,"A:-2,-4|B:6,8|C:2,-4|D:8|E:2,4",4,alg_quadratics;alg_factoring,quadratic_factorization;zero_product_property,factor_pair_reasoning;root_finding,sign_error;factor_pair_error,"The expression factors as (x - 2)(x - 4) = 0, so x = 2 or x = 4.",Algebra 1,Engineering Algebra Foundations,engineers-math-03-quadratic-equations,Solving Quadratic Equations,6601,mathematics_for_engineers_croft_davison,"local-pdf: Mathematics for Engineers_Anthony Croft, Robert Davison.pdf; Mathematics for Engineers Chapter 7 Block 2 Solving Quadratic Equations",Honors,Algebra Readiness,quadratic_solving,factor_structure;operation_selection,110,Original-equivalent bridge item generated from local textbook coverage signals. No full textbook exercise text is reproduced.
eng_math_quad_003,Solve x^2 - 9x + 18 = 0 by factorising.,"3,6",multiple_choice,"A:9,18|B:3,-6|C:18|D:3,6|E:-3,-6",4,alg_quadratics;alg_factoring,quadratic_factorization;zero_product_property,factor_pair_reasoning;root_finding,sign_error;factor_pair_error,"The expression factors as (x - 3)(x - 6) = 0, so x = 3 or x = 6.",Algebra 1,Engineering Algebra Foundations,engineers-math-03-quadratic-equations,Solving Quadratic Equations,6602,mathematics_for_engineers_croft_davison,"local-pdf: Mathematics for Engineers_Anthony Croft, Robert Davison.pdf; Mathematics for Engineers Chapter 7 Block 2 Solving Quadratic Equations",Honors,Algebra Readiness,quadratic_solving,factor_structure;operation_selection,110,Original-equivalent bridge item generated from local textbook coverage signals. No full textbook exercise text is reproduced.
eng_math_quad_004,Solve x^2 - 12x + 32 = 0 by factorising.,"4,8",multiple_choice,"A:4,-8|B:32|C:4,8|D:-4,-8|E:12,32",4,alg_quadratics;alg_factoring,quadratic_factorization;zero_product_property,factor_pair_reasoning;root_finding,sign_error;factor_pair_error,"The expression factors as (x - 4)(x - 8) = 0, so x = 4 or x = 8.",Algebra 1,Engineering Algebra Foundations,engineers-math-03-quadratic-equations,Solving Quadratic Equations,6603,mathematics_for_engineers_croft_davison,"local-pdf: Mathematics for Engineers_Anthony Croft, Robert Davison.pdf; Mathematics for Engineers Chapter 7 Block 2 Solving Quadratic Equations",Honors,Algebra Readiness,quadratic_solving,factor_structure;operation_selection,110,Original-equivalent bridge item generated from local textbook coverage signals. No full textbook exercise text is reproduced.
eng_math_quad_005,Solve x^2 - 15x + 50 = 0 by factorising.,"5,10",multiple_choice,"A:50|B:5,10|C:-5,-10|D:15,50|E:5,-10",4,alg_quadratics;alg_factoring,quadratic_factorization;zero_product_property,factor_pair_reasoning;root_finding,sign_error;factor_pair_error,"The expression factors as (x - 5)(x - 10) = 0, so x = 5 or x = 10.",Algebra 1,Engineering Algebra Foundations,engineers-math-03-quadratic-equations,Solving Quadratic Equations,6604,mathematics_for_engineers_croft_davison,"local-pdf: Mathematics for Engineers_Anthony Croft, Robert Davison.pdf; Mathematics for Engineers Chapter 7 Block 2 Solving Quadratic Equations",Honors,Algebra Readiness,quadratic_solving,factor_structure;operation_selection,110,Original-equivalent bridge item generated from local textbook coverage signals. No full textbook exercise text is reproduced.
eng_math_quad_006,Solve x^2 - 3x + 2 = 0 by factorising.,"1,2",multiple_choice,"A:1,2|B:-1,-2|C:3,2|D:1,-2|E:2",4,alg_quadratics;alg_factoring,quadratic_factorization;zero_product_property,factor_pair_reasoning;root_finding,sign_error;factor_pair_error,"The expression factors as (x - 1)(x - 2) = 0, so x = 1 or x = 2.",Algebra 1,Engineering Algebra Foundations,engineers-math-03-quadratic-equations,Solving Quadratic Equations,6605,mathematics_for_engineers_croft_davison,"local-pdf: Mathematics for Engineers_Anthony Croft, Robert Davison.pdf; Mathematics for Engineers Chapter 7 Block 2 Solving Quadratic Equations",Honors,Algebra Readiness,quadratic_solving,factor_structure;operation_selection,110,Original-equivalent bridge item generated from local textbook coverage signals. No full textbook exercise text is reproduced.
eng_math_quad_007,Solve x^2 - 6x + 8 = 0 by factorising.,"2,4",multiple_choice,"A:-2,-4|B:6,8|C:2,-4|D:8|E:2,4",4,alg_quadratics;alg_factoring,quadratic_factorization;zero_product_property,factor_pair_reasoning;root_finding,sign_error;factor_pair_error,"The expression factors as (x - 2)(x - 4) = 0, so x = 2 or x = 4.",Algebra 1,Engineering Algebra Foundations,engineers-math-03-quadratic-equations,Solving Quadratic Equations,6606,mathematics_for_engineers_croft_davison,"local-pdf: Mathematics for Engineers_Anthony Croft, Robert Davison.pdf; Mathematics for Engineers Chapter 7 Block 2 Solving Quadratic Equations",Honors,Algebra Readiness,quadratic_solving,factor_structure;operation_selection,110,Original-equivalent bridge item generated from local textbook coverage signals. No full textbook exercise text is reproduced.
eng_math_quad_008,Solve x^2 - 9x + 18 = 0 by factorising.,"3,6",multiple_choice,"A:9,18|B:3,-6|C:18|D:3,6|E:-3,-6",4,alg_quadratics;alg_factoring,quadratic_factorization;zero_product_property,factor_pair_reasoning;root_finding,sign_error;factor_pair_error,"The expression factors as (x - 3)(x - 6) = 0, so x = 3 or x = 6.",Algebra 1,Engineering Algebra Foundations,engineers-math-03-quadratic-equations,Solving Quadratic Equations,6607,mathematics_for_engineers_croft_davison,"local-pdf: Mathematics for Engineers_Anthony Croft, Robert Davison.pdf; Mathematics for Engineers Chapter 7 Block 2 Solving Quadratic Equations",Honors,Algebra Readiness,quadratic_solving,factor_structure;operation_selection,110,Original-equivalent bridge item generated from local textbook coverage signals. No full textbook exercise text is reproduced.
eng_math_quad_009,Solve x^2 - 12x + 32 = 0 by factorising.,"4,8",multiple_choice,"A:4,-8|B:32|C:4,8|D:-4,-8|E:12,32",4,alg_quadratics;alg_factoring,quadratic_factorization;zero_product_property,factor_pair_reasoning;root_finding,sign_error;factor_pair_error,"The expression factors as (x - 4)(x - 8) = 0, so x = 4 or x = 8.",Algebra 1,Engineering Algebra Foundations,engineers-math-03-quadratic-equations,Solving Quadratic Equations,6608,mathematics_for_engineers_croft_davison,"local-pdf: Mathematics for Engineers_Anthony Croft, Robert Davison.pdf; Mathematics for Engineers Chapter 7 Block 2 Solving Quadratic Equations",Honors,Algebra Readiness,quadratic_solving,factor_structure;operation_selection,110,Original-equivalent bridge item generated from local textbook coverage signals. No full textbook exercise text is reproduced.
eng_math_quad_010,Solve x^2 - 15x + 50 = 0 by factorising.,"5,10",multiple_choice,"A:50|B:5,10|C:-5,-10|D:15,50|E:5,-10",4,alg_quadratics;alg_factoring,quadratic_factorization;zero_product_property,factor_pair_reasoning;root_finding,sign_error;factor_pair_error,"The expression factors as (x - 5)(x - 10) = 0, so x = 5 or x = 10.",Algebra 1,Engineering Algebra Foundations,engineers-math-03-quadratic-equations,Solving Quadratic Equations,6609,mathematics_for_engineers_croft_davison,"local-pdf: Mathematics for Engineers_Anthony Croft, Robert Davison.pdf; Mathematics for Engineers Chapter 7 Block 2 Solving Quadratic Equations",Honors,Algebra Readiness,quadratic_solving,factor_structure;operation_selection,110,Original-equivalent bridge item generated from local textbook coverage signals. No full textbook exercise text is reproduced.
eng_math_quad_011,Solve x^2 - 3x + 2 = 0 by factorising.,"1,2",multiple_choice,"A:1,2|B:-1,-2|C:3,2|D:1,-2|E:2",4,alg_quadratics;alg_factoring,quadratic_factorization;zero_product_property,factor_pair_reasoning;root_finding,sign_error;factor_pair_error,"The expression factors as (x - 1)(x - 2) = 0, so x = 1 or x = 2.",Algebra 1,Engineering Algebra Foundations,engineers-math-03-quadratic-equations,Solving Quadratic Equations,6610,mathematics_for_engineers_croft_davison,"local-pdf: Mathematics for Engineers_Anthony Croft, Robert Davison.pdf; Mathematics for Engineers Chapter 7 Block 2 Solving Quadratic Equations",Honors,Algebra Readiness,quadratic_solving,factor_structure;operation_selection,110,Original-equivalent bridge item generated from local textbook coverage signals. No full textbook exercise text is reproduced.
eng_math_quad_012,Solve x^2 - 6x + 8 = 0 by factorising.,"2,4",multiple_choice,"A:-2,-4|B:6,8|C:2,-4|D:8|E:2,4",4,alg_quadratics;alg_factoring,quadratic_factorization;zero_product_property,factor_pair_reasoning;root_finding,sign_error;factor_pair_error,"The expression factors as (x - 2)(x - 4) = 0, so x = 2 or x = 4.",Algebra 1,Engineering Algebra Foundations,engineers-math-03-quadratic-equations,Solving Quadratic Equations,6611,mathematics_for_engineers_croft_davison,"local-pdf: Mathematics for Engineers_Anthony Croft, Robert Davison.pdf; Mathematics for Engineers Chapter 7 Block 2 Solving Quadratic Equations",Honors,Algebra Readiness,quadratic_solving,factor_structure;operation_selection,110,Original-equivalent bridge item generated from local textbook coverage signals. No full textbook exercise text is reproduced.
eng_math_quad_013,Solve x^2 - 9x + 18 = 0 by factorising.,"3,6",multiple_choice,"A:9,18|B:3,-6|C:18|D:3,6|E:-3,-6",4,alg_quadratics;alg_factoring,quadratic_factorization;zero_product_property,factor_pair_reasoning;root_finding,sign_error;factor_pair_error,"The expression factors as (x - 3)(x - 6) = 0, so x = 3 or x = 6.",Algebra 1,Engineering Algebra Foundations,engineers-math-03-quadratic-equations,Solving Quadratic Equations,6612,mathematics_for_engineers_croft_davison,"local-pdf: Mathematics for Engineers_Anthony Croft, Robert Davison.pdf; Mathematics for Engineers Chapter 7 Block 2 Solving Quadratic Equations",Honors,Algebra Readiness,quadratic_solving,factor_structure;operation_selection,110,Original-equivalent bridge item generated from local textbook coverage signals. No full textbook exercise text is reproduced.
eng_math_quad_014,Solve x^2 - 12x + 32 = 0 by factorising.,"4,8",multiple_choice,"A:4,-8|B:32|C:4,8|D:-4,-8|E:12,32",4,alg_quadratics;alg_factoring,quadratic_factorization;zero_product_property,factor_pair_reasoning;root_finding,sign_error;factor_pair_error,"The expression factors as (x - 4)(x - 8) = 0, so x = 4 or x = 8.",Algebra 1,Engineering Algebra Foundations,engineers-math-03-quadratic-equations,Solving Quadratic Equations,6613,mathematics_for_engineers_croft_davison,"local-pdf: Mathematics for Engineers_Anthony Croft, Robert Davison.pdf; Mathematics for Engineers Chapter 7 Block 2 Solving Quadratic Equations",Honors,Algebra Readiness,quadratic_solving,factor_structure;operation_selection,110,Original-equivalent bridge item generated from local textbook coverage signals. No full textbook exercise text is reproduced.
eng_math_quad_015,Solve x^2 - 15x + 50 = 0 by factorising.,"5,10",multiple_choice,"A:50|B:5,10|C:-5,-10|D:15,50|E:5,-10",4,alg_quadratics;alg_factoring,quadratic_factorization;zero_product_property,factor_pair_reasoning;root_finding,sign_error;factor_pair_error,"The expression factors as (x - 5)(x - 10) = 0, so x = 5 or x = 10.",Algebra 1,Engineering Algebra Foundations,engineers-math-03-quadratic-equations,Solving Quadratic Equations,6614,mathematics_for_engineers_croft_davison,"local-pdf: Mathematics for Engineers_Anthony Croft, Robert Davison.pdf; Mathematics for Engineers Chapter 7 Block 2 Solving Quadratic Equations",Honors,Algebra Readiness,quadratic_solving,factor_structure;operation_selection,110,Original-equivalent bridge item generated from local textbook coverage signals. No full textbook exercise text is reproduced.
eng_math_quad_016,Solve x^2 - 3x + 2 = 0 by factorising.,"1,2",multiple_choice,"A:1,2|B:-1,-2|C:3,2|D:1,-2|E:2",4,alg_quadratics;alg_factoring,quadratic_factorization;zero_product_property,factor_pair_reasoning;root_finding,sign_error;factor_pair_error,"The expression factors as (x - 1)(x - 2) = 0, so x = 1 or x = 2.",Algebra 1,Engineering Algebra Foundations,engineers-math-03-quadratic-equations,Solving Quadratic Equations,6615,mathematics_for_engineers_croft_davison,"local-pdf: Mathematics for Engineers_Anthony Croft, Robert Davison.pdf; Mathematics for Engineers Chapter 7 Block 2 Solving Quadratic Equations",Honors,Algebra Readiness,quadratic_solving,factor_structure;operation_selection,110,Original-equivalent bridge item generated from local textbook coverage signals. No full textbook exercise text is reproduced.
eng_math_quad_017,Solve x^2 - 6x + 8 = 0 by factorising.,"2,4",multiple_choice,"A:-2,-4|B:6,8|C:2,-4|D:8|E:2,4",4,alg_quadratics;alg_factoring,quadratic_factorization;zero_product_property,factor_pair_reasoning;root_finding,sign_error;factor_pair_error,"The expression factors as (x - 2)(x - 4) = 0, so x = 2 or x = 4.",Algebra 1,Engineering Algebra Foundations,engineers-math-03-quadratic-equations,Solving Quadratic Equations,6616,mathematics_for_engineers_croft_davison,"local-pdf: Mathematics for Engineers_Anthony Croft, Robert Davison.pdf; Mathematics for Engineers Chapter 7 Block 2 Solving Quadratic Equations",Honors,Algebra Readiness,quadratic_solving,factor_structure;operation_selection,110,Original-equivalent bridge item generated from local textbook coverage signals. No full textbook exercise text is reproduced.
eng_math_quad_018,Solve x^2 - 9x + 18 = 0 by factorising.,"3,6",multiple_choice,"A:9,18|B:3,-6|C:18|D:3,6|E:-3,-6",4,alg_quadratics;alg_factoring,quadratic_factorization;zero_product_property,factor_pair_reasoning;root_finding,sign_error;factor_pair_error,"The expression factors as (x - 3)(x - 6) = 0, so x = 3 or x = 6.",Algebra 1,Engineering Algebra Foundations,engineers-math-03-quadratic-equations,Solving Quadratic Equations,6617,mathematics_for_engineers_croft_davison,"local-pdf: Mathematics for Engineers_Anthony Croft, Robert Davison.pdf; Mathematics for Engineers Chapter 7 Block 2 Solving Quadratic Equations",Honors,Algebra Readiness,quadratic_solving,factor_structure;operation_selection,110,Original-equivalent bridge item generated from local textbook coverage signals. No full textbook exercise text is reproduced.
eng_math_quad_019,Solve x^2 - 12x + 32 = 0 by factorising.,"4,8",multiple_choice,"A:4,-8|B:32|C:4,8|D:-4,-8|E:12,32",4,alg_quadratics;alg_factoring,quadratic_factorization;zero_product_property,factor_pair_reasoning;root_finding,sign_error;factor_pair_error,"The expression factors as (x - 4)(x - 8) = 0, so x = 4 or x = 8.",Algebra 1,Engineering Algebra Foundations,engineers-math-03-quadratic-equations,Solving Quadratic Equations,6618,mathematics_for_engineers_croft_davison,"local-pdf: Mathematics for Engineers_Anthony Croft, Robert Davison.pdf; Mathematics for Engineers Chapter 7 Block 2 Solving Quadratic Equations",Honors,Algebra Readiness,quadratic_solving,factor_structure;operation_selection,110,Original-equivalent bridge item generated from local textbook coverage signals. No full textbook exercise text is reproduced.
eng_math_quad_020,Solve x^2 - 15x + 50 = 0 by factorising.,"5,10",multiple_choice,"A:50|B:5,10|C:-5,-10|D:15,50|E:5,-10",4,alg_quadratics;alg_factoring,quadratic_factorization;zero_product_property,factor_pair_reasoning;root_finding,sign_error;factor_pair_error,"The expression factors as (x - 5)(x - 10) = 0, so x = 5 or x = 10.",Algebra 1,Engineering Algebra Foundations,engineers-math-03-quadratic-equations,Solving Quadratic Equations,6619,mathematics_for_engineers_croft_davison,"local-pdf: Mathematics for Engineers_Anthony Croft, Robert Davison.pdf; Mathematics for Engineers Chapter 7 Block 2 Solving Quadratic Equations",Honors,Algebra Readiness,quadratic_solving,factor_structure;operation_selection,110,Original-equivalent bridge item generated from local textbook coverage signals. No full textbook exercise text is reproduced.
eng_math_prop_001,"A quantity y is directly proportional to x. When x = 4, y = 12. Find y when x = 7.",21,multiple_choice,A:21|B:19|C:15|D:10|E:84,4,arith_proportions;alg_functions,proportional_modeling;unit_rate_modeling,direct_variation;linear_modeling,additive_ratio_error;scale_factor_error,"Direct proportionality means y = kx. Since 12 = k(4), k = 3. When x = 7, y = 3(7) = 21.",Algebra 1,Engineering Algebra Foundations,engineers-math-04-proportionality,Proportionality and Engineering Models,6730,mathematics_for_engineers_croft_davison,"local-pdf: Mathematics for Engineers_Anthony Croft, Robert Davison.pdf; Mathematics for Engineers Chapter 7 Block 7 Proportionality",Standard,Algebra Readiness,proportional_reasoning,multiplicative_reasoning;modeling_transfer,110,Original-equivalent bridge item generated from local textbook coverage signals. No full textbook exercise text is reproduced.
eng_math_prop_002,"A quantity y is directly proportional to x. When x = 5, y = 20. Find y when x = 8.",32,multiple_choice,A:28|B:23|C:12|D:160|E:32,4,arith_proportions;alg_functions,proportional_modeling;unit_rate_modeling,direct_variation;linear_modeling,additive_ratio_error;scale_factor_error,"Direct proportionality means y = kx. Since 20 = k(5), k = 4. When x = 8, y = 4(8) = 32.",Algebra 1,Engineering Algebra Foundations,engineers-math-04-proportionality,Proportionality and Engineering Models,6731,mathematics_for_engineers_croft_davison,"local-pdf: Mathematics for Engineers_Anthony Croft, Robert Davison.pdf; Mathematics for Engineers Chapter 7 Block 7 Proportionality",Standard,Algebra Readiness,proportional_reasoning,multiplicative_reasoning;modeling_transfer,110,Original-equivalent bridge item generated from local textbook coverage signals. No full textbook exercise text is reproduced.
eng_math_prop_003,"A quantity y is directly proportional to x. When x = 6, y = 30. Find y when x = 9.",45,multiple_choice,A:33|B:14|C:270|D:45|E:39,4,arith_proportions;alg_functions,proportional_modeling;unit_rate_modeling,direct_variation;linear_modeling,additive_ratio_error;scale_factor_error,"Direct proportionality means y = kx. Since 30 = k(6), k = 5. When x = 9, y = 5(9) = 45.",Algebra 1,Engineering Algebra Foundations,engineers-math-04-proportionality,Proportionality and Engineering Models,6732,mathematics_for_engineers_croft_davison,"local-pdf: Mathematics for Engineers_Anthony Croft, Robert Davison.pdf; Mathematics for Engineers Chapter 7 Block 7 Proportionality",Standard,Algebra Readiness,proportional_reasoning,multiplicative_reasoning;modeling_transfer,110,Original-equivalent bridge item generated from local textbook coverage signals. No full textbook exercise text is reproduced.
eng_math_prop_004,"A quantity y is directly proportional to x. When x = 7, y = 42. Find y when x = 10.",60,multiple_choice,A:16|B:420|C:60|D:52|E:45,4,arith_proportions;alg_functions,proportional_modeling;unit_rate_modeling,direct_variation;linear_modeling,additive_ratio_error;scale_factor_error,"Direct proportionality means y = kx. Since 42 = k(7), k = 6. When x = 10, y = 6(10) = 60.",Algebra 1,Engineering Algebra Foundations,engineers-math-04-proportionality,Proportionality and Engineering Models,6733,mathematics_for_engineers_croft_davison,"local-pdf: Mathematics for Engineers_Anthony Croft, Robert Davison.pdf; Mathematics for Engineers Chapter 7 Block 7 Proportionality",Standard,Algebra Readiness,proportional_reasoning,multiplicative_reasoning;modeling_transfer,110,Original-equivalent bridge item generated from local textbook coverage signals. No full textbook exercise text is reproduced.
eng_math_prop_005,"A quantity y is directly proportional to x. When x = 8, y = 56. Find y when x = 11.",77,multiple_choice,A:616|B:77|C:67|D:59|E:18,4,arith_proportions;alg_functions,proportional_modeling;unit_rate_modeling,direct_variation;linear_modeling,additive_ratio_error;scale_factor_error,"Direct proportionality means y = kx. Since 56 = k(8), k = 7. When x = 11, y = 7(11) = 77.",Algebra 1,Engineering Algebra Foundations,engineers-math-04-proportionality,Proportionality and Engineering Models,6734,mathematics_for_engineers_croft_davison,"local-pdf: Mathematics for Engineers_Anthony Croft, Robert Davison.pdf; Mathematics for Engineers Chapter 7 Block 7 Proportionality",Standard,Algebra Readiness,proportional_reasoning,multiplicative_reasoning;modeling_transfer,110,Original-equivalent bridge item generated from local textbook coverage signals. No full textbook exercise text is reproduced.
eng_math_prop_006,"A quantity y is directly proportional to x. When x = 9, y = 27. Find y when x = 12.",36,multiple_choice,A:36|B:39|C:30|D:15|E:324,4,arith_proportions;alg_functions,proportional_modeling;unit_rate_modeling,direct_variation;linear_modeling,additive_ratio_error;scale_factor_error,"Direct proportionality means y = kx. Since 27 = k(9), k = 3. When x = 12, y = 3(12) = 36.",Algebra 1,Engineering Algebra Foundations,engineers-math-04-proportionality,Proportionality and Engineering Models,6735,mathematics_for_engineers_croft_davison,"local-pdf: Mathematics for Engineers_Anthony Croft, Robert Davison.pdf; Mathematics for Engineers Chapter 7 Block 7 Proportionality",Standard,Algebra Readiness,proportional_reasoning,multiplicative_reasoning;modeling_transfer,110,Original-equivalent bridge item generated from local textbook coverage signals. No full textbook exercise text is reproduced.
eng_math_prop_007,"A quantity y is directly proportional to x. When x = 10, y = 40. Find y when x = 13.",52,multiple_choice,A:53|B:43|C:17|D:520|E:52,4,arith_proportions;alg_functions,proportional_modeling;unit_rate_modeling,direct_variation;linear_modeling,additive_ratio_error;scale_factor_error,"Direct proportionality means y = kx. Since 40 = k(10), k = 4. When x = 13, y = 4(13) = 52.",Algebra 1,Engineering Algebra Foundations,engineers-math-04-proportionality,Proportionality and Engineering Models,6736,mathematics_for_engineers_croft_davison,"local-pdf: Mathematics for Engineers_Anthony Croft, Robert Davison.pdf; Mathematics for Engineers Chapter 7 Block 7 Proportionality",Standard,Algebra Readiness,proportional_reasoning,multiplicative_reasoning;modeling_transfer,110,Original-equivalent bridge item generated from local textbook coverage signals. No full textbook exercise text is reproduced.
eng_math_prop_008,"A quantity y is directly proportional to x. When x = 11, y = 55. Find y when x = 14.",70,multiple_choice,A:58|B:19|C:770|D:70|E:69,4,arith_proportions;alg_functions,proportional_modeling;unit_rate_modeling,direct_variation;linear_modeling,additive_ratio_error;scale_factor_error,"Direct proportionality means y = kx. Since 55 = k(11), k = 5. When x = 14, y = 5(14) = 70.",Algebra 1,Engineering Algebra Foundations,engineers-math-04-proportionality,Proportionality and Engineering Models,6737,mathematics_for_engineers_croft_davison,"local-pdf: Mathematics for Engineers_Anthony Croft, Robert Davison.pdf; Mathematics for Engineers Chapter 7 Block 7 Proportionality",Standard,Algebra Readiness,proportional_reasoning,multiplicative_reasoning;modeling_transfer,110,Original-equivalent bridge item generated from local textbook coverage signals. No full textbook exercise text is reproduced.
eng_math_prop_009,"A quantity y is directly proportional to x. When x = 12, y = 72. Find y when x = 15.",90,multiple_choice,A:21|B:1080|C:90|D:87|E:75,4,arith_proportions;alg_functions,proportional_modeling;unit_rate_modeling,direct_variation;linear_modeling,additive_ratio_error;scale_factor_error,"Direct proportionality means y = kx. Since 72 = k(12), k = 6. When x = 15, y = 6(15) = 90.",Algebra 1,Engineering Algebra Foundations,engineers-math-04-proportionality,Proportionality and Engineering Models,6738,mathematics_for_engineers_croft_davison,"local-pdf: Mathematics for Engineers_Anthony Croft, Robert Davison.pdf; Mathematics for Engineers Chapter 7 Block 7 Proportionality",Standard,Algebra Readiness,proportional_reasoning,multiplicative_reasoning;modeling_transfer,110,Original-equivalent bridge item generated from local textbook coverage signals. No full textbook exercise text is reproduced.
eng_math_prop_010,"A quantity y is directly proportional to x. When x = 13, y = 91. Find y when x = 16.",112,multiple_choice,A:1456|B:112|C:107|D:94|E:23,4,arith_proportions;alg_functions,proportional_modeling;unit_rate_modeling,direct_variation;linear_modeling,additive_ratio_error;scale_factor_error,"Direct proportionality means y = kx. Since 91 = k(13), k = 7. When x = 16, y = 7(16) = 112.",Algebra 1,Engineering Algebra Foundations,engineers-math-04-proportionality,Proportionality and Engineering Models,6739,mathematics_for_engineers_croft_davison,"local-pdf: Mathematics for Engineers_Anthony Croft, Robert Davison.pdf; Mathematics for Engineers Chapter 7 Block 7 Proportionality",Standard,Algebra Readiness,proportional_reasoning,multiplicative_reasoning;modeling_transfer,110,Original-equivalent bridge item generated from local textbook coverage signals. No full textbook exercise text is reproduced.
eng_math_prop_011,"A quantity y is directly proportional to x. When x = 14, y = 42. Find y when x = 17.",51,multiple_choice,A:51|B:59|C:45|D:20|E:714,4,arith_proportions;alg_functions,proportional_modeling;unit_rate_modeling,direct_variation;linear_modeling,additive_ratio_error;scale_factor_error,"Direct proportionality means y = kx. Since 42 = k(14), k = 3. When x = 17, y = 3(17) = 51.",Algebra 1,Engineering Algebra Foundations,engineers-math-04-proportionality,Proportionality and Engineering Models,6740,mathematics_for_engineers_croft_davison,"local-pdf: Mathematics for Engineers_Anthony Croft, Robert Davison.pdf; Mathematics for Engineers Chapter 7 Block 7 Proportionality",Standard,Algebra Readiness,proportional_reasoning,multiplicative_reasoning;modeling_transfer,110,Original-equivalent bridge item generated from local textbook coverage signals. No full textbook exercise text is reproduced.
eng_math_prop_012,"A quantity y is directly proportional to x. When x = 15, y = 60. Find y when x = 18.",72,multiple_choice,A:78|B:63|C:22|D:1080|E:72,4,arith_proportions;alg_functions,proportional_modeling;unit_rate_modeling,direct_variation;linear_modeling,additive_ratio_error;scale_factor_error,"Direct proportionality means y = kx. Since 60 = k(15), k = 4. When x = 18, y = 4(18) = 72.",Algebra 1,Engineering Algebra Foundations,engineers-math-04-proportionality,Proportionality and Engineering Models,6741,mathematics_for_engineers_croft_davison,"local-pdf: Mathematics for Engineers_Anthony Croft, Robert Davison.pdf; Mathematics for Engineers Chapter 7 Block 7 Proportionality",Standard,Algebra Readiness,proportional_reasoning,multiplicative_reasoning;modeling_transfer,110,Original-equivalent bridge item generated from local textbook coverage signals. No full textbook exercise text is reproduced.
eng_math_prop_013,"A quantity y is directly proportional to x. When x = 16, y = 80. Find y when x = 19.",95,multiple_choice,A:83|B:24|C:1520|D:95|E:99,4,arith_proportions;alg_functions,proportional_modeling;unit_rate_modeling,direct_variation;linear_modeling,additive_ratio_error;scale_factor_error,"Direct proportionality means y = kx. Since 80 = k(16), k = 5. When x = 19, y = 5(19) = 95.",Algebra 1,Engineering Algebra Foundations,engineers-math-04-proportionality,Proportionality and Engineering Models,6742,mathematics_for_engineers_croft_davison,"local-pdf: Mathematics for Engineers_Anthony Croft, Robert Davison.pdf; Mathematics for Engineers Chapter 7 Block 7 Proportionality",Standard,Algebra Readiness,proportional_reasoning,multiplicative_reasoning;modeling_transfer,110,Original-equivalent bridge item generated from local textbook coverage signals. No full textbook exercise text is reproduced.
eng_math_prop_014,"A quantity y is directly proportional to x. When x = 17, y = 102. Find y when x = 20.",120,multiple_choice,A:26|B:2040|C:120|D:122|E:105,4,arith_proportions;alg_functions,proportional_modeling;unit_rate_modeling,direct_variation;linear_modeling,additive_ratio_error;scale_factor_error,"Direct proportionality means y = kx. Since 102 = k(17), k = 6. When x = 20, y = 6(20) = 120.",Algebra 1,Engineering Algebra Foundations,engineers-math-04-proportionality,Proportionality and Engineering Models,6743,mathematics_for_engineers_croft_davison,"local-pdf: Mathematics for Engineers_Anthony Croft, Robert Davison.pdf; Mathematics for Engineers Chapter 7 Block 7 Proportionality",Standard,Algebra Readiness,proportional_reasoning,multiplicative_reasoning;modeling_transfer,110,Original-equivalent bridge item generated from local textbook coverage signals. No full textbook exercise text is reproduced.
eng_math_prop_015,"A quantity y is directly proportional to x. When x = 18, y = 126. Find y when x = 21.",147,multiple_choice,A:152|B:147|C:129|D:28|E:2646,4,arith_proportions;alg_functions,proportional_modeling;unit_rate_modeling,direct_variation;linear_modeling,additive_ratio_error;scale_factor_error,"Direct proportionality means y = kx. Since 126 = k(18), k = 7. When x = 21, y = 7(21) = 147.",Algebra 1,Engineering Algebra Foundations,engineers-math-04-proportionality,Proportionality and Engineering Models,6744,mathematics_for_engineers_croft_davison,"local-pdf: Mathematics for Engineers_Anthony Croft, Robert Davison.pdf; Mathematics for Engineers Chapter 7 Block 7 Proportionality",Standard,Algebra Readiness,proportional_reasoning,multiplicative_reasoning;modeling_transfer,110,Original-equivalent bridge item generated from local textbook coverage signals. No full textbook exercise text is reproduced.
eng_math_prop_016,"A quantity y is directly proportional to x. When x = 19, y = 57. Find y when x = 22.",66,multiple_choice,A:66|B:79|C:60|D:25|E:1254,4,arith_proportions;alg_functions,proportional_modeling;unit_rate_modeling,direct_variation;linear_modeling,additive_ratio_error;scale_factor_error,"Direct proportionality means y = kx. Since 57 = k(19), k = 3. When x = 22, y = 3(22) = 66.",Algebra 1,Engineering Algebra Foundations,engineers-math-04-proportionality,Proportionality and Engineering Models,6745,mathematics_for_engineers_croft_davison,"local-pdf: Mathematics for Engineers_Anthony Croft, Robert Davison.pdf; Mathematics for Engineers Chapter 7 Block 7 Proportionality",Standard,Algebra Readiness,proportional_reasoning,multiplicative_reasoning;modeling_transfer,110,Original-equivalent bridge item generated from local textbook coverage signals. No full textbook exercise text is reproduced.
eng_math_prop_017,"A quantity y is directly proportional to x. When x = 20, y = 80. Find y when x = 23.",92,multiple_choice,A:103|B:83|C:27|D:1840|E:92,4,arith_proportions;alg_functions,proportional_modeling;unit_rate_modeling,direct_variation;linear_modeling,additive_ratio_error;scale_factor_error,"Direct proportionality means y = kx. Since 80 = k(20), k = 4. When x = 23, y = 4(23) = 92.",Algebra 1,Engineering Algebra Foundations,engineers-math-04-proportionality,Proportionality and Engineering Models,6746,mathematics_for_engineers_croft_davison,"local-pdf: Mathematics for Engineers_Anthony Croft, Robert Davison.pdf; Mathematics for Engineers Chapter 7 Block 7 Proportionality",Standard,Algebra Readiness,proportional_reasoning,multiplicative_reasoning;modeling_transfer,110,Original-equivalent bridge item generated from local textbook coverage signals. No full textbook exercise text is reproduced.
eng_math_prop_018,"A quantity y is directly proportional to x. When x = 21, y = 105. Find y when x = 24.",120,multiple_choice,A:108|B:29|C:2520|D:120|E:129,4,arith_proportions;alg_functions,proportional_modeling;unit_rate_modeling,direct_variation;linear_modeling,additive_ratio_error;scale_factor_error,"Direct proportionality means y = kx. Since 105 = k(21), k = 5. When x = 24, y = 5(24) = 120.",Algebra 1,Engineering Algebra Foundations,engineers-math-04-proportionality,Proportionality and Engineering Models,6747,mathematics_for_engineers_croft_davison,"local-pdf: Mathematics for Engineers_Anthony Croft, Robert Davison.pdf; Mathematics for Engineers Chapter 7 Block 7 Proportionality",Standard,Algebra Readiness,proportional_reasoning,multiplicative_reasoning;modeling_transfer,110,Original-equivalent bridge item generated from local textbook coverage signals. No full textbook exercise text is reproduced.
eng_math_prop_019,"A quantity y is directly proportional to x. When x = 22, y = 132. Find y when x = 25.",150,multiple_choice,A:31|B:3300|C:150|D:157|E:135,4,arith_proportions;alg_functions,proportional_modeling;unit_rate_modeling,direct_variation;linear_modeling,additive_ratio_error;scale_factor_error,"Direct proportionality means y = kx. Since 132 = k(22), k = 6. When x = 25, y = 6(25) = 150.",Algebra 1,Engineering Algebra Foundations,engineers-math-04-proportionality,Proportionality and Engineering Models,6748,mathematics_for_engineers_croft_davison,"local-pdf: Mathematics for Engineers_Anthony Croft, Robert Davison.pdf; Mathematics for Engineers Chapter 7 Block 7 Proportionality",Standard,Algebra Readiness,proportional_reasoning,multiplicative_reasoning;modeling_transfer,110,Original-equivalent bridge item generated from local textbook coverage signals. No full textbook exercise text is reproduced.
eng_math_prop_020,"A quantity y is directly proportional to x. When x = 23, y = 161. Find y when x = 26.",182,multiple_choice,A:4186|B:182|C:187|D:164|E:33,4,arith_proportions;alg_functions,proportional_modeling;unit_rate_modeling,direct_variation;linear_modeling,additive_ratio_error;scale_factor_error,"Direct proportionality means y = kx. Since 161 = k(23), k = 7. When x = 26, y = 7(26) = 182.",Algebra 1,Engineering Algebra Foundations,engineers-math-04-proportionality,Proportionality and Engineering Models,6749,mathematics_for_engineers_croft_davison,"local-pdf: Mathematics for Engineers_Anthony Croft, Robert Davison.pdf; Mathematics for Engineers Chapter 7 Block 7 Proportionality",Standard,Algebra Readiness,proportional_reasoning,multiplicative_reasoning;modeling_transfer,110,Original-equivalent bridge item generated from local textbook coverage signals. No full textbook exercise text is reproduced.
