id,statement,answer,answer_type,choices,difficulty,concepts,skills,patterns,misconceptions,solution,course,theme,chapter,chapter_title,sequence,source_collection,source_file,taxonomy_layer,taxonomy_stage,problem_type,cognitive_tags,estimated_time_seconds,notes,language,curriculum_system,region,display_track,grade_band,content_status
cn_jzs_g1-number-patterns_001,"观察数列：2, 4, 6, 8, __。空格里应填多少？",10,multiple_choice,A:10|B:8|C:12|D:9|E:15,1,arith_natural_numbers,sequence_observation;addition_fluency,constant_difference_pattern;number_sequence,skip_count_error;endpoint_error,相邻两个数都增加 2，所以第四个数后面再加 2，得到 10。,CN Primary Math,数与规律,cn-primary-g1-number-patterns,一年级：数的认识与找规律,13000,jianzisheng_cn_math_bank_1_12,local-pdf: 尖子生高分题库1年级.pdf; 一年级：数的认识与找规律,Foundation,Foundation,cn_number_pattern,pattern_recognition;fluency_precision,70,Original-equivalent Chinese item generated from local scanned book coverage signals. OCR sample available under datasets/textbooks/jianzisheng-bank-1-12/ocr-samples. No full textbook exercise text is reproduced.,zh,CN,CN,中文校内,小学,production
cn_jzs_g1-number-patterns_002,"观察数列：3, 6, 9, 12, __。空格里应填多少？",15,multiple_choice,A:12|B:18|C:14|D:20|E:15,1,arith_natural_numbers,sequence_observation;addition_fluency,constant_difference_pattern;number_sequence,skip_count_error;endpoint_error,相邻两个数都增加 3，所以第四个数后面再加 3，得到 15。,CN Primary Math,数与规律,cn-primary-g1-number-patterns,一年级：数的认识与找规律,13001,jianzisheng_cn_math_bank_1_12,local-pdf: 尖子生高分题库1年级.pdf; 一年级：数的认识与找规律,Foundation,Foundation,cn_number_pattern,pattern_recognition;fluency_precision,70,Original-equivalent Chinese item generated from local scanned book coverage signals. OCR sample available under datasets/textbooks/jianzisheng-bank-1-12/ocr-samples. No full textbook exercise text is reproduced.,zh,CN,CN,中文校内,小学,production
cn_jzs_g1-number-patterns_003,"观察数列：4, 8, 12, 16, __。空格里应填多少？",20,multiple_choice,A:24|B:19|C:25|D:20|E:16,1,arith_natural_numbers,sequence_observation;addition_fluency,constant_difference_pattern;number_sequence,skip_count_error;endpoint_error,相邻两个数都增加 4，所以第四个数后面再加 4，得到 20。,CN Primary Math,数与规律,cn-primary-g1-number-patterns,一年级：数的认识与找规律,13002,jianzisheng_cn_math_bank_1_12,local-pdf: 尖子生高分题库1年级.pdf; 一年级：数的认识与找规律,Foundation,Foundation,cn_number_pattern,pattern_recognition;fluency_precision,70,Original-equivalent Chinese item generated from local scanned book coverage signals. OCR sample available under datasets/textbooks/jianzisheng-bank-1-12/ocr-samples. No full textbook exercise text is reproduced.,zh,CN,CN,中文校内,小学,production
cn_jzs_g1-number-patterns_004,"观察数列：5, 10, 15, 20, __。空格里应填多少？",25,multiple_choice,A:24|B:30|C:25|D:20|E:30,1,arith_natural_numbers,sequence_observation;addition_fluency,constant_difference_pattern;number_sequence,skip_count_error;endpoint_error,相邻两个数都增加 5，所以第四个数后面再加 5，得到 25。,CN Primary Math,数与规律,cn-primary-g1-number-patterns,一年级：数的认识与找规律,13003,jianzisheng_cn_math_bank_1_12,local-pdf: 尖子生高分题库1年级.pdf; 一年级：数的认识与找规律,Foundation,Foundation,cn_number_pattern,pattern_recognition;fluency_precision,70,Original-equivalent Chinese item generated from local scanned book coverage signals. OCR sample available under datasets/textbooks/jianzisheng-bank-1-12/ocr-samples. No full textbook exercise text is reproduced.,zh,CN,CN,中文校内,小学,production
cn_jzs_g1-number-patterns_005,"观察数列：6, 8, 10, 12, __。空格里应填多少？",14,multiple_choice,A:19|B:14|C:12|D:16|E:13,1,arith_natural_numbers,sequence_observation;addition_fluency,constant_difference_pattern;number_sequence,skip_count_error;endpoint_error,相邻两个数都增加 2，所以第四个数后面再加 2，得到 14。,CN Primary Math,数与规律,cn-primary-g1-number-patterns,一年级：数的认识与找规律,13004,jianzisheng_cn_math_bank_1_12,local-pdf: 尖子生高分题库1年级.pdf; 一年级：数的认识与找规律,Foundation,Foundation,cn_number_pattern,pattern_recognition;fluency_precision,70,Original-equivalent Chinese item generated from local scanned book coverage signals. OCR sample available under datasets/textbooks/jianzisheng-bank-1-12/ocr-samples. No full textbook exercise text is reproduced.,zh,CN,CN,中文校内,小学,production
cn_jzs_g1-number-patterns_006,"观察数列：2, 5, 8, 11, __。空格里应填多少？",14,multiple_choice,A:14|B:11|C:17|D:13|E:19,1,arith_natural_numbers,sequence_observation;addition_fluency,constant_difference_pattern;number_sequence,skip_count_error;endpoint_error,相邻两个数都增加 3，所以第四个数后面再加 3，得到 14。,CN Primary Math,数与规律,cn-primary-g1-number-patterns,一年级：数的认识与找规律,13005,jianzisheng_cn_math_bank_1_12,local-pdf: 尖子生高分题库1年级.pdf; 一年级：数的认识与找规律,Foundation,Foundation,cn_number_pattern,pattern_recognition;fluency_precision,70,Original-equivalent Chinese item generated from local scanned book coverage signals. OCR sample available under datasets/textbooks/jianzisheng-bank-1-12/ocr-samples. No full textbook exercise text is reproduced.,zh,CN,CN,中文校内,小学,production
cn_jzs_g1-number-patterns_007,"观察数列：3, 7, 11, 15, __。空格里应填多少？",19,multiple_choice,A:15|B:23|C:18|D:24|E:19,1,arith_natural_numbers,sequence_observation;addition_fluency,constant_difference_pattern;number_sequence,skip_count_error;endpoint_error,相邻两个数都增加 4，所以第四个数后面再加 4，得到 19。,CN Primary Math,数与规律,cn-primary-g1-number-patterns,一年级：数的认识与找规律,13006,jianzisheng_cn_math_bank_1_12,local-pdf: 尖子生高分题库1年级.pdf; 一年级：数的认识与找规律,Foundation,Foundation,cn_number_pattern,pattern_recognition;fluency_precision,70,Original-equivalent Chinese item generated from local scanned book coverage signals. OCR sample available under datasets/textbooks/jianzisheng-bank-1-12/ocr-samples. No full textbook exercise text is reproduced.,zh,CN,CN,中文校内,小学,production
cn_jzs_g1-number-patterns_008,"观察数列：4, 9, 14, 19, __。空格里应填多少？",24,multiple_choice,A:29|B:23|C:29|D:24|E:19,1,arith_natural_numbers,sequence_observation;addition_fluency,constant_difference_pattern;number_sequence,skip_count_error;endpoint_error,相邻两个数都增加 5，所以第四个数后面再加 5，得到 24。,CN Primary Math,数与规律,cn-primary-g1-number-patterns,一年级：数的认识与找规律,13007,jianzisheng_cn_math_bank_1_12,local-pdf: 尖子生高分题库1年级.pdf; 一年级：数的认识与找规律,Foundation,Foundation,cn_number_pattern,pattern_recognition;fluency_precision,70,Original-equivalent Chinese item generated from local scanned book coverage signals. OCR sample available under datasets/textbooks/jianzisheng-bank-1-12/ocr-samples. No full textbook exercise text is reproduced.,zh,CN,CN,中文校内,小学,production
cn_jzs_g1-number-patterns_009,"观察数列：5, 7, 9, 11, __。空格里应填多少？",13,multiple_choice,A:12|B:18|C:13|D:11|E:15,1,arith_natural_numbers,sequence_observation;addition_fluency,constant_difference_pattern;number_sequence,skip_count_error;endpoint_error,相邻两个数都增加 2，所以第四个数后面再加 2，得到 13。,CN Primary Math,数与规律,cn-primary-g1-number-patterns,一年级：数的认识与找规律,13008,jianzisheng_cn_math_bank_1_12,local-pdf: 尖子生高分题库1年级.pdf; 一年级：数的认识与找规律,Foundation,Foundation,cn_number_pattern,pattern_recognition;fluency_precision,70,Original-equivalent Chinese item generated from local scanned book coverage signals. OCR sample available under datasets/textbooks/jianzisheng-bank-1-12/ocr-samples. No full textbook exercise text is reproduced.,zh,CN,CN,中文校内,小学,production
cn_jzs_g1-number-patterns_010,"观察数列：6, 9, 12, 15, __。空格里应填多少？",18,multiple_choice,A:23|B:18|C:15|D:21|E:17,1,arith_natural_numbers,sequence_observation;addition_fluency,constant_difference_pattern;number_sequence,skip_count_error;endpoint_error,相邻两个数都增加 3，所以第四个数后面再加 3，得到 18。,CN Primary Math,数与规律,cn-primary-g1-number-patterns,一年级：数的认识与找规律,13009,jianzisheng_cn_math_bank_1_12,local-pdf: 尖子生高分题库1年级.pdf; 一年级：数的认识与找规律,Foundation,Foundation,cn_number_pattern,pattern_recognition;fluency_precision,70,Original-equivalent Chinese item generated from local scanned book coverage signals. OCR sample available under datasets/textbooks/jianzisheng-bank-1-12/ocr-samples. No full textbook exercise text is reproduced.,zh,CN,CN,中文校内,小学,production
cn_jzs_g1-number-patterns_011,"观察数列：2, 6, 10, 14, __。空格里应填多少？",18,multiple_choice,A:18|B:14|C:22|D:17|E:23,1,arith_natural_numbers,sequence_observation;addition_fluency,constant_difference_pattern;number_sequence,skip_count_error;endpoint_error,相邻两个数都增加 4，所以第四个数后面再加 4，得到 18。,CN Primary Math,数与规律,cn-primary-g1-number-patterns,一年级：数的认识与找规律,13010,jianzisheng_cn_math_bank_1_12,local-pdf: 尖子生高分题库1年级.pdf; 一年级：数的认识与找规律,Foundation,Foundation,cn_number_pattern,pattern_recognition;fluency_precision,70,Original-equivalent Chinese item generated from local scanned book coverage signals. OCR sample available under datasets/textbooks/jianzisheng-bank-1-12/ocr-samples. No full textbook exercise text is reproduced.,zh,CN,CN,中文校内,小学,production
cn_jzs_g1-number-patterns_012,"观察数列：3, 8, 13, 18, __。空格里应填多少？",23,multiple_choice,A:18|B:28|C:22|D:28|E:23,1,arith_natural_numbers,sequence_observation;addition_fluency,constant_difference_pattern;number_sequence,skip_count_error;endpoint_error,相邻两个数都增加 5，所以第四个数后面再加 5，得到 23。,CN Primary Math,数与规律,cn-primary-g1-number-patterns,一年级：数的认识与找规律,13011,jianzisheng_cn_math_bank_1_12,local-pdf: 尖子生高分题库1年级.pdf; 一年级：数的认识与找规律,Foundation,Foundation,cn_number_pattern,pattern_recognition;fluency_precision,70,Original-equivalent Chinese item generated from local scanned book coverage signals. OCR sample available under datasets/textbooks/jianzisheng-bank-1-12/ocr-samples. No full textbook exercise text is reproduced.,zh,CN,CN,中文校内,小学,production
cn_jzs_g1-number-patterns_013,"观察数列：4, 6, 8, 10, __。空格里应填多少？",12,multiple_choice,A:14|B:11|C:17|D:12|E:10,1,arith_natural_numbers,sequence_observation;addition_fluency,constant_difference_pattern;number_sequence,skip_count_error;endpoint_error,相邻两个数都增加 2，所以第四个数后面再加 2，得到 12。,CN Primary Math,数与规律,cn-primary-g1-number-patterns,一年级：数的认识与找规律,13012,jianzisheng_cn_math_bank_1_12,local-pdf: 尖子生高分题库1年级.pdf; 一年级：数的认识与找规律,Foundation,Foundation,cn_number_pattern,pattern_recognition;fluency_precision,70,Original-equivalent Chinese item generated from local scanned book coverage signals. OCR sample available under datasets/textbooks/jianzisheng-bank-1-12/ocr-samples. No full textbook exercise text is reproduced.,zh,CN,CN,中文校内,小学,production
cn_jzs_g1-number-patterns_014,"观察数列：5, 8, 11, 14, __。空格里应填多少？",17,multiple_choice,A:16|B:22|C:17|D:14|E:20,1,arith_natural_numbers,sequence_observation;addition_fluency,constant_difference_pattern;number_sequence,skip_count_error;endpoint_error,相邻两个数都增加 3，所以第四个数后面再加 3，得到 17。,CN Primary Math,数与规律,cn-primary-g1-number-patterns,一年级：数的认识与找规律,13013,jianzisheng_cn_math_bank_1_12,local-pdf: 尖子生高分题库1年级.pdf; 一年级：数的认识与找规律,Foundation,Foundation,cn_number_pattern,pattern_recognition;fluency_precision,70,Original-equivalent Chinese item generated from local scanned book coverage signals. OCR sample available under datasets/textbooks/jianzisheng-bank-1-12/ocr-samples. No full textbook exercise text is reproduced.,zh,CN,CN,中文校内,小学,production
cn_jzs_g1-number-patterns_015,"观察数列：6, 10, 14, 18, __。空格里应填多少？",22,multiple_choice,A:27|B:22|C:18|D:26|E:21,1,arith_natural_numbers,sequence_observation;addition_fluency,constant_difference_pattern;number_sequence,skip_count_error;endpoint_error,相邻两个数都增加 4，所以第四个数后面再加 4，得到 22。,CN Primary Math,数与规律,cn-primary-g1-number-patterns,一年级：数的认识与找规律,13014,jianzisheng_cn_math_bank_1_12,local-pdf: 尖子生高分题库1年级.pdf; 一年级：数的认识与找规律,Foundation,Foundation,cn_number_pattern,pattern_recognition;fluency_precision,70,Original-equivalent Chinese item generated from local scanned book coverage signals. OCR sample available under datasets/textbooks/jianzisheng-bank-1-12/ocr-samples. No full textbook exercise text is reproduced.,zh,CN,CN,中文校内,小学,production
cn_jzs_g1-number-patterns_016,"观察数列：2, 7, 12, 17, __。空格里应填多少？",22,multiple_choice,A:22|B:17|C:27|D:21|E:27,1,arith_natural_numbers,sequence_observation;addition_fluency,constant_difference_pattern;number_sequence,skip_count_error;endpoint_error,相邻两个数都增加 5，所以第四个数后面再加 5，得到 22。,CN Primary Math,数与规律,cn-primary-g1-number-patterns,一年级：数的认识与找规律,13015,jianzisheng_cn_math_bank_1_12,local-pdf: 尖子生高分题库1年级.pdf; 一年级：数的认识与找规律,Foundation,Foundation,cn_number_pattern,pattern_recognition;fluency_precision,70,Original-equivalent Chinese item generated from local scanned book coverage signals. OCR sample available under datasets/textbooks/jianzisheng-bank-1-12/ocr-samples. No full textbook exercise text is reproduced.,zh,CN,CN,中文校内,小学,production
cn_jzs_g1-number-patterns_017,"观察数列：3, 5, 7, 9, __。空格里应填多少？",11,multiple_choice,A:9|B:13|C:10|D:16|E:11,1,arith_natural_numbers,sequence_observation;addition_fluency,constant_difference_pattern;number_sequence,skip_count_error;endpoint_error,相邻两个数都增加 2，所以第四个数后面再加 2，得到 11。,CN Primary Math,数与规律,cn-primary-g1-number-patterns,一年级：数的认识与找规律,13016,jianzisheng_cn_math_bank_1_12,local-pdf: 尖子生高分题库1年级.pdf; 一年级：数的认识与找规律,Foundation,Foundation,cn_number_pattern,pattern_recognition;fluency_precision,70,Original-equivalent Chinese item generated from local scanned book coverage signals. OCR sample available under datasets/textbooks/jianzisheng-bank-1-12/ocr-samples. No full textbook exercise text is reproduced.,zh,CN,CN,中文校内,小学,production
cn_jzs_g1-number-patterns_018,"观察数列：4, 7, 10, 13, __。空格里应填多少？",16,multiple_choice,A:19|B:15|C:21|D:16|E:13,1,arith_natural_numbers,sequence_observation;addition_fluency,constant_difference_pattern;number_sequence,skip_count_error;endpoint_error,相邻两个数都增加 3，所以第四个数后面再加 3，得到 16。,CN Primary Math,数与规律,cn-primary-g1-number-patterns,一年级：数的认识与找规律,13017,jianzisheng_cn_math_bank_1_12,local-pdf: 尖子生高分题库1年级.pdf; 一年级：数的认识与找规律,Foundation,Foundation,cn_number_pattern,pattern_recognition;fluency_precision,70,Original-equivalent Chinese item generated from local scanned book coverage signals. OCR sample available under datasets/textbooks/jianzisheng-bank-1-12/ocr-samples. No full textbook exercise text is reproduced.,zh,CN,CN,中文校内,小学,production
cn_jzs_g1-number-patterns_019,"观察数列：5, 9, 13, 17, __。空格里应填多少？",21,multiple_choice,A:20|B:26|C:21|D:17|E:25,1,arith_natural_numbers,sequence_observation;addition_fluency,constant_difference_pattern;number_sequence,skip_count_error;endpoint_error,相邻两个数都增加 4，所以第四个数后面再加 4，得到 21。,CN Primary Math,数与规律,cn-primary-g1-number-patterns,一年级：数的认识与找规律,13018,jianzisheng_cn_math_bank_1_12,local-pdf: 尖子生高分题库1年级.pdf; 一年级：数的认识与找规律,Foundation,Foundation,cn_number_pattern,pattern_recognition;fluency_precision,70,Original-equivalent Chinese item generated from local scanned book coverage signals. OCR sample available under datasets/textbooks/jianzisheng-bank-1-12/ocr-samples. No full textbook exercise text is reproduced.,zh,CN,CN,中文校内,小学,production
cn_jzs_g1-number-patterns_020,"观察数列：6, 11, 16, 21, __。空格里应填多少？",26,multiple_choice,A:31|B:26|C:21|D:31|E:25,1,arith_natural_numbers,sequence_observation;addition_fluency,constant_difference_pattern;number_sequence,skip_count_error;endpoint_error,相邻两个数都增加 5，所以第四个数后面再加 5，得到 26。,CN Primary Math,数与规律,cn-primary-g1-number-patterns,一年级：数的认识与找规律,13019,jianzisheng_cn_math_bank_1_12,local-pdf: 尖子生高分题库1年级.pdf; 一年级：数的认识与找规律,Foundation,Foundation,cn_number_pattern,pattern_recognition;fluency_precision,70,Original-equivalent Chinese item generated from local scanned book coverage signals. OCR sample available under datasets/textbooks/jianzisheng-bank-1-12/ocr-samples. No full textbook exercise text is reproduced.,zh,CN,CN,中文校内,小学,production
cn_jzs_g2-word-arithmetic_001,有 3 盒铅笔，每盒 4 支，送给同学 5 支后，还剩多少支？,7,multiple_choice,A:7|B:2|C:17|D:-3|E:10,2,arith_natural_numbers,multiplication_modeling;two_step_word_problem,part_whole_reasoning;operation_selection,operation_selection_error;one_step_only_error,先求一共有 3 x 4 = 12 支，再减去送出的 5 支，剩 7 支。,CN Primary Math,应用题基础,cn-primary-g2-word-arithmetic,二年级：加减乘除应用题,13070,jianzisheng_cn_math_bank_1_12,local-pdf: 尖子生高分题库2年级.pdf; 二年级：加减乘除应用题,Foundation,Foundation,cn_two_step_word_problem,operation_selection;modeling_transfer,70,Original-equivalent Chinese item generated from local scanned book coverage signals. OCR sample available under datasets/textbooks/jianzisheng-bank-1-12/ocr-samples. No full textbook exercise text is reproduced.,zh,CN,CN,中文校内,小学,production
cn_jzs_g2-word-arithmetic_002,有 4 盒铅笔，每盒 5 支，送给同学 6 支后，还剩多少支？,14,multiple_choice,A:3|B:26|C:-4|D:18|E:14,2,arith_natural_numbers,multiplication_modeling;two_step_word_problem,part_whole_reasoning;operation_selection,operation_selection_error;one_step_only_error,先求一共有 4 x 5 = 20 支，再减去送出的 6 支，剩 14 支。,CN Primary Math,应用题基础,cn-primary-g2-word-arithmetic,二年级：加减乘除应用题,13071,jianzisheng_cn_math_bank_1_12,local-pdf: 尖子生高分题库2年级.pdf; 二年级：加减乘除应用题,Foundation,Foundation,cn_two_step_word_problem,operation_selection;modeling_transfer,70,Original-equivalent Chinese item generated from local scanned book coverage signals. OCR sample available under datasets/textbooks/jianzisheng-bank-1-12/ocr-samples. No full textbook exercise text is reproduced.,zh,CN,CN,中文校内,小学,production
cn_jzs_g2-word-arithmetic_003,有 5 盒铅笔，每盒 6 支，送给同学 7 支后，还剩多少支？,23,multiple_choice,A:37|B:-5|C:28|D:23|E:4,2,arith_natural_numbers,multiplication_modeling;two_step_word_problem,part_whole_reasoning;operation_selection,operation_selection_error;one_step_only_error,先求一共有 5 x 6 = 30 支，再减去送出的 7 支，剩 23 支。,CN Primary Math,应用题基础,cn-primary-g2-word-arithmetic,二年级：加减乘除应用题,13072,jianzisheng_cn_math_bank_1_12,local-pdf: 尖子生高分题库2年级.pdf; 二年级：加减乘除应用题,Foundation,Foundation,cn_two_step_word_problem,operation_selection;modeling_transfer,70,Original-equivalent Chinese item generated from local scanned book coverage signals. OCR sample available under datasets/textbooks/jianzisheng-bank-1-12/ocr-samples. No full textbook exercise text is reproduced.,zh,CN,CN,中文校内,小学,production
cn_jzs_g2-word-arithmetic_004,有 6 盒铅笔，每盒 7 支，送给同学 8 支后，还剩多少支？,34,multiple_choice,A:-6|B:40|C:34|D:5|E:50,2,arith_natural_numbers,multiplication_modeling;two_step_word_problem,part_whole_reasoning;operation_selection,operation_selection_error;one_step_only_error,先求一共有 6 x 7 = 42 支，再减去送出的 8 支，剩 34 支。,CN Primary Math,应用题基础,cn-primary-g2-word-arithmetic,二年级：加减乘除应用题,13073,jianzisheng_cn_math_bank_1_12,local-pdf: 尖子生高分题库2年级.pdf; 二年级：加减乘除应用题,Foundation,Foundation,cn_two_step_word_problem,operation_selection;modeling_transfer,70,Original-equivalent Chinese item generated from local scanned book coverage signals. OCR sample available under datasets/textbooks/jianzisheng-bank-1-12/ocr-samples. No full textbook exercise text is reproduced.,zh,CN,CN,中文校内,小学,production
cn_jzs_g2-word-arithmetic_005,有 7 盒铅笔，每盒 8 支，送给同学 9 支后，还剩多少支？,47,multiple_choice,A:54|B:47|C:6|D:65|E:-7,2,arith_natural_numbers,multiplication_modeling;two_step_word_problem,part_whole_reasoning;operation_selection,operation_selection_error;one_step_only_error,先求一共有 7 x 8 = 56 支，再减去送出的 9 支，剩 47 支。,CN Primary Math,应用题基础,cn-primary-g2-word-arithmetic,二年级：加减乘除应用题,13074,jianzisheng_cn_math_bank_1_12,local-pdf: 尖子生高分题库2年级.pdf; 二年级：加减乘除应用题,Foundation,Foundation,cn_two_step_word_problem,operation_selection;modeling_transfer,70,Original-equivalent Chinese item generated from local scanned book coverage signals. OCR sample available under datasets/textbooks/jianzisheng-bank-1-12/ocr-samples. No full textbook exercise text is reproduced.,zh,CN,CN,中文校内,小学,production
cn_jzs_g2-word-arithmetic_006,有 3 盒铅笔，每盒 9 支，送给同学 10 支后，还剩多少支？,17,multiple_choice,A:17|B:2|C:37|D:-3|E:20,2,arith_natural_numbers,multiplication_modeling;two_step_word_problem,part_whole_reasoning;operation_selection,operation_selection_error;one_step_only_error,先求一共有 3 x 9 = 27 支，再减去送出的 10 支，剩 17 支。,CN Primary Math,应用题基础,cn-primary-g2-word-arithmetic,二年级：加减乘除应用题,13075,jianzisheng_cn_math_bank_1_12,local-pdf: 尖子生高分题库2年级.pdf; 二年级：加减乘除应用题,Foundation,Foundation,cn_two_step_word_problem,operation_selection;modeling_transfer,70,Original-equivalent Chinese item generated from local scanned book coverage signals. OCR sample available under datasets/textbooks/jianzisheng-bank-1-12/ocr-samples. No full textbook exercise text is reproduced.,zh,CN,CN,中文校内,小学,production
cn_jzs_g2-word-arithmetic_007,有 4 盒铅笔，每盒 4 支，送给同学 11 支后，还剩多少支？,5,multiple_choice,A:-3|B:27|C:-28|D:9|E:5,2,arith_natural_numbers,multiplication_modeling;two_step_word_problem,part_whole_reasoning;operation_selection,operation_selection_error;one_step_only_error,先求一共有 4 x 4 = 16 支，再减去送出的 11 支，剩 5 支。,CN Primary Math,应用题基础,cn-primary-g2-word-arithmetic,二年级：加减乘除应用题,13076,jianzisheng_cn_math_bank_1_12,local-pdf: 尖子生高分题库2年级.pdf; 二年级：加减乘除应用题,Foundation,Foundation,cn_two_step_word_problem,operation_selection;modeling_transfer,70,Original-equivalent Chinese item generated from local scanned book coverage signals. OCR sample available under datasets/textbooks/jianzisheng-bank-1-12/ocr-samples. No full textbook exercise text is reproduced.,zh,CN,CN,中文校内,小学,production
cn_jzs_g2-word-arithmetic_008,有 5 盒铅笔，每盒 5 支，送给同学 12 支后，还剩多少支？,13,multiple_choice,A:37|B:-35|C:18|D:13|E:-2,2,arith_natural_numbers,multiplication_modeling;two_step_word_problem,part_whole_reasoning;operation_selection,operation_selection_error;one_step_only_error,先求一共有 5 x 5 = 25 支，再减去送出的 12 支，剩 13 支。,CN Primary Math,应用题基础,cn-primary-g2-word-arithmetic,二年级：加减乘除应用题,13077,jianzisheng_cn_math_bank_1_12,local-pdf: 尖子生高分题库2年级.pdf; 二年级：加减乘除应用题,Foundation,Foundation,cn_two_step_word_problem,operation_selection;modeling_transfer,70,Original-equivalent Chinese item generated from local scanned book coverage signals. OCR sample available under datasets/textbooks/jianzisheng-bank-1-12/ocr-samples. No full textbook exercise text is reproduced.,zh,CN,CN,中文校内,小学,production
cn_jzs_g2-word-arithmetic_009,有 6 盒铅笔，每盒 6 支，送给同学 5 支后，还剩多少支？,31,multiple_choice,A:6|B:37|C:31|D:7|E:41,2,arith_natural_numbers,multiplication_modeling;two_step_word_problem,part_whole_reasoning;operation_selection,operation_selection_error;one_step_only_error,先求一共有 6 x 6 = 36 支，再减去送出的 5 支，剩 31 支。,CN Primary Math,应用题基础,cn-primary-g2-word-arithmetic,二年级：加减乘除应用题,13078,jianzisheng_cn_math_bank_1_12,local-pdf: 尖子生高分题库2年级.pdf; 二年级：加减乘除应用题,Foundation,Foundation,cn_two_step_word_problem,operation_selection;modeling_transfer,70,Original-equivalent Chinese item generated from local scanned book coverage signals. OCR sample available under datasets/textbooks/jianzisheng-bank-1-12/ocr-samples. No full textbook exercise text is reproduced.,zh,CN,CN,中文校内,小学,production
cn_jzs_g2-word-arithmetic_010,有 7 盒铅笔，每盒 7 支，送给同学 6 支后，还剩多少支？,43,multiple_choice,A:50|B:43|C:8|D:55|E:7,2,arith_natural_numbers,multiplication_modeling;two_step_word_problem,part_whole_reasoning;operation_selection,operation_selection_error;one_step_only_error,先求一共有 7 x 7 = 49 支，再减去送出的 6 支，剩 43 支。,CN Primary Math,应用题基础,cn-primary-g2-word-arithmetic,二年级：加减乘除应用题,13079,jianzisheng_cn_math_bank_1_12,local-pdf: 尖子生高分题库2年级.pdf; 二年级：加减乘除应用题,Foundation,Foundation,cn_two_step_word_problem,operation_selection;modeling_transfer,70,Original-equivalent Chinese item generated from local scanned book coverage signals. OCR sample available under datasets/textbooks/jianzisheng-bank-1-12/ocr-samples. No full textbook exercise text is reproduced.,zh,CN,CN,中文校内,小学,production
cn_jzs_g2-word-arithmetic_011,有 3 盒铅笔，每盒 8 支，送给同学 7 支后，还剩多少支？,17,multiple_choice,A:17|B:4|C:31|D:3|E:20,2,arith_natural_numbers,multiplication_modeling;two_step_word_problem,part_whole_reasoning;operation_selection,operation_selection_error;one_step_only_error,先求一共有 3 x 8 = 24 支，再减去送出的 7 支，剩 17 支。,CN Primary Math,应用题基础,cn-primary-g2-word-arithmetic,二年级：加减乘除应用题,13080,jianzisheng_cn_math_bank_1_12,local-pdf: 尖子生高分题库2年级.pdf; 二年级：加减乘除应用题,Foundation,Foundation,cn_two_step_word_problem,operation_selection;modeling_transfer,70,Original-equivalent Chinese item generated from local scanned book coverage signals. OCR sample available under datasets/textbooks/jianzisheng-bank-1-12/ocr-samples. No full textbook exercise text is reproduced.,zh,CN,CN,中文校内,小学,production
cn_jzs_g2-word-arithmetic_012,有 4 盒铅笔，每盒 9 支，送给同学 8 支后，还剩多少支？,28,multiple_choice,A:5|B:44|C:4|D:32|E:28,2,arith_natural_numbers,multiplication_modeling;two_step_word_problem,part_whole_reasoning;operation_selection,operation_selection_error;one_step_only_error,先求一共有 4 x 9 = 36 支，再减去送出的 8 支，剩 28 支。,CN Primary Math,应用题基础,cn-primary-g2-word-arithmetic,二年级：加减乘除应用题,13081,jianzisheng_cn_math_bank_1_12,local-pdf: 尖子生高分题库2年级.pdf; 二年级：加减乘除应用题,Foundation,Foundation,cn_two_step_word_problem,operation_selection;modeling_transfer,70,Original-equivalent Chinese item generated from local scanned book coverage signals. OCR sample available under datasets/textbooks/jianzisheng-bank-1-12/ocr-samples. No full textbook exercise text is reproduced.,zh,CN,CN,中文校内,小学,production
cn_jzs_g2-word-arithmetic_013,有 5 盒铅笔，每盒 4 支，送给同学 9 支后，还剩多少支？,11,multiple_choice,A:29|B:-25|C:16|D:11|E:0,2,arith_natural_numbers,multiplication_modeling;two_step_word_problem,part_whole_reasoning;operation_selection,operation_selection_error;one_step_only_error,先求一共有 5 x 4 = 20 支，再减去送出的 9 支，剩 11 支。,CN Primary Math,应用题基础,cn-primary-g2-word-arithmetic,二年级：加减乘除应用题,13082,jianzisheng_cn_math_bank_1_12,local-pdf: 尖子生高分题库2年级.pdf; 二年级：加减乘除应用题,Foundation,Foundation,cn_two_step_word_problem,operation_selection;modeling_transfer,70,Original-equivalent Chinese item generated from local scanned book coverage signals. OCR sample available under datasets/textbooks/jianzisheng-bank-1-12/ocr-samples. No full textbook exercise text is reproduced.,zh,CN,CN,中文校内,小学,production
cn_jzs_g2-word-arithmetic_014,有 6 盒铅笔，每盒 5 支，送给同学 10 支后，还剩多少支？,20,multiple_choice,A:-30|B:26|C:20|D:1|E:40,2,arith_natural_numbers,multiplication_modeling;two_step_word_problem,part_whole_reasoning;operation_selection,operation_selection_error;one_step_only_error,先求一共有 6 x 5 = 30 支，再减去送出的 10 支，剩 20 支。,CN Primary Math,应用题基础,cn-primary-g2-word-arithmetic,二年级：加减乘除应用题,13083,jianzisheng_cn_math_bank_1_12,local-pdf: 尖子生高分题库2年级.pdf; 二年级：加减乘除应用题,Foundation,Foundation,cn_two_step_word_problem,operation_selection;modeling_transfer,70,Original-equivalent Chinese item generated from local scanned book coverage signals. OCR sample available under datasets/textbooks/jianzisheng-bank-1-12/ocr-samples. No full textbook exercise text is reproduced.,zh,CN,CN,中文校内,小学,production
cn_jzs_g2-word-arithmetic_015,有 7 盒铅笔，每盒 6 支，送给同学 11 支后，还剩多少支？,31,multiple_choice,A:38|B:31|C:2|D:53|E:-35,2,arith_natural_numbers,multiplication_modeling;two_step_word_problem,part_whole_reasoning;operation_selection,operation_selection_error;one_step_only_error,先求一共有 7 x 6 = 42 支，再减去送出的 11 支，剩 31 支。,CN Primary Math,应用题基础,cn-primary-g2-word-arithmetic,二年级：加减乘除应用题,13084,jianzisheng_cn_math_bank_1_12,local-pdf: 尖子生高分题库2年级.pdf; 二年级：加减乘除应用题,Foundation,Foundation,cn_two_step_word_problem,operation_selection;modeling_transfer,70,Original-equivalent Chinese item generated from local scanned book coverage signals. OCR sample available under datasets/textbooks/jianzisheng-bank-1-12/ocr-samples. No full textbook exercise text is reproduced.,zh,CN,CN,中文校内,小学,production
cn_jzs_g2-word-arithmetic_016,有 3 盒铅笔，每盒 7 支，送给同学 12 支后，还剩多少支？,9,multiple_choice,A:9|B:-2|C:33|D:-15|E:12,2,arith_natural_numbers,multiplication_modeling;two_step_word_problem,part_whole_reasoning;operation_selection,operation_selection_error;one_step_only_error,先求一共有 3 x 7 = 21 支，再减去送出的 12 支，剩 9 支。,CN Primary Math,应用题基础,cn-primary-g2-word-arithmetic,二年级：加减乘除应用题,13085,jianzisheng_cn_math_bank_1_12,local-pdf: 尖子生高分题库2年级.pdf; 二年级：加减乘除应用题,Foundation,Foundation,cn_two_step_word_problem,operation_selection;modeling_transfer,70,Original-equivalent Chinese item generated from local scanned book coverage signals. OCR sample available under datasets/textbooks/jianzisheng-bank-1-12/ocr-samples. No full textbook exercise text is reproduced.,zh,CN,CN,中文校内,小学,production
cn_jzs_g2-word-arithmetic_017,有 4 盒铅笔，每盒 8 支，送给同学 5 支后，还剩多少支？,27,multiple_choice,A:7|B:37|C:12|D:31|E:27,2,arith_natural_numbers,multiplication_modeling;two_step_word_problem,part_whole_reasoning;operation_selection,operation_selection_error;one_step_only_error,先求一共有 4 x 8 = 32 支，再减去送出的 5 支，剩 27 支。,CN Primary Math,应用题基础,cn-primary-g2-word-arithmetic,二年级：加减乘除应用题,13086,jianzisheng_cn_math_bank_1_12,local-pdf: 尖子生高分题库2年级.pdf; 二年级：加减乘除应用题,Foundation,Foundation,cn_two_step_word_problem,operation_selection;modeling_transfer,70,Original-equivalent Chinese item generated from local scanned book coverage signals. OCR sample available under datasets/textbooks/jianzisheng-bank-1-12/ocr-samples. No full textbook exercise text is reproduced.,zh,CN,CN,中文校内,小学,production
cn_jzs_g2-word-arithmetic_018,有 5 盒铅笔，每盒 9 支，送给同学 6 支后，还剩多少支？,39,multiple_choice,A:51|B:15|C:44|D:39|E:8,2,arith_natural_numbers,multiplication_modeling;two_step_word_problem,part_whole_reasoning;operation_selection,operation_selection_error;one_step_only_error,先求一共有 5 x 9 = 45 支，再减去送出的 6 支，剩 39 支。,CN Primary Math,应用题基础,cn-primary-g2-word-arithmetic,二年级：加减乘除应用题,13087,jianzisheng_cn_math_bank_1_12,local-pdf: 尖子生高分题库2年级.pdf; 二年级：加减乘除应用题,Foundation,Foundation,cn_two_step_word_problem,operation_selection;modeling_transfer,70,Original-equivalent Chinese item generated from local scanned book coverage signals. OCR sample available under datasets/textbooks/jianzisheng-bank-1-12/ocr-samples. No full textbook exercise text is reproduced.,zh,CN,CN,中文校内,小学,production
cn_jzs_g2-word-arithmetic_019,有 6 盒铅笔，每盒 4 支，送给同学 7 支后，还剩多少支？,17,multiple_choice,A:-18|B:23|C:17|D:3|E:31,2,arith_natural_numbers,multiplication_modeling;two_step_word_problem,part_whole_reasoning;operation_selection,operation_selection_error;one_step_only_error,先求一共有 6 x 4 = 24 支，再减去送出的 7 支，剩 17 支。,CN Primary Math,应用题基础,cn-primary-g2-word-arithmetic,二年级：加减乘除应用题,13088,jianzisheng_cn_math_bank_1_12,local-pdf: 尖子生高分题库2年级.pdf; 二年级：加减乘除应用题,Foundation,Foundation,cn_two_step_word_problem,operation_selection;modeling_transfer,70,Original-equivalent Chinese item generated from local scanned book coverage signals. OCR sample available under datasets/textbooks/jianzisheng-bank-1-12/ocr-samples. No full textbook exercise text is reproduced.,zh,CN,CN,中文校内,小学,production
cn_jzs_g2-word-arithmetic_020,有 7 盒铅笔，每盒 5 支，送给同学 8 支后，还剩多少支？,27,multiple_choice,A:34|B:27|C:4|D:43|E:-21,2,arith_natural_numbers,multiplication_modeling;two_step_word_problem,part_whole_reasoning;operation_selection,operation_selection_error;one_step_only_error,先求一共有 7 x 5 = 35 支，再减去送出的 8 支，剩 27 支。,CN Primary Math,应用题基础,cn-primary-g2-word-arithmetic,二年级：加减乘除应用题,13089,jianzisheng_cn_math_bank_1_12,local-pdf: 尖子生高分题库2年级.pdf; 二年级：加减乘除应用题,Foundation,Foundation,cn_two_step_word_problem,operation_selection;modeling_transfer,70,Original-equivalent Chinese item generated from local scanned book coverage signals. OCR sample available under datasets/textbooks/jianzisheng-bank-1-12/ocr-samples. No full textbook exercise text is reproduced.,zh,CN,CN,中文校内,小学,production
cn_jzs_g3-remainders_001,21 个同样的图形，每 3 个分成一组，可以分成几整组，还剩几个？,"7,0",multiple_choice,"A:7,0|B:8,0|C:7,3|D:7|E:0",2,nt_remainders;arith_natural_numbers,division_with_remainder;quotient_remainder_model,division_structure;multiple_plus_remainder,remainder_as_quotient_error;endpoint_error,21 = 3 x 7 + 0，所以可以分成 7 整组，还剩 0 个。,CN Primary Math,除法与余数,cn-primary-g3-remainders,三年级：除法、余数与周期,13140,jianzisheng_cn_math_bank_1_12,local-pdf: 尖子生高分题库3年级.pdf; 三年级：除法、余数与周期,Foundation,Bridge,cn_remainder_model,number_structure;fluency_precision,70,Original-equivalent Chinese item generated from local scanned book coverage signals. OCR sample available under datasets/textbooks/jianzisheng-bank-1-12/ocr-samples. No full textbook exercise text is reproduced.,zh,CN,CN,中文校内,小学,production
cn_jzs_g3-remainders_002,33 个同样的图形，每 4 个分成一组，可以分成几整组，还剩几个？,"8,1",multiple_choice,"A:9,1|B:8,3|C:8|D:1|E:8,1",2,nt_remainders;arith_natural_numbers,division_with_remainder;quotient_remainder_model,division_structure;multiple_plus_remainder,remainder_as_quotient_error;endpoint_error,33 = 4 x 8 + 1，所以可以分成 8 整组，还剩 1 个。,CN Primary Math,除法与余数,cn-primary-g3-remainders,三年级：除法、余数与周期,13141,jianzisheng_cn_math_bank_1_12,local-pdf: 尖子生高分题库3年级.pdf; 三年级：除法、余数与周期,Foundation,Bridge,cn_remainder_model,number_structure;fluency_precision,70,Original-equivalent Chinese item generated from local scanned book coverage signals. OCR sample available under datasets/textbooks/jianzisheng-bank-1-12/ocr-samples. No full textbook exercise text is reproduced.,zh,CN,CN,中文校内,小学,production
cn_jzs_g3-remainders_003,47 个同样的图形，每 5 个分成一组，可以分成几整组，还剩几个？,"9,2",multiple_choice,"A:9,3|B:9|C:2|D:9,2|E:10,2",2,nt_remainders;arith_natural_numbers,division_with_remainder;quotient_remainder_model,division_structure;multiple_plus_remainder,remainder_as_quotient_error;endpoint_error,47 = 5 x 9 + 2，所以可以分成 9 整组，还剩 2 个。,CN Primary Math,除法与余数,cn-primary-g3-remainders,三年级：除法、余数与周期,13142,jianzisheng_cn_math_bank_1_12,local-pdf: 尖子生高分题库3年级.pdf; 三年级：除法、余数与周期,Foundation,Bridge,cn_remainder_model,number_structure;fluency_precision,70,Original-equivalent Chinese item generated from local scanned book coverage signals. OCR sample available under datasets/textbooks/jianzisheng-bank-1-12/ocr-samples. No full textbook exercise text is reproduced.,zh,CN,CN,中文校内,小学,production
cn_jzs_g3-remainders_004,63 个同样的图形，每 6 个分成一组，可以分成几整组，还剩几个？,"10,3",multiple_choice,"A:3|B:3,10|C:10,3|D:11,3|E:10",2,nt_remainders;arith_natural_numbers,division_with_remainder;quotient_remainder_model,division_structure;multiple_plus_remainder,remainder_as_quotient_error;endpoint_error,63 = 6 x 10 + 3，所以可以分成 10 整组，还剩 3 个。,CN Primary Math,除法与余数,cn-primary-g3-remainders,三年级：除法、余数与周期,13143,jianzisheng_cn_math_bank_1_12,local-pdf: 尖子生高分题库3年级.pdf; 三年级：除法、余数与周期,Foundation,Bridge,cn_remainder_model,number_structure;fluency_precision,70,Original-equivalent Chinese item generated from local scanned book coverage signals. OCR sample available under datasets/textbooks/jianzisheng-bank-1-12/ocr-samples. No full textbook exercise text is reproduced.,zh,CN,CN,中文校内,小学,production
cn_jzs_g3-remainders_005,81 个同样的图形，每 7 个分成一组，可以分成几整组，还剩几个？,"11,4",multiple_choice,"A:4|B:11,4|C:12,4|D:11,3|E:11",2,nt_remainders;arith_natural_numbers,division_with_remainder;quotient_remainder_model,division_structure;multiple_plus_remainder,remainder_as_quotient_error;endpoint_error,81 = 7 x 11 + 4，所以可以分成 11 整组，还剩 4 个。,CN Primary Math,除法与余数,cn-primary-g3-remainders,三年级：除法、余数与周期,13144,jianzisheng_cn_math_bank_1_12,local-pdf: 尖子生高分题库3年级.pdf; 三年级：除法、余数与周期,Foundation,Bridge,cn_remainder_model,number_structure;fluency_precision,70,Original-equivalent Chinese item generated from local scanned book coverage signals. OCR sample available under datasets/textbooks/jianzisheng-bank-1-12/ocr-samples. No full textbook exercise text is reproduced.,zh,CN,CN,中文校内,小学,production
cn_jzs_g3-remainders_006,38 个同样的图形，每 3 个分成一组，可以分成几整组，还剩几个？,"12,2",multiple_choice,"A:12,2|B:13,2|C:12,1|D:12|E:2",2,nt_remainders;arith_natural_numbers,division_with_remainder;quotient_remainder_model,division_structure;multiple_plus_remainder,remainder_as_quotient_error;endpoint_error,38 = 3 x 12 + 2，所以可以分成 12 整组，还剩 2 个。,CN Primary Math,除法与余数,cn-primary-g3-remainders,三年级：除法、余数与周期,13145,jianzisheng_cn_math_bank_1_12,local-pdf: 尖子生高分题库3年级.pdf; 三年级：除法、余数与周期,Foundation,Bridge,cn_remainder_model,number_structure;fluency_precision,70,Original-equivalent Chinese item generated from local scanned book coverage signals. OCR sample available under datasets/textbooks/jianzisheng-bank-1-12/ocr-samples. No full textbook exercise text is reproduced.,zh,CN,CN,中文校内,小学,production
cn_jzs_g3-remainders_007,54 个同样的图形，每 4 个分成一组，可以分成几整组，还剩几个？,"13,2",multiple_choice,"A:14,2|B:13|C:2|D:2,13|E:13,2",2,nt_remainders;arith_natural_numbers,division_with_remainder;quotient_remainder_model,division_structure;multiple_plus_remainder,remainder_as_quotient_error;endpoint_error,54 = 4 x 13 + 2，所以可以分成 13 整组，还剩 2 个。,CN Primary Math,除法与余数,cn-primary-g3-remainders,三年级：除法、余数与周期,13146,jianzisheng_cn_math_bank_1_12,local-pdf: 尖子生高分题库3年级.pdf; 三年级：除法、余数与周期,Foundation,Bridge,cn_remainder_model,number_structure;fluency_precision,70,Original-equivalent Chinese item generated from local scanned book coverage signals. OCR sample available under datasets/textbooks/jianzisheng-bank-1-12/ocr-samples. No full textbook exercise text is reproduced.,zh,CN,CN,中文校内,小学,production
cn_jzs_g3-remainders_008,72 个同样的图形，每 5 个分成一组，可以分成几整组，还剩几个？,"14,2",multiple_choice,"A:14,3|B:14|C:2|D:14,2|E:15,2",2,nt_remainders;arith_natural_numbers,division_with_remainder;quotient_remainder_model,division_structure;multiple_plus_remainder,remainder_as_quotient_error;endpoint_error,72 = 5 x 14 + 2，所以可以分成 14 整组，还剩 2 个。,CN Primary Math,除法与余数,cn-primary-g3-remainders,三年级：除法、余数与周期,13147,jianzisheng_cn_math_bank_1_12,local-pdf: 尖子生高分题库3年级.pdf; 三年级：除法、余数与周期,Foundation,Bridge,cn_remainder_model,number_structure;fluency_precision,70,Original-equivalent Chinese item generated from local scanned book coverage signals. OCR sample available under datasets/textbooks/jianzisheng-bank-1-12/ocr-samples. No full textbook exercise text is reproduced.,zh,CN,CN,中文校内,小学,production
cn_jzs_g3-remainders_009,92 个同样的图形，每 6 个分成一组，可以分成几整组，还剩几个？,"15,2",multiple_choice,"A:15|B:2|C:15,2|D:16,2|E:15,4",2,nt_remainders;arith_natural_numbers,division_with_remainder;quotient_remainder_model,division_structure;multiple_plus_remainder,remainder_as_quotient_error;endpoint_error,92 = 6 x 15 + 2，所以可以分成 15 整组，还剩 2 个。,CN Primary Math,除法与余数,cn-primary-g3-remainders,三年级：除法、余数与周期,13148,jianzisheng_cn_math_bank_1_12,local-pdf: 尖子生高分题库3年级.pdf; 三年级：除法、余数与周期,Foundation,Bridge,cn_remainder_model,number_structure;fluency_precision,70,Original-equivalent Chinese item generated from local scanned book coverage signals. OCR sample available under datasets/textbooks/jianzisheng-bank-1-12/ocr-samples. No full textbook exercise text is reproduced.,zh,CN,CN,中文校内,小学,production
cn_jzs_g3-remainders_010,114 个同样的图形，每 7 个分成一组，可以分成几整组，还剩几个？,"16,2",multiple_choice,"A:2|B:16,2|C:17,2|D:16,5|E:16",2,nt_remainders;arith_natural_numbers,division_with_remainder;quotient_remainder_model,division_structure;multiple_plus_remainder,remainder_as_quotient_error;endpoint_error,114 = 7 x 16 + 2，所以可以分成 16 整组，还剩 2 个。,CN Primary Math,除法与余数,cn-primary-g3-remainders,三年级：除法、余数与周期,13149,jianzisheng_cn_math_bank_1_12,local-pdf: 尖子生高分题库3年级.pdf; 三年级：除法、余数与周期,Foundation,Bridge,cn_remainder_model,number_structure;fluency_precision,70,Original-equivalent Chinese item generated from local scanned book coverage signals. OCR sample available under datasets/textbooks/jianzisheng-bank-1-12/ocr-samples. No full textbook exercise text is reproduced.,zh,CN,CN,中文校内,小学,production
cn_jzs_g3-remainders_011,52 个同样的图形，每 3 个分成一组，可以分成几整组，还剩几个？,"17,1",multiple_choice,"A:17,1|B:18,1|C:17,2|D:17|E:1",2,nt_remainders;arith_natural_numbers,division_with_remainder;quotient_remainder_model,division_structure;multiple_plus_remainder,remainder_as_quotient_error;endpoint_error,52 = 3 x 17 + 1，所以可以分成 17 整组，还剩 1 个。,CN Primary Math,除法与余数,cn-primary-g3-remainders,三年级：除法、余数与周期,13150,jianzisheng_cn_math_bank_1_12,local-pdf: 尖子生高分题库3年级.pdf; 三年级：除法、余数与周期,Foundation,Bridge,cn_remainder_model,number_structure;fluency_precision,70,Original-equivalent Chinese item generated from local scanned book coverage signals. OCR sample available under datasets/textbooks/jianzisheng-bank-1-12/ocr-samples. No full textbook exercise text is reproduced.,zh,CN,CN,中文校内,小学,production
cn_jzs_g3-remainders_012,75 个同样的图形，每 4 个分成一组，可以分成几整组，还剩几个？,"18,3",multiple_choice,"A:19,3|B:18,1|C:18|D:3|E:18,3",2,nt_remainders;arith_natural_numbers,division_with_remainder;quotient_remainder_model,division_structure;multiple_plus_remainder,remainder_as_quotient_error;endpoint_error,75 = 4 x 18 + 3，所以可以分成 18 整组，还剩 3 个。,CN Primary Math,除法与余数,cn-primary-g3-remainders,三年级：除法、余数与周期,13151,jianzisheng_cn_math_bank_1_12,local-pdf: 尖子生高分题库3年级.pdf; 三年级：除法、余数与周期,Foundation,Bridge,cn_remainder_model,number_structure;fluency_precision,70,Original-equivalent Chinese item generated from local scanned book coverage signals. OCR sample available under datasets/textbooks/jianzisheng-bank-1-12/ocr-samples. No full textbook exercise text is reproduced.,zh,CN,CN,中文校内,小学,production
cn_jzs_g3-remainders_013,97 个同样的图形，每 5 个分成一组，可以分成几整组，还剩几个？,"19,2",multiple_choice,"A:19,3|B:19|C:2|D:19,2|E:20,2",2,nt_remainders;arith_natural_numbers,division_with_remainder;quotient_remainder_model,division_structure;multiple_plus_remainder,remainder_as_quotient_error;endpoint_error,97 = 5 x 19 + 2，所以可以分成 19 整组，还剩 2 个。,CN Primary Math,除法与余数,cn-primary-g3-remainders,三年级：除法、余数与周期,13152,jianzisheng_cn_math_bank_1_12,local-pdf: 尖子生高分题库3年级.pdf; 三年级：除法、余数与周期,Foundation,Bridge,cn_remainder_model,number_structure;fluency_precision,70,Original-equivalent Chinese item generated from local scanned book coverage signals. OCR sample available under datasets/textbooks/jianzisheng-bank-1-12/ocr-samples. No full textbook exercise text is reproduced.,zh,CN,CN,中文校内,小学,production
cn_jzs_g3-remainders_014,121 个同样的图形，每 6 个分成一组，可以分成几整组，还剩几个？,"20,1",multiple_choice,"A:20|B:1|C:20,1|D:21,1|E:20,5",2,nt_remainders;arith_natural_numbers,division_with_remainder;quotient_remainder_model,division_structure;multiple_plus_remainder,remainder_as_quotient_error;endpoint_error,121 = 6 x 20 + 1，所以可以分成 20 整组，还剩 1 个。,CN Primary Math,除法与余数,cn-primary-g3-remainders,三年级：除法、余数与周期,13153,jianzisheng_cn_math_bank_1_12,local-pdf: 尖子生高分题库3年级.pdf; 三年级：除法、余数与周期,Foundation,Bridge,cn_remainder_model,number_structure;fluency_precision,70,Original-equivalent Chinese item generated from local scanned book coverage signals. OCR sample available under datasets/textbooks/jianzisheng-bank-1-12/ocr-samples. No full textbook exercise text is reproduced.,zh,CN,CN,中文校内,小学,production
cn_jzs_g3-remainders_015,147 个同样的图形，每 7 个分成一组，可以分成几整组，还剩几个？,"21,0",multiple_choice,"A:0|B:21,0|C:22,0|D:21,7|E:21",2,nt_remainders;arith_natural_numbers,division_with_remainder;quotient_remainder_model,division_structure;multiple_plus_remainder,remainder_as_quotient_error;endpoint_error,147 = 7 x 21 + 0，所以可以分成 21 整组，还剩 0 个。,CN Primary Math,除法与余数,cn-primary-g3-remainders,三年级：除法、余数与周期,13154,jianzisheng_cn_math_bank_1_12,local-pdf: 尖子生高分题库3年级.pdf; 三年级：除法、余数与周期,Foundation,Bridge,cn_remainder_model,number_structure;fluency_precision,70,Original-equivalent Chinese item generated from local scanned book coverage signals. OCR sample available under datasets/textbooks/jianzisheng-bank-1-12/ocr-samples. No full textbook exercise text is reproduced.,zh,CN,CN,中文校内,小学,production
cn_jzs_g3-remainders_016,66 个同样的图形，每 3 个分成一组，可以分成几整组，还剩几个？,"22,0",multiple_choice,"A:22,0|B:23,0|C:22,3|D:22|E:0",2,nt_remainders;arith_natural_numbers,division_with_remainder;quotient_remainder_model,division_structure;multiple_plus_remainder,remainder_as_quotient_error;endpoint_error,66 = 3 x 22 + 0，所以可以分成 22 整组，还剩 0 个。,CN Primary Math,除法与余数,cn-primary-g3-remainders,三年级：除法、余数与周期,13155,jianzisheng_cn_math_bank_1_12,local-pdf: 尖子生高分题库3年级.pdf; 三年级：除法、余数与周期,Foundation,Bridge,cn_remainder_model,number_structure;fluency_precision,70,Original-equivalent Chinese item generated from local scanned book coverage signals. OCR sample available under datasets/textbooks/jianzisheng-bank-1-12/ocr-samples. No full textbook exercise text is reproduced.,zh,CN,CN,中文校内,小学,production
cn_jzs_g3-remainders_017,92 个同样的图形，每 4 个分成一组，可以分成几整组，还剩几个？,"23,0",multiple_choice,"A:24,0|B:23,4|C:23|D:0|E:23,0",2,nt_remainders;arith_natural_numbers,division_with_remainder;quotient_remainder_model,division_structure;multiple_plus_remainder,remainder_as_quotient_error;endpoint_error,92 = 4 x 23 + 0，所以可以分成 23 整组，还剩 0 个。,CN Primary Math,除法与余数,cn-primary-g3-remainders,三年级：除法、余数与周期,13156,jianzisheng_cn_math_bank_1_12,local-pdf: 尖子生高分题库3年级.pdf; 三年级：除法、余数与周期,Foundation,Bridge,cn_remainder_model,number_structure;fluency_precision,70,Original-equivalent Chinese item generated from local scanned book coverage signals. OCR sample available under datasets/textbooks/jianzisheng-bank-1-12/ocr-samples. No full textbook exercise text is reproduced.,zh,CN,CN,中文校内,小学,production
cn_jzs_g3-remainders_018,122 个同样的图形，每 5 个分成一组，可以分成几整组，还剩几个？,"24,2",multiple_choice,"A:24,3|B:24|C:2|D:24,2|E:25,2",2,nt_remainders;arith_natural_numbers,division_with_remainder;quotient_remainder_model,division_structure;multiple_plus_remainder,remainder_as_quotient_error;endpoint_error,122 = 5 x 24 + 2，所以可以分成 24 整组，还剩 2 个。,CN Primary Math,除法与余数,cn-primary-g3-remainders,三年级：除法、余数与周期,13157,jianzisheng_cn_math_bank_1_12,local-pdf: 尖子生高分题库3年级.pdf; 三年级：除法、余数与周期,Foundation,Bridge,cn_remainder_model,number_structure;fluency_precision,70,Original-equivalent Chinese item generated from local scanned book coverage signals. OCR sample available under datasets/textbooks/jianzisheng-bank-1-12/ocr-samples. No full textbook exercise text is reproduced.,zh,CN,CN,中文校内,小学,production
cn_jzs_g3-remainders_019,150 个同样的图形，每 6 个分成一组，可以分成几整组，还剩几个？,"25,0",multiple_choice,"A:25|B:0|C:25,0|D:26,0|E:25,6",2,nt_remainders;arith_natural_numbers,division_with_remainder;quotient_remainder_model,division_structure;multiple_plus_remainder,remainder_as_quotient_error;endpoint_error,150 = 6 x 25 + 0，所以可以分成 25 整组，还剩 0 个。,CN Primary Math,除法与余数,cn-primary-g3-remainders,三年级：除法、余数与周期,13158,jianzisheng_cn_math_bank_1_12,local-pdf: 尖子生高分题库3年级.pdf; 三年级：除法、余数与周期,Foundation,Bridge,cn_remainder_model,number_structure;fluency_precision,70,Original-equivalent Chinese item generated from local scanned book coverage signals. OCR sample available under datasets/textbooks/jianzisheng-bank-1-12/ocr-samples. No full textbook exercise text is reproduced.,zh,CN,CN,中文校内,小学,production
cn_jzs_g3-remainders_020,187 个同样的图形，每 7 个分成一组，可以分成几整组，还剩几个？,"26,5",multiple_choice,"A:5|B:26,5|C:27,5|D:26,2|E:26",2,nt_remainders;arith_natural_numbers,division_with_remainder;quotient_remainder_model,division_structure;multiple_plus_remainder,remainder_as_quotient_error;endpoint_error,187 = 7 x 26 + 5，所以可以分成 26 整组，还剩 5 个。,CN Primary Math,除法与余数,cn-primary-g3-remainders,三年级：除法、余数与周期,13159,jianzisheng_cn_math_bank_1_12,local-pdf: 尖子生高分题库3年级.pdf; 三年级：除法、余数与周期,Foundation,Bridge,cn_remainder_model,number_structure;fluency_precision,70,Original-equivalent Chinese item generated from local scanned book coverage signals. OCR sample available under datasets/textbooks/jianzisheng-bank-1-12/ocr-samples. No full textbook exercise text is reproduced.,zh,CN,CN,中文校内,小学,production
cn_jzs_g4-geometry-area_001,一个长方形长 8 厘米，宽 3 厘米，面积是多少平方厘米？,24,multiple_choice,A:24|B:22|C:11|D:32|E:21,2,geo_area;arith_natural_numbers,area_formula;multiplication_fluency,measurement_formula;rectangle_model,area_perimeter_confusion;formula_selection_error,长方形面积 = 长 x 宽 = 8 x 3 = 24 平方厘米。,CN Primary Math,图形与测量,cn-primary-g4-geometry-area,四年级：图形周长与面积,13210,jianzisheng_cn_math_bank_1_12,local-pdf: 尖子生高分题库4年级.pdf; 四年级：图形周长与面积,Foundation,Bridge,cn_rectangle_area,formula_selection;geometric_reasoning,70,Original-equivalent Chinese item generated from local scanned book coverage signals. OCR sample available under datasets/textbooks/jianzisheng-bank-1-12/ocr-samples. No full textbook exercise text is reproduced.,zh,CN,CN,中文校内,小学,production
cn_jzs_g4-geometry-area_002,一个长方形长 9 厘米，宽 4 厘米，面积是多少平方厘米？,36,multiple_choice,A:26|B:13|C:45|D:32|E:36,2,geo_area;arith_natural_numbers,area_formula;multiplication_fluency,measurement_formula;rectangle_model,area_perimeter_confusion;formula_selection_error,长方形面积 = 长 x 宽 = 9 x 4 = 36 平方厘米。,CN Primary Math,图形与测量,cn-primary-g4-geometry-area,四年级：图形周长与面积,13211,jianzisheng_cn_math_bank_1_12,local-pdf: 尖子生高分题库4年级.pdf; 四年级：图形周长与面积,Foundation,Bridge,cn_rectangle_area,formula_selection;geometric_reasoning,70,Original-equivalent Chinese item generated from local scanned book coverage signals. OCR sample available under datasets/textbooks/jianzisheng-bank-1-12/ocr-samples. No full textbook exercise text is reproduced.,zh,CN,CN,中文校内,小学,production
cn_jzs_g4-geometry-area_003,一个长方形长 10 厘米，宽 5 厘米，面积是多少平方厘米？,50,multiple_choice,A:15|B:60|C:45|D:50|E:30,2,geo_area;arith_natural_numbers,area_formula;multiplication_fluency,measurement_formula;rectangle_model,area_perimeter_confusion;formula_selection_error,长方形面积 = 长 x 宽 = 10 x 5 = 50 平方厘米。,CN Primary Math,图形与测量,cn-primary-g4-geometry-area,四年级：图形周长与面积,13212,jianzisheng_cn_math_bank_1_12,local-pdf: 尖子生高分题库4年级.pdf; 四年级：图形周长与面积,Foundation,Bridge,cn_rectangle_area,formula_selection;geometric_reasoning,70,Original-equivalent Chinese item generated from local scanned book coverage signals. OCR sample available under datasets/textbooks/jianzisheng-bank-1-12/ocr-samples. No full textbook exercise text is reproduced.,zh,CN,CN,中文校内,小学,production
cn_jzs_g4-geometry-area_004,一个长方形长 11 厘米，宽 6 厘米，面积是多少平方厘米？,66,multiple_choice,A:77|B:60|C:66|D:34|E:17,2,geo_area;arith_natural_numbers,area_formula;multiplication_fluency,measurement_formula;rectangle_model,area_perimeter_confusion;formula_selection_error,长方形面积 = 长 x 宽 = 11 x 6 = 66 平方厘米。,CN Primary Math,图形与测量,cn-primary-g4-geometry-area,四年级：图形周长与面积,13213,jianzisheng_cn_math_bank_1_12,local-pdf: 尖子生高分题库4年级.pdf; 四年级：图形周长与面积,Foundation,Bridge,cn_rectangle_area,formula_selection;geometric_reasoning,70,Original-equivalent Chinese item generated from local scanned book coverage signals. OCR sample available under datasets/textbooks/jianzisheng-bank-1-12/ocr-samples. No full textbook exercise text is reproduced.,zh,CN,CN,中文校内,小学,production
cn_jzs_g4-geometry-area_005,一个长方形长 12 厘米，宽 7 厘米，面积是多少平方厘米？,84,multiple_choice,A:77|B:84|C:38|D:19|E:96,2,geo_area;arith_natural_numbers,area_formula;multiplication_fluency,measurement_formula;rectangle_model,area_perimeter_confusion;formula_selection_error,长方形面积 = 长 x 宽 = 12 x 7 = 84 平方厘米。,CN Primary Math,图形与测量,cn-primary-g4-geometry-area,四年级：图形周长与面积,13214,jianzisheng_cn_math_bank_1_12,local-pdf: 尖子生高分题库4年级.pdf; 四年级：图形周长与面积,Foundation,Bridge,cn_rectangle_area,formula_selection;geometric_reasoning,70,Original-equivalent Chinese item generated from local scanned book coverage signals. OCR sample available under datasets/textbooks/jianzisheng-bank-1-12/ocr-samples. No full textbook exercise text is reproduced.,zh,CN,CN,中文校内,小学,production
cn_jzs_g4-geometry-area_006,一个长方形长 13 厘米，宽 8 厘米，面积是多少平方厘米？,104,multiple_choice,A:104|B:42|C:21|D:117|E:96,2,geo_area;arith_natural_numbers,area_formula;multiplication_fluency,measurement_formula;rectangle_model,area_perimeter_confusion;formula_selection_error,长方形面积 = 长 x 宽 = 13 x 8 = 104 平方厘米。,CN Primary Math,图形与测量,cn-primary-g4-geometry-area,四年级：图形周长与面积,13215,jianzisheng_cn_math_bank_1_12,local-pdf: 尖子生高分题库4年级.pdf; 四年级：图形周长与面积,Foundation,Bridge,cn_rectangle_area,formula_selection;geometric_reasoning,70,Original-equivalent Chinese item generated from local scanned book coverage signals. OCR sample available under datasets/textbooks/jianzisheng-bank-1-12/ocr-samples. No full textbook exercise text is reproduced.,zh,CN,CN,中文校内,小学,production
cn_jzs_g4-geometry-area_007,一个长方形长 14 厘米，宽 9 厘米，面积是多少平方厘米？,126,multiple_choice,A:46|B:23|C:140|D:117|E:126,2,geo_area;arith_natural_numbers,area_formula;multiplication_fluency,measurement_formula;rectangle_model,area_perimeter_confusion;formula_selection_error,长方形面积 = 长 x 宽 = 14 x 9 = 126 平方厘米。,CN Primary Math,图形与测量,cn-primary-g4-geometry-area,四年级：图形周长与面积,13216,jianzisheng_cn_math_bank_1_12,local-pdf: 尖子生高分题库4年级.pdf; 四年级：图形周长与面积,Foundation,Bridge,cn_rectangle_area,formula_selection;geometric_reasoning,70,Original-equivalent Chinese item generated from local scanned book coverage signals. OCR sample available under datasets/textbooks/jianzisheng-bank-1-12/ocr-samples. No full textbook exercise text is reproduced.,zh,CN,CN,中文校内,小学,production
cn_jzs_g4-geometry-area_008,一个长方形长 15 厘米，宽 3 厘米，面积是多少平方厘米？,45,multiple_choice,A:18|B:60|C:42|D:45|E:36,2,geo_area;arith_natural_numbers,area_formula;multiplication_fluency,measurement_formula;rectangle_model,area_perimeter_confusion;formula_selection_error,长方形面积 = 长 x 宽 = 15 x 3 = 45 平方厘米。,CN Primary Math,图形与测量,cn-primary-g4-geometry-area,四年级：图形周长与面积,13217,jianzisheng_cn_math_bank_1_12,local-pdf: 尖子生高分题库4年级.pdf; 四年级：图形周长与面积,Foundation,Bridge,cn_rectangle_area,formula_selection;geometric_reasoning,70,Original-equivalent Chinese item generated from local scanned book coverage signals. OCR sample available under datasets/textbooks/jianzisheng-bank-1-12/ocr-samples. No full textbook exercise text is reproduced.,zh,CN,CN,中文校内,小学,production
cn_jzs_g4-geometry-area_009,一个长方形长 16 厘米，宽 4 厘米，面积是多少平方厘米？,64,multiple_choice,A:80|B:60|C:64|D:40|E:20,2,geo_area;arith_natural_numbers,area_formula;multiplication_fluency,measurement_formula;rectangle_model,area_perimeter_confusion;formula_selection_error,长方形面积 = 长 x 宽 = 16 x 4 = 64 平方厘米。,CN Primary Math,图形与测量,cn-primary-g4-geometry-area,四年级：图形周长与面积,13218,jianzisheng_cn_math_bank_1_12,local-pdf: 尖子生高分题库4年级.pdf; 四年级：图形周长与面积,Foundation,Bridge,cn_rectangle_area,formula_selection;geometric_reasoning,70,Original-equivalent Chinese item generated from local scanned book coverage signals. OCR sample available under datasets/textbooks/jianzisheng-bank-1-12/ocr-samples. No full textbook exercise text is reproduced.,zh,CN,CN,中文校内,小学,production
cn_jzs_g4-geometry-area_010,一个长方形长 17 厘米，宽 5 厘米，面积是多少平方厘米？,85,multiple_choice,A:80|B:85|C:44|D:22|E:102,2,geo_area;arith_natural_numbers,area_formula;multiplication_fluency,measurement_formula;rectangle_model,area_perimeter_confusion;formula_selection_error,长方形面积 = 长 x 宽 = 17 x 5 = 85 平方厘米。,CN Primary Math,图形与测量,cn-primary-g4-geometry-area,四年级：图形周长与面积,13219,jianzisheng_cn_math_bank_1_12,local-pdf: 尖子生高分题库4年级.pdf; 四年级：图形周长与面积,Foundation,Bridge,cn_rectangle_area,formula_selection;geometric_reasoning,70,Original-equivalent Chinese item generated from local scanned book coverage signals. OCR sample available under datasets/textbooks/jianzisheng-bank-1-12/ocr-samples. No full textbook exercise text is reproduced.,zh,CN,CN,中文校内,小学,production
cn_jzs_g4-geometry-area_011,一个长方形长 18 厘米，宽 6 厘米，面积是多少平方厘米？,108,multiple_choice,A:108|B:48|C:24|D:126|E:102,2,geo_area;arith_natural_numbers,area_formula;multiplication_fluency,measurement_formula;rectangle_model,area_perimeter_confusion;formula_selection_error,长方形面积 = 长 x 宽 = 18 x 6 = 108 平方厘米。,CN Primary Math,图形与测量,cn-primary-g4-geometry-area,四年级：图形周长与面积,13220,jianzisheng_cn_math_bank_1_12,local-pdf: 尖子生高分题库4年级.pdf; 四年级：图形周长与面积,Foundation,Bridge,cn_rectangle_area,formula_selection;geometric_reasoning,70,Original-equivalent Chinese item generated from local scanned book coverage signals. OCR sample available under datasets/textbooks/jianzisheng-bank-1-12/ocr-samples. No full textbook exercise text is reproduced.,zh,CN,CN,中文校内,小学,production
cn_jzs_g4-geometry-area_012,一个长方形长 19 厘米，宽 7 厘米，面积是多少平方厘米？,133,multiple_choice,A:52|B:26|C:152|D:126|E:133,2,geo_area;arith_natural_numbers,area_formula;multiplication_fluency,measurement_formula;rectangle_model,area_perimeter_confusion;formula_selection_error,长方形面积 = 长 x 宽 = 19 x 7 = 133 平方厘米。,CN Primary Math,图形与测量,cn-primary-g4-geometry-area,四年级：图形周长与面积,13221,jianzisheng_cn_math_bank_1_12,local-pdf: 尖子生高分题库4年级.pdf; 四年级：图形周长与面积,Foundation,Bridge,cn_rectangle_area,formula_selection;geometric_reasoning,70,Original-equivalent Chinese item generated from local scanned book coverage signals. OCR sample available under datasets/textbooks/jianzisheng-bank-1-12/ocr-samples. No full textbook exercise text is reproduced.,zh,CN,CN,中文校内,小学,production
cn_jzs_g4-geometry-area_013,一个长方形长 20 厘米，宽 8 厘米，面积是多少平方厘米？,160,multiple_choice,A:28|B:180|C:152|D:160|E:56,2,geo_area;arith_natural_numbers,area_formula;multiplication_fluency,measurement_formula;rectangle_model,area_perimeter_confusion;formula_selection_error,长方形面积 = 长 x 宽 = 20 x 8 = 160 平方厘米。,CN Primary Math,图形与测量,cn-primary-g4-geometry-area,四年级：图形周长与面积,13222,jianzisheng_cn_math_bank_1_12,local-pdf: 尖子生高分题库4年级.pdf; 四年级：图形周长与面积,Foundation,Bridge,cn_rectangle_area,formula_selection;geometric_reasoning,70,Original-equivalent Chinese item generated from local scanned book coverage signals. OCR sample available under datasets/textbooks/jianzisheng-bank-1-12/ocr-samples. No full textbook exercise text is reproduced.,zh,CN,CN,中文校内,小学,production
cn_jzs_g4-geometry-area_014,一个长方形长 21 厘米，宽 9 厘米，面积是多少平方厘米？,189,multiple_choice,A:210|B:180|C:189|D:60|E:30,2,geo_area;arith_natural_numbers,area_formula;multiplication_fluency,measurement_formula;rectangle_model,area_perimeter_confusion;formula_selection_error,长方形面积 = 长 x 宽 = 21 x 9 = 189 平方厘米。,CN Primary Math,图形与测量,cn-primary-g4-geometry-area,四年级：图形周长与面积,13223,jianzisheng_cn_math_bank_1_12,local-pdf: 尖子生高分题库4年级.pdf; 四年级：图形周长与面积,Foundation,Bridge,cn_rectangle_area,formula_selection;geometric_reasoning,70,Original-equivalent Chinese item generated from local scanned book coverage signals. OCR sample available under datasets/textbooks/jianzisheng-bank-1-12/ocr-samples. No full textbook exercise text is reproduced.,zh,CN,CN,中文校内,小学,production
cn_jzs_g4-geometry-area_015,一个长方形长 22 厘米，宽 3 厘米，面积是多少平方厘米？,66,multiple_choice,A:63|B:66|C:50|D:25|E:88,2,geo_area;arith_natural_numbers,area_formula;multiplication_fluency,measurement_formula;rectangle_model,area_perimeter_confusion;formula_selection_error,长方形面积 = 长 x 宽 = 22 x 3 = 66 平方厘米。,CN Primary Math,图形与测量,cn-primary-g4-geometry-area,四年级：图形周长与面积,13224,jianzisheng_cn_math_bank_1_12,local-pdf: 尖子生高分题库4年级.pdf; 四年级：图形周长与面积,Foundation,Bridge,cn_rectangle_area,formula_selection;geometric_reasoning,70,Original-equivalent Chinese item generated from local scanned book coverage signals. OCR sample available under datasets/textbooks/jianzisheng-bank-1-12/ocr-samples. No full textbook exercise text is reproduced.,zh,CN,CN,中文校内,小学,production
cn_jzs_g4-geometry-area_016,一个长方形长 23 厘米，宽 4 厘米，面积是多少平方厘米？,92,multiple_choice,A:92|B:54|C:27|D:115|E:88,2,geo_area;arith_natural_numbers,area_formula;multiplication_fluency,measurement_formula;rectangle_model,area_perimeter_confusion;formula_selection_error,长方形面积 = 长 x 宽 = 23 x 4 = 92 平方厘米。,CN Primary Math,图形与测量,cn-primary-g4-geometry-area,四年级：图形周长与面积,13225,jianzisheng_cn_math_bank_1_12,local-pdf: 尖子生高分题库4年级.pdf; 四年级：图形周长与面积,Foundation,Bridge,cn_rectangle_area,formula_selection;geometric_reasoning,70,Original-equivalent Chinese item generated from local scanned book coverage signals. OCR sample available under datasets/textbooks/jianzisheng-bank-1-12/ocr-samples. No full textbook exercise text is reproduced.,zh,CN,CN,中文校内,小学,production
cn_jzs_g4-geometry-area_017,一个长方形长 24 厘米，宽 5 厘米，面积是多少平方厘米？,120,multiple_choice,A:58|B:29|C:144|D:115|E:120,2,geo_area;arith_natural_numbers,area_formula;multiplication_fluency,measurement_formula;rectangle_model,area_perimeter_confusion;formula_selection_error,长方形面积 = 长 x 宽 = 24 x 5 = 120 平方厘米。,CN Primary Math,图形与测量,cn-primary-g4-geometry-area,四年级：图形周长与面积,13226,jianzisheng_cn_math_bank_1_12,local-pdf: 尖子生高分题库4年级.pdf; 四年级：图形周长与面积,Foundation,Bridge,cn_rectangle_area,formula_selection;geometric_reasoning,70,Original-equivalent Chinese item generated from local scanned book coverage signals. OCR sample available under datasets/textbooks/jianzisheng-bank-1-12/ocr-samples. No full textbook exercise text is reproduced.,zh,CN,CN,中文校内,小学,production
cn_jzs_g4-geometry-area_018,一个长方形长 25 厘米，宽 6 厘米，面积是多少平方厘米？,150,multiple_choice,A:31|B:175|C:144|D:150|E:62,2,geo_area;arith_natural_numbers,area_formula;multiplication_fluency,measurement_formula;rectangle_model,area_perimeter_confusion;formula_selection_error,长方形面积 = 长 x 宽 = 25 x 6 = 150 平方厘米。,CN Primary Math,图形与测量,cn-primary-g4-geometry-area,四年级：图形周长与面积,13227,jianzisheng_cn_math_bank_1_12,local-pdf: 尖子生高分题库4年级.pdf; 四年级：图形周长与面积,Foundation,Bridge,cn_rectangle_area,formula_selection;geometric_reasoning,70,Original-equivalent Chinese item generated from local scanned book coverage signals. OCR sample available under datasets/textbooks/jianzisheng-bank-1-12/ocr-samples. No full textbook exercise text is reproduced.,zh,CN,CN,中文校内,小学,production
cn_jzs_g4-geometry-area_019,一个长方形长 26 厘米，宽 7 厘米，面积是多少平方厘米？,182,multiple_choice,A:208|B:175|C:182|D:66|E:33,2,geo_area;arith_natural_numbers,area_formula;multiplication_fluency,measurement_formula;rectangle_model,area_perimeter_confusion;formula_selection_error,长方形面积 = 长 x 宽 = 26 x 7 = 182 平方厘米。,CN Primary Math,图形与测量,cn-primary-g4-geometry-area,四年级：图形周长与面积,13228,jianzisheng_cn_math_bank_1_12,local-pdf: 尖子生高分题库4年级.pdf; 四年级：图形周长与面积,Foundation,Bridge,cn_rectangle_area,formula_selection;geometric_reasoning,70,Original-equivalent Chinese item generated from local scanned book coverage signals. OCR sample available under datasets/textbooks/jianzisheng-bank-1-12/ocr-samples. No full textbook exercise text is reproduced.,zh,CN,CN,中文校内,小学,production
cn_jzs_g4-geometry-area_020,一个长方形长 27 厘米，宽 8 厘米，面积是多少平方厘米？,216,multiple_choice,A:208|B:216|C:70|D:35|E:243,2,geo_area;arith_natural_numbers,area_formula;multiplication_fluency,measurement_formula;rectangle_model,area_perimeter_confusion;formula_selection_error,长方形面积 = 长 x 宽 = 27 x 8 = 216 平方厘米。,CN Primary Math,图形与测量,cn-primary-g4-geometry-area,四年级：图形周长与面积,13229,jianzisheng_cn_math_bank_1_12,local-pdf: 尖子生高分题库4年级.pdf; 四年级：图形周长与面积,Foundation,Bridge,cn_rectangle_area,formula_selection;geometric_reasoning,70,Original-equivalent Chinese item generated from local scanned book coverage signals. OCR sample available under datasets/textbooks/jianzisheng-bank-1-12/ocr-samples. No full textbook exercise text is reproduced.,zh,CN,CN,中文校内,小学,production
cn_jzs_g5-fractions_001,计算：1/6 + 3/6 = ?,2/3,multiple_choice,A:2/3|B:4/12|C:2/6|D:5/6|E:4/6,3,arith_fractions,fraction_addition;fraction_simplification,part_whole_reasoning;denominator_alignment,add_denominators_error;simplification_error,同分母分数相加，分母不变，分子相加：1/6 + 3/6 = 4/6 = 2/3。,CN Primary Math,分数与运算,cn-primary-g5-fractions,五年级：分数计算与分数应用,13280,jianzisheng_cn_math_bank_1_12,local-pdf: 尖子生高分题库5年级.pdf; 五年级：分数计算与分数应用,Standard,Bridge,cn_fraction_computation,part_whole_reasoning;fluency_precision,90,Original-equivalent Chinese item generated from local scanned book coverage signals. OCR sample available under datasets/textbooks/jianzisheng-bank-1-12/ocr-samples. No full textbook exercise text is reproduced.,zh,CN,CN,中文校内,小学,production
cn_jzs_g5-fractions_002,计算：2/8 + 4/8 = ?,3/4,multiple_choice,A:6/16|B:2/8|C:7/8|D:6/8|E:3/4,3,arith_fractions,fraction_addition;fraction_simplification,part_whole_reasoning;denominator_alignment,add_denominators_error;simplification_error,同分母分数相加，分母不变，分子相加：2/8 + 4/8 = 6/8 = 3/4。,CN Primary Math,分数与运算,cn-primary-g5-fractions,五年级：分数计算与分数应用,13281,jianzisheng_cn_math_bank_1_12,local-pdf: 尖子生高分题库5年级.pdf; 五年级：分数计算与分数应用,Standard,Bridge,cn_fraction_computation,part_whole_reasoning;fluency_precision,90,Original-equivalent Chinese item generated from local scanned book coverage signals. OCR sample available under datasets/textbooks/jianzisheng-bank-1-12/ocr-samples. No full textbook exercise text is reproduced.,zh,CN,CN,中文校内,小学,production
cn_jzs_g5-fractions_003,计算：3/10 + 5/10 = ?,4/5,multiple_choice,A:2/10|B:9/10|C:8/10|D:4/5|E:8/20,3,arith_fractions,fraction_addition;fraction_simplification,part_whole_reasoning;denominator_alignment,add_denominators_error;simplification_error,同分母分数相加，分母不变，分子相加：3/10 + 5/10 = 8/10 = 4/5。,CN Primary Math,分数与运算,cn-primary-g5-fractions,五年级：分数计算与分数应用,13282,jianzisheng_cn_math_bank_1_12,local-pdf: 尖子生高分题库5年级.pdf; 五年级：分数计算与分数应用,Standard,Bridge,cn_fraction_computation,part_whole_reasoning;fluency_precision,90,Original-equivalent Chinese item generated from local scanned book coverage signals. OCR sample available under datasets/textbooks/jianzisheng-bank-1-12/ocr-samples. No full textbook exercise text is reproduced.,zh,CN,CN,中文校内,小学,production
cn_jzs_g5-fractions_004,计算：4/12 + 6/12 = ?,5/6,multiple_choice,A:11/12|B:10/12|C:5/6|D:10/24|E:2/12,3,arith_fractions,fraction_addition;fraction_simplification,part_whole_reasoning;denominator_alignment,add_denominators_error;simplification_error,同分母分数相加，分母不变，分子相加：4/12 + 6/12 = 10/12 = 5/6。,CN Primary Math,分数与运算,cn-primary-g5-fractions,五年级：分数计算与分数应用,13283,jianzisheng_cn_math_bank_1_12,local-pdf: 尖子生高分题库5年级.pdf; 五年级：分数计算与分数应用,Standard,Bridge,cn_fraction_computation,part_whole_reasoning;fluency_precision,90,Original-equivalent Chinese item generated from local scanned book coverage signals. OCR sample available under datasets/textbooks/jianzisheng-bank-1-12/ocr-samples. No full textbook exercise text is reproduced.,zh,CN,CN,中文校内,小学,production
cn_jzs_g5-fractions_005,计算：5/15 + 7/15 = ?,4/5,multiple_choice,A:12/15|B:4/5|C:12/30|D:2/15|E:13/15,3,arith_fractions,fraction_addition;fraction_simplification,part_whole_reasoning;denominator_alignment,add_denominators_error;simplification_error,同分母分数相加，分母不变，分子相加：5/15 + 7/15 = 12/15 = 4/5。,CN Primary Math,分数与运算,cn-primary-g5-fractions,五年级：分数计算与分数应用,13284,jianzisheng_cn_math_bank_1_12,local-pdf: 尖子生高分题库5年级.pdf; 五年级：分数计算与分数应用,Standard,Bridge,cn_fraction_computation,part_whole_reasoning;fluency_precision,90,Original-equivalent Chinese item generated from local scanned book coverage signals. OCR sample available under datasets/textbooks/jianzisheng-bank-1-12/ocr-samples. No full textbook exercise text is reproduced.,zh,CN,CN,中文校内,小学,production
cn_jzs_g5-fractions_006,计算：3/6 + 2/6 = ?,5/6,multiple_choice,A:5/6|B:5/12|C:1/6|D:6/6|E:10/6,3,arith_fractions,fraction_addition;fraction_simplification,part_whole_reasoning;denominator_alignment,add_denominators_error;simplification_error,同分母分数相加，分母不变，分子相加：3/6 + 2/6 = 5/6 = 5/6。,CN Primary Math,分数与运算,cn-primary-g5-fractions,五年级：分数计算与分数应用,13285,jianzisheng_cn_math_bank_1_12,local-pdf: 尖子生高分题库5年级.pdf; 五年级：分数计算与分数应用,Standard,Bridge,cn_fraction_computation,part_whole_reasoning;fluency_precision,90,Original-equivalent Chinese item generated from local scanned book coverage signals. OCR sample available under datasets/textbooks/jianzisheng-bank-1-12/ocr-samples. No full textbook exercise text is reproduced.,zh,CN,CN,中文校内,小学,production
cn_jzs_g5-fractions_007,计算：3/8 + 1/8 = ?,1/2,multiple_choice,A:4/16|B:2/8|C:5/8|D:4/8|E:1/2,3,arith_fractions,fraction_addition;fraction_simplification,part_whole_reasoning;denominator_alignment,add_denominators_error;simplification_error,同分母分数相加，分母不变，分子相加：3/8 + 1/8 = 4/8 = 1/2。,CN Primary Math,分数与运算,cn-primary-g5-fractions,五年级：分数计算与分数应用,13286,jianzisheng_cn_math_bank_1_12,local-pdf: 尖子生高分题库5年级.pdf; 五年级：分数计算与分数应用,Standard,Bridge,cn_fraction_computation,part_whole_reasoning;fluency_precision,90,Original-equivalent Chinese item generated from local scanned book coverage signals. OCR sample available under datasets/textbooks/jianzisheng-bank-1-12/ocr-samples. No full textbook exercise text is reproduced.,zh,CN,CN,中文校内,小学,production
cn_jzs_g5-fractions_008,计算：3/10 + 5/10 = ?,4/5,multiple_choice,A:2/10|B:9/10|C:8/10|D:4/5|E:8/20,3,arith_fractions,fraction_addition;fraction_simplification,part_whole_reasoning;denominator_alignment,add_denominators_error;simplification_error,同分母分数相加，分母不变，分子相加：3/10 + 5/10 = 8/10 = 4/5。,CN Primary Math,分数与运算,cn-primary-g5-fractions,五年级：分数计算与分数应用,13287,jianzisheng_cn_math_bank_1_12,local-pdf: 尖子生高分题库5年级.pdf; 五年级：分数计算与分数应用,Standard,Bridge,cn_fraction_computation,part_whole_reasoning;fluency_precision,90,Original-equivalent Chinese item generated from local scanned book coverage signals. OCR sample available under datasets/textbooks/jianzisheng-bank-1-12/ocr-samples. No full textbook exercise text is reproduced.,zh,CN,CN,中文校内,小学,production
cn_jzs_g5-fractions_009,计算：3/12 + 5/12 = ?,2/3,multiple_choice,A:9/12|B:8/12|C:2/3|D:8/24|E:2/12,3,arith_fractions,fraction_addition;fraction_simplification,part_whole_reasoning;denominator_alignment,add_denominators_error;simplification_error,同分母分数相加，分母不变，分子相加：3/12 + 5/12 = 8/12 = 2/3。,CN Primary Math,分数与运算,cn-primary-g5-fractions,五年级：分数计算与分数应用,13288,jianzisheng_cn_math_bank_1_12,local-pdf: 尖子生高分题库5年级.pdf; 五年级：分数计算与分数应用,Standard,Bridge,cn_fraction_computation,part_whole_reasoning;fluency_precision,90,Original-equivalent Chinese item generated from local scanned book coverage signals. OCR sample available under datasets/textbooks/jianzisheng-bank-1-12/ocr-samples. No full textbook exercise text is reproduced.,zh,CN,CN,中文校内,小学,production
cn_jzs_g5-fractions_010,计算：3/15 + 5/15 = ?,8/15,multiple_choice,A:13/15|B:8/15|C:8/30|D:2/15|E:9/15,3,arith_fractions,fraction_addition;fraction_simplification,part_whole_reasoning;denominator_alignment,add_denominators_error;simplification_error,同分母分数相加，分母不变，分子相加：3/15 + 5/15 = 8/15 = 8/15。,CN Primary Math,分数与运算,cn-primary-g5-fractions,五年级：分数计算与分数应用,13289,jianzisheng_cn_math_bank_1_12,local-pdf: 尖子生高分题库5年级.pdf; 五年级：分数计算与分数应用,Standard,Bridge,cn_fraction_computation,part_whole_reasoning;fluency_precision,90,Original-equivalent Chinese item generated from local scanned book coverage signals. OCR sample available under datasets/textbooks/jianzisheng-bank-1-12/ocr-samples. No full textbook exercise text is reproduced.,zh,CN,CN,中文校内,小学,production
cn_jzs_g5-fractions_011,计算：2/6 + 1/6 = ?,1/2,multiple_choice,A:1/2|B:3/12|C:1/6|D:4/6|E:3/6,3,arith_fractions,fraction_addition;fraction_simplification,part_whole_reasoning;denominator_alignment,add_denominators_error;simplification_error,同分母分数相加，分母不变，分子相加：2/6 + 1/6 = 3/6 = 1/2。,CN Primary Math,分数与运算,cn-primary-g5-fractions,五年级：分数计算与分数应用,13290,jianzisheng_cn_math_bank_1_12,local-pdf: 尖子生高分题库5年级.pdf; 五年级：分数计算与分数应用,Standard,Bridge,cn_fraction_computation,part_whole_reasoning;fluency_precision,90,Original-equivalent Chinese item generated from local scanned book coverage signals. OCR sample available under datasets/textbooks/jianzisheng-bank-1-12/ocr-samples. No full textbook exercise text is reproduced.,zh,CN,CN,中文校内,小学,production
cn_jzs_g5-fractions_012,计算：4/8 + 2/8 = ?,3/4,multiple_choice,A:6/16|B:2/8|C:7/8|D:6/8|E:3/4,3,arith_fractions,fraction_addition;fraction_simplification,part_whole_reasoning;denominator_alignment,add_denominators_error;simplification_error,同分母分数相加，分母不变，分子相加：4/8 + 2/8 = 6/8 = 3/4。,CN Primary Math,分数与运算,cn-primary-g5-fractions,五年级：分数计算与分数应用,13291,jianzisheng_cn_math_bank_1_12,local-pdf: 尖子生高分题库5年级.pdf; 五年级：分数计算与分数应用,Standard,Bridge,cn_fraction_computation,part_whole_reasoning;fluency_precision,90,Original-equivalent Chinese item generated from local scanned book coverage signals. OCR sample available under datasets/textbooks/jianzisheng-bank-1-12/ocr-samples. No full textbook exercise text is reproduced.,zh,CN,CN,中文校内,小学,production
cn_jzs_g5-fractions_013,计算：3/10 + 5/10 = ?,4/5,multiple_choice,A:2/10|B:9/10|C:8/10|D:4/5|E:8/20,3,arith_fractions,fraction_addition;fraction_simplification,part_whole_reasoning;denominator_alignment,add_denominators_error;simplification_error,同分母分数相加，分母不变，分子相加：3/10 + 5/10 = 8/10 = 4/5。,CN Primary Math,分数与运算,cn-primary-g5-fractions,五年级：分数计算与分数应用,13292,jianzisheng_cn_math_bank_1_12,local-pdf: 尖子生高分题库5年级.pdf; 五年级：分数计算与分数应用,Standard,Bridge,cn_fraction_computation,part_whole_reasoning;fluency_precision,90,Original-equivalent Chinese item generated from local scanned book coverage signals. OCR sample available under datasets/textbooks/jianzisheng-bank-1-12/ocr-samples. No full textbook exercise text is reproduced.,zh,CN,CN,中文校内,小学,production
cn_jzs_g5-fractions_014,计算：2/12 + 4/12 = ?,1/2,multiple_choice,A:7/12|B:6/12|C:1/2|D:6/24|E:2/12,3,arith_fractions,fraction_addition;fraction_simplification,part_whole_reasoning;denominator_alignment,add_denominators_error;simplification_error,同分母分数相加，分母不变，分子相加：2/12 + 4/12 = 6/12 = 1/2。,CN Primary Math,分数与运算,cn-primary-g5-fractions,五年级：分数计算与分数应用,13293,jianzisheng_cn_math_bank_1_12,local-pdf: 尖子生高分题库5年级.pdf; 五年级：分数计算与分数应用,Standard,Bridge,cn_fraction_computation,part_whole_reasoning;fluency_precision,90,Original-equivalent Chinese item generated from local scanned book coverage signals. OCR sample available under datasets/textbooks/jianzisheng-bank-1-12/ocr-samples. No full textbook exercise text is reproduced.,zh,CN,CN,中文校内,小学,production
cn_jzs_g5-fractions_015,计算：1/15 + 3/15 = ?,4/15,multiple_choice,A:9/15|B:4/15|C:4/30|D:2/15|E:5/15,3,arith_fractions,fraction_addition;fraction_simplification,part_whole_reasoning;denominator_alignment,add_denominators_error;simplification_error,同分母分数相加，分母不变，分子相加：1/15 + 3/15 = 4/15 = 4/15。,CN Primary Math,分数与运算,cn-primary-g5-fractions,五年级：分数计算与分数应用,13294,jianzisheng_cn_math_bank_1_12,local-pdf: 尖子生高分题库5年级.pdf; 五年级：分数计算与分数应用,Standard,Bridge,cn_fraction_computation,part_whole_reasoning;fluency_precision,90,Original-equivalent Chinese item generated from local scanned book coverage signals. OCR sample available under datasets/textbooks/jianzisheng-bank-1-12/ocr-samples. No full textbook exercise text is reproduced.,zh,CN,CN,中文校内,小学,production
cn_jzs_g5-fractions_016,计算：1/6 + 3/6 = ?,2/3,multiple_choice,A:2/3|B:4/12|C:2/6|D:5/6|E:4/6,3,arith_fractions,fraction_addition;fraction_simplification,part_whole_reasoning;denominator_alignment,add_denominators_error;simplification_error,同分母分数相加，分母不变，分子相加：1/6 + 3/6 = 4/6 = 2/3。,CN Primary Math,分数与运算,cn-primary-g5-fractions,五年级：分数计算与分数应用,13295,jianzisheng_cn_math_bank_1_12,local-pdf: 尖子生高分题库5年级.pdf; 五年级：分数计算与分数应用,Standard,Bridge,cn_fraction_computation,part_whole_reasoning;fluency_precision,90,Original-equivalent Chinese item generated from local scanned book coverage signals. OCR sample available under datasets/textbooks/jianzisheng-bank-1-12/ocr-samples. No full textbook exercise text is reproduced.,zh,CN,CN,中文校内,小学,production
cn_jzs_g5-fractions_017,计算：1/8 + 3/8 = ?,1/2,multiple_choice,A:4/16|B:2/8|C:5/8|D:4/8|E:1/2,3,arith_fractions,fraction_addition;fraction_simplification,part_whole_reasoning;denominator_alignment,add_denominators_error;simplification_error,同分母分数相加，分母不变，分子相加：1/8 + 3/8 = 4/8 = 1/2。,CN Primary Math,分数与运算,cn-primary-g5-fractions,五年级：分数计算与分数应用,13296,jianzisheng_cn_math_bank_1_12,local-pdf: 尖子生高分题库5年级.pdf; 五年级：分数计算与分数应用,Standard,Bridge,cn_fraction_computation,part_whole_reasoning;fluency_precision,90,Original-equivalent Chinese item generated from local scanned book coverage signals. OCR sample available under datasets/textbooks/jianzisheng-bank-1-12/ocr-samples. No full textbook exercise text is reproduced.,zh,CN,CN,中文校内,小学,production
cn_jzs_g5-fractions_018,计算：3/10 + 5/10 = ?,4/5,multiple_choice,A:2/10|B:9/10|C:8/10|D:4/5|E:8/20,3,arith_fractions,fraction_addition;fraction_simplification,part_whole_reasoning;denominator_alignment,add_denominators_error;simplification_error,同分母分数相加，分母不变，分子相加：3/10 + 5/10 = 8/10 = 4/5。,CN Primary Math,分数与运算,cn-primary-g5-fractions,五年级：分数计算与分数应用,13297,jianzisheng_cn_math_bank_1_12,local-pdf: 尖子生高分题库5年级.pdf; 五年级：分数计算与分数应用,Standard,Bridge,cn_fraction_computation,part_whole_reasoning;fluency_precision,90,Original-equivalent Chinese item generated from local scanned book coverage signals. OCR sample available under datasets/textbooks/jianzisheng-bank-1-12/ocr-samples. No full textbook exercise text is reproduced.,zh,CN,CN,中文校内,小学,production
cn_jzs_g5-fractions_019,计算：1/12 + 3/12 = ?,1/3,multiple_choice,A:5/12|B:4/12|C:1/3|D:4/24|E:2/12,3,arith_fractions,fraction_addition;fraction_simplification,part_whole_reasoning;denominator_alignment,add_denominators_error;simplification_error,同分母分数相加，分母不变，分子相加：1/12 + 3/12 = 4/12 = 1/3。,CN Primary Math,分数与运算,cn-primary-g5-fractions,五年级：分数计算与分数应用,13298,jianzisheng_cn_math_bank_1_12,local-pdf: 尖子生高分题库5年级.pdf; 五年级：分数计算与分数应用,Standard,Bridge,cn_fraction_computation,part_whole_reasoning;fluency_precision,90,Original-equivalent Chinese item generated from local scanned book coverage signals. OCR sample available under datasets/textbooks/jianzisheng-bank-1-12/ocr-samples. No full textbook exercise text is reproduced.,zh,CN,CN,中文校内,小学,production
cn_jzs_g5-fractions_020,计算：6/15 + 1/15 = ?,7/15,multiple_choice,A:12/15|B:7/15|C:7/30|D:5/15|E:8/15,3,arith_fractions,fraction_addition;fraction_simplification,part_whole_reasoning;denominator_alignment,add_denominators_error;simplification_error,同分母分数相加，分母不变，分子相加：6/15 + 1/15 = 7/15 = 7/15。,CN Primary Math,分数与运算,cn-primary-g5-fractions,五年级：分数计算与分数应用,13299,jianzisheng_cn_math_bank_1_12,local-pdf: 尖子生高分题库5年级.pdf; 五年级：分数计算与分数应用,Standard,Bridge,cn_fraction_computation,part_whole_reasoning;fluency_precision,90,Original-equivalent Chinese item generated from local scanned book coverage signals. OCR sample available under datasets/textbooks/jianzisheng-bank-1-12/ocr-samples. No full textbook exercise text is reproduced.,zh,CN,CN,中文校内,小学,production
cn_jzs_g6-ratio-percent_001,一件商品原价 80 元，降价 10% 后售价是多少元？,72,multiple_choice,A:72|B:70|C:8|D:90|E:82,3,arith_percentages;arith_ratios,percent_discount;proportional_reasoning,percent_of_quantity;multiplicative_reasoning,percent_base_error;additive_percent_error,降价 10% 后还需支付 90%，售价为 80 x 90% = 72 元。,CN Primary Math,比与百分数,cn-primary-g6-ratio-percent,六年级：比、比例与百分数,13350,jianzisheng_cn_math_bank_1_12,local-pdf: 尖子生高分题库6年级.pdf; 六年级：比、比例与百分数,Standard,Bridge,cn_percent_word_problem,multiplicative_reasoning;modeling_transfer,90,Original-equivalent Chinese item generated from local scanned book coverage signals. OCR sample available under datasets/textbooks/jianzisheng-bank-1-12/ocr-samples. No full textbook exercise text is reproduced.,zh,CN,CN,中文校内,小学,production
cn_jzs_g6-ratio-percent_002,一件商品原价 85 元，降价 15% 后售价是多少元？,72.25,multiple_choice,A:70|B:12.75|C:100|D:87.25|E:72.25,3,arith_percentages;arith_ratios,percent_discount;proportional_reasoning,percent_of_quantity;multiplicative_reasoning,percent_base_error;additive_percent_error,降价 15% 后还需支付 85%，售价为 85 x 85% = 72.25 元。,CN Primary Math,比与百分数,cn-primary-g6-ratio-percent,六年级：比、比例与百分数,13351,jianzisheng_cn_math_bank_1_12,local-pdf: 尖子生高分题库6年级.pdf; 六年级：比、比例与百分数,Standard,Bridge,cn_percent_word_problem,multiplicative_reasoning;modeling_transfer,90,Original-equivalent Chinese item generated from local scanned book coverage signals. OCR sample available under datasets/textbooks/jianzisheng-bank-1-12/ocr-samples. No full textbook exercise text is reproduced.,zh,CN,CN,中文校内,小学,production
cn_jzs_g6-ratio-percent_003,一件商品原价 90 元，降价 20% 后售价是多少元？,72,multiple_choice,A:18|B:110|C:92|D:72|E:70,3,arith_percentages;arith_ratios,percent_discount;proportional_reasoning,percent_of_quantity;multiplicative_reasoning,percent_base_error;additive_percent_error,降价 20% 后还需支付 80%，售价为 90 x 80% = 72 元。,CN Primary Math,比与百分数,cn-primary-g6-ratio-percent,六年级：比、比例与百分数,13352,jianzisheng_cn_math_bank_1_12,local-pdf: 尖子生高分题库6年级.pdf; 六年级：比、比例与百分数,Standard,Bridge,cn_percent_word_problem,multiplicative_reasoning;modeling_transfer,90,Original-equivalent Chinese item generated from local scanned book coverage signals. OCR sample available under datasets/textbooks/jianzisheng-bank-1-12/ocr-samples. No full textbook exercise text is reproduced.,zh,CN,CN,中文校内,小学,production
cn_jzs_g6-ratio-percent_004,一件商品原价 95 元，降价 25% 后售价是多少元？,71.25,multiple_choice,A:120|B:96.25|C:71.25|D:70|E:23.75,3,arith_percentages;arith_ratios,percent_discount;proportional_reasoning,percent_of_quantity;multiplicative_reasoning,percent_base_error;additive_percent_error,降价 25% 后还需支付 75%，售价为 95 x 75% = 71.25 元。,CN Primary Math,比与百分数,cn-primary-g6-ratio-percent,六年级：比、比例与百分数,13353,jianzisheng_cn_math_bank_1_12,local-pdf: 尖子生高分题库6年级.pdf; 六年级：比、比例与百分数,Standard,Bridge,cn_percent_word_problem,multiplicative_reasoning;modeling_transfer,90,Original-equivalent Chinese item generated from local scanned book coverage signals. OCR sample available under datasets/textbooks/jianzisheng-bank-1-12/ocr-samples. No full textbook exercise text is reproduced.,zh,CN,CN,中文校内,小学,production
cn_jzs_g6-ratio-percent_005,一件商品原价 100 元，降价 30% 后售价是多少元？,70,multiple_choice,A:75|B:70|C:30|D:130|E:100,3,arith_percentages;arith_ratios,percent_discount;proportional_reasoning,percent_of_quantity;multiplicative_reasoning,percent_base_error;additive_percent_error,降价 30% 后还需支付 70%，售价为 100 x 70% = 70 元。,CN Primary Math,比与百分数,cn-primary-g6-ratio-percent,六年级：比、比例与百分数,13354,jianzisheng_cn_math_bank_1_12,local-pdf: 尖子生高分题库6年级.pdf; 六年级：比、比例与百分数,Standard,Bridge,cn_percent_word_problem,multiplicative_reasoning;modeling_transfer,90,Original-equivalent Chinese item generated from local scanned book coverage signals. OCR sample available under datasets/textbooks/jianzisheng-bank-1-12/ocr-samples. No full textbook exercise text is reproduced.,zh,CN,CN,中文校内,小学,production
cn_jzs_g6-ratio-percent_006,一件商品原价 105 元，降价 10% 后售价是多少元？,94.5,multiple_choice,A:94.5|B:95|C:10.5|D:115|E:104.5,3,arith_percentages;arith_ratios,percent_discount;proportional_reasoning,percent_of_quantity;multiplicative_reasoning,percent_base_error;additive_percent_error,降价 10% 后还需支付 90%，售价为 105 x 90% = 94.5 元。,CN Primary Math,比与百分数,cn-primary-g6-ratio-percent,六年级：比、比例与百分数,13355,jianzisheng_cn_math_bank_1_12,local-pdf: 尖子生高分题库6年级.pdf; 六年级：比、比例与百分数,Standard,Bridge,cn_percent_word_problem,multiplicative_reasoning;modeling_transfer,90,Original-equivalent Chinese item generated from local scanned book coverage signals. OCR sample available under datasets/textbooks/jianzisheng-bank-1-12/ocr-samples. No full textbook exercise text is reproduced.,zh,CN,CN,中文校内,小学,production
cn_jzs_g6-ratio-percent_007,一件商品原价 110 元，降价 15% 后售价是多少元？,93.5,multiple_choice,A:95|B:16.5|C:125|D:108.5|E:93.5,3,arith_percentages;arith_ratios,percent_discount;proportional_reasoning,percent_of_quantity;multiplicative_reasoning,percent_base_error;additive_percent_error,降价 15% 后还需支付 85%，售价为 110 x 85% = 93.5 元。,CN Primary Math,比与百分数,cn-primary-g6-ratio-percent,六年级：比、比例与百分数,13356,jianzisheng_cn_math_bank_1_12,local-pdf: 尖子生高分题库6年级.pdf; 六年级：比、比例与百分数,Standard,Bridge,cn_percent_word_problem,multiplicative_reasoning;modeling_transfer,90,Original-equivalent Chinese item generated from local scanned book coverage signals. OCR sample available under datasets/textbooks/jianzisheng-bank-1-12/ocr-samples. No full textbook exercise text is reproduced.,zh,CN,CN,中文校内,小学,production
cn_jzs_g6-ratio-percent_008,一件商品原价 115 元，降价 20% 后售价是多少元？,92,multiple_choice,A:23|B:135|C:112|D:92|E:95,3,arith_percentages;arith_ratios,percent_discount;proportional_reasoning,percent_of_quantity;multiplicative_reasoning,percent_base_error;additive_percent_error,降价 20% 后还需支付 80%，售价为 115 x 80% = 92 元。,CN Primary Math,比与百分数,cn-primary-g6-ratio-percent,六年级：比、比例与百分数,13357,jianzisheng_cn_math_bank_1_12,local-pdf: 尖子生高分题库6年级.pdf; 六年级：比、比例与百分数,Standard,Bridge,cn_percent_word_problem,multiplicative_reasoning;modeling_transfer,90,Original-equivalent Chinese item generated from local scanned book coverage signals. OCR sample available under datasets/textbooks/jianzisheng-bank-1-12/ocr-samples. No full textbook exercise text is reproduced.,zh,CN,CN,中文校内,小学,production
cn_jzs_g6-ratio-percent_009,一件商品原价 120 元，降价 25% 后售价是多少元？,90,multiple_choice,A:145|B:115|C:90|D:95|E:30,3,arith_percentages;arith_ratios,percent_discount;proportional_reasoning,percent_of_quantity;multiplicative_reasoning,percent_base_error;additive_percent_error,降价 25% 后还需支付 75%，售价为 120 x 75% = 90 元。,CN Primary Math,比与百分数,cn-primary-g6-ratio-percent,六年级：比、比例与百分数,13358,jianzisheng_cn_math_bank_1_12,local-pdf: 尖子生高分题库6年级.pdf; 六年级：比、比例与百分数,Standard,Bridge,cn_percent_word_problem,multiplicative_reasoning;modeling_transfer,90,Original-equivalent Chinese item generated from local scanned book coverage signals. OCR sample available under datasets/textbooks/jianzisheng-bank-1-12/ocr-samples. No full textbook exercise text is reproduced.,zh,CN,CN,中文校内,小学,production
cn_jzs_g6-ratio-percent_010,一件商品原价 125 元，降价 30% 后售价是多少元？,87.5,multiple_choice,A:117.5|B:87.5|C:95|D:37.5|E:155,3,arith_percentages;arith_ratios,percent_discount;proportional_reasoning,percent_of_quantity;multiplicative_reasoning,percent_base_error;additive_percent_error,降价 30% 后还需支付 70%，售价为 125 x 70% = 87.5 元。,CN Primary Math,比与百分数,cn-primary-g6-ratio-percent,六年级：比、比例与百分数,13359,jianzisheng_cn_math_bank_1_12,local-pdf: 尖子生高分题库6年级.pdf; 六年级：比、比例与百分数,Standard,Bridge,cn_percent_word_problem,multiplicative_reasoning;modeling_transfer,90,Original-equivalent Chinese item generated from local scanned book coverage signals. OCR sample available under datasets/textbooks/jianzisheng-bank-1-12/ocr-samples. No full textbook exercise text is reproduced.,zh,CN,CN,中文校内,小学,production
cn_jzs_g6-ratio-percent_011,一件商品原价 130 元，降价 10% 后售价是多少元？,117,multiple_choice,A:117|B:120|C:13|D:140|E:127,3,arith_percentages;arith_ratios,percent_discount;proportional_reasoning,percent_of_quantity;multiplicative_reasoning,percent_base_error;additive_percent_error,降价 10% 后还需支付 90%，售价为 130 x 90% = 117 元。,CN Primary Math,比与百分数,cn-primary-g6-ratio-percent,六年级：比、比例与百分数,13360,jianzisheng_cn_math_bank_1_12,local-pdf: 尖子生高分题库6年级.pdf; 六年级：比、比例与百分数,Standard,Bridge,cn_percent_word_problem,multiplicative_reasoning;modeling_transfer,90,Original-equivalent Chinese item generated from local scanned book coverage signals. OCR sample available under datasets/textbooks/jianzisheng-bank-1-12/ocr-samples. No full textbook exercise text is reproduced.,zh,CN,CN,中文校内,小学,production
cn_jzs_g6-ratio-percent_012,一件商品原价 135 元，降价 15% 后售价是多少元？,114.75,multiple_choice,A:120|B:20.25|C:150|D:129.75|E:114.75,3,arith_percentages;arith_ratios,percent_discount;proportional_reasoning,percent_of_quantity;multiplicative_reasoning,percent_base_error;additive_percent_error,降价 15% 后还需支付 85%，售价为 135 x 85% = 114.75 元。,CN Primary Math,比与百分数,cn-primary-g6-ratio-percent,六年级：比、比例与百分数,13361,jianzisheng_cn_math_bank_1_12,local-pdf: 尖子生高分题库6年级.pdf; 六年级：比、比例与百分数,Standard,Bridge,cn_percent_word_problem,multiplicative_reasoning;modeling_transfer,90,Original-equivalent Chinese item generated from local scanned book coverage signals. OCR sample available under datasets/textbooks/jianzisheng-bank-1-12/ocr-samples. No full textbook exercise text is reproduced.,zh,CN,CN,中文校内,小学,production
cn_jzs_g6-ratio-percent_013,一件商品原价 140 元，降价 20% 后售价是多少元？,112,multiple_choice,A:28|B:160|C:132|D:112|E:120,3,arith_percentages;arith_ratios,percent_discount;proportional_reasoning,percent_of_quantity;multiplicative_reasoning,percent_base_error;additive_percent_error,降价 20% 后还需支付 80%，售价为 140 x 80% = 112 元。,CN Primary Math,比与百分数,cn-primary-g6-ratio-percent,六年级：比、比例与百分数,13362,jianzisheng_cn_math_bank_1_12,local-pdf: 尖子生高分题库6年级.pdf; 六年级：比、比例与百分数,Standard,Bridge,cn_percent_word_problem,multiplicative_reasoning;modeling_transfer,90,Original-equivalent Chinese item generated from local scanned book coverage signals. OCR sample available under datasets/textbooks/jianzisheng-bank-1-12/ocr-samples. No full textbook exercise text is reproduced.,zh,CN,CN,中文校内,小学,production
cn_jzs_g6-ratio-percent_014,一件商品原价 145 元，降价 25% 后售价是多少元？,108.75,multiple_choice,A:170|B:133.75|C:108.75|D:120|E:36.25,3,arith_percentages;arith_ratios,percent_discount;proportional_reasoning,percent_of_quantity;multiplicative_reasoning,percent_base_error;additive_percent_error,降价 25% 后还需支付 75%，售价为 145 x 75% = 108.75 元。,CN Primary Math,比与百分数,cn-primary-g6-ratio-percent,六年级：比、比例与百分数,13363,jianzisheng_cn_math_bank_1_12,local-pdf: 尖子生高分题库6年级.pdf; 六年级：比、比例与百分数,Standard,Bridge,cn_percent_word_problem,multiplicative_reasoning;modeling_transfer,90,Original-equivalent Chinese item generated from local scanned book coverage signals. OCR sample available under datasets/textbooks/jianzisheng-bank-1-12/ocr-samples. No full textbook exercise text is reproduced.,zh,CN,CN,中文校内,小学,production
cn_jzs_g6-ratio-percent_015,一件商品原价 150 元，降价 30% 后售价是多少元？,105,multiple_choice,A:135|B:105|C:120|D:45|E:180,3,arith_percentages;arith_ratios,percent_discount;proportional_reasoning,percent_of_quantity;multiplicative_reasoning,percent_base_error;additive_percent_error,降价 30% 后还需支付 70%，售价为 150 x 70% = 105 元。,CN Primary Math,比与百分数,cn-primary-g6-ratio-percent,六年级：比、比例与百分数,13364,jianzisheng_cn_math_bank_1_12,local-pdf: 尖子生高分题库6年级.pdf; 六年级：比、比例与百分数,Standard,Bridge,cn_percent_word_problem,multiplicative_reasoning;modeling_transfer,90,Original-equivalent Chinese item generated from local scanned book coverage signals. OCR sample available under datasets/textbooks/jianzisheng-bank-1-12/ocr-samples. No full textbook exercise text is reproduced.,zh,CN,CN,中文校内,小学,production
cn_jzs_g6-ratio-percent_016,一件商品原价 155 元，降价 10% 后售价是多少元？,139.5,multiple_choice,A:139.5|B:145|C:15.5|D:165|E:149.5,3,arith_percentages;arith_ratios,percent_discount;proportional_reasoning,percent_of_quantity;multiplicative_reasoning,percent_base_error;additive_percent_error,降价 10% 后还需支付 90%，售价为 155 x 90% = 139.5 元。,CN Primary Math,比与百分数,cn-primary-g6-ratio-percent,六年级：比、比例与百分数,13365,jianzisheng_cn_math_bank_1_12,local-pdf: 尖子生高分题库6年级.pdf; 六年级：比、比例与百分数,Standard,Bridge,cn_percent_word_problem,multiplicative_reasoning;modeling_transfer,90,Original-equivalent Chinese item generated from local scanned book coverage signals. OCR sample available under datasets/textbooks/jianzisheng-bank-1-12/ocr-samples. No full textbook exercise text is reproduced.,zh,CN,CN,中文校内,小学,production
cn_jzs_g6-ratio-percent_017,一件商品原价 160 元，降价 15% 后售价是多少元？,136,multiple_choice,A:145|B:24|C:175|D:151|E:136,3,arith_percentages;arith_ratios,percent_discount;proportional_reasoning,percent_of_quantity;multiplicative_reasoning,percent_base_error;additive_percent_error,降价 15% 后还需支付 85%，售价为 160 x 85% = 136 元。,CN Primary Math,比与百分数,cn-primary-g6-ratio-percent,六年级：比、比例与百分数,13366,jianzisheng_cn_math_bank_1_12,local-pdf: 尖子生高分题库6年级.pdf; 六年级：比、比例与百分数,Standard,Bridge,cn_percent_word_problem,multiplicative_reasoning;modeling_transfer,90,Original-equivalent Chinese item generated from local scanned book coverage signals. OCR sample available under datasets/textbooks/jianzisheng-bank-1-12/ocr-samples. No full textbook exercise text is reproduced.,zh,CN,CN,中文校内,小学,production
cn_jzs_g6-ratio-percent_018,一件商品原价 165 元，降价 20% 后售价是多少元？,132,multiple_choice,A:33|B:185|C:152|D:132|E:145,3,arith_percentages;arith_ratios,percent_discount;proportional_reasoning,percent_of_quantity;multiplicative_reasoning,percent_base_error;additive_percent_error,降价 20% 后还需支付 80%，售价为 165 x 80% = 132 元。,CN Primary Math,比与百分数,cn-primary-g6-ratio-percent,六年级：比、比例与百分数,13367,jianzisheng_cn_math_bank_1_12,local-pdf: 尖子生高分题库6年级.pdf; 六年级：比、比例与百分数,Standard,Bridge,cn_percent_word_problem,multiplicative_reasoning;modeling_transfer,90,Original-equivalent Chinese item generated from local scanned book coverage signals. OCR sample available under datasets/textbooks/jianzisheng-bank-1-12/ocr-samples. No full textbook exercise text is reproduced.,zh,CN,CN,中文校内,小学,production
cn_jzs_g6-ratio-percent_019,一件商品原价 170 元，降价 25% 后售价是多少元？,127.5,multiple_choice,A:195|B:152.5|C:127.5|D:145|E:42.5,3,arith_percentages;arith_ratios,percent_discount;proportional_reasoning,percent_of_quantity;multiplicative_reasoning,percent_base_error;additive_percent_error,降价 25% 后还需支付 75%，售价为 170 x 75% = 127.5 元。,CN Primary Math,比与百分数,cn-primary-g6-ratio-percent,六年级：比、比例与百分数,13368,jianzisheng_cn_math_bank_1_12,local-pdf: 尖子生高分题库6年级.pdf; 六年级：比、比例与百分数,Standard,Bridge,cn_percent_word_problem,multiplicative_reasoning;modeling_transfer,90,Original-equivalent Chinese item generated from local scanned book coverage signals. OCR sample available under datasets/textbooks/jianzisheng-bank-1-12/ocr-samples. No full textbook exercise text is reproduced.,zh,CN,CN,中文校内,小学,production
cn_jzs_g6-ratio-percent_020,一件商品原价 175 元，降价 30% 后售价是多少元？,122.5,multiple_choice,A:152.5|B:122.5|C:145|D:52.5|E:205,3,arith_percentages;arith_ratios,percent_discount;proportional_reasoning,percent_of_quantity;multiplicative_reasoning,percent_base_error;additive_percent_error,降价 30% 后还需支付 70%，售价为 175 x 70% = 122.5 元。,CN Primary Math,比与百分数,cn-primary-g6-ratio-percent,六年级：比、比例与百分数,13369,jianzisheng_cn_math_bank_1_12,local-pdf: 尖子生高分题库6年级.pdf; 六年级：比、比例与百分数,Standard,Bridge,cn_percent_word_problem,multiplicative_reasoning;modeling_transfer,90,Original-equivalent Chinese item generated from local scanned book coverage signals. OCR sample available under datasets/textbooks/jianzisheng-bank-1-12/ocr-samples. No full textbook exercise text is reproduced.,zh,CN,CN,中文校内,小学,production
cn_jzs_g7-linear-equations_001,解方程：2x + 3 = 7。,2,multiple_choice,A:2|B:4|C:5|D:1|E:7,3,alg_linear_equations;prealg_expressions,one_variable_equation;inverse_operations,linear_equation_structure;equation_balance,inverse_operation_order_error;constant_term_error,两边先减 3，得到 2x = 4；再两边除以 2，得到 x = 2。,CN Junior High Math,方程与代数,cn-junior-g7-linear-equations,七年级：有理数、整式与一元一次方程,13420,jianzisheng_cn_math_bank_1_12,local-pdf: 尖子生高分题库7年级.pdf; 七年级：有理数、整式与一元一次方程,Standard,Algebra Readiness,cn_linear_equation_solving,inverse_operations;symbolic_fluency,90,Original-equivalent Chinese item generated from local scanned book coverage signals. OCR sample available under datasets/textbooks/jianzisheng-bank-1-12/ocr-samples. No full textbook exercise text is reproduced.,zh,CN,CN,中文校内,初中,production
cn_jzs_g7-linear-equations_002,解方程：3x + 4 = 13。,3,multiple_choice,A:9|B:4|C:7|D:2|E:3,3,alg_linear_equations;prealg_expressions,one_variable_equation;inverse_operations,linear_equation_structure;equation_balance,inverse_operation_order_error;constant_term_error,两边先减 4，得到 3x = 9；再两边除以 3，得到 x = 3。,CN Junior High Math,方程与代数,cn-junior-g7-linear-equations,七年级：有理数、整式与一元一次方程,13421,jianzisheng_cn_math_bank_1_12,local-pdf: 尖子生高分题库7年级.pdf; 七年级：有理数、整式与一元一次方程,Standard,Algebra Readiness,cn_linear_equation_solving,inverse_operations;symbolic_fluency,90,Original-equivalent Chinese item generated from local scanned book coverage signals. OCR sample available under datasets/textbooks/jianzisheng-bank-1-12/ocr-samples. No full textbook exercise text is reproduced.,zh,CN,CN,中文校内,初中,production
cn_jzs_g7-linear-equations_003,解方程：4x + 5 = 21。,4,multiple_choice,A:5|B:9|C:3|D:4|E:16,3,alg_linear_equations;prealg_expressions,one_variable_equation;inverse_operations,linear_equation_structure;equation_balance,inverse_operation_order_error;constant_term_error,两边先减 5，得到 4x = 16；再两边除以 4，得到 x = 4。,CN Junior High Math,方程与代数,cn-junior-g7-linear-equations,七年级：有理数、整式与一元一次方程,13422,jianzisheng_cn_math_bank_1_12,local-pdf: 尖子生高分题库7年级.pdf; 七年级：有理数、整式与一元一次方程,Standard,Algebra Readiness,cn_linear_equation_solving,inverse_operations;symbolic_fluency,90,Original-equivalent Chinese item generated from local scanned book coverage signals. OCR sample available under datasets/textbooks/jianzisheng-bank-1-12/ocr-samples. No full textbook exercise text is reproduced.,zh,CN,CN,中文校内,初中,production
cn_jzs_g7-linear-equations_004,解方程：5x + 6 = 31。,5,multiple_choice,A:11|B:4|C:5|D:25|E:6,3,alg_linear_equations;prealg_expressions,one_variable_equation;inverse_operations,linear_equation_structure;equation_balance,inverse_operation_order_error;constant_term_error,两边先减 6，得到 5x = 25；再两边除以 5，得到 x = 5。,CN Junior High Math,方程与代数,cn-junior-g7-linear-equations,七年级：有理数、整式与一元一次方程,13423,jianzisheng_cn_math_bank_1_12,local-pdf: 尖子生高分题库7年级.pdf; 七年级：有理数、整式与一元一次方程,Standard,Algebra Readiness,cn_linear_equation_solving,inverse_operations;symbolic_fluency,90,Original-equivalent Chinese item generated from local scanned book coverage signals. OCR sample available under datasets/textbooks/jianzisheng-bank-1-12/ocr-samples. No full textbook exercise text is reproduced.,zh,CN,CN,中文校内,初中,production
cn_jzs_g7-linear-equations_005,解方程：6x + 7 = 43。,6,multiple_choice,A:5|B:6|C:36|D:7|E:13,3,alg_linear_equations;prealg_expressions,one_variable_equation;inverse_operations,linear_equation_structure;equation_balance,inverse_operation_order_error;constant_term_error,两边先减 7，得到 6x = 36；再两边除以 6，得到 x = 6。,CN Junior High Math,方程与代数,cn-junior-g7-linear-equations,七年级：有理数、整式与一元一次方程,13424,jianzisheng_cn_math_bank_1_12,local-pdf: 尖子生高分题库7年级.pdf; 七年级：有理数、整式与一元一次方程,Standard,Algebra Readiness,cn_linear_equation_solving,inverse_operations;symbolic_fluency,90,Original-equivalent Chinese item generated from local scanned book coverage signals. OCR sample available under datasets/textbooks/jianzisheng-bank-1-12/ocr-samples. No full textbook exercise text is reproduced.,zh,CN,CN,中文校内,初中,production
cn_jzs_g7-linear-equations_006,解方程：2x + 8 = 22。,7,multiple_choice,A:7|B:14|C:11|D:15|E:6,3,alg_linear_equations;prealg_expressions,one_variable_equation;inverse_operations,linear_equation_structure;equation_balance,inverse_operation_order_error;constant_term_error,两边先减 8，得到 2x = 14；再两边除以 2，得到 x = 7。,CN Junior High Math,方程与代数,cn-junior-g7-linear-equations,七年级：有理数、整式与一元一次方程,13425,jianzisheng_cn_math_bank_1_12,local-pdf: 尖子生高分题库7年级.pdf; 七年级：有理数、整式与一元一次方程,Standard,Algebra Readiness,cn_linear_equation_solving,inverse_operations;symbolic_fluency,90,Original-equivalent Chinese item generated from local scanned book coverage signals. OCR sample available under datasets/textbooks/jianzisheng-bank-1-12/ocr-samples. No full textbook exercise text is reproduced.,zh,CN,CN,中文校内,初中,production
cn_jzs_g7-linear-equations_007,解方程：3x + 9 = 33。,8,multiple_choice,A:24|B:11|C:17|D:7|E:8,3,alg_linear_equations;prealg_expressions,one_variable_equation;inverse_operations,linear_equation_structure;equation_balance,inverse_operation_order_error;constant_term_error,两边先减 9，得到 3x = 24；再两边除以 3，得到 x = 8。,CN Junior High Math,方程与代数,cn-junior-g7-linear-equations,七年级：有理数、整式与一元一次方程,13426,jianzisheng_cn_math_bank_1_12,local-pdf: 尖子生高分题库7年级.pdf; 七年级：有理数、整式与一元一次方程,Standard,Algebra Readiness,cn_linear_equation_solving,inverse_operations;symbolic_fluency,90,Original-equivalent Chinese item generated from local scanned book coverage signals. OCR sample available under datasets/textbooks/jianzisheng-bank-1-12/ocr-samples. No full textbook exercise text is reproduced.,zh,CN,CN,中文校内,初中,production
cn_jzs_g7-linear-equations_008,解方程：4x + 10 = 46。,9,multiple_choice,A:12|B:19|C:8|D:9|E:36,3,alg_linear_equations;prealg_expressions,one_variable_equation;inverse_operations,linear_equation_structure;equation_balance,inverse_operation_order_error;constant_term_error,两边先减 10，得到 4x = 36；再两边除以 4，得到 x = 9。,CN Junior High Math,方程与代数,cn-junior-g7-linear-equations,七年级：有理数、整式与一元一次方程,13427,jianzisheng_cn_math_bank_1_12,local-pdf: 尖子生高分题库7年级.pdf; 七年级：有理数、整式与一元一次方程,Standard,Algebra Readiness,cn_linear_equation_solving,inverse_operations;symbolic_fluency,90,Original-equivalent Chinese item generated from local scanned book coverage signals. OCR sample available under datasets/textbooks/jianzisheng-bank-1-12/ocr-samples. No full textbook exercise text is reproduced.,zh,CN,CN,中文校内,初中,production
cn_jzs_g7-linear-equations_009,解方程：5x + 3 = 53。,10,multiple_choice,A:13|B:9|C:10|D:50|E:11,3,alg_linear_equations;prealg_expressions,one_variable_equation;inverse_operations,linear_equation_structure;equation_balance,inverse_operation_order_error;constant_term_error,两边先减 3，得到 5x = 50；再两边除以 5，得到 x = 10。,CN Junior High Math,方程与代数,cn-junior-g7-linear-equations,七年级：有理数、整式与一元一次方程,13428,jianzisheng_cn_math_bank_1_12,local-pdf: 尖子生高分题库7年级.pdf; 七年级：有理数、整式与一元一次方程,Standard,Algebra Readiness,cn_linear_equation_solving,inverse_operations;symbolic_fluency,90,Original-equivalent Chinese item generated from local scanned book coverage signals. OCR sample available under datasets/textbooks/jianzisheng-bank-1-12/ocr-samples. No full textbook exercise text is reproduced.,zh,CN,CN,中文校内,初中,production
cn_jzs_g7-linear-equations_010,解方程：6x + 4 = 70。,11,multiple_choice,A:10|B:11|C:66|D:12|E:15,3,alg_linear_equations;prealg_expressions,one_variable_equation;inverse_operations,linear_equation_structure;equation_balance,inverse_operation_order_error;constant_term_error,两边先减 4，得到 6x = 66；再两边除以 6，得到 x = 11。,CN Junior High Math,方程与代数,cn-junior-g7-linear-equations,七年级：有理数、整式与一元一次方程,13429,jianzisheng_cn_math_bank_1_12,local-pdf: 尖子生高分题库7年级.pdf; 七年级：有理数、整式与一元一次方程,Standard,Algebra Readiness,cn_linear_equation_solving,inverse_operations;symbolic_fluency,90,Original-equivalent Chinese item generated from local scanned book coverage signals. OCR sample available under datasets/textbooks/jianzisheng-bank-1-12/ocr-samples. No full textbook exercise text is reproduced.,zh,CN,CN,中文校内,初中,production
cn_jzs_g7-linear-equations_011,解方程：2x + 5 = 29。,12,multiple_choice,A:12|B:24|C:15|D:17|E:11,3,alg_linear_equations;prealg_expressions,one_variable_equation;inverse_operations,linear_equation_structure;equation_balance,inverse_operation_order_error;constant_term_error,两边先减 5，得到 2x = 24；再两边除以 2，得到 x = 12。,CN Junior High Math,方程与代数,cn-junior-g7-linear-equations,七年级：有理数、整式与一元一次方程,13430,jianzisheng_cn_math_bank_1_12,local-pdf: 尖子生高分题库7年级.pdf; 七年级：有理数、整式与一元一次方程,Standard,Algebra Readiness,cn_linear_equation_solving,inverse_operations;symbolic_fluency,90,Original-equivalent Chinese item generated from local scanned book coverage signals. OCR sample available under datasets/textbooks/jianzisheng-bank-1-12/ocr-samples. No full textbook exercise text is reproduced.,zh,CN,CN,中文校内,初中,production
cn_jzs_g7-linear-equations_012,解方程：3x + 6 = 45。,13,multiple_choice,A:39|B:15|C:19|D:12|E:13,3,alg_linear_equations;prealg_expressions,one_variable_equation;inverse_operations,linear_equation_structure;equation_balance,inverse_operation_order_error;constant_term_error,两边先减 6，得到 3x = 39；再两边除以 3，得到 x = 13。,CN Junior High Math,方程与代数,cn-junior-g7-linear-equations,七年级：有理数、整式与一元一次方程,13431,jianzisheng_cn_math_bank_1_12,local-pdf: 尖子生高分题库7年级.pdf; 七年级：有理数、整式与一元一次方程,Standard,Algebra Readiness,cn_linear_equation_solving,inverse_operations;symbolic_fluency,90,Original-equivalent Chinese item generated from local scanned book coverage signals. OCR sample available under datasets/textbooks/jianzisheng-bank-1-12/ocr-samples. No full textbook exercise text is reproduced.,zh,CN,CN,中文校内,初中,production
cn_jzs_g7-linear-equations_013,解方程：4x + 7 = 63。,14,multiple_choice,A:16|B:21|C:13|D:14|E:56,3,alg_linear_equations;prealg_expressions,one_variable_equation;inverse_operations,linear_equation_structure;equation_balance,inverse_operation_order_error;constant_term_error,两边先减 7，得到 4x = 56；再两边除以 4，得到 x = 14。,CN Junior High Math,方程与代数,cn-junior-g7-linear-equations,七年级：有理数、整式与一元一次方程,13432,jianzisheng_cn_math_bank_1_12,local-pdf: 尖子生高分题库7年级.pdf; 七年级：有理数、整式与一元一次方程,Standard,Algebra Readiness,cn_linear_equation_solving,inverse_operations;symbolic_fluency,90,Original-equivalent Chinese item generated from local scanned book coverage signals. OCR sample available under datasets/textbooks/jianzisheng-bank-1-12/ocr-samples. No full textbook exercise text is reproduced.,zh,CN,CN,中文校内,初中,production
cn_jzs_g7-linear-equations_014,解方程：5x + 8 = 83。,15,multiple_choice,A:23|B:14|C:15|D:75|E:17,3,alg_linear_equations;prealg_expressions,one_variable_equation;inverse_operations,linear_equation_structure;equation_balance,inverse_operation_order_error;constant_term_error,两边先减 8，得到 5x = 75；再两边除以 5，得到 x = 15。,CN Junior High Math,方程与代数,cn-junior-g7-linear-equations,七年级：有理数、整式与一元一次方程,13433,jianzisheng_cn_math_bank_1_12,local-pdf: 尖子生高分题库7年级.pdf; 七年级：有理数、整式与一元一次方程,Standard,Algebra Readiness,cn_linear_equation_solving,inverse_operations;symbolic_fluency,90,Original-equivalent Chinese item generated from local scanned book coverage signals. OCR sample available under datasets/textbooks/jianzisheng-bank-1-12/ocr-samples. No full textbook exercise text is reproduced.,zh,CN,CN,中文校内,初中,production
cn_jzs_g7-linear-equations_015,解方程：6x + 9 = 105。,16,multiple_choice,A:15|B:16|C:96|D:18|E:25,3,alg_linear_equations;prealg_expressions,one_variable_equation;inverse_operations,linear_equation_structure;equation_balance,inverse_operation_order_error;constant_term_error,两边先减 9，得到 6x = 96；再两边除以 6，得到 x = 16。,CN Junior High Math,方程与代数,cn-junior-g7-linear-equations,七年级：有理数、整式与一元一次方程,13434,jianzisheng_cn_math_bank_1_12,local-pdf: 尖子生高分题库7年级.pdf; 七年级：有理数、整式与一元一次方程,Standard,Algebra Readiness,cn_linear_equation_solving,inverse_operations;symbolic_fluency,90,Original-equivalent Chinese item generated from local scanned book coverage signals. OCR sample available under datasets/textbooks/jianzisheng-bank-1-12/ocr-samples. No full textbook exercise text is reproduced.,zh,CN,CN,中文校内,初中,production
cn_jzs_g7-linear-equations_016,解方程：2x + 10 = 44。,17,multiple_choice,A:17|B:34|C:22|D:27|E:16,3,alg_linear_equations;prealg_expressions,one_variable_equation;inverse_operations,linear_equation_structure;equation_balance,inverse_operation_order_error;constant_term_error,两边先减 10，得到 2x = 34；再两边除以 2，得到 x = 17。,CN Junior High Math,方程与代数,cn-junior-g7-linear-equations,七年级：有理数、整式与一元一次方程,13435,jianzisheng_cn_math_bank_1_12,local-pdf: 尖子生高分题库7年级.pdf; 七年级：有理数、整式与一元一次方程,Standard,Algebra Readiness,cn_linear_equation_solving,inverse_operations;symbolic_fluency,90,Original-equivalent Chinese item generated from local scanned book coverage signals. OCR sample available under datasets/textbooks/jianzisheng-bank-1-12/ocr-samples. No full textbook exercise text is reproduced.,zh,CN,CN,中文校内,初中,production
cn_jzs_g7-linear-equations_017,解方程：3x + 3 = 57。,18,multiple_choice,A:54|B:19|C:21|D:17|E:18,3,alg_linear_equations;prealg_expressions,one_variable_equation;inverse_operations,linear_equation_structure;equation_balance,inverse_operation_order_error;constant_term_error,两边先减 3，得到 3x = 54；再两边除以 3，得到 x = 18。,CN Junior High Math,方程与代数,cn-junior-g7-linear-equations,七年级：有理数、整式与一元一次方程,13436,jianzisheng_cn_math_bank_1_12,local-pdf: 尖子生高分题库7年级.pdf; 七年级：有理数、整式与一元一次方程,Standard,Algebra Readiness,cn_linear_equation_solving,inverse_operations;symbolic_fluency,90,Original-equivalent Chinese item generated from local scanned book coverage signals. OCR sample available under datasets/textbooks/jianzisheng-bank-1-12/ocr-samples. No full textbook exercise text is reproduced.,zh,CN,CN,中文校内,初中,production
cn_jzs_g7-linear-equations_018,解方程：4x + 4 = 80。,19,multiple_choice,A:20|B:23|C:18|D:19|E:76,3,alg_linear_equations;prealg_expressions,one_variable_equation;inverse_operations,linear_equation_structure;equation_balance,inverse_operation_order_error;constant_term_error,两边先减 4，得到 4x = 76；再两边除以 4，得到 x = 19。,CN Junior High Math,方程与代数,cn-junior-g7-linear-equations,七年级：有理数、整式与一元一次方程,13437,jianzisheng_cn_math_bank_1_12,local-pdf: 尖子生高分题库7年级.pdf; 七年级：有理数、整式与一元一次方程,Standard,Algebra Readiness,cn_linear_equation_solving,inverse_operations;symbolic_fluency,90,Original-equivalent Chinese item generated from local scanned book coverage signals. OCR sample available under datasets/textbooks/jianzisheng-bank-1-12/ocr-samples. No full textbook exercise text is reproduced.,zh,CN,CN,中文校内,初中,production
cn_jzs_g7-linear-equations_019,解方程：5x + 5 = 105。,20,multiple_choice,A:25|B:19|C:20|D:100|E:21,3,alg_linear_equations;prealg_expressions,one_variable_equation;inverse_operations,linear_equation_structure;equation_balance,inverse_operation_order_error;constant_term_error,两边先减 5，得到 5x = 100；再两边除以 5，得到 x = 20。,CN Junior High Math,方程与代数,cn-junior-g7-linear-equations,七年级：有理数、整式与一元一次方程,13438,jianzisheng_cn_math_bank_1_12,local-pdf: 尖子生高分题库7年级.pdf; 七年级：有理数、整式与一元一次方程,Standard,Algebra Readiness,cn_linear_equation_solving,inverse_operations;symbolic_fluency,90,Original-equivalent Chinese item generated from local scanned book coverage signals. OCR sample available under datasets/textbooks/jianzisheng-bank-1-12/ocr-samples. No full textbook exercise text is reproduced.,zh,CN,CN,中文校内,初中,production
cn_jzs_g7-linear-equations_020,解方程：6x + 6 = 132。,21,multiple_choice,A:20|B:21|C:126|D:22|E:27,3,alg_linear_equations;prealg_expressions,one_variable_equation;inverse_operations,linear_equation_structure;equation_balance,inverse_operation_order_error;constant_term_error,两边先减 6，得到 6x = 126；再两边除以 6，得到 x = 21。,CN Junior High Math,方程与代数,cn-junior-g7-linear-equations,七年级：有理数、整式与一元一次方程,13439,jianzisheng_cn_math_bank_1_12,local-pdf: 尖子生高分题库7年级.pdf; 七年级：有理数、整式与一元一次方程,Standard,Algebra Readiness,cn_linear_equation_solving,inverse_operations;symbolic_fluency,90,Original-equivalent Chinese item generated from local scanned book coverage signals. OCR sample available under datasets/textbooks/jianzisheng-bank-1-12/ocr-samples. No full textbook exercise text is reproduced.,zh,CN,CN,中文校内,初中,production
cn_jzs_g8-geometry-similarity_001,直角三角形两条直角边分别为 3 和 4，斜边长是多少？,5,multiple_choice,A:5|B:7|C:1|D:12|E:6,4,geo_pythagorean;geo_triangles,pythagorean_theorem;square_root_reasoning,right_triangle_model;formula_selection,additive_distance_error;formula_selection_error,由勾股定理，斜边平方为 3^2 + 4^2 = 25，所以斜边长为 5。,CN Junior High Math,几何与证明,cn-junior-g8-geometry-similarity,八年级：三角形、相似与勾股定理,13490,jianzisheng_cn_math_bank_1_12,local-pdf: 尖子生高分题库8年级.pdf; 八年级：三角形、相似与勾股定理,Standard,AMC8 Transfer,cn_pythagorean_geometry,geometric_reasoning;formula_selection,110,Original-equivalent Chinese item generated from local scanned book coverage signals. OCR sample available under datasets/textbooks/jianzisheng-bank-1-12/ocr-samples. No full textbook exercise text is reproduced.,zh,CN,CN,中文校内,初中,production
cn_jzs_g8-geometry-similarity_002,直角三角形两条直角边分别为 5 和 12，斜边长是多少？,13,multiple_choice,A:17|B:7|C:60|D:14|E:13,4,geo_pythagorean;geo_triangles,pythagorean_theorem;square_root_reasoning,right_triangle_model;formula_selection,additive_distance_error;formula_selection_error,由勾股定理，斜边平方为 5^2 + 12^2 = 169，所以斜边长为 13。,CN Junior High Math,几何与证明,cn-junior-g8-geometry-similarity,八年级：三角形、相似与勾股定理,13491,jianzisheng_cn_math_bank_1_12,local-pdf: 尖子生高分题库8年级.pdf; 八年级：三角形、相似与勾股定理,Standard,AMC8 Transfer,cn_pythagorean_geometry,geometric_reasoning;formula_selection,110,Original-equivalent Chinese item generated from local scanned book coverage signals. OCR sample available under datasets/textbooks/jianzisheng-bank-1-12/ocr-samples. No full textbook exercise text is reproduced.,zh,CN,CN,中文校内,初中,production
cn_jzs_g8-geometry-similarity_003,直角三角形两条直角边分别为 6 和 8，斜边长是多少？,10,multiple_choice,A:2|B:48|C:11|D:10|E:14,4,geo_pythagorean;geo_triangles,pythagorean_theorem;square_root_reasoning,right_triangle_model;formula_selection,additive_distance_error;formula_selection_error,由勾股定理，斜边平方为 6^2 + 8^2 = 100，所以斜边长为 10。,CN Junior High Math,几何与证明,cn-junior-g8-geometry-similarity,八年级：三角形、相似与勾股定理,13492,jianzisheng_cn_math_bank_1_12,local-pdf: 尖子生高分题库8年级.pdf; 八年级：三角形、相似与勾股定理,Standard,AMC8 Transfer,cn_pythagorean_geometry,geometric_reasoning;formula_selection,110,Original-equivalent Chinese item generated from local scanned book coverage signals. OCR sample available under datasets/textbooks/jianzisheng-bank-1-12/ocr-samples. No full textbook exercise text is reproduced.,zh,CN,CN,中文校内,初中,production
cn_jzs_g8-geometry-similarity_004,直角三角形两条直角边分别为 8 和 15，斜边长是多少？,17,multiple_choice,A:120|B:18|C:17|D:23|E:7,4,geo_pythagorean;geo_triangles,pythagorean_theorem;square_root_reasoning,right_triangle_model;formula_selection,additive_distance_error;formula_selection_error,由勾股定理，斜边平方为 8^2 + 15^2 = 289，所以斜边长为 17。,CN Junior High Math,几何与证明,cn-junior-g8-geometry-similarity,八年级：三角形、相似与勾股定理,13493,jianzisheng_cn_math_bank_1_12,local-pdf: 尖子生高分题库8年级.pdf; 八年级：三角形、相似与勾股定理,Standard,AMC8 Transfer,cn_pythagorean_geometry,geometric_reasoning;formula_selection,110,Original-equivalent Chinese item generated from local scanned book coverage signals. OCR sample available under datasets/textbooks/jianzisheng-bank-1-12/ocr-samples. No full textbook exercise text is reproduced.,zh,CN,CN,中文校内,初中,production
cn_jzs_g8-geometry-similarity_005,直角三角形两条直角边分别为 3 和 4，斜边长是多少？,5,multiple_choice,A:6|B:5|C:7|D:1|E:12,4,geo_pythagorean;geo_triangles,pythagorean_theorem;square_root_reasoning,right_triangle_model;formula_selection,additive_distance_error;formula_selection_error,由勾股定理，斜边平方为 3^2 + 4^2 = 25，所以斜边长为 5。,CN Junior High Math,几何与证明,cn-junior-g8-geometry-similarity,八年级：三角形、相似与勾股定理,13494,jianzisheng_cn_math_bank_1_12,local-pdf: 尖子生高分题库8年级.pdf; 八年级：三角形、相似与勾股定理,Standard,AMC8 Transfer,cn_pythagorean_geometry,geometric_reasoning;formula_selection,110,Original-equivalent Chinese item generated from local scanned book coverage signals. OCR sample available under datasets/textbooks/jianzisheng-bank-1-12/ocr-samples. No full textbook exercise text is reproduced.,zh,CN,CN,中文校内,初中,production
cn_jzs_g8-geometry-similarity_006,直角三角形两条直角边分别为 5 和 12，斜边长是多少？,13,multiple_choice,A:13|B:17|C:7|D:60|E:14,4,geo_pythagorean;geo_triangles,pythagorean_theorem;square_root_reasoning,right_triangle_model;formula_selection,additive_distance_error;formula_selection_error,由勾股定理，斜边平方为 5^2 + 12^2 = 169，所以斜边长为 13。,CN Junior High Math,几何与证明,cn-junior-g8-geometry-similarity,八年级：三角形、相似与勾股定理,13495,jianzisheng_cn_math_bank_1_12,local-pdf: 尖子生高分题库8年级.pdf; 八年级：三角形、相似与勾股定理,Standard,AMC8 Transfer,cn_pythagorean_geometry,geometric_reasoning;formula_selection,110,Original-equivalent Chinese item generated from local scanned book coverage signals. OCR sample available under datasets/textbooks/jianzisheng-bank-1-12/ocr-samples. No full textbook exercise text is reproduced.,zh,CN,CN,中文校内,初中,production
cn_jzs_g8-geometry-similarity_007,直角三角形两条直角边分别为 6 和 8，斜边长是多少？,10,multiple_choice,A:14|B:2|C:48|D:11|E:10,4,geo_pythagorean;geo_triangles,pythagorean_theorem;square_root_reasoning,right_triangle_model;formula_selection,additive_distance_error;formula_selection_error,由勾股定理，斜边平方为 6^2 + 8^2 = 100，所以斜边长为 10。,CN Junior High Math,几何与证明,cn-junior-g8-geometry-similarity,八年级：三角形、相似与勾股定理,13496,jianzisheng_cn_math_bank_1_12,local-pdf: 尖子生高分题库8年级.pdf; 八年级：三角形、相似与勾股定理,Standard,AMC8 Transfer,cn_pythagorean_geometry,geometric_reasoning;formula_selection,110,Original-equivalent Chinese item generated from local scanned book coverage signals. OCR sample available under datasets/textbooks/jianzisheng-bank-1-12/ocr-samples. No full textbook exercise text is reproduced.,zh,CN,CN,中文校内,初中,production
cn_jzs_g8-geometry-similarity_008,直角三角形两条直角边分别为 8 和 15，斜边长是多少？,17,multiple_choice,A:7|B:120|C:18|D:17|E:23,4,geo_pythagorean;geo_triangles,pythagorean_theorem;square_root_reasoning,right_triangle_model;formula_selection,additive_distance_error;formula_selection_error,由勾股定理，斜边平方为 8^2 + 15^2 = 289，所以斜边长为 17。,CN Junior High Math,几何与证明,cn-junior-g8-geometry-similarity,八年级：三角形、相似与勾股定理,13497,jianzisheng_cn_math_bank_1_12,local-pdf: 尖子生高分题库8年级.pdf; 八年级：三角形、相似与勾股定理,Standard,AMC8 Transfer,cn_pythagorean_geometry,geometric_reasoning;formula_selection,110,Original-equivalent Chinese item generated from local scanned book coverage signals. OCR sample available under datasets/textbooks/jianzisheng-bank-1-12/ocr-samples. No full textbook exercise text is reproduced.,zh,CN,CN,中文校内,初中,production
cn_jzs_g8-geometry-similarity_009,直角三角形两条直角边分别为 3 和 4，斜边长是多少？,5,multiple_choice,A:12|B:6|C:5|D:7|E:1,4,geo_pythagorean;geo_triangles,pythagorean_theorem;square_root_reasoning,right_triangle_model;formula_selection,additive_distance_error;formula_selection_error,由勾股定理，斜边平方为 3^2 + 4^2 = 25，所以斜边长为 5。,CN Junior High Math,几何与证明,cn-junior-g8-geometry-similarity,八年级：三角形、相似与勾股定理,13498,jianzisheng_cn_math_bank_1_12,local-pdf: 尖子生高分题库8年级.pdf; 八年级：三角形、相似与勾股定理,Standard,AMC8 Transfer,cn_pythagorean_geometry,geometric_reasoning;formula_selection,110,Original-equivalent Chinese item generated from local scanned book coverage signals. OCR sample available under datasets/textbooks/jianzisheng-bank-1-12/ocr-samples. No full textbook exercise text is reproduced.,zh,CN,CN,中文校内,初中,production
cn_jzs_g8-geometry-similarity_010,直角三角形两条直角边分别为 5 和 12，斜边长是多少？,13,multiple_choice,A:14|B:13|C:17|D:7|E:60,4,geo_pythagorean;geo_triangles,pythagorean_theorem;square_root_reasoning,right_triangle_model;formula_selection,additive_distance_error;formula_selection_error,由勾股定理，斜边平方为 5^2 + 12^2 = 169，所以斜边长为 13。,CN Junior High Math,几何与证明,cn-junior-g8-geometry-similarity,八年级：三角形、相似与勾股定理,13499,jianzisheng_cn_math_bank_1_12,local-pdf: 尖子生高分题库8年级.pdf; 八年级：三角形、相似与勾股定理,Standard,AMC8 Transfer,cn_pythagorean_geometry,geometric_reasoning;formula_selection,110,Original-equivalent Chinese item generated from local scanned book coverage signals. OCR sample available under datasets/textbooks/jianzisheng-bank-1-12/ocr-samples. No full textbook exercise text is reproduced.,zh,CN,CN,中文校内,初中,production
cn_jzs_g8-geometry-similarity_011,直角三角形两条直角边分别为 6 和 8，斜边长是多少？,10,multiple_choice,A:10|B:14|C:2|D:48|E:11,4,geo_pythagorean;geo_triangles,pythagorean_theorem;square_root_reasoning,right_triangle_model;formula_selection,additive_distance_error;formula_selection_error,由勾股定理，斜边平方为 6^2 + 8^2 = 100，所以斜边长为 10。,CN Junior High Math,几何与证明,cn-junior-g8-geometry-similarity,八年级：三角形、相似与勾股定理,13500,jianzisheng_cn_math_bank_1_12,local-pdf: 尖子生高分题库8年级.pdf; 八年级：三角形、相似与勾股定理,Standard,AMC8 Transfer,cn_pythagorean_geometry,geometric_reasoning;formula_selection,110,Original-equivalent Chinese item generated from local scanned book coverage signals. OCR sample available under datasets/textbooks/jianzisheng-bank-1-12/ocr-samples. No full textbook exercise text is reproduced.,zh,CN,CN,中文校内,初中,production
cn_jzs_g8-geometry-similarity_012,直角三角形两条直角边分别为 8 和 15，斜边长是多少？,17,multiple_choice,A:23|B:7|C:120|D:18|E:17,4,geo_pythagorean;geo_triangles,pythagorean_theorem;square_root_reasoning,right_triangle_model;formula_selection,additive_distance_error;formula_selection_error,由勾股定理，斜边平方为 8^2 + 15^2 = 289，所以斜边长为 17。,CN Junior High Math,几何与证明,cn-junior-g8-geometry-similarity,八年级：三角形、相似与勾股定理,13501,jianzisheng_cn_math_bank_1_12,local-pdf: 尖子生高分题库8年级.pdf; 八年级：三角形、相似与勾股定理,Standard,AMC8 Transfer,cn_pythagorean_geometry,geometric_reasoning;formula_selection,110,Original-equivalent Chinese item generated from local scanned book coverage signals. OCR sample available under datasets/textbooks/jianzisheng-bank-1-12/ocr-samples. No full textbook exercise text is reproduced.,zh,CN,CN,中文校内,初中,production
cn_jzs_g8-geometry-similarity_013,直角三角形两条直角边分别为 3 和 4，斜边长是多少？,5,multiple_choice,A:1|B:12|C:6|D:5|E:7,4,geo_pythagorean;geo_triangles,pythagorean_theorem;square_root_reasoning,right_triangle_model;formula_selection,additive_distance_error;formula_selection_error,由勾股定理，斜边平方为 3^2 + 4^2 = 25，所以斜边长为 5。,CN Junior High Math,几何与证明,cn-junior-g8-geometry-similarity,八年级：三角形、相似与勾股定理,13502,jianzisheng_cn_math_bank_1_12,local-pdf: 尖子生高分题库8年级.pdf; 八年级：三角形、相似与勾股定理,Standard,AMC8 Transfer,cn_pythagorean_geometry,geometric_reasoning;formula_selection,110,Original-equivalent Chinese item generated from local scanned book coverage signals. OCR sample available under datasets/textbooks/jianzisheng-bank-1-12/ocr-samples. No full textbook exercise text is reproduced.,zh,CN,CN,中文校内,初中,production
cn_jzs_g8-geometry-similarity_014,直角三角形两条直角边分别为 5 和 12，斜边长是多少？,13,multiple_choice,A:60|B:14|C:13|D:17|E:7,4,geo_pythagorean;geo_triangles,pythagorean_theorem;square_root_reasoning,right_triangle_model;formula_selection,additive_distance_error;formula_selection_error,由勾股定理，斜边平方为 5^2 + 12^2 = 169，所以斜边长为 13。,CN Junior High Math,几何与证明,cn-junior-g8-geometry-similarity,八年级：三角形、相似与勾股定理,13503,jianzisheng_cn_math_bank_1_12,local-pdf: 尖子生高分题库8年级.pdf; 八年级：三角形、相似与勾股定理,Standard,AMC8 Transfer,cn_pythagorean_geometry,geometric_reasoning;formula_selection,110,Original-equivalent Chinese item generated from local scanned book coverage signals. OCR sample available under datasets/textbooks/jianzisheng-bank-1-12/ocr-samples. No full textbook exercise text is reproduced.,zh,CN,CN,中文校内,初中,production
cn_jzs_g8-geometry-similarity_015,直角三角形两条直角边分别为 6 和 8，斜边长是多少？,10,multiple_choice,A:11|B:10|C:14|D:2|E:48,4,geo_pythagorean;geo_triangles,pythagorean_theorem;square_root_reasoning,right_triangle_model;formula_selection,additive_distance_error;formula_selection_error,由勾股定理，斜边平方为 6^2 + 8^2 = 100，所以斜边长为 10。,CN Junior High Math,几何与证明,cn-junior-g8-geometry-similarity,八年级：三角形、相似与勾股定理,13504,jianzisheng_cn_math_bank_1_12,local-pdf: 尖子生高分题库8年级.pdf; 八年级：三角形、相似与勾股定理,Standard,AMC8 Transfer,cn_pythagorean_geometry,geometric_reasoning;formula_selection,110,Original-equivalent Chinese item generated from local scanned book coverage signals. OCR sample available under datasets/textbooks/jianzisheng-bank-1-12/ocr-samples. No full textbook exercise text is reproduced.,zh,CN,CN,中文校内,初中,production
cn_jzs_g8-geometry-similarity_016,直角三角形两条直角边分别为 8 和 15，斜边长是多少？,17,multiple_choice,A:17|B:23|C:7|D:120|E:18,4,geo_pythagorean;geo_triangles,pythagorean_theorem;square_root_reasoning,right_triangle_model;formula_selection,additive_distance_error;formula_selection_error,由勾股定理，斜边平方为 8^2 + 15^2 = 289，所以斜边长为 17。,CN Junior High Math,几何与证明,cn-junior-g8-geometry-similarity,八年级：三角形、相似与勾股定理,13505,jianzisheng_cn_math_bank_1_12,local-pdf: 尖子生高分题库8年级.pdf; 八年级：三角形、相似与勾股定理,Standard,AMC8 Transfer,cn_pythagorean_geometry,geometric_reasoning;formula_selection,110,Original-equivalent Chinese item generated from local scanned book coverage signals. OCR sample available under datasets/textbooks/jianzisheng-bank-1-12/ocr-samples. No full textbook exercise text is reproduced.,zh,CN,CN,中文校内,初中,production
cn_jzs_g8-geometry-similarity_017,直角三角形两条直角边分别为 3 和 4，斜边长是多少？,5,multiple_choice,A:7|B:1|C:12|D:6|E:5,4,geo_pythagorean;geo_triangles,pythagorean_theorem;square_root_reasoning,right_triangle_model;formula_selection,additive_distance_error;formula_selection_error,由勾股定理，斜边平方为 3^2 + 4^2 = 25，所以斜边长为 5。,CN Junior High Math,几何与证明,cn-junior-g8-geometry-similarity,八年级：三角形、相似与勾股定理,13506,jianzisheng_cn_math_bank_1_12,local-pdf: 尖子生高分题库8年级.pdf; 八年级：三角形、相似与勾股定理,Standard,AMC8 Transfer,cn_pythagorean_geometry,geometric_reasoning;formula_selection,110,Original-equivalent Chinese item generated from local scanned book coverage signals. OCR sample available under datasets/textbooks/jianzisheng-bank-1-12/ocr-samples. No full textbook exercise text is reproduced.,zh,CN,CN,中文校内,初中,production
cn_jzs_g8-geometry-similarity_018,直角三角形两条直角边分别为 5 和 12，斜边长是多少？,13,multiple_choice,A:7|B:60|C:14|D:13|E:17,4,geo_pythagorean;geo_triangles,pythagorean_theorem;square_root_reasoning,right_triangle_model;formula_selection,additive_distance_error;formula_selection_error,由勾股定理，斜边平方为 5^2 + 12^2 = 169，所以斜边长为 13。,CN Junior High Math,几何与证明,cn-junior-g8-geometry-similarity,八年级：三角形、相似与勾股定理,13507,jianzisheng_cn_math_bank_1_12,local-pdf: 尖子生高分题库8年级.pdf; 八年级：三角形、相似与勾股定理,Standard,AMC8 Transfer,cn_pythagorean_geometry,geometric_reasoning;formula_selection,110,Original-equivalent Chinese item generated from local scanned book coverage signals. OCR sample available under datasets/textbooks/jianzisheng-bank-1-12/ocr-samples. No full textbook exercise text is reproduced.,zh,CN,CN,中文校内,初中,production
cn_jzs_g8-geometry-similarity_019,直角三角形两条直角边分别为 6 和 8，斜边长是多少？,10,multiple_choice,A:48|B:11|C:10|D:14|E:2,4,geo_pythagorean;geo_triangles,pythagorean_theorem;square_root_reasoning,right_triangle_model;formula_selection,additive_distance_error;formula_selection_error,由勾股定理，斜边平方为 6^2 + 8^2 = 100，所以斜边长为 10。,CN Junior High Math,几何与证明,cn-junior-g8-geometry-similarity,八年级：三角形、相似与勾股定理,13508,jianzisheng_cn_math_bank_1_12,local-pdf: 尖子生高分题库8年级.pdf; 八年级：三角形、相似与勾股定理,Standard,AMC8 Transfer,cn_pythagorean_geometry,geometric_reasoning;formula_selection,110,Original-equivalent Chinese item generated from local scanned book coverage signals. OCR sample available under datasets/textbooks/jianzisheng-bank-1-12/ocr-samples. No full textbook exercise text is reproduced.,zh,CN,CN,中文校内,初中,production
cn_jzs_g8-geometry-similarity_020,直角三角形两条直角边分别为 8 和 15，斜边长是多少？,17,multiple_choice,A:18|B:17|C:23|D:7|E:120,4,geo_pythagorean;geo_triangles,pythagorean_theorem;square_root_reasoning,right_triangle_model;formula_selection,additive_distance_error;formula_selection_error,由勾股定理，斜边平方为 8^2 + 15^2 = 289，所以斜边长为 17。,CN Junior High Math,几何与证明,cn-junior-g8-geometry-similarity,八年级：三角形、相似与勾股定理,13509,jianzisheng_cn_math_bank_1_12,local-pdf: 尖子生高分题库8年级.pdf; 八年级：三角形、相似与勾股定理,Standard,AMC8 Transfer,cn_pythagorean_geometry,geometric_reasoning;formula_selection,110,Original-equivalent Chinese item generated from local scanned book coverage signals. OCR sample available under datasets/textbooks/jianzisheng-bank-1-12/ocr-samples. No full textbook exercise text is reproduced.,zh,CN,CN,中文校内,初中,production
cn_jzs_g9-quadratics_001,解方程：x^2 - 4x + 3 = 0。,"1,3",multiple_choice,"A:1,3|B:-1,-3|C:4,3|D:2,2|E:3,4",4,alg_quadratics;alg_factoring,quadratic_solving;factor_pair_reasoning,quadratic_factor_pattern;root_finding,sign_error;factor_pair_error,寻找两个数，和为 4、积为 3，它们是 1 和 3，所以方程根为 x = 1 或 x = 3。,CN Junior High Math,函数与方程,cn-junior-g9-quadratics,九年级：二次函数与综合应用,13560,jianzisheng_cn_math_bank_1_12,local-pdf: 尖子生高分题库9年级.pdf; 九年级：二次函数与综合应用,Honors,Algebra Readiness,cn_quadratic_solving,factor_structure;operation_selection,110,Original-equivalent Chinese item generated from local scanned book coverage signals. OCR sample available under datasets/textbooks/jianzisheng-bank-1-12/ocr-samples. No full textbook exercise text is reproduced.,zh,CN,CN,中文校内,初中,production
cn_jzs_g9-quadratics_002,解方程：x^2 - 7x + 10 = 0。,"2,5",multiple_choice,"A:-2,-5|B:7,10|C:3,4|D:10,7|E:2,5",4,alg_quadratics;alg_factoring,quadratic_solving;factor_pair_reasoning,quadratic_factor_pattern;root_finding,sign_error;factor_pair_error,寻找两个数，和为 7、积为 10，它们是 2 和 5，所以方程根为 x = 2 或 x = 5。,CN Junior High Math,函数与方程,cn-junior-g9-quadratics,九年级：二次函数与综合应用,13561,jianzisheng_cn_math_bank_1_12,local-pdf: 尖子生高分题库9年级.pdf; 九年级：二次函数与综合应用,Honors,Algebra Readiness,cn_quadratic_solving,factor_structure;operation_selection,110,Original-equivalent Chinese item generated from local scanned book coverage signals. OCR sample available under datasets/textbooks/jianzisheng-bank-1-12/ocr-samples. No full textbook exercise text is reproduced.,zh,CN,CN,中文校内,初中,production
cn_jzs_g9-quadratics_003,解方程：x^2 - 10x + 21 = 0。,"3,7",multiple_choice,"A:10,21|B:4,6|C:21,10|D:3,7|E:-3,-7",4,alg_quadratics;alg_factoring,quadratic_solving;factor_pair_reasoning,quadratic_factor_pattern;root_finding,sign_error;factor_pair_error,寻找两个数，和为 10、积为 21，它们是 3 和 7，所以方程根为 x = 3 或 x = 7。,CN Junior High Math,函数与方程,cn-junior-g9-quadratics,九年级：二次函数与综合应用,13562,jianzisheng_cn_math_bank_1_12,local-pdf: 尖子生高分题库9年级.pdf; 九年级：二次函数与综合应用,Honors,Algebra Readiness,cn_quadratic_solving,factor_structure;operation_selection,110,Original-equivalent Chinese item generated from local scanned book coverage signals. OCR sample available under datasets/textbooks/jianzisheng-bank-1-12/ocr-samples. No full textbook exercise text is reproduced.,zh,CN,CN,中文校内,初中,production
cn_jzs_g9-quadratics_004,解方程：x^2 - 13x + 36 = 0。,"4,9",multiple_choice,"A:5,8|B:36,13|C:4,9|D:-4,-9|E:13,36",4,alg_quadratics;alg_factoring,quadratic_solving;factor_pair_reasoning,quadratic_factor_pattern;root_finding,sign_error;factor_pair_error,寻找两个数，和为 13、积为 36，它们是 4 和 9，所以方程根为 x = 4 或 x = 9。,CN Junior High Math,函数与方程,cn-junior-g9-quadratics,九年级：二次函数与综合应用,13563,jianzisheng_cn_math_bank_1_12,local-pdf: 尖子生高分题库9年级.pdf; 九年级：二次函数与综合应用,Honors,Algebra Readiness,cn_quadratic_solving,factor_structure;operation_selection,110,Original-equivalent Chinese item generated from local scanned book coverage signals. OCR sample available under datasets/textbooks/jianzisheng-bank-1-12/ocr-samples. No full textbook exercise text is reproduced.,zh,CN,CN,中文校内,初中,production
cn_jzs_g9-quadratics_005,解方程：x^2 - 12x + 35 = 0。,"5,7",multiple_choice,"A:35,12|B:5,7|C:-5,-7|D:12,35|E:6,6",4,alg_quadratics;alg_factoring,quadratic_solving;factor_pair_reasoning,quadratic_factor_pattern;root_finding,sign_error;factor_pair_error,寻找两个数，和为 12、积为 35，它们是 5 和 7，所以方程根为 x = 5 或 x = 7。,CN Junior High Math,函数与方程,cn-junior-g9-quadratics,九年级：二次函数与综合应用,13564,jianzisheng_cn_math_bank_1_12,local-pdf: 尖子生高分题库9年级.pdf; 九年级：二次函数与综合应用,Honors,Algebra Readiness,cn_quadratic_solving,factor_structure;operation_selection,110,Original-equivalent Chinese item generated from local scanned book coverage signals. OCR sample available under datasets/textbooks/jianzisheng-bank-1-12/ocr-samples. No full textbook exercise text is reproduced.,zh,CN,CN,中文校内,初中,production
cn_jzs_g9-quadratics_006,解方程：x^2 - 15x + 54 = 0。,"6,9",multiple_choice,"A:6,9|B:-6,-9|C:15,54|D:7,8|E:54,15",4,alg_quadratics;alg_factoring,quadratic_solving;factor_pair_reasoning,quadratic_factor_pattern;root_finding,sign_error;factor_pair_error,寻找两个数，和为 15、积为 54，它们是 6 和 9，所以方程根为 x = 6 或 x = 9。,CN Junior High Math,函数与方程,cn-junior-g9-quadratics,九年级：二次函数与综合应用,13565,jianzisheng_cn_math_bank_1_12,local-pdf: 尖子生高分题库9年级.pdf; 九年级：二次函数与综合应用,Honors,Algebra Readiness,cn_quadratic_solving,factor_structure;operation_selection,110,Original-equivalent Chinese item generated from local scanned book coverage signals. OCR sample available under datasets/textbooks/jianzisheng-bank-1-12/ocr-samples. No full textbook exercise text is reproduced.,zh,CN,CN,中文校内,初中,production
cn_jzs_g9-quadratics_007,解方程：x^2 - 18x + 77 = 0。,"7,11",multiple_choice,"A:-7,-11|B:18,77|C:8,10|D:77,18|E:7,11",4,alg_quadratics;alg_factoring,quadratic_solving;factor_pair_reasoning,quadratic_factor_pattern;root_finding,sign_error;factor_pair_error,寻找两个数，和为 18、积为 77，它们是 7 和 11，所以方程根为 x = 7 或 x = 11。,CN Junior High Math,函数与方程,cn-junior-g9-quadratics,九年级：二次函数与综合应用,13566,jianzisheng_cn_math_bank_1_12,local-pdf: 尖子生高分题库9年级.pdf; 九年级：二次函数与综合应用,Honors,Algebra Readiness,cn_quadratic_solving,factor_structure;operation_selection,110,Original-equivalent Chinese item generated from local scanned book coverage signals. OCR sample available under datasets/textbooks/jianzisheng-bank-1-12/ocr-samples. No full textbook exercise text is reproduced.,zh,CN,CN,中文校内,初中,production
cn_jzs_g9-quadratics_008,解方程：x^2 - 7x + 6 = 0。,"1,6",multiple_choice,"A:7,6|B:2,5|C:6,7|D:1,6|E:-1,-6",4,alg_quadratics;alg_factoring,quadratic_solving;factor_pair_reasoning,quadratic_factor_pattern;root_finding,sign_error;factor_pair_error,寻找两个数，和为 7、积为 6，它们是 1 和 6，所以方程根为 x = 1 或 x = 6。,CN Junior High Math,函数与方程,cn-junior-g9-quadratics,九年级：二次函数与综合应用,13567,jianzisheng_cn_math_bank_1_12,local-pdf: 尖子生高分题库9年级.pdf; 九年级：二次函数与综合应用,Honors,Algebra Readiness,cn_quadratic_solving,factor_structure;operation_selection,110,Original-equivalent Chinese item generated from local scanned book coverage signals. OCR sample available under datasets/textbooks/jianzisheng-bank-1-12/ocr-samples. No full textbook exercise text is reproduced.,zh,CN,CN,中文校内,初中,production
cn_jzs_g9-quadratics_009,解方程：x^2 - 6x + 8 = 0。,"2,4",multiple_choice,"A:3,3|B:8,6|C:2,4|D:-2,-4|E:6,8",4,alg_quadratics;alg_factoring,quadratic_solving;factor_pair_reasoning,quadratic_factor_pattern;root_finding,sign_error;factor_pair_error,寻找两个数，和为 6、积为 8，它们是 2 和 4，所以方程根为 x = 2 或 x = 4。,CN Junior High Math,函数与方程,cn-junior-g9-quadratics,九年级：二次函数与综合应用,13568,jianzisheng_cn_math_bank_1_12,local-pdf: 尖子生高分题库9年级.pdf; 九年级：二次函数与综合应用,Honors,Algebra Readiness,cn_quadratic_solving,factor_structure;operation_selection,110,Original-equivalent Chinese item generated from local scanned book coverage signals. OCR sample available under datasets/textbooks/jianzisheng-bank-1-12/ocr-samples. No full textbook exercise text is reproduced.,zh,CN,CN,中文校内,初中,production
cn_jzs_g9-quadratics_010,解方程：x^2 - 9x + 18 = 0。,"3,6",multiple_choice,"A:18,9|B:3,6|C:-3,-6|D:9,18|E:4,5",4,alg_quadratics;alg_factoring,quadratic_solving;factor_pair_reasoning,quadratic_factor_pattern;root_finding,sign_error;factor_pair_error,寻找两个数，和为 9、积为 18，它们是 3 和 6，所以方程根为 x = 3 或 x = 6。,CN Junior High Math,函数与方程,cn-junior-g9-quadratics,九年级：二次函数与综合应用,13569,jianzisheng_cn_math_bank_1_12,local-pdf: 尖子生高分题库9年级.pdf; 九年级：二次函数与综合应用,Honors,Algebra Readiness,cn_quadratic_solving,factor_structure;operation_selection,110,Original-equivalent Chinese item generated from local scanned book coverage signals. OCR sample available under datasets/textbooks/jianzisheng-bank-1-12/ocr-samples. No full textbook exercise text is reproduced.,zh,CN,CN,中文校内,初中,production
cn_jzs_g9-quadratics_011,解方程：x^2 - 12x + 32 = 0。,"4,8",multiple_choice,"A:4,8|B:-4,-8|C:12,32|D:5,7|E:32,12",4,alg_quadratics;alg_factoring,quadratic_solving;factor_pair_reasoning,quadratic_factor_pattern;root_finding,sign_error;factor_pair_error,寻找两个数，和为 12、积为 32，它们是 4 和 8，所以方程根为 x = 4 或 x = 8。,CN Junior High Math,函数与方程,cn-junior-g9-quadratics,九年级：二次函数与综合应用,13570,jianzisheng_cn_math_bank_1_12,local-pdf: 尖子生高分题库9年级.pdf; 九年级：二次函数与综合应用,Honors,Algebra Readiness,cn_quadratic_solving,factor_structure;operation_selection,110,Original-equivalent Chinese item generated from local scanned book coverage signals. OCR sample available under datasets/textbooks/jianzisheng-bank-1-12/ocr-samples. No full textbook exercise text is reproduced.,zh,CN,CN,中文校内,初中,production
cn_jzs_g9-quadratics_012,解方程：x^2 - 15x + 50 = 0。,"5,10",multiple_choice,"A:-5,-10|B:15,50|C:6,9|D:50,15|E:5,10",4,alg_quadratics;alg_factoring,quadratic_solving;factor_pair_reasoning,quadratic_factor_pattern;root_finding,sign_error;factor_pair_error,寻找两个数，和为 15、积为 50，它们是 5 和 10，所以方程根为 x = 5 或 x = 10。,CN Junior High Math,函数与方程,cn-junior-g9-quadratics,九年级：二次函数与综合应用,13571,jianzisheng_cn_math_bank_1_12,local-pdf: 尖子生高分题库9年级.pdf; 九年级：二次函数与综合应用,Honors,Algebra Readiness,cn_quadratic_solving,factor_structure;operation_selection,110,Original-equivalent Chinese item generated from local scanned book coverage signals. OCR sample available under datasets/textbooks/jianzisheng-bank-1-12/ocr-samples. No full textbook exercise text is reproduced.,zh,CN,CN,中文校内,初中,production
cn_jzs_g9-quadratics_013,解方程：x^2 - 14x + 48 = 0。,"6,8",multiple_choice,"A:14,48|B:7,7|C:48,14|D:6,8|E:-6,-8",4,alg_quadratics;alg_factoring,quadratic_solving;factor_pair_reasoning,quadratic_factor_pattern;root_finding,sign_error;factor_pair_error,寻找两个数，和为 14、积为 48，它们是 6 和 8，所以方程根为 x = 6 或 x = 8。,CN Junior High Math,函数与方程,cn-junior-g9-quadratics,九年级：二次函数与综合应用,13572,jianzisheng_cn_math_bank_1_12,local-pdf: 尖子生高分题库9年级.pdf; 九年级：二次函数与综合应用,Honors,Algebra Readiness,cn_quadratic_solving,factor_structure;operation_selection,110,Original-equivalent Chinese item generated from local scanned book coverage signals. OCR sample available under datasets/textbooks/jianzisheng-bank-1-12/ocr-samples. No full textbook exercise text is reproduced.,zh,CN,CN,中文校内,初中,production
cn_jzs_g9-quadratics_014,解方程：x^2 - 17x + 70 = 0。,"7,10",multiple_choice,"A:8,9|B:70,17|C:7,10|D:-7,-10|E:17,70",4,alg_quadratics;alg_factoring,quadratic_solving;factor_pair_reasoning,quadratic_factor_pattern;root_finding,sign_error;factor_pair_error,寻找两个数，和为 17、积为 70，它们是 7 和 10，所以方程根为 x = 7 或 x = 10。,CN Junior High Math,函数与方程,cn-junior-g9-quadratics,九年级：二次函数与综合应用,13573,jianzisheng_cn_math_bank_1_12,local-pdf: 尖子生高分题库9年级.pdf; 九年级：二次函数与综合应用,Honors,Algebra Readiness,cn_quadratic_solving,factor_structure;operation_selection,110,Original-equivalent Chinese item generated from local scanned book coverage signals. OCR sample available under datasets/textbooks/jianzisheng-bank-1-12/ocr-samples. No full textbook exercise text is reproduced.,zh,CN,CN,中文校内,初中,production
cn_jzs_g9-quadratics_015,解方程：x^2 - 6x + 5 = 0。,"1,5",multiple_choice,"A:5,6|B:1,5|C:-1,-5|D:6,5|E:2,4",4,alg_quadratics;alg_factoring,quadratic_solving;factor_pair_reasoning,quadratic_factor_pattern;root_finding,sign_error;factor_pair_error,寻找两个数，和为 6、积为 5，它们是 1 和 5，所以方程根为 x = 1 或 x = 5。,CN Junior High Math,函数与方程,cn-junior-g9-quadratics,九年级：二次函数与综合应用,13574,jianzisheng_cn_math_bank_1_12,local-pdf: 尖子生高分题库9年级.pdf; 九年级：二次函数与综合应用,Honors,Algebra Readiness,cn_quadratic_solving,factor_structure;operation_selection,110,Original-equivalent Chinese item generated from local scanned book coverage signals. OCR sample available under datasets/textbooks/jianzisheng-bank-1-12/ocr-samples. No full textbook exercise text is reproduced.,zh,CN,CN,中文校内,初中,production
cn_jzs_g9-quadratics_016,解方程：x^2 - 9x + 14 = 0。,"2,7",multiple_choice,"A:2,7|B:-2,-7|C:9,14|D:3,6|E:14,9",4,alg_quadratics;alg_factoring,quadratic_solving;factor_pair_reasoning,quadratic_factor_pattern;root_finding,sign_error;factor_pair_error,寻找两个数，和为 9、积为 14，它们是 2 和 7，所以方程根为 x = 2 或 x = 7。,CN Junior High Math,函数与方程,cn-junior-g9-quadratics,九年级：二次函数与综合应用,13575,jianzisheng_cn_math_bank_1_12,local-pdf: 尖子生高分题库9年级.pdf; 九年级：二次函数与综合应用,Honors,Algebra Readiness,cn_quadratic_solving,factor_structure;operation_selection,110,Original-equivalent Chinese item generated from local scanned book coverage signals. OCR sample available under datasets/textbooks/jianzisheng-bank-1-12/ocr-samples. No full textbook exercise text is reproduced.,zh,CN,CN,中文校内,初中,production
cn_jzs_g9-quadratics_017,解方程：x^2 - 8x + 15 = 0。,"3,5",multiple_choice,"A:-3,-5|B:8,15|C:4,4|D:15,8|E:3,5",4,alg_quadratics;alg_factoring,quadratic_solving;factor_pair_reasoning,quadratic_factor_pattern;root_finding,sign_error;factor_pair_error,寻找两个数，和为 8、积为 15，它们是 3 和 5，所以方程根为 x = 3 或 x = 5。,CN Junior High Math,函数与方程,cn-junior-g9-quadratics,九年级：二次函数与综合应用,13576,jianzisheng_cn_math_bank_1_12,local-pdf: 尖子生高分题库9年级.pdf; 九年级：二次函数与综合应用,Honors,Algebra Readiness,cn_quadratic_solving,factor_structure;operation_selection,110,Original-equivalent Chinese item generated from local scanned book coverage signals. OCR sample available under datasets/textbooks/jianzisheng-bank-1-12/ocr-samples. No full textbook exercise text is reproduced.,zh,CN,CN,中文校内,初中,production
cn_jzs_g9-quadratics_018,解方程：x^2 - 11x + 28 = 0。,"4,7",multiple_choice,"A:11,28|B:5,6|C:28,11|D:4,7|E:-4,-7",4,alg_quadratics;alg_factoring,quadratic_solving;factor_pair_reasoning,quadratic_factor_pattern;root_finding,sign_error;factor_pair_error,寻找两个数，和为 11、积为 28，它们是 4 和 7，所以方程根为 x = 4 或 x = 7。,CN Junior High Math,函数与方程,cn-junior-g9-quadratics,九年级：二次函数与综合应用,13577,jianzisheng_cn_math_bank_1_12,local-pdf: 尖子生高分题库9年级.pdf; 九年级：二次函数与综合应用,Honors,Algebra Readiness,cn_quadratic_solving,factor_structure;operation_selection,110,Original-equivalent Chinese item generated from local scanned book coverage signals. OCR sample available under datasets/textbooks/jianzisheng-bank-1-12/ocr-samples. No full textbook exercise text is reproduced.,zh,CN,CN,中文校内,初中,production
cn_jzs_g9-quadratics_019,解方程：x^2 - 14x + 45 = 0。,"5,9",multiple_choice,"A:6,8|B:45,14|C:5,9|D:-5,-9|E:14,45",4,alg_quadratics;alg_factoring,quadratic_solving;factor_pair_reasoning,quadratic_factor_pattern;root_finding,sign_error;factor_pair_error,寻找两个数，和为 14、积为 45，它们是 5 和 9，所以方程根为 x = 5 或 x = 9。,CN Junior High Math,函数与方程,cn-junior-g9-quadratics,九年级：二次函数与综合应用,13578,jianzisheng_cn_math_bank_1_12,local-pdf: 尖子生高分题库9年级.pdf; 九年级：二次函数与综合应用,Honors,Algebra Readiness,cn_quadratic_solving,factor_structure;operation_selection,110,Original-equivalent Chinese item generated from local scanned book coverage signals. OCR sample available under datasets/textbooks/jianzisheng-bank-1-12/ocr-samples. No full textbook exercise text is reproduced.,zh,CN,CN,中文校内,初中,production
cn_jzs_g9-quadratics_020,解方程：x^2 - 17x + 66 = 0。,"6,11",multiple_choice,"A:66,17|B:6,11|C:-6,-11|D:17,66|E:7,10",4,alg_quadratics;alg_factoring,quadratic_solving;factor_pair_reasoning,quadratic_factor_pattern;root_finding,sign_error;factor_pair_error,寻找两个数，和为 17、积为 66，它们是 6 和 11，所以方程根为 x = 6 或 x = 11。,CN Junior High Math,函数与方程,cn-junior-g9-quadratics,九年级：二次函数与综合应用,13579,jianzisheng_cn_math_bank_1_12,local-pdf: 尖子生高分题库9年级.pdf; 九年级：二次函数与综合应用,Honors,Algebra Readiness,cn_quadratic_solving,factor_structure;operation_selection,110,Original-equivalent Chinese item generated from local scanned book coverage signals. OCR sample available under datasets/textbooks/jianzisheng-bank-1-12/ocr-samples. No full textbook exercise text is reproduced.,zh,CN,CN,中文校内,初中,production
cn_jzs_g10-functions_001,已知函数 f(x) = 2x + 1，求 f(1)。,3,multiple_choice,A:3|B:4|C:2|D:5|E:8,3,alg_functions;prealg_substitution,function_evaluation;substitution,input_output_mapping;linear_function_evaluation,variable_meaning_error;operation_order_error,把 x = 1 代入，f(1) = 2 x 1 + 1 = 3。,CN Senior High Math,函数基础,cn-senior-g10-functions,高一：集合、函数与基本初等函数,13630,jianzisheng_cn_math_bank_1_12,local-pdf: 尖子生高分题库高一.pdf; 高一：集合、函数与基本初等函数,Standard,Algebra Readiness,cn_function_evaluation,input_output_mapping;symbol_evaluation,90,Original-equivalent Chinese item generated from local scanned book coverage signals. OCR sample available under datasets/textbooks/jianzisheng-bank-1-12/ocr-samples. No full textbook exercise text is reproduced.,zh,CN,CN,中文校内,高中,production
cn_jzs_g10-functions_002,已知函数 f(x) = 3x + 2，求 f(2)。,8,multiple_choice,A:7|B:12|C:6|D:11|E:8,3,alg_functions;prealg_substitution,function_evaluation;substitution,input_output_mapping;linear_function_evaluation,variable_meaning_error;operation_order_error,把 x = 2 代入，f(2) = 3 x 2 + 2 = 8。,CN Senior High Math,函数基础,cn-senior-g10-functions,高一：集合、函数与基本初等函数,13631,jianzisheng_cn_math_bank_1_12,local-pdf: 尖子生高分题库高一.pdf; 高一：集合、函数与基本初等函数,Standard,Algebra Readiness,cn_function_evaluation,input_output_mapping;symbol_evaluation,90,Original-equivalent Chinese item generated from local scanned book coverage signals. OCR sample available under datasets/textbooks/jianzisheng-bank-1-12/ocr-samples. No full textbook exercise text is reproduced.,zh,CN,CN,中文校内,高中,production
cn_jzs_g10-functions_003,已知函数 f(x) = 4x + 3，求 f(3)。,15,multiple_choice,A:24|B:12|C:19|D:15|E:10,3,alg_functions;prealg_substitution,function_evaluation;substitution,input_output_mapping;linear_function_evaluation,variable_meaning_error;operation_order_error,把 x = 3 代入，f(3) = 4 x 3 + 3 = 15。,CN Senior High Math,函数基础,cn-senior-g10-functions,高一：集合、函数与基本初等函数,13632,jianzisheng_cn_math_bank_1_12,local-pdf: 尖子生高分题库高一.pdf; 高一：集合、函数与基本初等函数,Standard,Algebra Readiness,cn_function_evaluation,input_output_mapping;symbol_evaluation,90,Original-equivalent Chinese item generated from local scanned book coverage signals. OCR sample available under datasets/textbooks/jianzisheng-bank-1-12/ocr-samples. No full textbook exercise text is reproduced.,zh,CN,CN,中文校内,高中,production
cn_jzs_g10-functions_004,已知函数 f(x) = 5x + 4，求 f(4)。,24,multiple_choice,A:20|B:29|C:24|D:13|E:40,3,alg_functions;prealg_substitution,function_evaluation;substitution,input_output_mapping;linear_function_evaluation,variable_meaning_error;operation_order_error,把 x = 4 代入，f(4) = 5 x 4 + 4 = 24。,CN Senior High Math,函数基础,cn-senior-g10-functions,高一：集合、函数与基本初等函数,13633,jianzisheng_cn_math_bank_1_12,local-pdf: 尖子生高分题库高一.pdf; 高一：集合、函数与基本初等函数,Standard,Algebra Readiness,cn_function_evaluation,input_output_mapping;symbol_evaluation,90,Original-equivalent Chinese item generated from local scanned book coverage signals. OCR sample available under datasets/textbooks/jianzisheng-bank-1-12/ocr-samples. No full textbook exercise text is reproduced.,zh,CN,CN,中文校内,高中,production
cn_jzs_g10-functions_005,已知函数 f(x) = 2x + 5，求 f(5)。,15,multiple_choice,A:17|B:15|C:12|D:20|E:10,3,alg_functions;prealg_substitution,function_evaluation;substitution,input_output_mapping;linear_function_evaluation,variable_meaning_error;operation_order_error,把 x = 5 代入，f(5) = 2 x 5 + 5 = 15。,CN Senior High Math,函数基础,cn-senior-g10-functions,高一：集合、函数与基本初等函数,13634,jianzisheng_cn_math_bank_1_12,local-pdf: 尖子生高分题库高一.pdf; 高一：集合、函数与基本初等函数,Standard,Algebra Readiness,cn_function_evaluation,input_output_mapping;symbol_evaluation,90,Original-equivalent Chinese item generated from local scanned book coverage signals. OCR sample available under datasets/textbooks/jianzisheng-bank-1-12/ocr-samples. No full textbook exercise text is reproduced.,zh,CN,CN,中文校内,高中,production
cn_jzs_g10-functions_006,已知函数 f(x) = 3x + 6，求 f(6)。,24,multiple_choice,A:24|B:15|C:36|D:18|E:27,3,alg_functions;prealg_substitution,function_evaluation;substitution,input_output_mapping;linear_function_evaluation,variable_meaning_error;operation_order_error,把 x = 6 代入，f(6) = 3 x 6 + 6 = 24。,CN Senior High Math,函数基础,cn-senior-g10-functions,高一：集合、函数与基本初等函数,13635,jianzisheng_cn_math_bank_1_12,local-pdf: 尖子生高分题库高一.pdf; 高一：集合、函数与基本初等函数,Standard,Algebra Readiness,cn_function_evaluation,input_output_mapping;symbol_evaluation,90,Original-equivalent Chinese item generated from local scanned book coverage signals. OCR sample available under datasets/textbooks/jianzisheng-bank-1-12/ocr-samples. No full textbook exercise text is reproduced.,zh,CN,CN,中文校内,高中,production
cn_jzs_g10-functions_007,已知函数 f(x) = 4x + 7，求 f(7)。,35,multiple_choice,A:18|B:56|C:28|D:39|E:35,3,alg_functions;prealg_substitution,function_evaluation;substitution,input_output_mapping;linear_function_evaluation,variable_meaning_error;operation_order_error,把 x = 7 代入，f(7) = 4 x 7 + 7 = 35。,CN Senior High Math,函数基础,cn-senior-g10-functions,高一：集合、函数与基本初等函数,13636,jianzisheng_cn_math_bank_1_12,local-pdf: 尖子生高分题库高一.pdf; 高一：集合、函数与基本初等函数,Standard,Algebra Readiness,cn_function_evaluation,input_output_mapping;symbol_evaluation,90,Original-equivalent Chinese item generated from local scanned book coverage signals. OCR sample available under datasets/textbooks/jianzisheng-bank-1-12/ocr-samples. No full textbook exercise text is reproduced.,zh,CN,CN,中文校内,高中,production
cn_jzs_g10-functions_008,已知函数 f(x) = 5x + 1，求 f(8)。,41,multiple_choice,A:45|B:40|C:46|D:41|E:14,3,alg_functions;prealg_substitution,function_evaluation;substitution,input_output_mapping;linear_function_evaluation,variable_meaning_error;operation_order_error,把 x = 8 代入，f(8) = 5 x 8 + 1 = 41。,CN Senior High Math,函数基础,cn-senior-g10-functions,高一：集合、函数与基本初等函数,13637,jianzisheng_cn_math_bank_1_12,local-pdf: 尖子生高分题库高一.pdf; 高一：集合、函数与基本初等函数,Standard,Algebra Readiness,cn_function_evaluation,input_output_mapping;symbol_evaluation,90,Original-equivalent Chinese item generated from local scanned book coverage signals. OCR sample available under datasets/textbooks/jianzisheng-bank-1-12/ocr-samples. No full textbook exercise text is reproduced.,zh,CN,CN,中文校内,高中,production
cn_jzs_g10-functions_009,已知函数 f(x) = 2x + 2，求 f(9)。,20,multiple_choice,A:18|B:25|C:20|D:13|E:22,3,alg_functions;prealg_substitution,function_evaluation;substitution,input_output_mapping;linear_function_evaluation,variable_meaning_error;operation_order_error,把 x = 9 代入，f(9) = 2 x 9 + 2 = 20。,CN Senior High Math,函数基础,cn-senior-g10-functions,高一：集合、函数与基本初等函数,13638,jianzisheng_cn_math_bank_1_12,local-pdf: 尖子生高分题库高一.pdf; 高一：集合、函数与基本初等函数,Standard,Algebra Readiness,cn_function_evaluation,input_output_mapping;symbol_evaluation,90,Original-equivalent Chinese item generated from local scanned book coverage signals. OCR sample available under datasets/textbooks/jianzisheng-bank-1-12/ocr-samples. No full textbook exercise text is reproduced.,zh,CN,CN,中文校内,高中,production
cn_jzs_g10-functions_010,已知函数 f(x) = 3x + 3，求 f(10)。,33,multiple_choice,A:36|B:33|C:16|D:39|E:30,3,alg_functions;prealg_substitution,function_evaluation;substitution,input_output_mapping;linear_function_evaluation,variable_meaning_error;operation_order_error,把 x = 10 代入，f(10) = 3 x 10 + 3 = 33。,CN Senior High Math,函数基础,cn-senior-g10-functions,高一：集合、函数与基本初等函数,13639,jianzisheng_cn_math_bank_1_12,local-pdf: 尖子生高分题库高一.pdf; 高一：集合、函数与基本初等函数,Standard,Algebra Readiness,cn_function_evaluation,input_output_mapping;symbol_evaluation,90,Original-equivalent Chinese item generated from local scanned book coverage signals. OCR sample available under datasets/textbooks/jianzisheng-bank-1-12/ocr-samples. No full textbook exercise text is reproduced.,zh,CN,CN,中文校内,高中,production
cn_jzs_g10-functions_011,已知函数 f(x) = 4x + 4，求 f(11)。,48,multiple_choice,A:48|B:19|C:60|D:44|E:52,3,alg_functions;prealg_substitution,function_evaluation;substitution,input_output_mapping;linear_function_evaluation,variable_meaning_error;operation_order_error,把 x = 11 代入，f(11) = 4 x 11 + 4 = 48。,CN Senior High Math,函数基础,cn-senior-g10-functions,高一：集合、函数与基本初等函数,13640,jianzisheng_cn_math_bank_1_12,local-pdf: 尖子生高分题库高一.pdf; 高一：集合、函数与基本初等函数,Standard,Algebra Readiness,cn_function_evaluation,input_output_mapping;symbol_evaluation,90,Original-equivalent Chinese item generated from local scanned book coverage signals. OCR sample available under datasets/textbooks/jianzisheng-bank-1-12/ocr-samples. No full textbook exercise text is reproduced.,zh,CN,CN,中文校内,高中,production
cn_jzs_g10-functions_012,已知函数 f(x) = 5x + 5，求 f(12)。,65,multiple_choice,A:22|B:85|C:60|D:70|E:65,3,alg_functions;prealg_substitution,function_evaluation;substitution,input_output_mapping;linear_function_evaluation,variable_meaning_error;operation_order_error,把 x = 12 代入，f(12) = 5 x 12 + 5 = 65。,CN Senior High Math,函数基础,cn-senior-g10-functions,高一：集合、函数与基本初等函数,13641,jianzisheng_cn_math_bank_1_12,local-pdf: 尖子生高分题库高一.pdf; 高一：集合、函数与基本初等函数,Standard,Algebra Readiness,cn_function_evaluation,input_output_mapping;symbol_evaluation,90,Original-equivalent Chinese item generated from local scanned book coverage signals. OCR sample available under datasets/textbooks/jianzisheng-bank-1-12/ocr-samples. No full textbook exercise text is reproduced.,zh,CN,CN,中文校内,高中,production
cn_jzs_g10-functions_013,已知函数 f(x) = 2x + 6，求 f(13)。,32,multiple_choice,A:38|B:26|C:34|D:32|E:21,3,alg_functions;prealg_substitution,function_evaluation;substitution,input_output_mapping;linear_function_evaluation,variable_meaning_error;operation_order_error,把 x = 13 代入，f(13) = 2 x 13 + 6 = 32。,CN Senior High Math,函数基础,cn-senior-g10-functions,高一：集合、函数与基本初等函数,13642,jianzisheng_cn_math_bank_1_12,local-pdf: 尖子生高分题库高一.pdf; 高一：集合、函数与基本初等函数,Standard,Algebra Readiness,cn_function_evaluation,input_output_mapping;symbol_evaluation,90,Original-equivalent Chinese item generated from local scanned book coverage signals. OCR sample available under datasets/textbooks/jianzisheng-bank-1-12/ocr-samples. No full textbook exercise text is reproduced.,zh,CN,CN,中文校内,高中,production
cn_jzs_g10-functions_014,已知函数 f(x) = 3x + 7，求 f(14)。,49,multiple_choice,A:42|B:52|C:49|D:24|E:63,3,alg_functions;prealg_substitution,function_evaluation;substitution,input_output_mapping;linear_function_evaluation,variable_meaning_error;operation_order_error,把 x = 14 代入，f(14) = 3 x 14 + 7 = 49。,CN Senior High Math,函数基础,cn-senior-g10-functions,高一：集合、函数与基本初等函数,13643,jianzisheng_cn_math_bank_1_12,local-pdf: 尖子生高分题库高一.pdf; 高一：集合、函数与基本初等函数,Standard,Algebra Readiness,cn_function_evaluation,input_output_mapping;symbol_evaluation,90,Original-equivalent Chinese item generated from local scanned book coverage signals. OCR sample available under datasets/textbooks/jianzisheng-bank-1-12/ocr-samples. No full textbook exercise text is reproduced.,zh,CN,CN,中文校内,高中,production
cn_jzs_g10-functions_015,已知函数 f(x) = 4x + 1，求 f(15)。,61,multiple_choice,A:65|B:61|C:20|D:64|E:60,3,alg_functions;prealg_substitution,function_evaluation;substitution,input_output_mapping;linear_function_evaluation,variable_meaning_error;operation_order_error,把 x = 15 代入，f(15) = 4 x 15 + 1 = 61。,CN Senior High Math,函数基础,cn-senior-g10-functions,高一：集合、函数与基本初等函数,13644,jianzisheng_cn_math_bank_1_12,local-pdf: 尖子生高分题库高一.pdf; 高一：集合、函数与基本初等函数,Standard,Algebra Readiness,cn_function_evaluation,input_output_mapping;symbol_evaluation,90,Original-equivalent Chinese item generated from local scanned book coverage signals. OCR sample available under datasets/textbooks/jianzisheng-bank-1-12/ocr-samples. No full textbook exercise text is reproduced.,zh,CN,CN,中文校内,高中,production
cn_jzs_g10-functions_016,已知函数 f(x) = 5x + 2，求 f(16)。,82,multiple_choice,A:82|B:23|C:90|D:80|E:87,3,alg_functions;prealg_substitution,function_evaluation;substitution,input_output_mapping;linear_function_evaluation,variable_meaning_error;operation_order_error,把 x = 16 代入，f(16) = 5 x 16 + 2 = 82。,CN Senior High Math,函数基础,cn-senior-g10-functions,高一：集合、函数与基本初等函数,13645,jianzisheng_cn_math_bank_1_12,local-pdf: 尖子生高分题库高一.pdf; 高一：集合、函数与基本初等函数,Standard,Algebra Readiness,cn_function_evaluation,input_output_mapping;symbol_evaluation,90,Original-equivalent Chinese item generated from local scanned book coverage signals. OCR sample available under datasets/textbooks/jianzisheng-bank-1-12/ocr-samples. No full textbook exercise text is reproduced.,zh,CN,CN,中文校内,高中,production
cn_jzs_g10-functions_017,已知函数 f(x) = 2x + 3，求 f(17)。,37,multiple_choice,A:22|B:40|C:34|D:39|E:37,3,alg_functions;prealg_substitution,function_evaluation;substitution,input_output_mapping;linear_function_evaluation,variable_meaning_error;operation_order_error,把 x = 17 代入，f(17) = 2 x 17 + 3 = 37。,CN Senior High Math,函数基础,cn-senior-g10-functions,高一：集合、函数与基本初等函数,13646,jianzisheng_cn_math_bank_1_12,local-pdf: 尖子生高分题库高一.pdf; 高一：集合、函数与基本初等函数,Standard,Algebra Readiness,cn_function_evaluation,input_output_mapping;symbol_evaluation,90,Original-equivalent Chinese item generated from local scanned book coverage signals. OCR sample available under datasets/textbooks/jianzisheng-bank-1-12/ocr-samples. No full textbook exercise text is reproduced.,zh,CN,CN,中文校内,高中,production
cn_jzs_g10-functions_018,已知函数 f(x) = 3x + 4，求 f(18)。,58,multiple_choice,A:66|B:54|C:61|D:58|E:25,3,alg_functions;prealg_substitution,function_evaluation;substitution,input_output_mapping;linear_function_evaluation,variable_meaning_error;operation_order_error,把 x = 18 代入，f(18) = 3 x 18 + 4 = 58。,CN Senior High Math,函数基础,cn-senior-g10-functions,高一：集合、函数与基本初等函数,13647,jianzisheng_cn_math_bank_1_12,local-pdf: 尖子生高分题库高一.pdf; 高一：集合、函数与基本初等函数,Standard,Algebra Readiness,cn_function_evaluation,input_output_mapping;symbol_evaluation,90,Original-equivalent Chinese item generated from local scanned book coverage signals. OCR sample available under datasets/textbooks/jianzisheng-bank-1-12/ocr-samples. No full textbook exercise text is reproduced.,zh,CN,CN,中文校内,高中,production
cn_jzs_g10-functions_019,已知函数 f(x) = 4x + 5，求 f(19)。,81,multiple_choice,A:76|B:85|C:81|D:28|E:96,3,alg_functions;prealg_substitution,function_evaluation;substitution,input_output_mapping;linear_function_evaluation,variable_meaning_error;operation_order_error,把 x = 19 代入，f(19) = 4 x 19 + 5 = 81。,CN Senior High Math,函数基础,cn-senior-g10-functions,高一：集合、函数与基本初等函数,13648,jianzisheng_cn_math_bank_1_12,local-pdf: 尖子生高分题库高一.pdf; 高一：集合、函数与基本初等函数,Standard,Algebra Readiness,cn_function_evaluation,input_output_mapping;symbol_evaluation,90,Original-equivalent Chinese item generated from local scanned book coverage signals. OCR sample available under datasets/textbooks/jianzisheng-bank-1-12/ocr-samples. No full textbook exercise text is reproduced.,zh,CN,CN,中文校内,高中,production
cn_jzs_g10-functions_020,已知函数 f(x) = 5x + 6，求 f(20)。,106,multiple_choice,A:111|B:106|C:31|D:130|E:100,3,alg_functions;prealg_substitution,function_evaluation;substitution,input_output_mapping;linear_function_evaluation,variable_meaning_error;operation_order_error,把 x = 20 代入，f(20) = 5 x 20 + 6 = 106。,CN Senior High Math,函数基础,cn-senior-g10-functions,高一：集合、函数与基本初等函数,13649,jianzisheng_cn_math_bank_1_12,local-pdf: 尖子生高分题库高一.pdf; 高一：集合、函数与基本初等函数,Standard,Algebra Readiness,cn_function_evaluation,input_output_mapping;symbol_evaluation,90,Original-equivalent Chinese item generated from local scanned book coverage signals. OCR sample available under datasets/textbooks/jianzisheng-bank-1-12/ocr-samples. No full textbook exercise text is reproduced.,zh,CN,CN,中文校内,高中,production
cn_jzs_g11-sequences_001,等差数列首项为 2，公差为 3，第 5 项是多少？,14,multiple_choice,A:14|B:17|C:13|D:11|E:19,4,alg_functions;arith_natural_numbers,sequence_formula;substitution,linear_growth;formula_application,off_by_one_error;formula_selection_error,等差数列第 n 项公式为 a_n = a_1 + (n - 1)d，所以 a_5 = 2 + (5 - 1) x 3 = 14。,CN Senior High Math,数列与模型,cn-senior-g11-sequences,高二：数列、不等式与解析几何,13700,jianzisheng_cn_math_bank_1_12,local-pdf: 尖子生高分题库高二.pdf; 高二：数列、不等式与解析几何,Honors,Algebra Readiness,cn_arithmetic_sequence,structure_recognition;symbol_evaluation,110,Original-equivalent Chinese item generated from local scanned book coverage signals. OCR sample available under datasets/textbooks/jianzisheng-bank-1-12/ocr-samples. No full textbook exercise text is reproduced.,zh,CN,CN,中文校内,高中,production
cn_jzs_g11-sequences_002,等差数列首项为 3，公差为 4，第 6 项是多少？,23,multiple_choice,A:27|B:22|C:19|D:28|E:23,4,alg_functions;arith_natural_numbers,sequence_formula;substitution,linear_growth;formula_application,off_by_one_error;formula_selection_error,等差数列第 n 项公式为 a_n = a_1 + (n - 1)d，所以 a_6 = 3 + (6 - 1) x 4 = 23。,CN Senior High Math,数列与模型,cn-senior-g11-sequences,高二：数列、不等式与解析几何,13701,jianzisheng_cn_math_bank_1_12,local-pdf: 尖子生高分题库高二.pdf; 高二：数列、不等式与解析几何,Honors,Algebra Readiness,cn_arithmetic_sequence,structure_recognition;symbol_evaluation,110,Original-equivalent Chinese item generated from local scanned book coverage signals. OCR sample available under datasets/textbooks/jianzisheng-bank-1-12/ocr-samples. No full textbook exercise text is reproduced.,zh,CN,CN,中文校内,高中,production
cn_jzs_g11-sequences_003,等差数列首项为 4，公差为 5，第 7 项是多少？,34,multiple_choice,A:33|B:29|C:39|D:34|E:39,4,alg_functions;arith_natural_numbers,sequence_formula;substitution,linear_growth;formula_application,off_by_one_error;formula_selection_error,等差数列第 n 项公式为 a_n = a_1 + (n - 1)d，所以 a_7 = 4 + (7 - 1) x 5 = 34。,CN Senior High Math,数列与模型,cn-senior-g11-sequences,高二：数列、不等式与解析几何,13702,jianzisheng_cn_math_bank_1_12,local-pdf: 尖子生高分题库高二.pdf; 高二：数列、不等式与解析几何,Honors,Algebra Readiness,cn_arithmetic_sequence,structure_recognition;symbol_evaluation,110,Original-equivalent Chinese item generated from local scanned book coverage signals. OCR sample available under datasets/textbooks/jianzisheng-bank-1-12/ocr-samples. No full textbook exercise text is reproduced.,zh,CN,CN,中文校内,高中,production
cn_jzs_g11-sequences_004,等差数列首项为 5，公差为 6，第 8 项是多少？,47,multiple_choice,A:41|B:52|C:47|D:53|E:46,4,alg_functions;arith_natural_numbers,sequence_formula;substitution,linear_growth;formula_application,off_by_one_error;formula_selection_error,等差数列第 n 项公式为 a_n = a_1 + (n - 1)d，所以 a_8 = 5 + (8 - 1) x 6 = 47。,CN Senior High Math,数列与模型,cn-senior-g11-sequences,高二：数列、不等式与解析几何,13703,jianzisheng_cn_math_bank_1_12,local-pdf: 尖子生高分题库高二.pdf; 高二：数列、不等式与解析几何,Honors,Algebra Readiness,cn_arithmetic_sequence,structure_recognition;symbol_evaluation,110,Original-equivalent Chinese item generated from local scanned book coverage signals. OCR sample available under datasets/textbooks/jianzisheng-bank-1-12/ocr-samples. No full textbook exercise text is reproduced.,zh,CN,CN,中文校内,高中,production
cn_jzs_g11-sequences_005,等差数列首项为 6，公差为 7，第 9 项是多少？,62,multiple_choice,A:67|B:62|C:69|D:61|E:55,4,alg_functions;arith_natural_numbers,sequence_formula;substitution,linear_growth;formula_application,off_by_one_error;formula_selection_error,等差数列第 n 项公式为 a_n = a_1 + (n - 1)d，所以 a_9 = 6 + (9 - 1) x 7 = 62。,CN Senior High Math,数列与模型,cn-senior-g11-sequences,高二：数列、不等式与解析几何,13704,jianzisheng_cn_math_bank_1_12,local-pdf: 尖子生高分题库高二.pdf; 高二：数列、不等式与解析几何,Honors,Algebra Readiness,cn_arithmetic_sequence,structure_recognition;symbol_evaluation,110,Original-equivalent Chinese item generated from local scanned book coverage signals. OCR sample available under datasets/textbooks/jianzisheng-bank-1-12/ocr-samples. No full textbook exercise text is reproduced.,zh,CN,CN,中文校内,高中,production
cn_jzs_g11-sequences_006,等差数列首项为 2，公差为 8，第 10 项是多少？,74,multiple_choice,A:74|B:82|C:28|D:66|E:79,4,alg_functions;arith_natural_numbers,sequence_formula;substitution,linear_growth;formula_application,off_by_one_error;formula_selection_error,等差数列第 n 项公式为 a_n = a_1 + (n - 1)d，所以 a_10 = 2 + (10 - 1) x 8 = 74。,CN Senior High Math,数列与模型,cn-senior-g11-sequences,高二：数列、不等式与解析几何,13705,jianzisheng_cn_math_bank_1_12,local-pdf: 尖子生高分题库高二.pdf; 高二：数列、不等式与解析几何,Honors,Algebra Readiness,cn_arithmetic_sequence,structure_recognition;symbol_evaluation,110,Original-equivalent Chinese item generated from local scanned book coverage signals. OCR sample available under datasets/textbooks/jianzisheng-bank-1-12/ocr-samples. No full textbook exercise text is reproduced.,zh,CN,CN,中文校内,高中,production
cn_jzs_g11-sequences_007,等差数列首项为 3，公差为 3，第 11 项是多少？,33,multiple_choice,A:36|B:30|C:37|D:38|E:33,4,alg_functions;arith_natural_numbers,sequence_formula;substitution,linear_growth;formula_application,off_by_one_error;formula_selection_error,等差数列第 n 项公式为 a_n = a_1 + (n - 1)d，所以 a_11 = 3 + (11 - 1) x 3 = 33。,CN Senior High Math,数列与模型,cn-senior-g11-sequences,高二：数列、不等式与解析几何,13706,jianzisheng_cn_math_bank_1_12,local-pdf: 尖子生高分题库高二.pdf; 高二：数列、不等式与解析几何,Honors,Algebra Readiness,cn_arithmetic_sequence,structure_recognition;symbol_evaluation,110,Original-equivalent Chinese item generated from local scanned book coverage signals. OCR sample available under datasets/textbooks/jianzisheng-bank-1-12/ocr-samples. No full textbook exercise text is reproduced.,zh,CN,CN,中文校内,高中,production
cn_jzs_g11-sequences_008,等差数列首项为 4，公差为 4，第 12 项是多少？,48,multiple_choice,A:44|B:52|C:53|D:48|E:52,4,alg_functions;arith_natural_numbers,sequence_formula;substitution,linear_growth;formula_application,off_by_one_error;formula_selection_error,等差数列第 n 项公式为 a_n = a_1 + (n - 1)d，所以 a_12 = 4 + (12 - 1) x 4 = 48。,CN Senior High Math,数列与模型,cn-senior-g11-sequences,高二：数列、不等式与解析几何,13707,jianzisheng_cn_math_bank_1_12,local-pdf: 尖子生高分题库高二.pdf; 高二：数列、不等式与解析几何,Honors,Algebra Readiness,cn_arithmetic_sequence,structure_recognition;symbol_evaluation,110,Original-equivalent Chinese item generated from local scanned book coverage signals. OCR sample available under datasets/textbooks/jianzisheng-bank-1-12/ocr-samples. No full textbook exercise text is reproduced.,zh,CN,CN,中文校内,高中,production
cn_jzs_g11-sequences_009,等差数列首项为 5，公差为 5，第 5 项是多少？,25,multiple_choice,A:29|B:30|C:25|D:30|E:20,4,alg_functions;arith_natural_numbers,sequence_formula;substitution,linear_growth;formula_application,off_by_one_error;formula_selection_error,等差数列第 n 项公式为 a_n = a_1 + (n - 1)d，所以 a_5 = 5 + (5 - 1) x 5 = 25。,CN Senior High Math,数列与模型,cn-senior-g11-sequences,高二：数列、不等式与解析几何,13708,jianzisheng_cn_math_bank_1_12,local-pdf: 尖子生高分题库高二.pdf; 高二：数列、不等式与解析几何,Honors,Algebra Readiness,cn_arithmetic_sequence,structure_recognition;symbol_evaluation,110,Original-equivalent Chinese item generated from local scanned book coverage signals. OCR sample available under datasets/textbooks/jianzisheng-bank-1-12/ocr-samples. No full textbook exercise text is reproduced.,zh,CN,CN,中文校内,高中,production
cn_jzs_g11-sequences_010,等差数列首项为 6，公差为 6，第 6 项是多少？,36,multiple_choice,A:41|B:36|C:42|D:30|E:40,4,alg_functions;arith_natural_numbers,sequence_formula;substitution,linear_growth;formula_application,off_by_one_error;formula_selection_error,等差数列第 n 项公式为 a_n = a_1 + (n - 1)d，所以 a_6 = 6 + (6 - 1) x 6 = 36。,CN Senior High Math,数列与模型,cn-senior-g11-sequences,高二：数列、不等式与解析几何,13709,jianzisheng_cn_math_bank_1_12,local-pdf: 尖子生高分题库高二.pdf; 高二：数列、不等式与解析几何,Honors,Algebra Readiness,cn_arithmetic_sequence,structure_recognition;symbol_evaluation,110,Original-equivalent Chinese item generated from local scanned book coverage signals. OCR sample available under datasets/textbooks/jianzisheng-bank-1-12/ocr-samples. No full textbook exercise text is reproduced.,zh,CN,CN,中文校内,高中,production
cn_jzs_g11-sequences_011,等差数列首项为 2，公差为 7，第 7 项是多少？,44,multiple_choice,A:44|B:51|C:21|D:37|E:49,4,alg_functions;arith_natural_numbers,sequence_formula;substitution,linear_growth;formula_application,off_by_one_error;formula_selection_error,等差数列第 n 项公式为 a_n = a_1 + (n - 1)d，所以 a_7 = 2 + (7 - 1) x 7 = 44。,CN Senior High Math,数列与模型,cn-senior-g11-sequences,高二：数列、不等式与解析几何,13710,jianzisheng_cn_math_bank_1_12,local-pdf: 尖子生高分题库高二.pdf; 高二：数列、不等式与解析几何,Honors,Algebra Readiness,cn_arithmetic_sequence,structure_recognition;symbol_evaluation,110,Original-equivalent Chinese item generated from local scanned book coverage signals. OCR sample available under datasets/textbooks/jianzisheng-bank-1-12/ocr-samples. No full textbook exercise text is reproduced.,zh,CN,CN,中文校内,高中,production
cn_jzs_g11-sequences_012,等差数列首项为 3，公差为 8，第 8 项是多少？,59,multiple_choice,A:67|B:32|C:51|D:64|E:59,4,alg_functions;arith_natural_numbers,sequence_formula;substitution,linear_growth;formula_application,off_by_one_error;formula_selection_error,等差数列第 n 项公式为 a_n = a_1 + (n - 1)d，所以 a_8 = 3 + (8 - 1) x 8 = 59。,CN Senior High Math,数列与模型,cn-senior-g11-sequences,高二：数列、不等式与解析几何,13711,jianzisheng_cn_math_bank_1_12,local-pdf: 尖子生高分题库高二.pdf; 高二：数列、不等式与解析几何,Honors,Algebra Readiness,cn_arithmetic_sequence,structure_recognition;symbol_evaluation,110,Original-equivalent Chinese item generated from local scanned book coverage signals. OCR sample available under datasets/textbooks/jianzisheng-bank-1-12/ocr-samples. No full textbook exercise text is reproduced.,zh,CN,CN,中文校内,高中,production
cn_jzs_g11-sequences_013,等差数列首项为 4，公差为 3，第 9 项是多少？,28,multiple_choice,A:39|B:25|C:33|D:28|E:31,4,alg_functions;arith_natural_numbers,sequence_formula;substitution,linear_growth;formula_application,off_by_one_error;formula_selection_error,等差数列第 n 项公式为 a_n = a_1 + (n - 1)d，所以 a_9 = 4 + (9 - 1) x 3 = 28。,CN Senior High Math,数列与模型,cn-senior-g11-sequences,高二：数列、不等式与解析几何,13712,jianzisheng_cn_math_bank_1_12,local-pdf: 尖子生高分题库高二.pdf; 高二：数列、不等式与解析几何,Honors,Algebra Readiness,cn_arithmetic_sequence,structure_recognition;symbol_evaluation,110,Original-equivalent Chinese item generated from local scanned book coverage signals. OCR sample available under datasets/textbooks/jianzisheng-bank-1-12/ocr-samples. No full textbook exercise text is reproduced.,zh,CN,CN,中文校内,高中,production
cn_jzs_g11-sequences_014,等差数列首项为 5，公差为 4，第 10 项是多少？,41,multiple_choice,A:37|B:46|C:41|D:45|E:54,4,alg_functions;arith_natural_numbers,sequence_formula;substitution,linear_growth;formula_application,off_by_one_error;formula_selection_error,等差数列第 n 项公式为 a_n = a_1 + (n - 1)d，所以 a_10 = 5 + (10 - 1) x 4 = 41。,CN Senior High Math,数列与模型,cn-senior-g11-sequences,高二：数列、不等式与解析几何,13713,jianzisheng_cn_math_bank_1_12,local-pdf: 尖子生高分题库高二.pdf; 高二：数列、不等式与解析几何,Honors,Algebra Readiness,cn_arithmetic_sequence,structure_recognition;symbol_evaluation,110,Original-equivalent Chinese item generated from local scanned book coverage signals. OCR sample available under datasets/textbooks/jianzisheng-bank-1-12/ocr-samples. No full textbook exercise text is reproduced.,zh,CN,CN,中文校内,高中,production
cn_jzs_g11-sequences_015,等差数列首项为 6，公差为 5，第 11 项是多少？,56,multiple_choice,A:61|B:56|C:61|D:71|E:51,4,alg_functions;arith_natural_numbers,sequence_formula;substitution,linear_growth;formula_application,off_by_one_error;formula_selection_error,等差数列第 n 项公式为 a_n = a_1 + (n - 1)d，所以 a_11 = 6 + (11 - 1) x 5 = 56。,CN Senior High Math,数列与模型,cn-senior-g11-sequences,高二：数列、不等式与解析几何,13714,jianzisheng_cn_math_bank_1_12,local-pdf: 尖子生高分题库高二.pdf; 高二：数列、不等式与解析几何,Honors,Algebra Readiness,cn_arithmetic_sequence,structure_recognition;symbol_evaluation,110,Original-equivalent Chinese item generated from local scanned book coverage signals. OCR sample available under datasets/textbooks/jianzisheng-bank-1-12/ocr-samples. No full textbook exercise text is reproduced.,zh,CN,CN,中文校内,高中,production
cn_jzs_g11-sequences_016,等差数列首项为 2，公差为 6，第 12 项是多少？,68,multiple_choice,A:68|B:74|C:30|D:62|E:73,4,alg_functions;arith_natural_numbers,sequence_formula;substitution,linear_growth;formula_application,off_by_one_error;formula_selection_error,等差数列第 n 项公式为 a_n = a_1 + (n - 1)d，所以 a_12 = 2 + (12 - 1) x 6 = 68。,CN Senior High Math,数列与模型,cn-senior-g11-sequences,高二：数列、不等式与解析几何,13715,jianzisheng_cn_math_bank_1_12,local-pdf: 尖子生高分题库高二.pdf; 高二：数列、不等式与解析几何,Honors,Algebra Readiness,cn_arithmetic_sequence,structure_recognition;symbol_evaluation,110,Original-equivalent Chinese item generated from local scanned book coverage signals. OCR sample available under datasets/textbooks/jianzisheng-bank-1-12/ocr-samples. No full textbook exercise text is reproduced.,zh,CN,CN,中文校内,高中,production
cn_jzs_g11-sequences_017,等差数列首项为 3，公差为 7，第 5 项是多少？,31,multiple_choice,A:38|B:22|C:24|D:36|E:31,4,alg_functions;arith_natural_numbers,sequence_formula;substitution,linear_growth;formula_application,off_by_one_error;formula_selection_error,等差数列第 n 项公式为 a_n = a_1 + (n - 1)d，所以 a_5 = 3 + (5 - 1) x 7 = 31。,CN Senior High Math,数列与模型,cn-senior-g11-sequences,高二：数列、不等式与解析几何,13716,jianzisheng_cn_math_bank_1_12,local-pdf: 尖子生高分题库高二.pdf; 高二：数列、不等式与解析几何,Honors,Algebra Readiness,cn_arithmetic_sequence,structure_recognition;symbol_evaluation,110,Original-equivalent Chinese item generated from local scanned book coverage signals. OCR sample available under datasets/textbooks/jianzisheng-bank-1-12/ocr-samples. No full textbook exercise text is reproduced.,zh,CN,CN,中文校内,高中,production
cn_jzs_g11-sequences_018,等差数列首项为 4，公差为 8，第 6 项是多少？,44,multiple_choice,A:32|B:36|C:49|D:44|E:52,4,alg_functions;arith_natural_numbers,sequence_formula;substitution,linear_growth;formula_application,off_by_one_error;formula_selection_error,等差数列第 n 项公式为 a_n = a_1 + (n - 1)d，所以 a_6 = 4 + (6 - 1) x 8 = 44。,CN Senior High Math,数列与模型,cn-senior-g11-sequences,高二：数列、不等式与解析几何,13717,jianzisheng_cn_math_bank_1_12,local-pdf: 尖子生高分题库高二.pdf; 高二：数列、不等式与解析几何,Honors,Algebra Readiness,cn_arithmetic_sequence,structure_recognition;symbol_evaluation,110,Original-equivalent Chinese item generated from local scanned book coverage signals. OCR sample available under datasets/textbooks/jianzisheng-bank-1-12/ocr-samples. No full textbook exercise text is reproduced.,zh,CN,CN,中文校内,高中,production
cn_jzs_g11-sequences_019,等差数列首项为 5，公差为 3，第 7 项是多少？,23,multiple_choice,A:20|B:28|C:23|D:26|E:38,4,alg_functions;arith_natural_numbers,sequence_formula;substitution,linear_growth;formula_application,off_by_one_error;formula_selection_error,等差数列第 n 项公式为 a_n = a_1 + (n - 1)d，所以 a_7 = 5 + (7 - 1) x 3 = 23。,CN Senior High Math,数列与模型,cn-senior-g11-sequences,高二：数列、不等式与解析几何,13718,jianzisheng_cn_math_bank_1_12,local-pdf: 尖子生高分题库高二.pdf; 高二：数列、不等式与解析几何,Honors,Algebra Readiness,cn_arithmetic_sequence,structure_recognition;symbol_evaluation,110,Original-equivalent Chinese item generated from local scanned book coverage signals. OCR sample available under datasets/textbooks/jianzisheng-bank-1-12/ocr-samples. No full textbook exercise text is reproduced.,zh,CN,CN,中文校内,高中,production
cn_jzs_g11-sequences_020,等差数列首项为 6，公差为 4，第 8 项是多少？,34,multiple_choice,A:39|B:34|C:38|D:52|E:30,4,alg_functions;arith_natural_numbers,sequence_formula;substitution,linear_growth;formula_application,off_by_one_error;formula_selection_error,等差数列第 n 项公式为 a_n = a_1 + (n - 1)d，所以 a_8 = 6 + (8 - 1) x 4 = 34。,CN Senior High Math,数列与模型,cn-senior-g11-sequences,高二：数列、不等式与解析几何,13719,jianzisheng_cn_math_bank_1_12,local-pdf: 尖子生高分题库高二.pdf; 高二：数列、不等式与解析几何,Honors,Algebra Readiness,cn_arithmetic_sequence,structure_recognition;symbol_evaluation,110,Original-equivalent Chinese item generated from local scanned book coverage signals. OCR sample available under datasets/textbooks/jianzisheng-bank-1-12/ocr-samples. No full textbook exercise text is reproduced.,zh,CN,CN,中文校内,高中,production
cn_jzs_g12-probability_001,袋中有 2 个红球和 3 个蓝球，任取 1 个球，取到红球的概率是多少？,2/5,multiple_choice,A:2/5|B:3/5|C:2/3|D:5/2|E:7/5,3,counting_probability;arith_fractions,simple_probability;fraction_representation,favorable_over_total;part_whole_reasoning,probability_denominator_error;part_whole_confusion,一共有 5 个球，其中红球 2 个，所以取到红球的概率是 2/5 = 2/5。,CN Senior High Math,概率统计,cn-senior-g12-probability,高三：概率统计与综合复习,13770,jianzisheng_cn_math_bank_1_12,local-pdf: 尖子生高分题库高三.pdf; 高三：概率统计与综合复习,Standard,AMC8 Transfer,cn_probability_basic,probability_modeling;part_whole_reasoning,90,Original-equivalent Chinese item generated from local scanned book coverage signals. OCR sample available under datasets/textbooks/jianzisheng-bank-1-12/ocr-samples. No full textbook exercise text is reproduced.,zh,CN,CN,中文校内,高中,production
cn_jzs_g12-probability_002,袋中有 3 个红球和 4 个蓝球，任取 1 个球，取到红球的概率是多少？,3/7,multiple_choice,A:4/7|B:3/4|C:7/3|D:8/7|E:3/7,3,counting_probability;arith_fractions,simple_probability;fraction_representation,favorable_over_total;part_whole_reasoning,probability_denominator_error;part_whole_confusion,一共有 7 个球，其中红球 3 个，所以取到红球的概率是 3/7 = 3/7。,CN Senior High Math,概率统计,cn-senior-g12-probability,高三：概率统计与综合复习,13771,jianzisheng_cn_math_bank_1_12,local-pdf: 尖子生高分题库高三.pdf; 高三：概率统计与综合复习,Standard,AMC8 Transfer,cn_probability_basic,probability_modeling;part_whole_reasoning,90,Original-equivalent Chinese item generated from local scanned book coverage signals. OCR sample available under datasets/textbooks/jianzisheng-bank-1-12/ocr-samples. No full textbook exercise text is reproduced.,zh,CN,CN,中文校内,高中,production
cn_jzs_g12-probability_003,袋中有 4 个红球和 5 个蓝球，任取 1 个球，取到红球的概率是多少？,4/9,multiple_choice,A:4/5|B:9/4|C:9/9|D:4/9|E:5/9,3,counting_probability;arith_fractions,simple_probability;fraction_representation,favorable_over_total;part_whole_reasoning,probability_denominator_error;part_whole_confusion,一共有 9 个球，其中红球 4 个，所以取到红球的概率是 4/9 = 4/9。,CN Senior High Math,概率统计,cn-senior-g12-probability,高三：概率统计与综合复习,13772,jianzisheng_cn_math_bank_1_12,local-pdf: 尖子生高分题库高三.pdf; 高三：概率统计与综合复习,Standard,AMC8 Transfer,cn_probability_basic,probability_modeling;part_whole_reasoning,90,Original-equivalent Chinese item generated from local scanned book coverage signals. OCR sample available under datasets/textbooks/jianzisheng-bank-1-12/ocr-samples. No full textbook exercise text is reproduced.,zh,CN,CN,中文校内,高中,production
cn_jzs_g12-probability_004,袋中有 5 个红球和 6 个蓝球，任取 1 个球，取到红球的概率是多少？,5/11,multiple_choice,A:11/5|B:10/11|C:5/11|D:6/11|E:5/6,3,counting_probability;arith_fractions,simple_probability;fraction_representation,favorable_over_total;part_whole_reasoning,probability_denominator_error;part_whole_confusion,一共有 11 个球，其中红球 5 个，所以取到红球的概率是 5/11 = 5/11。,CN Senior High Math,概率统计,cn-senior-g12-probability,高三：概率统计与综合复习,13773,jianzisheng_cn_math_bank_1_12,local-pdf: 尖子生高分题库高三.pdf; 高三：概率统计与综合复习,Standard,AMC8 Transfer,cn_probability_basic,probability_modeling;part_whole_reasoning,90,Original-equivalent Chinese item generated from local scanned book coverage signals. OCR sample available under datasets/textbooks/jianzisheng-bank-1-12/ocr-samples. No full textbook exercise text is reproduced.,zh,CN,CN,中文校内,高中,production
cn_jzs_g12-probability_005,袋中有 6 个红球和 7 个蓝球，任取 1 个球，取到红球的概率是多少？,6/13,multiple_choice,A:11/13|B:6/13|C:7/13|D:6/7|E:13/6,3,counting_probability;arith_fractions,simple_probability;fraction_representation,favorable_over_total;part_whole_reasoning,probability_denominator_error;part_whole_confusion,一共有 13 个球，其中红球 6 个，所以取到红球的概率是 6/13 = 6/13。,CN Senior High Math,概率统计,cn-senior-g12-probability,高三：概率统计与综合复习,13774,jianzisheng_cn_math_bank_1_12,local-pdf: 尖子生高分题库高三.pdf; 高三：概率统计与综合复习,Standard,AMC8 Transfer,cn_probability_basic,probability_modeling;part_whole_reasoning,90,Original-equivalent Chinese item generated from local scanned book coverage signals. OCR sample available under datasets/textbooks/jianzisheng-bank-1-12/ocr-samples. No full textbook exercise text is reproduced.,zh,CN,CN,中文校内,高中,production
cn_jzs_g12-probability_006,袋中有 2 个红球和 8 个蓝球，任取 1 个球，取到红球的概率是多少？,1/5,multiple_choice,A:1/5|B:8/10|C:2/8|D:10/2|E:3/10,3,counting_probability;arith_fractions,simple_probability;fraction_representation,favorable_over_total;part_whole_reasoning,probability_denominator_error;part_whole_confusion,一共有 10 个球，其中红球 2 个，所以取到红球的概率是 2/10 = 1/5。,CN Senior High Math,概率统计,cn-senior-g12-probability,高三：概率统计与综合复习,13775,jianzisheng_cn_math_bank_1_12,local-pdf: 尖子生高分题库高三.pdf; 高三：概率统计与综合复习,Standard,AMC8 Transfer,cn_probability_basic,probability_modeling;part_whole_reasoning,90,Original-equivalent Chinese item generated from local scanned book coverage signals. OCR sample available under datasets/textbooks/jianzisheng-bank-1-12/ocr-samples. No full textbook exercise text is reproduced.,zh,CN,CN,中文校内,高中,production
cn_jzs_g12-probability_007,袋中有 3 个红球和 3 个蓝球，任取 1 个球，取到红球的概率是多少？,1/2,multiple_choice,A:3/6|B:3/3|C:6/3|D:4/6|E:1/2,3,counting_probability;arith_fractions,simple_probability;fraction_representation,favorable_over_total;part_whole_reasoning,probability_denominator_error;part_whole_confusion,一共有 6 个球，其中红球 3 个，所以取到红球的概率是 3/6 = 1/2。,CN Senior High Math,概率统计,cn-senior-g12-probability,高三：概率统计与综合复习,13776,jianzisheng_cn_math_bank_1_12,local-pdf: 尖子生高分题库高三.pdf; 高三：概率统计与综合复习,Standard,AMC8 Transfer,cn_probability_basic,probability_modeling;part_whole_reasoning,90,Original-equivalent Chinese item generated from local scanned book coverage signals. OCR sample available under datasets/textbooks/jianzisheng-bank-1-12/ocr-samples. No full textbook exercise text is reproduced.,zh,CN,CN,中文校内,高中,production
cn_jzs_g12-probability_008,袋中有 4 个红球和 4 个蓝球，任取 1 个球，取到红球的概率是多少？,1/2,multiple_choice,A:4/4|B:8/4|C:5/8|D:1/2|E:4/8,3,counting_probability;arith_fractions,simple_probability;fraction_representation,favorable_over_total;part_whole_reasoning,probability_denominator_error;part_whole_confusion,一共有 8 个球，其中红球 4 个，所以取到红球的概率是 4/8 = 1/2。,CN Senior High Math,概率统计,cn-senior-g12-probability,高三：概率统计与综合复习,13777,jianzisheng_cn_math_bank_1_12,local-pdf: 尖子生高分题库高三.pdf; 高三：概率统计与综合复习,Standard,AMC8 Transfer,cn_probability_basic,probability_modeling;part_whole_reasoning,90,Original-equivalent Chinese item generated from local scanned book coverage signals. OCR sample available under datasets/textbooks/jianzisheng-bank-1-12/ocr-samples. No full textbook exercise text is reproduced.,zh,CN,CN,中文校内,高中,production
cn_jzs_g12-probability_009,袋中有 5 个红球和 5 个蓝球，任取 1 个球，取到红球的概率是多少？,1/2,multiple_choice,A:10/5|B:6/10|C:1/2|D:5/10|E:5/5,3,counting_probability;arith_fractions,simple_probability;fraction_representation,favorable_over_total;part_whole_reasoning,probability_denominator_error;part_whole_confusion,一共有 10 个球，其中红球 5 个，所以取到红球的概率是 5/10 = 1/2。,CN Senior High Math,概率统计,cn-senior-g12-probability,高三：概率统计与综合复习,13778,jianzisheng_cn_math_bank_1_12,local-pdf: 尖子生高分题库高三.pdf; 高三：概率统计与综合复习,Standard,AMC8 Transfer,cn_probability_basic,probability_modeling;part_whole_reasoning,90,Original-equivalent Chinese item generated from local scanned book coverage signals. OCR sample available under datasets/textbooks/jianzisheng-bank-1-12/ocr-samples. No full textbook exercise text is reproduced.,zh,CN,CN,中文校内,高中,production
cn_jzs_g12-probability_010,袋中有 6 个红球和 6 个蓝球，任取 1 个球，取到红球的概率是多少？,1/2,multiple_choice,A:7/12|B:1/2|C:6/12|D:6/6|E:12/6,3,counting_probability;arith_fractions,simple_probability;fraction_representation,favorable_over_total;part_whole_reasoning,probability_denominator_error;part_whole_confusion,一共有 12 个球，其中红球 6 个，所以取到红球的概率是 6/12 = 1/2。,CN Senior High Math,概率统计,cn-senior-g12-probability,高三：概率统计与综合复习,13779,jianzisheng_cn_math_bank_1_12,local-pdf: 尖子生高分题库高三.pdf; 高三：概率统计与综合复习,Standard,AMC8 Transfer,cn_probability_basic,probability_modeling;part_whole_reasoning,90,Original-equivalent Chinese item generated from local scanned book coverage signals. OCR sample available under datasets/textbooks/jianzisheng-bank-1-12/ocr-samples. No full textbook exercise text is reproduced.,zh,CN,CN,中文校内,高中,production
cn_jzs_g12-probability_011,袋中有 2 个红球和 7 个蓝球，任取 1 个球，取到红球的概率是多少？,2/9,multiple_choice,A:2/9|B:7/9|C:2/7|D:9/2|E:3/9,3,counting_probability;arith_fractions,simple_probability;fraction_representation,favorable_over_total;part_whole_reasoning,probability_denominator_error;part_whole_confusion,一共有 9 个球，其中红球 2 个，所以取到红球的概率是 2/9 = 2/9。,CN Senior High Math,概率统计,cn-senior-g12-probability,高三：概率统计与综合复习,13780,jianzisheng_cn_math_bank_1_12,local-pdf: 尖子生高分题库高三.pdf; 高三：概率统计与综合复习,Standard,AMC8 Transfer,cn_probability_basic,probability_modeling;part_whole_reasoning,90,Original-equivalent Chinese item generated from local scanned book coverage signals. OCR sample available under datasets/textbooks/jianzisheng-bank-1-12/ocr-samples. No full textbook exercise text is reproduced.,zh,CN,CN,中文校内,高中,production
cn_jzs_g12-probability_012,袋中有 3 个红球和 8 个蓝球，任取 1 个球，取到红球的概率是多少？,3/11,multiple_choice,A:8/11|B:3/8|C:11/3|D:4/11|E:3/11,3,counting_probability;arith_fractions,simple_probability;fraction_representation,favorable_over_total;part_whole_reasoning,probability_denominator_error;part_whole_confusion,一共有 11 个球，其中红球 3 个，所以取到红球的概率是 3/11 = 3/11。,CN Senior High Math,概率统计,cn-senior-g12-probability,高三：概率统计与综合复习,13781,jianzisheng_cn_math_bank_1_12,local-pdf: 尖子生高分题库高三.pdf; 高三：概率统计与综合复习,Standard,AMC8 Transfer,cn_probability_basic,probability_modeling;part_whole_reasoning,90,Original-equivalent Chinese item generated from local scanned book coverage signals. OCR sample available under datasets/textbooks/jianzisheng-bank-1-12/ocr-samples. No full textbook exercise text is reproduced.,zh,CN,CN,中文校内,高中,production
cn_jzs_g12-probability_013,袋中有 4 个红球和 3 个蓝球，任取 1 个球，取到红球的概率是多少？,4/7,multiple_choice,A:4/3|B:7/4|C:5/7|D:4/7|E:3/7,3,counting_probability;arith_fractions,simple_probability;fraction_representation,favorable_over_total;part_whole_reasoning,probability_denominator_error;part_whole_confusion,一共有 7 个球，其中红球 4 个，所以取到红球的概率是 4/7 = 4/7。,CN Senior High Math,概率统计,cn-senior-g12-probability,高三：概率统计与综合复习,13782,jianzisheng_cn_math_bank_1_12,local-pdf: 尖子生高分题库高三.pdf; 高三：概率统计与综合复习,Standard,AMC8 Transfer,cn_probability_basic,probability_modeling;part_whole_reasoning,90,Original-equivalent Chinese item generated from local scanned book coverage signals. OCR sample available under datasets/textbooks/jianzisheng-bank-1-12/ocr-samples. No full textbook exercise text is reproduced.,zh,CN,CN,中文校内,高中,production
cn_jzs_g12-probability_014,袋中有 5 个红球和 4 个蓝球，任取 1 个球，取到红球的概率是多少？,5/9,multiple_choice,A:9/5|B:6/9|C:5/9|D:4/9|E:5/4,3,counting_probability;arith_fractions,simple_probability;fraction_representation,favorable_over_total;part_whole_reasoning,probability_denominator_error;part_whole_confusion,一共有 9 个球，其中红球 5 个，所以取到红球的概率是 5/9 = 5/9。,CN Senior High Math,概率统计,cn-senior-g12-probability,高三：概率统计与综合复习,13783,jianzisheng_cn_math_bank_1_12,local-pdf: 尖子生高分题库高三.pdf; 高三：概率统计与综合复习,Standard,AMC8 Transfer,cn_probability_basic,probability_modeling;part_whole_reasoning,90,Original-equivalent Chinese item generated from local scanned book coverage signals. OCR sample available under datasets/textbooks/jianzisheng-bank-1-12/ocr-samples. No full textbook exercise text is reproduced.,zh,CN,CN,中文校内,高中,production
cn_jzs_g12-probability_015,袋中有 6 个红球和 5 个蓝球，任取 1 个球，取到红球的概率是多少？,6/11,multiple_choice,A:7/11|B:6/11|C:5/11|D:6/5|E:11/6,3,counting_probability;arith_fractions,simple_probability;fraction_representation,favorable_over_total;part_whole_reasoning,probability_denominator_error;part_whole_confusion,一共有 11 个球，其中红球 6 个，所以取到红球的概率是 6/11 = 6/11。,CN Senior High Math,概率统计,cn-senior-g12-probability,高三：概率统计与综合复习,13784,jianzisheng_cn_math_bank_1_12,local-pdf: 尖子生高分题库高三.pdf; 高三：概率统计与综合复习,Standard,AMC8 Transfer,cn_probability_basic,probability_modeling;part_whole_reasoning,90,Original-equivalent Chinese item generated from local scanned book coverage signals. OCR sample available under datasets/textbooks/jianzisheng-bank-1-12/ocr-samples. No full textbook exercise text is reproduced.,zh,CN,CN,中文校内,高中,production
cn_jzs_g12-probability_016,袋中有 2 个红球和 6 个蓝球，任取 1 个球，取到红球的概率是多少？,1/4,multiple_choice,A:1/4|B:6/8|C:2/6|D:8/2|E:3/8,3,counting_probability;arith_fractions,simple_probability;fraction_representation,favorable_over_total;part_whole_reasoning,probability_denominator_error;part_whole_confusion,一共有 8 个球，其中红球 2 个，所以取到红球的概率是 2/8 = 1/4。,CN Senior High Math,概率统计,cn-senior-g12-probability,高三：概率统计与综合复习,13785,jianzisheng_cn_math_bank_1_12,local-pdf: 尖子生高分题库高三.pdf; 高三：概率统计与综合复习,Standard,AMC8 Transfer,cn_probability_basic,probability_modeling;part_whole_reasoning,90,Original-equivalent Chinese item generated from local scanned book coverage signals. OCR sample available under datasets/textbooks/jianzisheng-bank-1-12/ocr-samples. No full textbook exercise text is reproduced.,zh,CN,CN,中文校内,高中,production
cn_jzs_g12-probability_017,袋中有 3 个红球和 7 个蓝球，任取 1 个球，取到红球的概率是多少？,3/10,multiple_choice,A:7/10|B:3/7|C:10/3|D:4/10|E:3/10,3,counting_probability;arith_fractions,simple_probability;fraction_representation,favorable_over_total;part_whole_reasoning,probability_denominator_error;part_whole_confusion,一共有 10 个球，其中红球 3 个，所以取到红球的概率是 3/10 = 3/10。,CN Senior High Math,概率统计,cn-senior-g12-probability,高三：概率统计与综合复习,13786,jianzisheng_cn_math_bank_1_12,local-pdf: 尖子生高分题库高三.pdf; 高三：概率统计与综合复习,Standard,AMC8 Transfer,cn_probability_basic,probability_modeling;part_whole_reasoning,90,Original-equivalent Chinese item generated from local scanned book coverage signals. OCR sample available under datasets/textbooks/jianzisheng-bank-1-12/ocr-samples. No full textbook exercise text is reproduced.,zh,CN,CN,中文校内,高中,production
cn_jzs_g12-probability_018,袋中有 4 个红球和 8 个蓝球，任取 1 个球，取到红球的概率是多少？,1/3,multiple_choice,A:4/8|B:12/4|C:5/12|D:1/3|E:8/12,3,counting_probability;arith_fractions,simple_probability;fraction_representation,favorable_over_total;part_whole_reasoning,probability_denominator_error;part_whole_confusion,一共有 12 个球，其中红球 4 个，所以取到红球的概率是 4/12 = 1/3。,CN Senior High Math,概率统计,cn-senior-g12-probability,高三：概率统计与综合复习,13787,jianzisheng_cn_math_bank_1_12,local-pdf: 尖子生高分题库高三.pdf; 高三：概率统计与综合复习,Standard,AMC8 Transfer,cn_probability_basic,probability_modeling;part_whole_reasoning,90,Original-equivalent Chinese item generated from local scanned book coverage signals. OCR sample available under datasets/textbooks/jianzisheng-bank-1-12/ocr-samples. No full textbook exercise text is reproduced.,zh,CN,CN,中文校内,高中,production
cn_jzs_g12-probability_019,袋中有 5 个红球和 3 个蓝球，任取 1 个球，取到红球的概率是多少？,5/8,multiple_choice,A:8/5|B:6/8|C:5/8|D:3/8|E:5/3,3,counting_probability;arith_fractions,simple_probability;fraction_representation,favorable_over_total;part_whole_reasoning,probability_denominator_error;part_whole_confusion,一共有 8 个球，其中红球 5 个，所以取到红球的概率是 5/8 = 5/8。,CN Senior High Math,概率统计,cn-senior-g12-probability,高三：概率统计与综合复习,13788,jianzisheng_cn_math_bank_1_12,local-pdf: 尖子生高分题库高三.pdf; 高三：概率统计与综合复习,Standard,AMC8 Transfer,cn_probability_basic,probability_modeling;part_whole_reasoning,90,Original-equivalent Chinese item generated from local scanned book coverage signals. OCR sample available under datasets/textbooks/jianzisheng-bank-1-12/ocr-samples. No full textbook exercise text is reproduced.,zh,CN,CN,中文校内,高中,production
cn_jzs_g12-probability_020,袋中有 6 个红球和 4 个蓝球，任取 1 个球，取到红球的概率是多少？,3/5,multiple_choice,A:7/10|B:3/5|C:4/10|D:6/4|E:10/6,3,counting_probability;arith_fractions,simple_probability;fraction_representation,favorable_over_total;part_whole_reasoning,probability_denominator_error;part_whole_confusion,一共有 10 个球，其中红球 6 个，所以取到红球的概率是 6/10 = 3/5。,CN Senior High Math,概率统计,cn-senior-g12-probability,高三：概率统计与综合复习,13789,jianzisheng_cn_math_bank_1_12,local-pdf: 尖子生高分题库高三.pdf; 高三：概率统计与综合复习,Standard,AMC8 Transfer,cn_probability_basic,probability_modeling;part_whole_reasoning,90,Original-equivalent Chinese item generated from local scanned book coverage signals. OCR sample available under datasets/textbooks/jianzisheng-bank-1-12/ocr-samples. No full textbook exercise text is reproduced.,zh,CN,CN,中文校内,高中,production
